file,class,type,cbo,cboModified,fanin,fanout,wmc,dit,noc,rfc,lcom,lcom*,tcc,lcc,totalMethodsQty,staticMethodsQty,publicMethodsQty,privateMethodsQty,protectedMethodsQty,defaultMethodsQty,visibleMethodsQty,abstractMethodsQty,finalMethodsQty,synchronizedMethodsQty,totalFieldsQty,staticFieldsQty,publicFieldsQty,privateFieldsQty,protectedFieldsQty,defaultFieldsQty,finalFieldsQty,synchronizedFieldsQty,nosi,loc,returnQty,loopQty,comparisonsQty,tryCatchQty,parenthesizedExpsQty,stringLiteralsQty,numbersQty,assignmentsQty,mathOperationsQty,variablesQty,maxNestedBlocksQty,anonymousClassesQty,innerClassesQty,lambdasQty,uniqueWordsQty,modifiers,logStatementsQty
E:\OOD\main\wizards-and-slimes-master\wizards-and-slimes-master\towerDefense\src\Mob.java,Mob,class,2,5,3,2,35,4,0,10,17,0.80999994,0.24444444,0.62222224,10,0,10,0,0,0,10,0,0,0,11,0,11,0,0,0,1,0,1,124,1,1,21,1,2,0,30,42,11,21,4,0,0,0,49,1,0
E:\OOD\main\wizards-and-slimes-master\wizards-and-slimes-master\towerDefense\src\Frame.java,Frame,class,2,4,2,2,3,6,0,9,3,0.6666667,0.0,0.0,3,1,3,0,0,0,3,0,0,0,2,2,2,0,0,0,0,0,0,21,0,0,0,0,0,1,6,4,0,4,0,0,0,0,27,1,0
E:\OOD\main\wizards-and-slimes-master\wizards-and-slimes-master\towerDefense\src\Screen.java,Screen,class,7,10,3,7,30,5,0,27,0,0.7202381,0.6,1.0,6,1,6,0,0,0,6,0,0,0,22,19,21,1,0,0,0,0,5,161,0,8,0,0,3,16,108,66,29,42,5,0,0,0,84,1,0
E:\OOD\main\wizards-and-slimes-master\wizards-and-slimes-master\towerDefense\src\Value.java,Value,class,1,1,0,1,0,1,0,0,0,NaN,-1.0,-1.0,0,0,0,0,0,0,0,0,0,0,9,9,9,0,0,0,0,0,0,11,0,0,0,0,0,0,9,9,0,9,0,0,0,0,15,1,0
E:\OOD\main\wizards-and-slimes-master\wizards-and-slimes-master\towerDefense\src\Block.java,Block,class,1,2,1,1,19,4,0,8,0,0.4375,1.0,1.0,4,0,4,0,0,0,4,0,0,0,7,0,7,0,0,0,0,0,0,65,0,1,5,0,1,0,22,17,16,9,5,0,0,0,29,1,0
E:\OOD\main\wizards-and-slimes-master\wizards-and-slimes-master\towerDefense\src\Store.java,Store,class,2,5,3,2,22,1,0,7,0,0.625,0.5,0.5,4,0,4,0,0,0,4,0,0,0,14,11,14,0,0,0,0,0,0,79,0,5,6,0,4,5,67,29,43,21,7,0,0,0,37,1,0
E:\OOD\main\wizards-and-slimes-master\wizards-and-slimes-master\towerDefense\src\Save.java,Save,class,0,1,1,0,7,1,0,4,0,0.0,NaN,NaN,1,0,1,0,0,0,1,0,0,0,0,0,0,0,0,0,0,0,0,20,0,5,0,1,0,0,6,8,0,5,4,0,0,0,9,1,0
E:\OOD\main\wizards-and-slimes-master\wizards-and-slimes-master\towerDefense\src\KeyHandler.java,KeyHandler,class,1,2,1,1,7,1,0,4,21,0.0,0.0,0.0,7,0,7,0,0,0,7,0,0,0,0,0,0,0,0,0,0,0,0,19,0,0,0,0,8,0,4,2,14,0,0,0,0,0,15,1,0
E:\OOD\main\wizards-and-slimes-master\wizards-and-slimes-master\towerDefense\src\Room.java,Room,class,2,4,2,2,12,1,0,4,0,0.625,0.5,0.5,4,0,4,0,0,0,4,0,0,0,4,0,4,0,0,0,0,0,0,24,0,8,0,0,4,0,17,13,7,12,2,0,0,0,14,1,0
