file,class,method,variable,usage
E:\OOD\main\wizards-and-slimes-master\wizards-and-slimes-master\towerDefense\src\Mob.java,Mob,deleteMob/0,inGame,1
E:\OOD\main\wizards-and-slimes-master\wizards-and-slimes-master\towerDefense\src\Mob.java,Mob,loseHealth/1[int],health,1
E:\OOD\main\wizards-and-slimes-master\wizards-and-slimes-master\towerDefense\src\Mob.java,Mob,physics/1[int],walkSpeed,5
E:\OOD\main\wizards-and-slimes-master\wizards-and-slimes-master\towerDefense\src\Mob.java,Mob,physics/1[int],yCoord,7
E:\OOD\main\wizards-and-slimes-master\wizards-and-slimes-master\towerDefense\src\Mob.java,Mob,physics/1[int],xCoord,7
E:\OOD\main\wizards-and-slimes-master\wizards-and-slimes-master\towerDefense\src\Mob.java,Mob,physics/1[int],left,5
E:\OOD\main\wizards-and-slimes-master\wizards-and-slimes-master\towerDefense\src\Mob.java,Mob,physics/1[int],mobWalk,3
E:\OOD\main\wizards-and-slimes-master\wizards-and-slimes-master\towerDefense\src\Mob.java,Mob,physics/1[int],up,4
E:\OOD\main\wizards-and-slimes-master\wizards-and-slimes-master\towerDefense\src\Mob.java,Mob,physics/1[int],yd,4
E:\OOD\main\wizards-and-slimes-master\wizards-and-slimes-master\towerDefense\src\Mob.java,Mob,physics/1[int],right,5
E:\OOD\main\wizards-and-slimes-master\wizards-and-slimes-master\towerDefense\src\Mob.java,Mob,physics/1[int],xd,4
E:\OOD\main\wizards-and-slimes-master\wizards-and-slimes-master\towerDefense\src\Mob.java,Mob,physics/1[int],down,4
E:\OOD\main\wizards-and-slimes-master\wizards-and-slimes-master\towerDefense\src\Mob.java,Mob,physics/1[int],direction,18
E:\OOD\main\wizards-and-slimes-master\wizards-and-slimes-master\towerDefense\src\Mob.java,Mob,spawnMob/1[int],yCoord,1
E:\OOD\main\wizards-and-slimes-master\wizards-and-slimes-master\towerDefense\src\Mob.java,Mob,spawnMob/1[int],xCoord,1
E:\OOD\main\wizards-and-slimes-master\wizards-and-slimes-master\towerDefense\src\Mob.java,Mob,spawnMob/1[int],mobWalk,1
E:\OOD\main\wizards-and-slimes-master\wizards-and-slimes-master\towerDefense\src\Mob.java,Mob,spawnMob/1[int],mobId,3
E:\OOD\main\wizards-and-slimes-master\wizards-and-slimes-master\towerDefense\src\Mob.java,Mob,spawnMob/1[int],health,1
E:\OOD\main\wizards-and-slimes-master\wizards-and-slimes-master\towerDefense\src\Mob.java,Mob,spawnMob/1[int],maxHealth,1
E:\OOD\main\wizards-and-slimes-master\wizards-and-slimes-master\towerDefense\src\Mob.java,Mob,spawnMob/1[int],yd,1
E:\OOD\main\wizards-and-slimes-master\wizards-and-slimes-master\towerDefense\src\Mob.java,Mob,spawnMob/1[int],right,1
E:\OOD\main\wizards-and-slimes-master\wizards-and-slimes-master\towerDefense\src\Mob.java,Mob,spawnMob/1[int],inGame,1
E:\OOD\main\wizards-and-slimes-master\wizards-and-slimes-master\towerDefense\src\Mob.java,Mob,spawnMob/1[int],mobSize,2
E:\OOD\main\wizards-and-slimes-master\wizards-and-slimes-master\towerDefense\src\Mob.java,Mob,spawnMob/1[int],xd,1
E:\OOD\main\wizards-and-slimes-master\wizards-and-slimes-master\towerDefense\src\Mob.java,Mob,spawnMob/1[int],direction,1
E:\OOD\main\wizards-and-slimes-master\wizards-and-slimes-master\towerDefense\src\Mob.java,Mob,checkDeath/0,health,1
E:\OOD\main\wizards-and-slimes-master\wizards-and-slimes-master\towerDefense\src\Mob.java,Mob,checkDeath/0,died,2
E:\OOD\main\wizards-and-slimes-master\wizards-and-slimes-master\towerDefense\src\Mob.java,Mob,isDead/0,died,1
E:\OOD\main\wizards-and-slimes-master\wizards-and-slimes-master\towerDefense\src\Mob.java,Mob,draw/1[java.awt.Graphics],healthHeight,6
E:\OOD\main\wizards-and-slimes-master\wizards-and-slimes-master\towerDefense\src\Mob.java,Mob,draw/1[java.awt.Graphics],mobId,1
E:\OOD\main\wizards-and-slimes-master\wizards-and-slimes-master\towerDefense\src\Mob.java,Mob,draw/1[java.awt.Graphics],health,1
E:\OOD\main\wizards-and-slimes-master\wizards-and-slimes-master\towerDefense\src\Mob.java,Mob,draw/1[java.awt.Graphics],healthSpace,3
E:\OOD\main\wizards-and-slimes-master\wizards-and-slimes-master\towerDefense\src\Mob.java,Mob,draw/1[java.awt.Graphics],maxHealth,1
E:\OOD\main\wizards-and-slimes-master\wizards-and-slimes-master\towerDefense\src\Mob.java,Mob,draw/1[java.awt.Graphics],mobSize,3
E:\OOD\main\wizards-and-slimes-master\wizards-and-slimes-master\towerDefense\src\Mob.java,Mob,getMoney/0,mobId,1
E:\OOD\main\wizards-and-slimes-master\wizards-and-slimes-master\towerDefense\src\Frame.java,Frame,Frame/0,size,1
E:\OOD\main\wizards-and-slimes-master\wizards-and-slimes-master\towerDefense\src\Frame.java,Frame,Frame/0,title,1
E:\OOD\main\wizards-and-slimes-master\wizards-and-slimes-master\towerDefense\src\Screen.java,Screen,paintComponent/1[java.awt.Graphics],mobs,2
E:\OOD\main\wizards-and-slimes-master\wizards-and-slimes-master\towerDefense\src\Screen.java,Screen,paintComponent/1[java.awt.Graphics],maxLevel,1
E:\OOD\main\wizards-and-slimes-master\wizards-and-slimes-master\towerDefense\src\Screen.java,Screen,paintComponent/1[java.awt.Graphics],isFirst,2
E:\OOD\main\wizards-and-slimes-master\wizards-and-slimes-master\towerDefense\src\Screen.java,Screen,paintComponent/1[java.awt.Graphics],level,1
E:\OOD\main\wizards-and-slimes-master\wizards-and-slimes-master\towerDefense\src\Screen.java,Screen,paintComponent/1[java.awt.Graphics],myWidth,2
E:\OOD\main\wizards-and-slimes-master\wizards-and-slimes-master\towerDefense\src\Screen.java,Screen,paintComponent/1[java.awt.Graphics],won,1
E:\OOD\main\wizards-and-slimes-master\wizards-and-slimes-master\towerDefense\src\Screen.java,Screen,paintComponent/1[java.awt.Graphics],store,1
E:\OOD\main\wizards-and-slimes-master\wizards-and-slimes-master\towerDefense\src\Screen.java,Screen,paintComponent/1[java.awt.Graphics],myHeight,2
E:\OOD\main\wizards-and-slimes-master\wizards-and-slimes-master\towerDefense\src\Screen.java,Screen,paintComponent/1[java.awt.Graphics],room,1
E:\OOD\main\wizards-and-slimes-master\wizards-and-slimes-master\towerDefense\src\Screen.java,Screen,paintComponent/1[java.awt.Graphics],life,1
E:\OOD\main\wizards-and-slimes-master\wizards-and-slimes-master\towerDefense\src\Screen.java,Screen,Screen/1[Frame],thread,1
E:\OOD\main\wizards-and-slimes-master\wizards-and-slimes-master\towerDefense\src\Screen.java,Screen,Screen/1[Frame],frame,5
E:\OOD\main\wizards-and-slimes-master\wizards-and-slimes-master\towerDefense\src\Screen.java,Screen,hasWon/0,won,1
E:\OOD\main\wizards-and-slimes-master\wizards-and-slimes-master\towerDefense\src\Screen.java,Screen,hasWon/0,killsToWin,1
E:\OOD\main\wizards-and-slimes-master\wizards-and-slimes-master\towerDefense\src\Screen.java,Screen,hasWon/0,killed,2
E:\OOD\main\wizards-and-slimes-master\wizards-and-slimes-master\towerDefense\src\Screen.java,Screen,run/0,mobs,2
E:\OOD\main\wizards-and-slimes-master\wizards-and-slimes-master\towerDefense\src\Screen.java,Screen,run/0,maxLevel,1
E:\OOD\main\wizards-and-slimes-master\wizards-and-slimes-master\towerDefense\src\Screen.java,Screen,run/0,winTime,1
E:\OOD\main\wizards-and-slimes-master\wizards-and-slimes-master\towerDefense\src\Screen.java,Screen,run/0,level,2
E:\OOD\main\wizards-and-slimes-master\wizards-and-slimes-master\towerDefense\src\Screen.java,Screen,run/0,coins,1
E:\OOD\main\wizards-and-slimes-master\wizards-and-slimes-master\towerDefense\src\Screen.java,Screen,run/0,fps,1
E:\OOD\main\wizards-and-slimes-master\wizards-and-slimes-master\towerDefense\src\Screen.java,Screen,run/0,life,1
E:\OOD\main\wizards-and-slimes-master\wizards-and-slimes-master\towerDefense\src\Screen.java,Screen,run/0,room,1
E:\OOD\main\wizards-and-slimes-master\wizards-and-slimes-master\towerDefense\src\Screen.java,Screen,run/0,winFrame,3
E:\OOD\main\wizards-and-slimes-master\wizards-and-slimes-master\towerDefense\src\Screen.java,Screen,run/0,timera,1
E:\OOD\main\wizards-and-slimes-master\wizards-and-slimes-master\towerDefense\src\Screen.java,Screen,run/0,isFirst,1
E:\OOD\main\wizards-and-slimes-master\wizards-and-slimes-master\towerDefense\src\Screen.java,Screen,run/0,won,3
E:\OOD\main\wizards-and-slimes-master\wizards-and-slimes-master\towerDefense\src\Screen.java,Screen,run/0,frame,1
E:\OOD\main\wizards-and-slimes-master\wizards-and-slimes-master\towerDefense\src\Screen.java,Screen,define/0,tilesetGround,3
E:\OOD\main\wizards-and-slimes-master\wizards-and-slimes-master\towerDefense\src\Screen.java,Screen,define/0,mobs,1
E:\OOD\main\wizards-and-slimes-master\wizards-and-slimes-master\towerDefense\src\Screen.java,Screen,define/0,tilesetRes,3
E:\OOD\main\wizards-and-slimes-master\wizards-and-slimes-master\towerDefense\src\Screen.java,Screen,define/0,tilesetMob,1
E:\OOD\main\wizards-and-slimes-master\wizards-and-slimes-master\towerDefense\src\Screen.java,Screen,define/0,level,1
E:\OOD\main\wizards-and-slimes-master\wizards-and-slimes-master\towerDefense\src\Screen.java,Screen,define/0,save,2
E:\OOD\main\wizards-and-slimes-master\wizards-and-slimes-master\towerDefense\src\Screen.java,Screen,define/0,tilesetAir,3
E:\OOD\main\wizards-and-slimes-master\wizards-and-slimes-master\towerDefense\src\Screen.java,Screen,define/0,store,1
E:\OOD\main\wizards-and-slimes-master\wizards-and-slimes-master\towerDefense\src\Screen.java,Screen,define/0,room,1
E:\OOD\main\wizards-and-slimes-master\wizards-and-slimes-master\towerDefense\src\Screen.java,Screen,mobSpawner/0,mobs,3
E:\OOD\main\wizards-and-slimes-master\wizards-and-slimes-master\towerDefense\src\Screen.java,Screen,mobSpawner/0,spawnFrame,3
E:\OOD\main\wizards-and-slimes-master\wizards-and-slimes-master\towerDefense\src\Screen.java,Screen,mobSpawner/0,spawnTime,1
E:\OOD\main\wizards-and-slimes-master\wizards-and-slimes-master\towerDefense\src\Block.java,Block,"Block/6[int,int,int,int,int,int]",towerSquare,1
E:\OOD\main\wizards-and-slimes-master\wizards-and-slimes-master\towerDefense\src\Block.java,Block,"Block/6[int,int,int,int,int,int]",towerSquareSize,4
E:\OOD\main\wizards-and-slimes-master\wizards-and-slimes-master\towerDefense\src\Block.java,Block,"Block/6[int,int,int,int,int,int]",airId,3
E:\OOD\main\wizards-and-slimes-master\wizards-and-slimes-master\towerDefense\src\Block.java,Block,"Block/6[int,int,int,int,int,int]",groundId,3
E:\OOD\main\wizards-and-slimes-master\wizards-and-slimes-master\towerDefense\src\Block.java,Block,fight/1[java.awt.Graphics],shotMob,4
E:\OOD\main\wizards-and-slimes-master\wizards-and-slimes-master\towerDefense\src\Block.java,Block,fight/1[java.awt.Graphics],airId,1
E:\OOD\main\wizards-and-slimes-master\wizards-and-slimes-master\towerDefense\src\Block.java,Block,fight/1[java.awt.Graphics],isShooting,1
E:\OOD\main\wizards-and-slimes-master\wizards-and-slimes-master\towerDefense\src\Block.java,Block,physics/0,shotMob,6
E:\OOD\main\wizards-and-slimes-master\wizards-and-slimes-master\towerDefense\src\Block.java,Block,physics/0,towerSquare,2
E:\OOD\main\wizards-and-slimes-master\wizards-and-slimes-master\towerDefense\src\Block.java,Block,physics/0,loseTime,2
E:\OOD\main\wizards-and-slimes-master\wizards-and-slimes-master\towerDefense\src\Block.java,Block,physics/0,airId,2
E:\OOD\main\wizards-and-slimes-master\wizards-and-slimes-master\towerDefense\src\Block.java,Block,physics/0,isShooting,6
E:\OOD\main\wizards-and-slimes-master\wizards-and-slimes-master\towerDefense\src\Block.java,Block,physics/0,loseFrame,4
E:\OOD\main\wizards-and-slimes-master\wizards-and-slimes-master\towerDefense\src\Block.java,Block,draw/1[java.awt.Graphics],airId,2
E:\OOD\main\wizards-and-slimes-master\wizards-and-slimes-master\towerDefense\src\Block.java,Block,draw/1[java.awt.Graphics],groundId,1
E:\OOD\main\wizards-and-slimes-master\wizards-and-slimes-master\towerDefense\src\Store.java,Store,define/0,button,4
E:\OOD\main\wizards-and-slimes-master\wizards-and-slimes-master\towerDefense\src\Store.java,Store,define/0,cellSpace,2
E:\OOD\main\wizards-and-slimes-master\wizards-and-slimes-master\towerDefense\src\Store.java,Store,define/0,buttonHealth,1
E:\OOD\main\wizards-and-slimes-master\wizards-and-slimes-master\towerDefense\src\Store.java,Store,define/0,buttonCoins,1
E:\OOD\main\wizards-and-slimes-master\wizards-and-slimes-master\towerDefense\src\Store.java,Store,define/0,shopWidth,1
E:\OOD\main\wizards-and-slimes-master\wizards-and-slimes-master\towerDefense\src\Store.java,Store,define/0,largeCellSpace,1
E:\OOD\main\wizards-and-slimes-master\wizards-and-slimes-master\towerDefense\src\Store.java,Store,define/0,iconSize,5
E:\OOD\main\wizards-and-slimes-master\wizards-and-slimes-master\towerDefense\src\Store.java,Store,define/0,buttonSize,4
E:\OOD\main\wizards-and-slimes-master\wizards-and-slimes-master\towerDefense\src\Store.java,Store,click/1[int],button,1
E:\OOD\main\wizards-and-slimes-master\wizards-and-slimes-master\towerDefense\src\Store.java,Store,click/1[int],buttonId,3
E:\OOD\main\wizards-and-slimes-master\wizards-and-slimes-master\towerDefense\src\Store.java,Store,click/1[int],heldId,3
E:\OOD\main\wizards-and-slimes-master\wizards-and-slimes-master\towerDefense\src\Store.java,Store,click/1[int],buttonPrice,2
E:\OOD\main\wizards-and-slimes-master\wizards-and-slimes-master\towerDefense\src\Store.java,Store,click/1[int],holdsItem,3
E:\OOD\main\wizards-and-slimes-master\wizards-and-slimes-master\towerDefense\src\Store.java,Store,click/1[int],realId,3
E:\OOD\main\wizards-and-slimes-master\wizards-and-slimes-master\towerDefense\src\Store.java,Store,draw/1[java.awt.Graphics],button,19
E:\OOD\main\wizards-and-slimes-master\wizards-and-slimes-master\towerDefense\src\Store.java,Store,draw/1[java.awt.Graphics],itemIn,12
E:\OOD\main\wizards-and-slimes-master\wizards-and-slimes-master\towerDefense\src\Store.java,Store,draw/1[java.awt.Graphics],buttonId,2
E:\OOD\main\wizards-and-slimes-master\wizards-and-slimes-master\towerDefense\src\Store.java,Store,draw/1[java.awt.Graphics],iconSpace,2
E:\OOD\main\wizards-and-slimes-master\wizards-and-slimes-master\towerDefense\src\Store.java,Store,draw/1[java.awt.Graphics],heldId,1
E:\OOD\main\wizards-and-slimes-master\wizards-and-slimes-master\towerDefense\src\Store.java,Store,draw/1[java.awt.Graphics],buttonPrice,2
E:\OOD\main\wizards-and-slimes-master\wizards-and-slimes-master\towerDefense\src\Store.java,Store,draw/1[java.awt.Graphics],holdsItem,1
E:\OOD\main\wizards-and-slimes-master\wizards-and-slimes-master\towerDefense\src\Store.java,Store,draw/1[java.awt.Graphics],iconTextY,2
E:\OOD\main\wizards-and-slimes-master\wizards-and-slimes-master\towerDefense\src\Room.java,Room,define/0,worldWidth,2
E:\OOD\main\wizards-and-slimes-master\wizards-and-slimes-master\towerDefense\src\Room.java,Room,define/0,worldHeight,1
E:\OOD\main\wizards-and-slimes-master\wizards-and-slimes-master\towerDefense\src\Room.java,Room,define/0,block,3
E:\OOD\main\wizards-and-slimes-master\wizards-and-slimes-master\towerDefense\src\Room.java,Room,define/0,blockSize,5
E:\OOD\main\wizards-and-slimes-master\wizards-and-slimes-master\towerDefense\src\Room.java,Room,draw/1[java.awt.Graphics],block,4
E:\OOD\main\wizards-and-slimes-master\wizards-and-slimes-master\towerDefense\src\Room.java,Room,physics/0,block,2
