file,class,method,constructor,line,cbo,cboModified,fanin,fanout,wmc,rfc,loc,returnsQty,variablesQty,parametersQty,methodsInvokedQty,methodsInvokedLocalQty,methodsInvokedIndirectLocalQty,loopQty,comparisonsQty,tryCatchQty,parenthesizedExpsQty,stringLiteralsQty,numbersQty,assignmentsQty,mathOperationsQty,maxNestedBlocksQty,anonymousClassesQty,innerClassesQty,lambdasQty,uniqueWordsQty,modifiers,logStatementsQty,hasJavaDoc
E:\OOD\main\wizards-and-slimes-master\wizards-and-slimes-master\towerDefense\src\Mob.java,Mob,deleteMob/0,false,41,0,2,2,0,1,0,3,0,0,0,0,0,0,0,0,0,0,0,0,1,0,0,0,0,0,5,1,0,false
E:\OOD\main\wizards-and-slimes-master\wizards-and-slimes-master\towerDefense\src\Mob.java,Mob,loseHealth/1[int],false,112,1,2,1,1,1,1,4,0,0,1,1,1,2,0,0,0,0,0,0,1,0,0,0,0,0,6,1,0,false
E:\OOD\main\wizards-and-slimes-master\wizards-and-slimes-master\towerDefense\src\Mob.java,Mob,physics/1[int],false,51,1,3,1,2,22,2,58,0,0,1,2,2,1,0,19,1,0,0,4,14,4,4,0,0,0,22,1,0,false
E:\OOD\main\wizards-and-slimes-master\wizards-and-slimes-master\towerDefense\src\Mob.java,Mob,spawnMob/1[int],false,21,0,1,1,0,3,1,17,0,1,1,1,0,0,1,1,0,0,0,6,10,0,2,0,0,0,20,1,0,false
E:\OOD\main\wizards-and-slimes-master\wizards-and-slimes-master\towerDefense\src\Mob.java,Mob,checkDeath/0,false,117,2,4,1,3,3,3,9,0,0,0,3,2,1,0,1,0,0,0,1,1,0,1,0,0,0,10,1,0,false
E:\OOD\main\wizards-and-slimes-master\wizards-and-slimes-master\towerDefense\src\Mob.java,Mob,isDead/0,false,131,0,1,1,0,1,0,3,1,0,0,0,0,0,0,0,0,0,0,0,0,0,0,0,0,0,3,1,0,false
E:\OOD\main\wizards-and-slimes-master\wizards-and-slimes-master\towerDefense\src\Mob.java,Mob,draw/1[java.awt.Graphics],false,135,0,1,1,0,1,4,9,0,0,1,4,0,0,0,0,0,0,0,9,0,5,0,0,0,0,6,1,0,false
E:\OOD\main\wizards-and-slimes-master\wizards-and-slimes-master\towerDefense\src\Mob.java,Mob,Mob/0,true,17,0,2,2,0,1,0,2,0,0,0,0,0,0,0,0,0,0,0,0,0,0,0,0,0,0,1,1,0,false
E:\OOD\main\wizards-and-slimes-master\wizards-and-slimes-master\towerDefense\src\Mob.java,Mob,loseHealth/0,false,45,0,1,1,0,1,0,3,0,0,0,0,0,0,0,0,0,0,0,1,1,0,0,0,0,0,2,1,0,false
E:\OOD\main\wizards-and-slimes-master\wizards-and-slimes-master\towerDefense\src\Mob.java,Mob,getMoney/0,false,127,0,1,1,0,1,0,3,0,0,0,0,0,0,0,0,0,0,0,0,1,0,0,0,0,0,2,1,0,false
E:\OOD\main\wizards-and-slimes-master\wizards-and-slimes-master\towerDefense\src\Frame.java,Frame,Frame/0,true,10,1,2,1,1,1,6,8,0,0,0,6,1,1,0,0,0,0,0,0,0,0,0,0,0,0,16,1,0,false
E:\OOD\main\wizards-and-slimes-master\wizards-and-slimes-master\towerDefense\src\Frame.java,Frame,main/1[java.lang.String[]],false,29,1,1,0,1,1,0,3,0,1,1,0,0,0,0,0,0,0,0,0,1,0,0,0,0,0,4,9,0,false
E:\OOD\main\wizards-and-slimes-master\wizards-and-slimes-master\towerDefense\src\Frame.java,Frame,init/0,false,20,1,2,1,1,1,3,6,0,1,0,3,0,0,0,0,0,0,0,4,1,0,0,0,0,0,9,1,0,false
E:\OOD\main\wizards-and-slimes-master\wizards-and-slimes-master\towerDefense\src\Screen.java,Screen,paintComponent/1[java.awt.Graphics],false,84,4,4,0,4,7,11,40,0,2,1,11,1,1,1,0,0,0,6,58,7,18,3,0,0,0,28,1,0,false
E:\OOD\main\wizards-and-slimes-master\wizards-and-slimes-master\towerDefense\src\Screen.java,Screen,Screen/1[Frame],true,41,2,2,1,1,1,3,6,0,0,1,3,0,0,0,0,0,0,0,0,1,0,0,0,0,0,5,1,0,false
E:\OOD\main\wizards-and-slimes-master\wizards-and-slimes-master\towerDefense\src\Screen.java,Screen,hasWon/0,false,49,0,1,1,0,2,0,6,0,0,0,0,0,0,0,0,0,0,0,1,2,0,1,0,0,0,8,9,0,false
E:\OOD\main\wizards-and-slimes-master\wizards-and-slimes-master\towerDefense\src\Screen.java,Screen,run/0,false,157,3,4,0,4,12,9,49,0,8,0,9,2,1,3,0,0,1,2,14,16,5,5,0,0,0,28,1,0,false
E:\OOD\main\wizards-and-slimes-master\wizards-and-slimes-master\towerDefense\src\Screen.java,Screen,define/0,false,56,4,7,2,5,4,4,21,0,3,0,4,0,0,3,0,0,0,8,15,15,3,1,0,0,0,18,1,0,false
E:\OOD\main\wizards-and-slimes-master\wizards-and-slimes-master\towerDefense\src\Screen.java,Screen,mobSpawner/0,false,138,1,3,1,2,4,1,15,0,1,0,1,0,0,1,0,0,0,0,2,3,0,3,0,0,0,7,1,0,false
E:\OOD\main\wizards-and-slimes-master\wizards-and-slimes-master\towerDefense\src\Block.java,Block,"Block/6[int,int,int,int,int,int]",true,14,0,1,1,0,1,1,6,0,0,6,1,0,0,0,0,0,0,0,2,3,6,0,0,0,0,11,1,0,false
E:\OOD\main\wizards-and-slimes-master\wizards-and-slimes-master\towerDefense\src\Block.java,Block,fight/1[java.awt.Graphics],false,65,0,1,1,0,4,3,12,0,0,1,3,0,0,0,1,0,0,0,10,0,8,2,0,0,0,11,1,0,false
E:\OOD\main\wizards-and-slimes-master\wizards-and-slimes-master\towerDefense\src\Block.java,Block,physics/0,false,31,1,3,1,2,12,3,32,0,1,0,3,0,0,1,3,0,0,0,6,9,1,5,0,0,0,13,1,0,false
E:\OOD\main\wizards-and-slimes-master\wizards-and-slimes-master\towerDefense\src\Block.java,Block,draw/1[java.awt.Graphics],false,21,0,1,1,0,2,1,6,0,0,1,1,0,0,0,1,0,0,0,0,0,0,1,0,0,0,5,1,0,false
E:\OOD\main\wizards-and-slimes-master\wizards-and-slimes-master\towerDefense\src\Store.java,Store,Store/0,true,24,1,2,1,1,1,1,3,0,0,0,1,1,1,0,0,0,0,0,0,0,0,0,0,0,0,2,1,0,false
E:\OOD\main\wizards-and-slimes-master\wizards-and-slimes-master\towerDefense\src\Store.java,Store,define/0,false,62,0,1,1,0,2,0,5,0,1,0,0,0,0,1,0,0,2,0,14,4,14,1,0,0,0,11,1,0,false
E:\OOD\main\wizards-and-slimes-master\wizards-and-slimes-master\towerDefense\src\Store.java,Store,click/1[int],false,28,0,1,1,0,13,1,33,0,3,1,1,0,0,3,5,0,0,0,5,10,0,7,0,0,0,13,1,0,false
E:\OOD\main\wizards-and-slimes-master\wizards-and-slimes-master\towerDefense\src\Store.java,Store,draw/1[java.awt.Graphics],false,69,0,1,1,0,6,6,22,0,1,1,6,0,0,1,1,0,2,5,30,1,29,2,0,0,0,13,1,0,false
E:\OOD\main\wizards-and-slimes-master\wizards-and-slimes-master\towerDefense\src\Save.java,Save,loadSave/1[java.io.File],false,6,0,1,1,0,7,4,18,0,5,1,4,0,0,5,0,1,0,0,6,8,0,4,0,0,0,9,1,0,false
E:\OOD\main\wizards-and-slimes-master\wizards-and-slimes-master\towerDefense\src\KeyHandler.java,KeyHandler,mouseDragged/1[java.awt.event.MouseEvent],false,28,0,0,0,0,1,2,3,0,0,1,2,0,0,0,0,0,4,0,2,1,7,0,0,0,0,6,1,0,false
E:\OOD\main\wizards-and-slimes-master\wizards-and-slimes-master\towerDefense\src\KeyHandler.java,KeyHandler,mouseReleased/1[java.awt.event.MouseEvent],false,24,0,0,0,0,1,0,2,0,0,1,0,0,0,0,0,0,0,0,0,0,0,0,0,0,0,5,1,0,false
E:\OOD\main\wizards-and-slimes-master\wizards-and-slimes-master\towerDefense\src\KeyHandler.java,KeyHandler,mouseExited/1[java.awt.event.MouseEvent],false,16,0,0,0,0,1,0,2,0,0,1,0,0,0,0,0,0,0,0,0,0,0,0,0,0,0,5,1,0,false
E:\OOD\main\wizards-and-slimes-master\wizards-and-slimes-master\towerDefense\src\KeyHandler.java,KeyHandler,mousePressed/1[java.awt.event.MouseEvent],false,20,1,1,0,1,1,2,3,0,0,1,2,0,0,0,0,0,0,0,0,0,0,0,0,0,0,5,1,0,false
E:\OOD\main\wizards-and-slimes-master\wizards-and-slimes-master\towerDefense\src\KeyHandler.java,KeyHandler,mouseMoved/1[java.awt.event.MouseEvent],false,32,0,0,0,0,1,2,3,0,0,1,2,0,0,0,0,0,4,0,2,1,7,0,0,0,0,6,1,0,false
E:\OOD\main\wizards-and-slimes-master\wizards-and-slimes-master\towerDefense\src\KeyHandler.java,KeyHandler,mouseClicked/1[java.awt.event.MouseEvent],false,8,0,0,0,0,1,0,2,0,0,1,0,0,0,0,0,0,0,0,0,0,0,0,0,0,0,5,1,0,false
E:\OOD\main\wizards-and-slimes-master\wizards-and-slimes-master\towerDefense\src\KeyHandler.java,KeyHandler,mouseEntered/1[java.awt.event.MouseEvent],false,12,0,0,0,0,1,0,2,0,0,1,0,0,0,0,0,0,0,0,0,0,0,0,0,0,0,5,1,0,false
E:\OOD\main\wizards-and-slimes-master\wizards-and-slimes-master\towerDefense\src\Room.java,Room,define/0,false,14,1,2,1,1,3,0,4,0,2,0,0,0,0,2,0,0,4,0,5,4,7,2,0,0,0,8,1,0,false
E:\OOD\main\wizards-and-slimes-master\wizards-and-slimes-master\towerDefense\src\Room.java,Room,draw/1[java.awt.Graphics],false,31,1,3,1,2,5,2,4,0,4,1,2,0,0,4,0,0,0,0,6,4,0,2,0,0,0,5,1,0,false
E:\OOD\main\wizards-and-slimes-master\wizards-and-slimes-master\towerDefense\src\Room.java,Room,Room/0,true,10,1,2,1,1,1,1,3,0,0,0,1,1,1,0,0,0,0,0,0,0,0,0,0,0,0,2,1,0,false
E:\OOD\main\wizards-and-slimes-master\wizards-and-slimes-master\towerDefense\src\Room.java,Room,physics/0,false,23,1,2,1,1,3,1,7,0,2,0,1,0,0,2,0,0,0,0,3,2,0,2,0,0,0,3,1,0,false
