file,class,method,variable,usage
E:\OOD\main\wizards-and-slimes-master\wizards-and-slimes-master\towerDefense\src\Mob.java,Mob,loseHealth/1[int],amount,1
E:\OOD\main\wizards-and-slimes-master\wizards-and-slimes-master\towerDefense\src\Mob.java,Mob,physics/1[int],e,0
E:\OOD\main\wizards-and-slimes-master\wizards-and-slimes-master\towerDefense\src\Mob.java,Mob,physics/1[int],i,0
E:\OOD\main\wizards-and-slimes-master\wizards-and-slimes-master\towerDefense\src\Mob.java,Mob,spawnMob/1[int],mobId,2
E:\OOD\main\wizards-and-slimes-master\wizards-and-slimes-master\towerDefense\src\Mob.java,Mob,spawnMob/1[int],y,8
E:\OOD\main\wizards-and-slimes-master\wizards-and-slimes-master\towerDefense\src\Mob.java,Mob,draw/1[java.awt.Graphics],g,7
E:\OOD\main\wizards-and-slimes-master\wizards-and-slimes-master\towerDefense\src\Frame.java,Frame,main/1[java.lang.String[]],args,0
E:\OOD\main\wizards-and-slimes-master\wizards-and-slimes-master\towerDefense\src\Frame.java,Frame,main/1[java.lang.String[]],frame,0
E:\OOD\main\wizards-and-slimes-master\wizards-and-slimes-master\towerDefense\src\Frame.java,Frame,init/0,screen,1
E:\OOD\main\wizards-and-slimes-master\wizards-and-slimes-master\towerDefense\src\Screen.java,Screen,paintComponent/1[java.awt.Graphics],str,3
E:\OOD\main\wizards-and-slimes-master\wizards-and-slimes-master\towerDefense\src\Screen.java,Screen,paintComponent/1[java.awt.Graphics],g,19
E:\OOD\main\wizards-and-slimes-master\wizards-and-slimes-master\towerDefense\src\Screen.java,Screen,paintComponent/1[java.awt.Graphics],i,4
E:\OOD\main\wizards-and-slimes-master\wizards-and-slimes-master\towerDefense\src\Screen.java,Screen,Screen/1[Frame],frame,4
E:\OOD\main\wizards-and-slimes-master\wizards-and-slimes-master\towerDefense\src\Screen.java,Screen,run/0,lastTime,2
E:\OOD\main\wizards-and-slimes-master\wizards-and-slimes-master\towerDefense\src\Screen.java,Screen,run/0,timer,2
E:\OOD\main\wizards-and-slimes-master\wizards-and-slimes-master\towerDefense\src\Screen.java,Screen,run/0,frames,3
E:\OOD\main\wizards-and-slimes-master\wizards-and-slimes-master\towerDefense\src\Screen.java,Screen,run/0,ns,1
E:\OOD\main\wizards-and-slimes-master\wizards-and-slimes-master\towerDefense\src\Screen.java,Screen,run/0,now,2
E:\OOD\main\wizards-and-slimes-master\wizards-and-slimes-master\towerDefense\src\Screen.java,Screen,run/0,delta,3
E:\OOD\main\wizards-and-slimes-master\wizards-and-slimes-master\towerDefense\src\Screen.java,Screen,run/0,i,5
E:\OOD\main\wizards-and-slimes-master\wizards-and-slimes-master\towerDefense\src\Screen.java,Screen,run/0,updates,3
E:\OOD\main\wizards-and-slimes-master\wizards-and-slimes-master\towerDefense\src\Screen.java,Screen,define/0,i,17
E:\OOD\main\wizards-and-slimes-master\wizards-and-slimes-master\towerDefense\src\Screen.java,Screen,mobSpawner/0,i,5
E:\OOD\main\wizards-and-slimes-master\wizards-and-slimes-master\towerDefense\src\Block.java,Block,"Block/6[int,int,int,int,int,int]",x,2
E:\OOD\main\wizards-and-slimes-master\wizards-and-slimes-master\towerDefense\src\Block.java,Block,"Block/6[int,int,int,int,int,int]",width,2
E:\OOD\main\wizards-and-slimes-master\wizards-and-slimes-master\towerDefense\src\Block.java,Block,"Block/6[int,int,int,int,int,int]",y,2
E:\OOD\main\wizards-and-slimes-master\wizards-and-slimes-master\towerDefense\src\Block.java,Block,"Block/6[int,int,int,int,int,int]",airId,2
E:\OOD\main\wizards-and-slimes-master\wizards-and-slimes-master\towerDefense\src\Block.java,Block,"Block/6[int,int,int,int,int,int]",height,2
E:\OOD\main\wizards-and-slimes-master\wizards-and-slimes-master\towerDefense\src\Block.java,Block,"Block/6[int,int,int,int,int,int]",groundId,2
E:\OOD\main\wizards-and-slimes-master\wizards-and-slimes-master\towerDefense\src\Block.java,Block,fight/1[java.awt.Graphics],g,4
E:\OOD\main\wizards-and-slimes-master\wizards-and-slimes-master\towerDefense\src\Block.java,Block,physics/0,i,5
E:\OOD\main\wizards-and-slimes-master\wizards-and-slimes-master\towerDefense\src\Block.java,Block,draw/1[java.awt.Graphics],g,2
E:\OOD\main\wizards-and-slimes-master\wizards-and-slimes-master\towerDefense\src\Store.java,Store,define/0,i,4
E:\OOD\main\wizards-and-slimes-master\wizards-and-slimes-master\towerDefense\src\Store.java,Store,click/1[int],mouseButton,1
E:\OOD\main\wizards-and-slimes-master\wizards-and-slimes-master\towerDefense\src\Store.java,Store,click/1[int],x,6
E:\OOD\main\wizards-and-slimes-master\wizards-and-slimes-master\towerDefense\src\Store.java,Store,click/1[int],i,7
E:\OOD\main\wizards-and-slimes-master\wizards-and-slimes-master\towerDefense\src\Store.java,Store,click/1[int],y,6
E:\OOD\main\wizards-and-slimes-master\wizards-and-slimes-master\towerDefense\src\Store.java,Store,draw/1[java.awt.Graphics],g,14
E:\OOD\main\wizards-and-slimes-master\wizards-and-slimes-master\towerDefense\src\Store.java,Store,draw/1[java.awt.Graphics],i,21
E:\OOD\main\wizards-and-slimes-master\wizards-and-slimes-master\towerDefense\src\Save.java,Save,loadSave/1[java.io.File],loadPath,1
E:\OOD\main\wizards-and-slimes-master\wizards-and-slimes-master\towerDefense\src\Save.java,Save,loadSave/1[java.io.File],e,1
E:\OOD\main\wizards-and-slimes-master\wizards-and-slimes-master\towerDefense\src\Save.java,Save,loadSave/1[java.io.File],x,7
E:\OOD\main\wizards-and-slimes-master\wizards-and-slimes-master\towerDefense\src\Save.java,Save,loadSave/1[java.io.File],y,7
E:\OOD\main\wizards-and-slimes-master\wizards-and-slimes-master\towerDefense\src\Save.java,Save,loadSave/1[java.io.File],loadScanner,5
E:\OOD\main\wizards-and-slimes-master\wizards-and-slimes-master\towerDefense\src\KeyHandler.java,KeyHandler,mouseDragged/1[java.awt.event.MouseEvent],e,2
E:\OOD\main\wizards-and-slimes-master\wizards-and-slimes-master\towerDefense\src\KeyHandler.java,KeyHandler,mouseReleased/1[java.awt.event.MouseEvent],e,0
E:\OOD\main\wizards-and-slimes-master\wizards-and-slimes-master\towerDefense\src\KeyHandler.java,KeyHandler,mouseExited/1[java.awt.event.MouseEvent],e,0
E:\OOD\main\wizards-and-slimes-master\wizards-and-slimes-master\towerDefense\src\KeyHandler.java,KeyHandler,mousePressed/1[java.awt.event.MouseEvent],e,1
E:\OOD\main\wizards-and-slimes-master\wizards-and-slimes-master\towerDefense\src\KeyHandler.java,KeyHandler,mouseMoved/1[java.awt.event.MouseEvent],e,2
E:\OOD\main\wizards-and-slimes-master\wizards-and-slimes-master\towerDefense\src\KeyHandler.java,KeyHandler,mouseClicked/1[java.awt.event.MouseEvent],e,0
E:\OOD\main\wizards-and-slimes-master\wizards-and-slimes-master\towerDefense\src\KeyHandler.java,KeyHandler,mouseEntered/1[java.awt.event.MouseEvent],e,0
E:\OOD\main\wizards-and-slimes-master\wizards-and-slimes-master\towerDefense\src\Room.java,Room,define/0,x,4
E:\OOD\main\wizards-and-slimes-master\wizards-and-slimes-master\towerDefense\src\Room.java,Room,define/0,y,4
E:\OOD\main\wizards-and-slimes-master\wizards-and-slimes-master\towerDefense\src\Room.java,Room,draw/1[java.awt.Graphics],g,2
E:\OOD\main\wizards-and-slimes-master\wizards-and-slimes-master\towerDefense\src\Room.java,Room,draw/1[java.awt.Graphics],x,7
E:\OOD\main\wizards-and-slimes-master\wizards-and-slimes-master\towerDefense\src\Room.java,Room,draw/1[java.awt.Graphics],y,7
E:\OOD\main\wizards-and-slimes-master\wizards-and-slimes-master\towerDefense\src\Room.java,Room,physics/0,x,3
E:\OOD\main\wizards-and-slimes-master\wizards-and-slimes-master\towerDefense\src\Room.java,Room,physics/0,y,3
