file,class,type,cbo,cboModified,fanin,fanout,wmc,dit,noc,rfc,lcom,lcom*,tcc,lcc,totalMethodsQty,staticMethodsQty,publicMethodsQty,privateMethodsQty,protectedMethodsQty,defaultMethodsQty,visibleMethodsQty,abstractMethodsQty,finalMethodsQty,synchronizedMethodsQty,totalFieldsQty,staticFieldsQty,publicFieldsQty,privateFieldsQty,protectedFieldsQty,defaultFieldsQty,finalFieldsQty,synchronizedFieldsQty,nosi,loc,returnQty,loopQty,comparisonsQty,tryCatchQty,parenthesizedExpsQty,stringLiteralsQty,numbersQty,assignmentsQty,mathOperationsQty,variablesQty,maxNestedBlocksQty,anonymousClassesQty,innerClassesQty,lambdasQty,uniqueWordsQty,modifiers,logStatementsQty
E:\OOD\main\Tuto-master\Tuto-master\Tuto\src\com\sunsigne\tuto\object\gui\GUIHealth.java,com.sunsigne.tuto.object.gui.GUIHealth,class,3,3,0,3,4,1,0,4,6,0.0,0.0,0.0,4,0,4,0,0,0,4,0,0,0,0,0,0,0,0,0,0,0,0,19,1,0,0,0,0,2,6,2,2,2,0,0,0,0,18,1,0
E:\OOD\main\Tuto-master\Tuto-master\Tuto\src\com\sunsigne\tuto\pathfinder\TilePos.java,com.sunsigne.tuto.pathfinder.TilePos,class,0,4,4,0,2,1,0,0,0,0.0,NaN,NaN,1,0,1,0,0,0,1,0,0,0,0,0,0,0,0,0,0,0,0,8,1,0,0,0,0,0,3,3,6,3,0,0,0,0,7,1,0
E:\OOD\main\Tuto-master\Tuto-master\Tuto\src\com\sunsigne\tuto\object\collision\ICollisionDetection.java,com.sunsigne.tuto.object.collision.ICollisionDetection,interface,4,9,5,4,11,1,0,8,15,0.0,0.0,0.0,6,0,2,4,0,0,2,0,0,0,0,0,0,0,0,0,0,0,0,46,10,0,0,0,0,0,17,16,23,16,1,0,0,0,27,1,0
E:\OOD\main\Tuto-master\Tuto-master\Tuto\src\com\sunsigne\tuto\object\gui\GUIDebug.java,com.sunsigne.tuto.object.gui.GUIDebug,class,6,6,0,6,9,1,0,8,6,0.0,0.0,0.0,4,0,4,0,0,0,4,0,0,0,0,0,0,0,0,0,0,0,0,22,1,0,0,0,0,0,20,5,13,1,1,0,0,0,20,1,0
E:\OOD\main\Tuto-master\Tuto-master\Tuto\src\com\sunsigne\tuto\pathfinder\PathPointObject.java,com.sunsigne.tuto.pathfinder.PathPointObject,class,5,7,2,5,8,1,0,0,16,0.625,0.071428575,0.071428575,8,0,8,0,0,0,8,0,0,0,2,0,0,2,0,0,0,0,0,26,3,0,0,0,0,0,0,2,0,2,0,0,0,0,27,1,0
E:\OOD\main\Tuto-master\Tuto-master\Tuto\src\com\sunsigne\tuto\util\Facing.java,com.sunsigne.tuto.util.Facing$DIRECTION,enum,0,0,0,0,3,1,0,0,0,0.33333334,0.6666667,1.0,3,0,2,0,0,1,3,0,0,0,2,0,0,2,0,0,0,0,0,13,2,0,0,0,0,5,5,2,0,2,0,0,0,0,21,1,0
E:\OOD\main\Tuto-master\Tuto-master\Tuto\src\com\sunsigne\tuto\object\Wall.java,com.sunsigne.tuto.object.Wall,class,4,6,2,4,5,1,0,3,10,0.0,0.0,0.0,5,0,5,0,0,0,5,0,0,0,0,0,0,0,0,0,0,0,0,17,1,0,0,0,0,0,0,0,0,0,0,0,0,0,21,1,0
E:\OOD\main\Tuto-master\Tuto-master\Tuto\src\com\sunsigne\tuto\object\livings\Player.java,com.sunsigne.tuto.object.livings.Player,class,5,12,7,5,6,1,0,2,7,0.72222227,0.16666667,0.16666667,6,3,4,2,0,0,4,0,0,0,3,2,1,2,0,0,1,0,1,23,3,0,0,0,0,1,5,4,0,3,0,0,0,0,18,1,0
E:\OOD\main\Tuto-master\Tuto-master\Tuto\src\com\sunsigne\tuto\util\GenericListener.java,com.sunsigne.tuto.util.GenericListener,interface,0,1,1,0,1,1,0,0,0,0.0,NaN,NaN,1,0,0,0,0,1,1,0,0,0,0,0,0,0,0,0,0,0,0,3,0,0,0,0,0,0,0,0,0,0,0,0,0,0,4,1,0
E:\OOD\main\Tuto-master\Tuto-master\Tuto\src\com\sunsigne\tuto\util\ForceInit.java,com.sunsigne.tuto.util.ForceInit,class,2,4,2,2,5,1,0,7,1,0.0,NaN,NaN,2,0,1,1,0,0,1,0,0,0,0,0,0,0,0,0,0,0,1,21,1,0,0,2,0,0,0,0,0,0,1,0,0,0,16,1,0
E:\OOD\main\Tuto-master\Tuto-master\Tuto\src\com\sunsigne\tuto\system\main\HandlerRender.java,com.sunsigne.tuto.system.main.HandlerRender,class,5,9,4,5,19,1,0,8,29,0.72727275,0.16666667,0.2777778,11,1,7,2,2,0,9,0,0,0,4,1,0,4,0,0,0,0,0,55,7,3,3,0,0,1,12,16,1,14,2,0,0,0,34,1,0
E:\OOD\main\Tuto-master\Tuto-master\Tuto\src\com\sunsigne\tuto\system\main\IRender.java,com.sunsigne.tuto.system.main.IRender,interface,5,10,5,5,9,1,0,6,21,0.0,0.0,0.0,7,0,3,0,0,4,7,0,0,0,0,0,0,0,0,0,0,0,2,17,3,0,2,0,0,0,0,0,0,0,1,0,0,0,19,1,0
E:\OOD\main\Tuto-master\Tuto-master\Tuto\src\com\sunsigne\tuto\ressources\FileTask.java,com.sunsigne.tuto.ressources.FileTask,class,1,4,3,1,15,1,0,15,6,0.0,0.0,0.0,4,0,4,0,0,0,4,0,0,0,0,0,0,0,0,0,0,0,4,62,2,3,2,2,0,13,5,17,5,11,5,0,0,0,27,1,0
E:\OOD\main\Tuto-master\Tuto-master\Tuto\src\com\sunsigne\tuto\system\controllers\GameMouseInput.java,com.sunsigne.tuto.system.controllers.GameMouseInput,class,2,4,2,2,9,2,0,4,6,0.0,0.0,0.0,4,0,2,2,0,0,2,0,0,0,0,0,0,0,0,0,0,0,0,22,5,0,1,0,0,1,5,2,2,2,2,0,0,0,23,1,0
E:\OOD\main\Tuto-master\Tuto-master\Tuto\src\com\sunsigne\tuto\system\DebugMode.java,com.sunsigne.tuto.system.DebugMode,class,1,6,5,1,5,1,0,0,10,0.8,0.0,0.0,5,0,5,0,0,0,5,0,0,0,5,0,0,5,0,0,5,0,0,22,5,0,0,0,0,0,0,5,0,5,0,0,0,0,15,1,0
E:\OOD\main\Tuto-master\Tuto-master\Tuto\src\com\sunsigne\tuto\pathfinder\PathSearcher.java,com.sunsigne.tuto.pathfinder.PathSearcher,interface,4,8,4,4,15,1,0,10,15,0.0,0.0,0.0,6,0,5,1,0,0,5,0,0,0,0,0,0,0,0,0,0,0,0,38,2,0,4,0,0,0,4,3,3,3,1,0,0,0,24,1,0
E:\OOD\main\Tuto-master\Tuto-master\Tuto\src\com\sunsigne\tuto\system\Window.java,com.sunsigne.tuto.system.Window,class,1,2,1,1,1,1,0,14,0,0.0,NaN,NaN,1,0,0,0,1,0,1,0,0,0,3,3,3,0,0,0,3,0,0,22,0,0,0,0,0,2,2,5,0,5,0,0,0,0,25,1,0
E:\OOD\main\Tuto-master\Tuto-master\Tuto\src\com\sunsigne\tuto\world\MapCreator.java,com.sunsigne.tuto.world.MapCreator,class,7,8,1,7,15,1,0,11,0,0.0,NaN,NaN,1,0,1,0,0,0,1,0,0,0,0,0,0,0,0,0,0,0,4,37,0,2,12,0,3,4,28,16,10,14,3,0,0,0,34,1,0
E:\OOD\main\Tuto-master\Tuto-master\Tuto\src\com\sunsigne\tuto\object\collision\CollisionDetector.java,com.sunsigne.tuto.object.collision.CollisionDetector,class,8,13,5,8,13,1,0,11,0,0.0,1.0,1.0,3,0,2,1,0,0,2,0,0,0,1,0,0,1,0,0,0,0,2,27,7,1,2,0,0,0,0,5,0,5,2,0,0,0,22,1,0
E:\OOD\main\Tuto-master\Tuto-master\Tuto\src\com\sunsigne\tuto\system\main\HandlerTick.java,com.sunsigne.tuto.system.main.HandlerTick,class,3,6,3,3,9,1,0,3,0,0.4,0.5,0.5,5,1,2,1,2,0,4,0,0,0,2,1,0,2,0,0,0,0,0,21,3,1,3,0,0,0,0,3,0,2,1,0,0,0,15,1,0
E:\OOD\main\Tuto-master\Tuto-master\Tuto\src\com\sunsigne\tuto\util\Cycloid.java,com.sunsigne.tuto.util.Cycloid,class,2,9,7,2,10,1,0,1,0,0.25,1.0,1.0,6,0,5,1,0,0,5,0,0,0,4,0,0,4,0,0,0,0,0,33,1,1,1,0,0,1,3,11,1,5,2,0,0,0,13,1,0
E:\OOD\main\Tuto-master\Tuto-master\Tuto\src\com\sunsigne\tuto\util\Facing.java,com.sunsigne.tuto.util.Facing,interface,1,2,1,1,2,1,0,0,1,0.0,0.0,0.0,2,0,2,0,0,0,2,0,0,0,0,0,0,0,0,0,0,0,0,17,0,0,0,0,0,0,0,0,0,0,0,0,1,0,24,1,0
E:\OOD\main\Tuto-master\Tuto-master\Tuto\src\com\sunsigne\tuto\system\main\ITick.java,com.sunsigne.tuto.system.main.ITick,interface,1,7,6,1,3,1,0,3,3,0.0,0.0,0.0,3,0,2,0,0,1,3,0,0,0,0,0,0,0,0,0,0,0,2,9,0,0,0,0,0,0,0,0,0,0,0,0,0,0,5,1,0
E:\OOD\main\Tuto-master\Tuto-master\Tuto\src\com\sunsigne\tuto\pathfinder\PathFinder.java,com.sunsigne.tuto.pathfinder.PathFinder,class,9,11,2,9,59,1,0,30,68,0.7428571,0.2,0.2,20,0,6,14,0,0,6,0,0,0,5,0,0,5,0,0,0,0,4,139,29,6,17,0,2,0,25,32,10,24,3,0,0,0,81,1,0
E:\OOD\main\Tuto-master\Tuto-master\Tuto\src\com\sunsigne\tuto\system\Conductor.java,com.sunsigne.tuto.system.Conductor,class,11,14,3,11,4,1,0,13,3,0.75000006,0.0,0.0,3,3,2,1,0,0,2,0,0,0,4,4,3,1,0,0,3,0,9,27,1,0,0,0,0,1,1,5,0,5,1,0,0,0,37,1,0
E:\OOD\main\Tuto-master\Tuto-master\Tuto\src\com\sunsigne\tuto\object\collision\ICollisionReaction.java,com.sunsigne.tuto.object.collision.ICollisionReaction,interface,4,10,6,4,16,1,0,12,6,0.0,0.0,0.0,4,0,3,0,0,1,4,0,0,0,0,0,0,0,0,0,0,0,0,32,1,0,4,0,0,0,0,5,4,5,2,0,0,0,25,1,0
E:\OOD\main\Tuto-master\Tuto-master\Tuto\src\com\sunsigne\tuto\system\controllers\GameKeyboardInput.java,com.sunsigne.tuto.system.controllers.GameKeyboardInput,class,12,14,2,12,47,2,0,30,56,0.7435898,0.0,0.0,13,0,5,8,0,0,5,0,0,0,3,0,0,3,0,0,0,0,15,79,1,0,15,0,2,4,14,18,11,13,4,0,0,0,46,1,0
E:\OOD\main\Tuto-master\Tuto-master\Tuto\src\com\sunsigne\tuto\ressources\images\ImageTask.java,com.sunsigne.tuto.ressources.images.ImageTask,class,2,8,6,2,6,1,0,16,6,0.75,0.0,0.0,4,0,4,0,0,0,4,0,0,0,1,0,0,1,0,0,1,0,1,35,5,0,1,1,1,1,12,9,8,6,1,0,0,0,28,1,0
E:\OOD\main\Tuto-master\Tuto-master\Tuto\src\com\sunsigne\tuto\object\GameObject.java,com.sunsigne.tuto.object.GameObject,class,8,24,16,8,26,1,5,8,163,0.8727273,0.116883114,0.2857143,22,0,22,0,0,0,22,0,0,0,6,0,0,2,4,0,0,0,2,95,16,0,2,0,0,0,13,21,2,13,1,0,0,0,47,1025,0
E:\OOD\main\Tuto-master\Tuto-master\Tuto\src\com\sunsigne\tuto\ressources\images\SheetBank.java,com.sunsigne.tuto.ressources.images.SheetBank,class,2,5,3,2,2,1,0,1,0,0.33333334,NaN,NaN,2,0,1,1,0,0,1,0,0,0,3,2,0,2,1,0,1,0,0,11,1,0,0,0,0,1,0,3,0,3,0,0,0,0,15,1,0
E:\OOD\main\Tuto-master\Tuto-master\Tuto\src\com\sunsigne\tuto\ressources\images\SpriteSheet.java,com.sunsigne.tuto.ressources.images.SpriteSheet,class,2,3,1,2,3,1,0,3,0,0.0,1.0,1.0,2,0,2,0,0,0,2,0,0,0,1,0,0,1,0,0,0,0,0,16,1,0,0,1,2,0,0,4,4,2,1,0,0,0,17,1,0
E:\OOD\main\Tuto-master\Tuto-master\Tuto\src\com\sunsigne\tuto\system\main\Tuto.java,com.sunsigne.tuto.system.main.Tuto,class,6,11,5,6,23,3,0,26,29,0.78000003,0.26666668,0.26666668,10,2,6,4,0,0,6,0,0,2,5,3,0,5,0,0,2,0,11,105,3,2,1,4,1,1,15,22,7,16,3,0,0,0,61,1,0
E:\OOD\main\Tuto-master\Tuto-master\Tuto\src\com\sunsigne\tuto\util\Camera.java,com.sunsigne.tuto.util.Camera,class,3,4,1,3,7,1,0,7,0,0.33333334,0.4,0.6666667,6,0,6,0,0,0,6,0,0,0,1,0,0,1,0,0,0,0,2,24,3,0,0,0,2,0,2,5,6,3,1,0,0,0,14,1,0
E:\OOD\main\Tuto-master\Tuto-master\Tuto\src\com\sunsigne\tuto\object\HandlerObject.java,com.sunsigne.tuto.object.HandlerObject,class,14,19,5,14,40,1,0,37,149,0.8888889,0.0,0.0,18,3,10,6,2,0,12,0,0,0,2,2,0,2,0,0,0,0,14,112,14,7,7,0,0,1,10,14,2,12,2,0,0,0,55,1,0
E:\OOD\main\Tuto-master\Tuto-master\Tuto\src\com\sunsigne\tuto\object\livings\Foe.java,com.sunsigne.tuto.object.livings.Foe,class,10,12,2,10,19,1,0,19,48,0.81318676,0.12727273,0.12727273,13,0,11,2,0,0,11,0,0,0,7,1,3,4,0,0,2,0,2,63,4,0,0,0,0,1,3,10,0,8,1,0,0,0,59,1,0
E:\OOD\main\Tuto-master\Tuto-master\Tuto\src\com\sunsigne\tuto\object\livings\LivingObject.java,com.sunsigne.tuto.object.livings.LivingObject,class,8,12,4,8,42,1,2,30,95,0.8468899,0.12820514,0.12820514,19,0,9,6,4,0,13,0,0,0,10,0,0,10,0,0,3,0,0,119,7,2,4,0,0,13,14,32,7,21,2,0,0,0,75,1025,0
E:\OOD\main\Tuto-master\Tuto-master\Tuto\src\com\sunsigne\tuto\ressources\images\ImageBank.java,com.sunsigne.tuto.ressources.images.ImageBank,class,2,12,10,2,5,1,0,1,0,0.33333334,0.0,0.0,3,1,2,1,0,0,2,0,0,0,3,2,1,2,0,0,2,0,0,18,1,2,0,0,0,0,9,6,1,5,2,0,0,0,18,1,0
E:\OOD\main\Tuto-master\Tuto-master\Tuto\src\com\sunsigne\tuto\util\AnnotationBank.java,com.sunsigne.tuto.util.AnnotationBank,class,0,0,0,0,0,1,0,0,0,0.0,-1.0,-1.0,0,0,0,0,0,0,0,0,0,0,0,0,0,0,0,0,0,0,0,3,0,0,0,0,0,0,0,0,0,0,0,0,0,0,3,1,0
