file,class,method,constructor,line,cbo,cboModified,fanin,fanout,wmc,rfc,loc,returnsQty,variablesQty,parametersQty,methodsInvokedQty,methodsInvokedLocalQty,methodsInvokedIndirectLocalQty,loopQty,comparisonsQty,tryCatchQty,parenthesizedExpsQty,stringLiteralsQty,numbersQty,assignmentsQty,mathOperationsQty,maxNestedBlocksQty,anonymousClassesQty,innerClassesQty,lambdasQty,uniqueWordsQty,modifiers,logStatementsQty,hasJavaDoc
E:\OOD\main\Tuto-master\Tuto-master\Tuto\src\com\sunsigne\tuto\object\gui\GUIHealth.java,com.sunsigne.tuto.object.gui.GUIHealth,GUIHealth/0,true,12,0,0,0,0,1,0,3,0,0,0,0,0,0,0,0,0,0,0,2,0,0,0,0,0,0,4,1,0,false
E:\OOD\main\Tuto-master\Tuto-master\Tuto\src\com\sunsigne\tuto\object\gui\GUIHealth.java,com.sunsigne.tuto.object.gui.GUIHealth,tick/0,false,19,0,0,0,0,1,0,2,0,0,0,0,0,0,0,0,0,0,0,0,0,0,0,0,0,0,1,1,0,false
E:\OOD\main\Tuto-master\Tuto-master\Tuto\src\com\sunsigne\tuto\object\gui\GUIHealth.java,com.sunsigne.tuto.object.gui.GUIHealth,getImageBank/1[int[]],false,25,2,0,0,0,1,0,3,1,0,1,0,0,0,0,0,0,0,0,0,0,0,0,0,0,0,5,1,0,false
E:\OOD\main\Tuto-master\Tuto-master\Tuto\src\com\sunsigne\tuto\object\gui\GUIHealth.java,com.sunsigne.tuto.object.gui.GUIHealth,render/1[java.awt.Graphics],false,30,0,0,0,0,1,4,9,0,2,1,4,0,0,0,0,0,0,2,4,2,2,0,0,0,0,6,1,0,false
E:\OOD\main\Tuto-master\Tuto-master\Tuto\src\com\sunsigne\tuto\pathfinder\TilePos.java,com.sunsigne.tuto.pathfinder.TilePos,getTilePos/1[int],false,5,0,4,4,0,2,0,6,1,3,1,0,0,0,0,0,0,0,0,3,3,6,0,0,0,0,7,1,0,false
E:\OOD\main\Tuto-master\Tuto-master\Tuto\src\com\sunsigne\tuto\object\collision\ICollisionDetection.java,com.sunsigne.tuto.object.collision.ICollisionDetection,"getBounds/2[com.sunsigne.tuto.util.Facing.DIRECTION,com.sunsigne.tuto.object.GameObject]",false,12,3,5,1,4,6,4,15,6,0,2,4,4,1,0,0,0,0,0,0,0,0,1,0,0,0,20,65537,0,false
E:\OOD\main\Tuto-master\Tuto-master\Tuto\src\com\sunsigne\tuto\object\collision\ICollisionDetection.java,com.sunsigne.tuto.object.collision.ICollisionDetection,getBoundsUp/1[com.sunsigne.tuto.object.GameObject],false,46,1,5,1,4,1,4,7,1,4,1,4,0,0,0,0,0,0,0,3,4,4,0,0,0,0,12,2,0,false
E:\OOD\main\Tuto-master\Tuto-master\Tuto\src\com\sunsigne\tuto\object\collision\ICollisionDetection.java,com.sunsigne.tuto.object.collision.ICollisionDetection,getBoundsDown/1[com.sunsigne.tuto.object.GameObject],false,54,1,5,1,4,1,4,7,1,4,1,4,0,0,0,0,0,0,0,4,4,6,0,0,0,0,12,2,0,false
E:\OOD\main\Tuto-master\Tuto-master\Tuto\src\com\sunsigne\tuto\object\collision\ICollisionDetection.java,com.sunsigne.tuto.object.collision.ICollisionDetection,getBoundsLeft/1[com.sunsigne.tuto.object.GameObject],false,30,1,5,1,4,1,4,7,1,4,1,4,0,0,0,0,0,0,0,4,4,5,0,0,0,0,12,2,0,false
E:\OOD\main\Tuto-master\Tuto-master\Tuto\src\com\sunsigne\tuto\object\collision\ICollisionDetection.java,com.sunsigne.tuto.object.collision.ICollisionDetection,getBoundsRight/1[com.sunsigne.tuto.object.GameObject],false,38,1,5,1,4,1,4,7,1,4,1,4,0,0,0,0,0,0,0,6,4,8,0,0,0,0,12,2,0,false
E:\OOD\main\Tuto-master\Tuto-master\Tuto\src\com\sunsigne\tuto\object\collision\ICollisionDetection.java,com.sunsigne.tuto.object.collision.ICollisionDetection,getCollisionDetector/0,false,10,1,1,1,0,1,0,1,0,0,0,0,0,0,0,0,0,0,0,0,0,0,0,0,0,0,3,1,0,false
E:\OOD\main\Tuto-master\Tuto-master\Tuto\src\com\sunsigne\tuto\object\gui\GUIDebug.java,com.sunsigne.tuto.object.gui.GUIDebug,tick/0,false,29,0,0,0,0,1,0,2,0,0,0,0,0,0,0,0,0,0,0,0,0,0,0,0,0,0,1,1,0,false
E:\OOD\main\Tuto-master\Tuto-master\Tuto\src\com\sunsigne\tuto\object\gui\GUIDebug.java,com.sunsigne.tuto.object.gui.GUIDebug,render/1[java.awt.Graphics],false,42,3,7,0,7,6,8,8,0,1,1,8,0,0,0,0,0,0,0,8,1,7,1,0,0,0,8,1,0,false
E:\OOD\main\Tuto-master\Tuto-master\Tuto\src\com\sunsigne\tuto\object\gui\GUIDebug.java,com.sunsigne.tuto.object.gui.GUIDebug,GUIDebug/0,true,16,0,0,0,0,1,0,7,0,0,0,0,0,0,0,0,0,0,0,10,4,6,0,0,0,0,8,1,0,false
E:\OOD\main\Tuto-master\Tuto-master\Tuto\src\com\sunsigne\tuto\object\gui\GUIDebug.java,com.sunsigne.tuto.object.gui.GUIDebug,getImageBank/1[int[]],false,36,2,0,0,0,1,0,3,1,0,1,0,0,0,0,0,0,0,0,2,0,0,0,0,0,0,4,1,0,false
E:\OOD\main\Tuto-master\Tuto-master\Tuto\src\com\sunsigne\tuto\pathfinder\PathPointObject.java,com.sunsigne.tuto.pathfinder.PathPointObject,"PathPointObject/2[int,int]",true,11,0,1,1,0,1,0,3,0,0,2,0,0,0,0,0,0,0,0,0,0,0,0,0,0,0,4,1,0,false
E:\OOD\main\Tuto-master\Tuto-master\Tuto\src\com\sunsigne\tuto\pathfinder\PathPointObject.java,com.sunsigne.tuto.pathfinder.PathPointObject,getGoal/0,false,20,1,0,0,0,1,0,3,1,0,0,0,0,0,0,0,0,0,0,0,0,0,0,0,0,0,5,1,0,false
E:\OOD\main\Tuto-master\Tuto-master\Tuto\src\com\sunsigne\tuto\pathfinder\PathPointObject.java,com.sunsigne.tuto.pathfinder.PathPointObject,setGoal/1[com.sunsigne.tuto.object.GameObject],false,25,1,0,0,0,1,0,3,0,0,1,0,0,0,0,0,0,0,0,0,1,0,0,0,0,0,5,1,0,false
E:\OOD\main\Tuto-master\Tuto-master\Tuto\src\com\sunsigne\tuto\pathfinder\PathPointObject.java,com.sunsigne.tuto.pathfinder.PathPointObject,getPath/0,false,32,1,0,0,0,1,0,3,1,0,0,0,0,0,0,0,0,0,0,0,0,0,0,0,0,0,11,1,0,false
E:\OOD\main\Tuto-master\Tuto-master\Tuto\src\com\sunsigne\tuto\pathfinder\PathPointObject.java,com.sunsigne.tuto.pathfinder.PathPointObject,setPath/1[com.sunsigne.tuto.util.Facing.DIRECTION],false,37,1,0,0,0,1,0,3,0,0,1,0,0,0,0,0,0,0,0,0,1,0,0,0,0,0,11,1,0,false
E:\OOD\main\Tuto-master\Tuto-master\Tuto\src\com\sunsigne\tuto\pathfinder\PathPointObject.java,com.sunsigne.tuto.pathfinder.PathPointObject,render/1[java.awt.Graphics],false,57,0,0,0,0,1,0,2,0,0,1,0,0,0,0,0,0,0,0,0,0,0,0,0,0,0,3,1,0,false
E:\OOD\main\Tuto-master\Tuto-master\Tuto\src\com\sunsigne\tuto\pathfinder\PathPointObject.java,com.sunsigne.tuto.pathfinder.PathPointObject,tick/0,false,44,0,0,0,0,1,0,2,0,0,0,0,0,0,0,0,0,0,0,0,0,0,0,0,0,0,1,1,0,false
E:\OOD\main\Tuto-master\Tuto-master\Tuto\src\com\sunsigne\tuto\pathfinder\PathPointObject.java,com.sunsigne.tuto.pathfinder.PathPointObject,getImageBank/1[int[]],false,51,2,0,0,0,1,0,3,1,0,1,0,0,0,0,0,0,0,0,0,0,0,0,0,0,0,5,1,0,false
E:\OOD\main\Tuto-master\Tuto-master\Tuto\src\com\sunsigne\tuto\util\Facing.java,com.sunsigne.tuto.util.Facing$DIRECTION,getNum/0,false,29,0,6,6,0,1,0,3,1,0,0,0,0,0,0,0,0,0,0,0,0,0,0,0,0,0,3,1,0,false
E:\OOD\main\Tuto-master\Tuto-master\Tuto\src\com\sunsigne\tuto\util\Facing.java,com.sunsigne.tuto.util.Facing$DIRECTION,getName/0,false,25,0,1,1,0,1,0,3,1,0,0,0,0,0,0,0,0,0,0,0,0,0,0,0,0,0,3,1,0,false
E:\OOD\main\Tuto-master\Tuto-master\Tuto\src\com\sunsigne\tuto\util\Facing.java,com.sunsigne.tuto.util.Facing$DIRECTION,"DIRECTION/2[java.lang.String,int]",true,19,0,0,0,0,1,0,4,0,0,2,0,0,0,0,0,0,0,0,0,2,0,0,0,0,0,10,0,0,false
E:\OOD\main\Tuto-master\Tuto-master\Tuto\src\com\sunsigne\tuto\object\Wall.java,com.sunsigne.tuto.object.Wall,tick/0,false,18,0,0,0,0,1,0,2,0,0,0,0,0,0,0,0,0,0,0,0,0,0,0,0,0,0,1,1,0,false
E:\OOD\main\Tuto-master\Tuto-master\Tuto\src\com\sunsigne\tuto\object\Wall.java,com.sunsigne.tuto.object.Wall,"Wall/2[int,int]",true,11,0,1,1,0,1,0,3,0,0,2,0,0,0,0,0,0,0,0,0,0,0,0,0,0,0,2,1,0,false
E:\OOD\main\Tuto-master\Tuto-master\Tuto\src\com\sunsigne\tuto\object\Wall.java,com.sunsigne.tuto.object.Wall,collidingReaction/1[com.sunsigne.tuto.object.GameObject],false,39,2,1,0,1,1,1,3,0,0,1,1,0,0,0,0,0,0,0,0,0,0,0,0,0,0,8,1,0,false
E:\OOD\main\Tuto-master\Tuto-master\Tuto\src\com\sunsigne\tuto\object\Wall.java,com.sunsigne.tuto.object.Wall,getImageBank/1[int[]],false,25,2,0,0,0,1,0,3,1,0,1,0,0,0,0,0,0,0,0,0,0,0,0,0,0,0,5,1,0,false
E:\OOD\main\Tuto-master\Tuto-master\Tuto\src\com\sunsigne\tuto\object\Wall.java,com.sunsigne.tuto.object.Wall,render/1[java.awt.Graphics],false,30,0,0,0,0,1,2,4,0,0,1,2,0,0,0,0,0,0,0,0,0,0,0,0,0,0,3,1,0,false
E:\OOD\main\Tuto-master\Tuto-master\Tuto\src\com\sunsigne\tuto\object\livings\Player.java,com.sunsigne.tuto.object.livings.Player,isExisting/0,false,23,1,4,2,2,1,2,3,1,0,0,2,0,0,0,0,0,0,0,0,0,0,0,0,0,0,2,9,0,false
E:\OOD\main\Tuto-master\Tuto-master\Tuto\src\com\sunsigne\tuto\object\livings\Player.java,com.sunsigne.tuto.object.livings.Player,get/0,false,27,1,9,9,0,1,0,3,1,0,0,0,0,0,0,0,0,0,0,0,0,0,0,0,0,0,3,9,0,false
E:\OOD\main\Tuto-master\Tuto-master\Tuto\src\com\sunsigne\tuto\object\livings\Player.java,com.sunsigne.tuto.object.livings.Player,"Player/2[int,int]",true,15,0,1,1,0,1,0,3,0,0,2,0,0,0,0,0,0,0,1,0,0,0,0,0,0,0,2,2,0,false
E:\OOD\main\Tuto-master\Tuto-master\Tuto\src\com\sunsigne\tuto\object\livings\Player.java,com.sunsigne.tuto.object.livings.Player,getCollisionDetector/0,false,44,1,0,0,0,1,0,3,1,0,0,0,0,0,0,0,0,0,0,0,0,0,0,0,0,0,4,1,0,false
E:\OOD\main\Tuto-master\Tuto-master\Tuto\src\com\sunsigne\tuto\object\livings\Player.java,com.sunsigne.tuto.object.livings.Player,"Player/3[java.lang.String,int,int]",true,11,0,0,0,0,1,0,3,0,0,3,0,0,0,0,0,0,0,0,0,0,0,0,0,0,0,2,2,0,false
E:\OOD\main\Tuto-master\Tuto-master\Tuto\src\com\sunsigne\tuto\object\livings\Player.java,com.sunsigne.tuto.object.livings.Player,reset/0,false,31,1,1,0,1,1,0,3,0,0,0,0,0,0,0,0,0,0,0,2,1,0,0,0,0,0,3,9,0,false
E:\OOD\main\Tuto-master\Tuto-master\Tuto\src\com\sunsigne\tuto\util\GenericListener.java,com.sunsigne.tuto.util.GenericListener,doAction/0,false,5,0,1,1,0,1,0,1,0,0,0,0,0,0,0,0,0,0,0,0,0,0,0,0,0,0,2,0,0,false
E:\OOD\main\Tuto-master\Tuto-master\Tuto\src\com\sunsigne\tuto\util\ForceInit.java,com.sunsigne.tuto.util.ForceInit,getClassObject/1[java.lang.Class<T>],false,5,1,1,1,0,2,3,9,1,0,1,3,0,0,0,0,1,0,0,0,0,0,1,0,0,0,10,2,0,false
E:\OOD\main\Tuto-master\Tuto-master\Tuto\src\com\sunsigne\tuto\util\ForceInit.java,com.sunsigne.tuto.util.ForceInit,forceInit/1[java.lang.Class<T>],false,14,2,1,0,1,3,4,10,0,0,1,4,1,1,0,0,1,0,0,0,0,0,1,0,0,0,11,1,0,false
E:\OOD\main\Tuto-master\Tuto-master\Tuto\src\com\sunsigne\tuto\system\main\HandlerRender.java,com.sunsigne.tuto.system.main.HandlerRender,getImageBank/1[int[]],false,82,2,0,0,0,1,0,3,1,0,1,0,0,0,0,0,0,0,0,0,0,0,0,0,0,0,5,1,0,false
E:\OOD\main\Tuto-master\Tuto-master\Tuto\src\com\sunsigne\tuto\system\main\HandlerRender.java,com.sunsigne.tuto.system.main.HandlerRender,HandlerRender/0,true,14,1,1,1,0,3,0,7,0,2,0,0,0,0,2,0,0,0,0,4,3,0,2,0,0,0,4,2,0,false
E:\OOD\main\Tuto-master\Tuto-master\Tuto\src\com\sunsigne\tuto\system\main\HandlerRender.java,com.sunsigne.tuto.system.main.HandlerRender,setCameraDependant/1[boolean],false,68,0,2,2,0,1,0,3,0,0,1,0,0,0,0,0,0,0,0,0,1,0,0,0,0,0,4,1,0,false
E:\OOD\main\Tuto-master\Tuto-master\Tuto\src\com\sunsigne\tuto\system\main\HandlerRender.java,com.sunsigne.tuto.system.main.HandlerRender,addObject/1[com.sunsigne.tuto.system.main.IRender],false,42,2,4,1,3,2,4,5,1,1,1,4,1,1,0,1,0,0,0,0,1,0,1,0,0,0,10,4,0,false
E:\OOD\main\Tuto-master\Tuto-master\Tuto\src\com\sunsigne\tuto\system\main\HandlerRender.java,com.sunsigne.tuto.system.main.HandlerRender,removeObject/1[com.sunsigne.tuto.system.main.IRender],false,50,2,4,1,3,2,4,5,1,1,1,4,1,1,0,1,0,0,0,0,1,0,1,0,0,0,10,4,0,false
E:\OOD\main\Tuto-master\Tuto-master\Tuto\src\com\sunsigne\tuto\system\main\HandlerRender.java,com.sunsigne.tuto.system.main.HandlerRender,isLayerAbove/0,false,73,0,1,1,0,1,0,3,1,0,0,0,0,0,0,0,0,0,0,0,0,0,0,0,0,0,4,1,0,false
E:\OOD\main\Tuto-master\Tuto-master\Tuto\src\com\sunsigne\tuto\system\main\HandlerRender.java,com.sunsigne.tuto.system.main.HandlerRender,render/1[java.awt.Graphics],false,87,2,3,1,2,2,4,8,0,4,1,4,1,1,1,0,0,0,0,2,4,1,1,0,0,0,12,1,0,false
E:\OOD\main\Tuto-master\Tuto-master\Tuto\src\com\sunsigne\tuto\system\main\HandlerRender.java,com.sunsigne.tuto.system.main.HandlerRender,isCameraDependant/0,false,64,0,1,1,0,1,0,3,1,0,0,0,0,0,0,0,0,0,0,0,0,0,0,0,0,0,4,1,0,false
E:\OOD\main\Tuto-master\Tuto-master\Tuto\src\com\sunsigne\tuto\system\main\HandlerRender.java,com.sunsigne.tuto.system.main.HandlerRender,getInstance/0,false,24,1,7,6,1,2,0,4,1,0,0,0,0,0,0,1,0,0,0,0,1,0,1,0,0,0,6,9,0,false
E:\OOD\main\Tuto-master\Tuto-master\Tuto\src\com\sunsigne\tuto\system\main\HandlerRender.java,com.sunsigne.tuto.system.main.HandlerRender,setLayerAbove/1[boolean],false,77,0,2,2,0,1,0,3,0,0,1,0,0,0,0,0,0,0,0,0,1,0,0,0,0,0,4,1,0,false
E:\OOD\main\Tuto-master\Tuto-master\Tuto\src\com\sunsigne\tuto\system\main\HandlerRender.java,com.sunsigne.tuto.system.main.HandlerRender,"getList/2[boolean,boolean]",false,35,1,3,3,0,3,0,5,1,2,2,0,0,0,0,0,0,0,0,4,2,0,0,0,0,0,8,2,0,false
E:\OOD\main\Tuto-master\Tuto-master\Tuto\src\com\sunsigne\tuto\system\main\IRender.java,com.sunsigne.tuto.system.main.IRender,isLayerAbove/0,false,13,0,2,2,0,1,0,1,0,0,0,0,0,0,0,0,0,0,0,0,0,0,0,0,0,0,3,0,0,false
E:\OOD\main\Tuto-master\Tuto-master\Tuto\src\com\sunsigne\tuto\system\main\IRender.java,com.sunsigne.tuto.system.main.IRender,startRender/0,false,15,1,3,1,2,1,2,3,0,0,0,2,0,0,0,0,0,0,0,0,0,0,0,0,0,0,2,65537,0,false
E:\OOD\main\Tuto-master\Tuto-master\Tuto\src\com\sunsigne\tuto\system\main\IRender.java,com.sunsigne.tuto.system.main.IRender,render/1[java.awt.Graphics],false,35,0,2,2,0,1,0,1,0,0,1,0,0,0,0,0,0,0,0,0,0,0,0,0,0,0,3,0,0,false
E:\OOD\main\Tuto-master\Tuto-master\Tuto\src\com\sunsigne\tuto\system\main\IRender.java,com.sunsigne.tuto.system.main.IRender,getImage/1[int[]],false,25,4,5,1,4,3,3,5,3,0,1,3,1,1,0,2,0,0,0,0,0,0,1,0,0,0,7,65537,0,false
E:\OOD\main\Tuto-master\Tuto-master\Tuto\src\com\sunsigne\tuto\system\main\IRender.java,com.sunsigne.tuto.system.main.IRender,stopRender/0,false,19,1,2,0,2,1,2,3,0,0,0,2,0,0,0,0,0,0,0,0,0,0,0,0,0,0,2,65537,0,false
E:\OOD\main\Tuto-master\Tuto-master\Tuto\src\com\sunsigne\tuto\system\main\IRender.java,com.sunsigne.tuto.system.main.IRender,getImageBank/1[int[]],false,23,2,1,1,0,1,0,1,0,0,1,0,0,0,0,0,0,0,0,0,0,0,0,0,0,0,4,0,0,false
E:\OOD\main\Tuto-master\Tuto-master\Tuto\src\com\sunsigne\tuto\system\main\IRender.java,com.sunsigne.tuto.system.main.IRender,isCameraDependant/0,false,11,0,2,2,0,1,0,1,0,0,0,0,0,0,0,0,0,0,0,0,0,0,0,0,0,0,3,0,0,false
E:\OOD\main\Tuto-master\Tuto-master\Tuto\src\com\sunsigne\tuto\ressources\FileTask.java,com.sunsigne.tuto.ressources.FileTask,"read/2[java.lang.String,java.lang.String]",false,15,0,2,2,0,8,9,31,1,5,2,9,0,0,2,1,1,0,6,2,10,2,5,0,0,0,17,1,0,false
E:\OOD\main\Tuto-master\Tuto-master\Tuto\src\com\sunsigne\tuto\ressources\FileTask.java,com.sunsigne.tuto.ressources.FileTask,"write/2[java.lang.String,java.lang.String]",false,58,1,1,0,1,1,1,3,0,0,2,1,1,3,0,0,0,0,0,0,0,0,0,0,0,0,2,1,0,false
E:\OOD\main\Tuto-master\Tuto-master\Tuto\src\com\sunsigne\tuto\ressources\FileTask.java,com.sunsigne.tuto.ressources.FileTask,read/1[java.lang.String],false,11,1,2,1,1,1,1,3,1,0,1,1,1,1,0,0,0,0,0,0,0,0,0,0,0,0,2,1,0,false
E:\OOD\main\Tuto-master\Tuto-master\Tuto\src\com\sunsigne\tuto\ressources\FileTask.java,com.sunsigne.tuto.ressources.FileTask,"write/3[java.lang.String,java.lang.String,java.lang.String]",false,62,1,3,2,1,5,8,23,0,6,3,8,1,2,1,1,1,0,7,3,7,3,4,0,0,0,18,1,0,false
E:\OOD\main\Tuto-master\Tuto-master\Tuto\src\com\sunsigne\tuto\system\controllers\GameMouseInput.java,com.sunsigne.tuto.system.controllers.GameMouseInput,mousePressed/1[java.awt.event.MouseEvent],false,11,0,0,0,0,1,0,2,0,0,1,0,0,0,0,0,0,0,0,0,0,0,0,0,0,0,5,1,0,false
E:\OOD\main\Tuto-master\Tuto-master\Tuto\src\com\sunsigne\tuto\system\controllers\GameMouseInput.java,com.sunsigne.tuto.system.controllers.GameMouseInput,mouseReleased/1[java.awt.event.MouseEvent],false,16,0,0,0,0,1,0,2,0,0,1,0,0,0,0,0,0,0,0,0,0,0,0,0,0,0,5,1,0,false
E:\OOD\main\Tuto-master\Tuto-master\Tuto\src\com\sunsigne\tuto\system\controllers\GameMouseInput.java,com.sunsigne.tuto.system.controllers.GameMouseInput,"mouseOver/2[java.awt.event.MouseEvent,int[]]",false,33,2,1,0,1,2,2,5,2,0,2,2,1,1,0,1,0,0,1,5,0,0,1,0,0,0,10,2,0,false
E:\OOD\main\Tuto-master\Tuto-master\Tuto\src\com\sunsigne\tuto\system\controllers\GameMouseInput.java,com.sunsigne.tuto.system.controllers.GameMouseInput,"mouseOver/5[java.awt.event.MouseEvent,int,int,int,int]",false,20,0,1,1,0,5,2,11,3,2,5,2,0,0,0,0,0,0,0,0,2,2,2,0,0,0,12,2,0,false
E:\OOD\main\Tuto-master\Tuto-master\Tuto\src\com\sunsigne\tuto\system\DebugMode.java,com.sunsigne.tuto.system.DebugMode,getMultiToolMode/0,false,13,1,2,2,0,1,0,3,1,0,0,0,0,0,0,0,0,0,0,0,0,0,0,0,0,0,5,1,0,false
E:\OOD\main\Tuto-master\Tuto-master\Tuto\src\com\sunsigne\tuto\system\DebugMode.java,com.sunsigne.tuto.system.DebugMode,getHitboxMode/0,false,25,1,3,3,0,1,0,3,1,0,0,0,0,0,0,0,0,0,0,0,0,0,0,0,0,0,4,1,0,false
E:\OOD\main\Tuto-master\Tuto-master\Tuto\src\com\sunsigne\tuto\system\DebugMode.java,com.sunsigne.tuto.system.DebugMode,getWallPassMode/0,false,17,1,3,3,0,1,0,3,1,0,0,0,0,0,0,0,0,0,0,0,0,0,0,0,0,0,5,1,0,false
E:\OOD\main\Tuto-master\Tuto-master\Tuto\src\com\sunsigne\tuto\system\DebugMode.java,com.sunsigne.tuto.system.DebugMode,getFastMode/0,false,29,1,3,3,0,1,0,3,1,0,0,0,0,0,0,0,0,0,0,0,0,0,0,0,0,0,4,1,0,false
E:\OOD\main\Tuto-master\Tuto-master\Tuto\src\com\sunsigne\tuto\system\DebugMode.java,com.sunsigne.tuto.system.DebugMode,getSkipMode/0,false,21,1,2,2,0,1,0,3,1,0,0,0,0,0,0,0,0,0,0,0,0,0,0,0,0,0,4,1,0,false
E:\OOD\main\Tuto-master\Tuto-master\Tuto\src\com\sunsigne\tuto\pathfinder\PathSearcher.java,com.sunsigne.tuto.pathfinder.PathSearcher,followPath/1[com.sunsigne.tuto.object.GameObject],false,36,2,5,1,4,6,4,20,0,0,1,4,1,1,0,0,0,0,0,0,0,0,1,0,0,0,6,2,0,false
E:\OOD\main\Tuto-master\Tuto-master\Tuto\src\com\sunsigne\tuto\pathfinder\PathSearcher.java,com.sunsigne.tuto.pathfinder.PathSearcher,getGoal/0,false,11,1,2,2,0,1,0,1,0,0,0,0,0,0,0,0,0,0,0,0,0,0,0,0,0,0,4,1,0,false
E:\OOD\main\Tuto-master\Tuto-master\Tuto\src\com\sunsigne\tuto\pathfinder\PathSearcher.java,com.sunsigne.tuto.pathfinder.PathSearcher,setGoal/1[com.sunsigne.tuto.object.GameObject],false,13,1,1,1,0,1,0,1,0,0,1,0,0,0,0,0,0,0,0,0,0,0,0,0,0,0,5,1,0,false
E:\OOD\main\Tuto-master\Tuto-master\Tuto\src\com\sunsigne\tuto\pathfinder\PathSearcher.java,com.sunsigne.tuto.pathfinder.PathSearcher,setPath/1[com.sunsigne.tuto.util.Facing.DIRECTION],false,17,1,1,1,0,1,0,1,0,0,1,0,0,0,0,0,0,0,0,0,0,0,0,0,0,0,11,1,0,false
E:\OOD\main\Tuto-master\Tuto-master\Tuto\src\com\sunsigne\tuto\pathfinder\PathSearcher.java,com.sunsigne.tuto.pathfinder.PathSearcher,getPath/0,false,15,1,1,1,0,1,0,1,0,0,0,0,0,0,0,0,0,0,0,0,0,0,0,0,0,0,10,1,0,false
E:\OOD\main\Tuto-master\Tuto-master\Tuto\src\com\sunsigne\tuto\pathfinder\PathSearcher.java,com.sunsigne.tuto.pathfinder.PathSearcher,moveToGoal/0,false,19,3,8,1,7,5,6,12,2,3,0,6,3,2,0,4,0,0,0,4,3,3,1,0,0,0,14,65537,0,false
E:\OOD\main\Tuto-master\Tuto-master\Tuto\src\com\sunsigne\tuto\system\Window.java,com.sunsigne.tuto.system.Window,Window/1[com.sunsigne.tuto.system.main.Tuto],true,18,1,1,1,0,1,14,17,0,2,1,14,0,0,0,0,0,0,1,0,2,0,0,0,0,0,19,4,0,false
E:\OOD\main\Tuto-master\Tuto-master\Tuto\src\com\sunsigne\tuto\world\MapCreator.java,com.sunsigne.tuto.world.MapCreator,loadLevel/1[java.awt.image.BufferedImage],false,14,7,12,1,11,15,11,35,0,14,1,11,0,0,2,12,0,3,4,28,16,10,3,0,0,0,32,1,0,false
E:\OOD\main\Tuto-master\Tuto-master\Tuto\src\com\sunsigne\tuto\object\collision\CollisionDetector.java,com.sunsigne.tuto.object.collision.CollisionDetector,CollisionDetector/1[com.sunsigne.tuto.object.GameObject],true,14,1,0,0,0,1,0,3,0,0,1,0,0,0,0,0,0,0,0,0,1,0,0,0,0,0,5,1,0,false
E:\OOD\main\Tuto-master\Tuto-master\Tuto\src\com\sunsigne\tuto\object\collision\CollisionDetector.java,com.sunsigne.tuto.object.collision.CollisionDetector,clnDetectorObjectIsColliding/1[com.sunsigne.tuto.object.GameObject],false,39,5,5,1,4,8,5,9,7,0,1,5,0,0,0,1,0,0,0,0,0,0,1,0,0,0,13,2,0,false
E:\OOD\main\Tuto-master\Tuto-master\Tuto\src\com\sunsigne\tuto\object\collision\CollisionDetector.java,com.sunsigne.tuto.object.collision.CollisionDetector,tick/0,false,21,4,7,1,6,4,6,12,0,4,0,6,1,1,1,1,0,0,0,0,4,0,2,0,0,0,18,1,0,false
E:\OOD\main\Tuto-master\Tuto-master\Tuto\src\com\sunsigne\tuto\system\main\HandlerTick.java,com.sunsigne.tuto.system.main.HandlerTick,tick/0,false,45,1,2,1,1,2,1,3,0,0,0,1,0,0,1,0,0,0,0,0,0,0,1,0,0,0,6,1,0,false
E:\OOD\main\Tuto-master\Tuto-master\Tuto\src\com\sunsigne\tuto\system\main\HandlerTick.java,com.sunsigne.tuto.system.main.HandlerTick,removeObject/1[com.sunsigne.tuto.system.main.ITick],false,35,1,1,1,0,2,1,4,1,0,1,1,0,0,0,1,0,0,0,0,0,0,1,0,0,0,6,4,0,false
E:\OOD\main\Tuto-master\Tuto-master\Tuto\src\com\sunsigne\tuto\system\main\HandlerTick.java,com.sunsigne.tuto.system.main.HandlerTick,HandlerTick/0,true,12,0,1,1,0,1,0,2,0,0,0,0,0,0,0,0,0,0,0,0,0,0,0,0,0,0,2,2,0,false
E:\OOD\main\Tuto-master\Tuto-master\Tuto\src\com\sunsigne\tuto\system\main\HandlerTick.java,com.sunsigne.tuto.system.main.HandlerTick,addObject/1[com.sunsigne.tuto.system.main.ITick],false,28,1,1,1,0,2,1,4,1,0,1,1,0,0,0,1,0,0,0,0,0,0,1,0,0,0,6,4,0,false
E:\OOD\main\Tuto-master\Tuto-master\Tuto\src\com\sunsigne\tuto\system\main\HandlerTick.java,com.sunsigne.tuto.system.main.HandlerTick,getInstance/0,false,18,1,4,3,1,2,0,4,1,0,0,0,0,0,0,1,0,0,0,0,1,0,1,0,0,0,6,9,0,false
E:\OOD\main\Tuto-master\Tuto-master\Tuto\src\com\sunsigne\tuto\util\Cycloid.java,com.sunsigne.tuto.util.Cycloid,getState/0,false,20,1,0,0,0,1,0,3,1,0,0,0,0,0,0,0,0,0,0,0,0,0,0,0,0,0,4,1,0,false
E:\OOD\main\Tuto-master\Tuto-master\Tuto\src\com\sunsigne\tuto\util\Cycloid.java,com.sunsigne.tuto.util.Cycloid,Cycloid/1[T[]],true,12,1,0,0,0,1,0,5,0,0,1,0,0,0,0,0,0,0,1,0,3,0,0,0,0,0,4,1,0,false
E:\OOD\main\Tuto-master\Tuto-master\Tuto\src\com\sunsigne\tuto\util\Cycloid.java,com.sunsigne.tuto.util.Cycloid,synchoniseIndex/0,false,39,0,0,0,0,3,0,5,0,1,0,0,0,0,1,1,0,0,0,1,2,0,2,0,0,0,6,2,0,false
E:\OOD\main\Tuto-master\Tuto-master\Tuto\src\com\sunsigne\tuto\util\Cycloid.java,com.sunsigne.tuto.util.Cycloid,setState/1[int],false,29,0,0,0,0,2,0,5,0,0,1,0,0,0,0,0,0,0,0,1,3,1,1,0,0,0,5,1,0,false
E:\OOD\main\Tuto-master\Tuto-master\Tuto\src\com\sunsigne\tuto\util\Cycloid.java,com.sunsigne.tuto.util.Cycloid,setState/1[T],false,24,2,1,0,1,1,1,4,0,0,1,1,0,0,0,0,0,0,0,0,1,0,0,0,0,0,6,1,0,false
E:\OOD\main\Tuto-master\Tuto-master\Tuto\src\com\sunsigne\tuto\util\Cycloid.java,com.sunsigne.tuto.util.Cycloid,cycle/0,false,46,0,0,0,0,2,0,5,0,0,0,0,0,0,0,0,0,0,0,1,2,0,1,0,0,0,4,1,0,false
E:\OOD\main\Tuto-master\Tuto-master\Tuto\src\com\sunsigne\tuto\util\Facing.java,com.sunsigne.tuto.util.Facing,getFacing/0,false,7,1,0,0,0,1,0,1,0,0,0,0,0,0,0,0,0,0,0,0,0,0,0,0,0,0,10,1,0,false
E:\OOD\main\Tuto-master\Tuto-master\Tuto\src\com\sunsigne\tuto\util\Facing.java,com.sunsigne.tuto.util.Facing,setFacing/1[com.sunsigne.tuto.util.Facing.DIRECTION],false,9,1,0,0,0,1,0,1,0,0,1,0,0,0,0,0,0,0,0,0,0,0,0,0,0,0,11,1,0,false
E:\OOD\main\Tuto-master\Tuto-master\Tuto\src\com\sunsigne\tuto\system\main\ITick.java,com.sunsigne.tuto.system.main.ITick,tick/0,false,13,0,2,2,0,1,0,1,0,0,0,0,0,0,0,0,0,0,0,0,0,0,0,0,0,0,1,0,0,false
E:\OOD\main\Tuto-master\Tuto-master\Tuto\src\com\sunsigne\tuto\system\main\ITick.java,com.sunsigne.tuto.system.main.ITick,startTick/0,false,5,1,4,2,2,1,2,3,0,0,0,2,0,0,0,0,0,0,0,0,0,0,0,0,0,0,2,65537,0,false
E:\OOD\main\Tuto-master\Tuto-master\Tuto\src\com\sunsigne\tuto\system\main\ITick.java,com.sunsigne.tuto.system.main.ITick,stopTick/0,false,9,1,2,0,2,1,2,3,0,0,0,2,0,0,0,0,0,0,0,0,0,0,0,0,0,0,2,65537,0,false
E:\OOD\main\Tuto-master\Tuto-master\Tuto\src\com\sunsigne\tuto\pathfinder\PathFinder.java,com.sunsigne.tuto.pathfinder.PathFinder,getX/0,false,39,0,2,2,0,1,0,3,1,0,0,0,0,0,0,0,0,0,0,0,0,0,0,0,0,0,3,1,0,false
E:\OOD\main\Tuto-master\Tuto-master\Tuto\src\com\sunsigne\tuto\pathfinder\PathFinder.java,com.sunsigne.tuto.pathfinder.PathFinder,setY/1[int],false,52,1,3,1,2,1,2,4,0,0,1,2,2,2,0,0,0,0,0,0,1,0,0,0,0,0,8,1,0,false
E:\OOD\main\Tuto-master\Tuto-master\Tuto\src\com\sunsigne\tuto\pathfinder\PathFinder.java,com.sunsigne.tuto.pathfinder.PathFinder,findPath/1[boolean],false,89,3,10,1,9,7,9,21,6,4,1,9,8,6,0,0,0,0,0,4,6,0,1,0,0,0,35,2,0,false
E:\OOD\main\Tuto-master\Tuto-master\Tuto\src\com\sunsigne\tuto\pathfinder\PathFinder.java,com.sunsigne.tuto.pathfinder.PathFinder,isGoalReached/0,false,69,0,1,1,0,3,0,3,1,0,0,0,0,0,0,2,0,0,0,2,0,0,0,0,0,0,6,2,0,false
E:\OOD\main\Tuto-master\Tuto-master\Tuto\src\com\sunsigne\tuto\pathfinder\PathFinder.java,com.sunsigne.tuto.pathfinder.PathFinder,calculDistance/0,false,30,2,7,2,5,1,5,4,0,0,0,5,3,1,0,0,0,0,0,0,2,2,0,0,0,0,8,2,0,false
E:\OOD\main\Tuto-master\Tuto-master\Tuto\src\com\sunsigne\tuto\pathfinder\PathFinder.java,com.sunsigne.tuto.pathfinder.PathFinder,"isPathSigneCurveVH/2[boolean,boolean]",false,85,0,1,1,0,3,0,3,1,0,2,0,0,0,0,2,0,0,0,2,0,0,0,0,0,0,12,2,0,false
E:\OOD\main\Tuto-master\Tuto-master\Tuto\src\com\sunsigne\tuto\pathfinder\PathFinder.java,com.sunsigne.tuto.pathfinder.PathFinder,"wallOnTheWay/2[int,boolean]",false,220,4,4,1,3,7,3,12,2,2,2,3,2,1,1,1,0,0,0,7,5,8,2,0,0,0,16,2,0,false
E:\OOD\main\Tuto-master\Tuto-master\Tuto\src\com\sunsigne\tuto\pathfinder\PathFinder.java,com.sunsigne.tuto.pathfinder.PathFinder,getPathFromSeacherToValidPoint/1[java.util.LinkedList<com.sunsigne.tuto.pathfinder.PathPointObject>],false,175,3,3,1,2,3,1,7,2,1,1,1,1,1,1,1,0,0,0,0,1,0,2,0,0,0,23,2,0,false
E:\OOD\main\Tuto-master\Tuto-master\Tuto\src\com\sunsigne\tuto\pathfinder\PathFinder.java,com.sunsigne.tuto.pathfinder.PathFinder,getStraightPath/0,false,206,1,1,1,0,5,0,7,5,0,0,0,0,0,0,0,0,0,0,4,0,0,1,0,0,0,14,2,0,false
E:\OOD\main\Tuto-master\Tuto-master\Tuto\src\com\sunsigne\tuto\pathfinder\PathFinder.java,com.sunsigne.tuto.pathfinder.PathFinder,getY/0,false,43,0,2,2,0,1,0,3,1,0,0,0,0,0,0,0,0,0,0,0,0,0,0,0,0,0,3,1,0,false
E:\OOD\main\Tuto-master\Tuto-master\Tuto\src\com\sunsigne\tuto\pathfinder\PathFinder.java,com.sunsigne.tuto.pathfinder.PathFinder,isPathStraightVertical/1[boolean],false,77,0,1,1,0,3,0,3,1,0,1,0,0,0,0,2,0,0,0,2,0,0,0,0,0,0,10,2,0,false
E:\OOD\main\Tuto-master\Tuto-master\Tuto\src\com\sunsigne\tuto\pathfinder\PathFinder.java,com.sunsigne.tuto.pathfinder.PathFinder,findComplexePath/0,false,120,3,4,1,3,4,4,11,3,3,0,4,3,4,1,1,0,0,0,0,4,0,2,0,0,0,28,2,0,false
E:\OOD\main\Tuto-master\Tuto-master\Tuto\src\com\sunsigne\tuto\pathfinder\PathFinder.java,com.sunsigne.tuto.pathfinder.PathFinder,isPathStraightHorizontal/1[boolean],false,73,0,1,1,0,3,0,3,1,0,1,0,0,0,0,2,0,0,0,2,0,0,0,0,0,0,10,2,0,false
E:\OOD\main\Tuto-master\Tuto-master\Tuto\src\com\sunsigne\tuto\pathfinder\PathFinder.java,com.sunsigne.tuto.pathfinder.PathFinder,"isPathSigneCurveHV/2[boolean,boolean]",false,81,0,1,1,0,3,0,3,1,0,2,0,0,0,0,2,0,0,0,2,0,0,0,0,0,0,12,2,0,false
E:\OOD\main\Tuto-master\Tuto-master\Tuto\src\com\sunsigne\tuto\pathfinder\PathFinder.java,com.sunsigne.tuto.pathfinder.PathFinder,"PathFinder/3[com.sunsigne.tuto.pathfinder.PathSearcher,com.sunsigne.tuto.object.GameObject,boolean]",true,13,3,9,4,5,1,5,7,0,0,3,5,3,10,0,0,0,2,0,0,3,0,0,0,0,0,14,1,0,false
E:\OOD\main\Tuto-master\Tuto-master\Tuto\src\com\sunsigne\tuto\pathfinder\PathFinder.java,com.sunsigne.tuto.pathfinder.PathFinder,getPath/0,false,65,1,4,4,0,1,0,3,1,0,0,0,0,0,0,0,0,0,0,0,0,0,0,0,0,0,11,1,0,false
E:\OOD\main\Tuto-master\Tuto-master\Tuto\src\com\sunsigne\tuto\pathfinder\PathFinder.java,com.sunsigne.tuto.pathfinder.PathFinder,expandingValidPoint/1[java.util.LinkedList<com.sunsigne.tuto.pathfinder.PathPointObject>],false,143,4,4,1,3,6,5,18,1,4,1,5,1,1,2,2,0,0,0,0,5,0,3,0,0,0,23,2,0,false
E:\OOD\main\Tuto-master\Tuto-master\Tuto\src\com\sunsigne\tuto\pathfinder\PathFinder.java,com.sunsigne.tuto.pathfinder.PathFinder,createValidPathPointList/0,false,188,5,5,1,4,4,4,10,1,3,0,4,1,1,1,2,0,0,0,0,3,0,2,0,0,0,18,2,0,false
E:\OOD\main\Tuto-master\Tuto-master\Tuto\src\com\sunsigne\tuto\pathfinder\PathFinder.java,com.sunsigne.tuto.pathfinder.PathFinder,setX/1[int],false,47,1,3,1,2,1,2,4,0,0,1,2,2,2,0,0,0,0,0,0,1,0,0,0,0,0,8,1,0,false
E:\OOD\main\Tuto-master\Tuto-master\Tuto\src\com\sunsigne\tuto\pathfinder\PathFinder.java,com.sunsigne.tuto.pathfinder.PathFinder,getTilePos/1[int],false,57,1,5,3,2,1,1,3,1,0,1,1,0,0,0,0,0,0,0,0,0,0,0,0,0,0,4,2,0,false
E:\OOD\main\Tuto-master\Tuto-master\Tuto\src\com\sunsigne\tuto\system\Conductor.java,com.sunsigne.tuto.system.Conductor,loadRessources/0,false,52,3,5,1,4,1,3,5,0,0,0,3,0,0,0,0,0,0,0,0,0,0,0,0,0,0,4,10,0,false
E:\OOD\main\Tuto-master\Tuto-master\Tuto\src\com\sunsigne\tuto\system\Conductor.java,com.sunsigne.tuto.system.Conductor,startApp/0,false,24,5,10,1,9,2,9,13,1,1,0,9,1,1,0,0,0,0,1,0,2,0,1,0,0,0,25,9,0,false
E:\OOD\main\Tuto-master\Tuto-master\Tuto\src\com\sunsigne\tuto\system\Conductor.java,com.sunsigne.tuto.system.Conductor,stopApp/0,false,46,0,1,1,0,1,1,3,0,0,0,1,0,0,0,0,0,0,0,1,0,0,0,0,0,0,2,9,0,false
E:\OOD\main\Tuto-master\Tuto-master\Tuto\src\com\sunsigne\tuto\object\collision\ICollisionReaction.java,com.sunsigne.tuto.object.collision.ICollisionReaction,collidingReaction/1[com.sunsigne.tuto.object.GameObject],false,12,1,1,1,0,1,0,1,0,0,1,0,0,0,0,0,0,0,0,0,0,0,0,0,0,0,6,0,0,false
E:\OOD\main\Tuto-master\Tuto-master\Tuto\src\com\sunsigne\tuto\object\collision\ICollisionReaction.java,com.sunsigne.tuto.object.collision.ICollisionReaction,"collidingReaction/4[com.sunsigne.tuto.object.GameObject,com.sunsigne.tuto.object.GameObject,boolean,com.sunsigne.tuto.util.GenericListener]",false,27,3,12,1,11,13,11,19,0,1,4,11,0,0,0,4,0,0,0,0,1,4,2,0,0,0,11,65537,0,false
E:\OOD\main\Tuto-master\Tuto-master\Tuto\src\com\sunsigne\tuto\object\collision\ICollisionReaction.java,com.sunsigne.tuto.object.collision.ICollisionReaction,getBounds/1[com.sunsigne.tuto.object.GameObject],false,14,1,5,1,4,1,4,7,1,4,1,4,0,0,0,0,0,0,0,0,4,0,0,0,0,0,11,65537,0,false
E:\OOD\main\Tuto-master\Tuto-master\Tuto\src\com\sunsigne\tuto\object\collision\ICollisionReaction.java,com.sunsigne.tuto.object.collision.ICollisionReaction,"blockPass/2[com.sunsigne.tuto.object.GameObject,com.sunsigne.tuto.object.GameObject]",false,22,2,3,2,1,1,1,3,0,0,2,1,1,1,0,0,0,0,0,0,0,0,0,0,0,0,8,65537,0,false
E:\OOD\main\Tuto-master\Tuto-master\Tuto\src\com\sunsigne\tuto\system\controllers\GameKeyboardInput.java,com.sunsigne.tuto.system.controllers.GameKeyboardInput,keyReleased/1[java.awt.event.KeyEvent],false,49,1,1,0,1,1,2,4,0,1,1,2,1,3,0,0,0,0,0,0,1,0,0,0,0,0,6,1,0,false
E:\OOD\main\Tuto-master\Tuto-master\Tuto\src\com\sunsigne\tuto\system\controllers\GameKeyboardInput.java,com.sunsigne.tuto.system.controllers.GameKeyboardInput,isPlayerMovable/0,false,118,2,4,1,3,2,3,5,1,2,0,3,0,0,0,0,0,0,0,0,2,0,0,0,0,0,6,2,0,false
E:\OOD\main\Tuto-master\Tuto-master\Tuto\src\com\sunsigne\tuto\system\controllers\GameKeyboardInput.java,com.sunsigne.tuto.system.controllers.GameKeyboardInput,"setDirectionKeyEvent/2[com.sunsigne.tuto.util.Facing.DIRECTION,int]",false,94,1,2,1,1,1,1,3,0,0,2,1,0,0,0,0,0,0,0,0,1,0,0,0,0,0,13,1,0,false
E:\OOD\main\Tuto-master\Tuto-master\Tuto\src\com\sunsigne\tuto\system\controllers\GameKeyboardInput.java,com.sunsigne.tuto.system.controllers.GameKeyboardInput,saveKey/1[int],false,34,4,8,1,7,2,6,11,0,5,1,6,0,0,0,1,0,2,4,6,5,7,1,0,0,0,14,2,0,false
E:\OOD\main\Tuto-master\Tuto-master\Tuto\src\com\sunsigne\tuto\system\controllers\GameKeyboardInput.java,com.sunsigne.tuto.system.controllers.GameKeyboardInput,exitKey/1[int],false,83,1,2,1,1,2,1,3,0,0,1,1,0,0,0,1,0,0,0,0,0,0,1,0,0,0,4,2,0,false
E:\OOD\main\Tuto-master\Tuto-master\Tuto\src\com\sunsigne\tuto\system\controllers\GameKeyboardInput.java,com.sunsigne.tuto.system.controllers.GameKeyboardInput,movePlayerbyX/1[int],false,134,3,4,1,3,9,3,6,0,0,1,3,0,0,0,0,0,0,0,2,0,2,4,0,0,0,5,2,0,false
E:\OOD\main\Tuto-master\Tuto-master\Tuto\src\com\sunsigne\tuto\system\controllers\GameKeyboardInput.java,com.sunsigne.tuto.system.controllers.GameKeyboardInput,setExitKeyEvent/1[int],false,79,0,1,1,0,1,0,3,0,0,1,0,0,0,0,0,0,0,0,0,1,0,0,0,0,0,5,1,0,false
E:\OOD\main\Tuto-master\Tuto-master\Tuto\src\com\sunsigne\tuto\system\controllers\GameKeyboardInput.java,com.sunsigne.tuto.system.controllers.GameKeyboardInput,degugKey/1[int],false,57,2,7,1,6,6,6,7,0,0,1,6,0,0,0,5,0,0,0,0,0,0,1,0,0,0,3,2,0,false
E:\OOD\main\Tuto-master\Tuto-master\Tuto\src\com\sunsigne\tuto\system\controllers\GameKeyboardInput.java,com.sunsigne.tuto.system.controllers.GameKeyboardInput,keyPressed/1[java.awt.event.KeyEvent],false,25,1,4,0,4,1,5,7,0,1,1,5,4,3,0,0,0,0,0,0,1,0,0,0,0,0,9,1,0,false
E:\OOD\main\Tuto-master\Tuto-master\Tuto\src\com\sunsigne\tuto\system\controllers\GameKeyboardInput.java,com.sunsigne.tuto.system.controllers.GameKeyboardInput,movePlayer/0,false,127,3,5,1,4,2,4,5,0,1,0,4,2,1,0,0,0,0,0,2,1,0,0,0,0,0,7,2,0,false
E:\OOD\main\Tuto-master\Tuto-master\Tuto\src\com\sunsigne\tuto\system\controllers\GameKeyboardInput.java,com.sunsigne.tuto.system.controllers.GameKeyboardInput,movePlayerbyY/1[int],false,146,3,4,1,3,9,3,6,0,0,1,3,0,0,0,0,0,0,0,2,0,2,4,0,0,0,5,2,0,false
E:\OOD\main\Tuto-master\Tuto-master\Tuto\src\com\sunsigne\tuto\system\controllers\GameKeyboardInput.java,com.sunsigne.tuto.system.controllers.GameKeyboardInput,GameKeyboardInput/0,true,14,1,2,0,2,1,2,7,0,0,0,2,2,1,0,0,0,0,0,0,0,0,0,0,0,0,8,1,0,false
E:\OOD\main\Tuto-master\Tuto-master\Tuto\src\com\sunsigne\tuto\system\controllers\GameKeyboardInput.java,com.sunsigne.tuto.system.controllers.GameKeyboardInput,"directionKey/2[int,boolean]",false,98,2,5,2,3,10,3,7,0,0,2,3,2,2,0,8,0,0,0,0,4,0,1,0,0,0,8,2,0,false
E:\OOD\main\Tuto-master\Tuto-master\Tuto\src\com\sunsigne\tuto\ressources\images\ImageTask.java,com.sunsigne.tuto.ressources.images.ImageTask,"loadImage/2[java.lang.String,java.lang.String]",false,22,1,5,3,2,3,8,15,2,3,2,8,2,2,0,1,1,1,1,0,6,2,1,0,0,0,20,1,0,false
E:\OOD\main\Tuto-master\Tuto-master\Tuto\src\com\sunsigne\tuto\ressources\images\ImageTask.java,com.sunsigne.tuto.ressources.images.ImageTask,"drawMissingTexture/2[int,int]",false,46,0,2,2,0,1,4,11,1,2,2,4,0,0,0,0,0,0,0,10,2,6,0,0,0,0,11,1,0,false
E:\OOD\main\Tuto-master\Tuto-master\Tuto\src\com\sunsigne\tuto\ressources\images\ImageTask.java,com.sunsigne.tuto.ressources.images.ImageTask,loadImage/1[java.lang.String],false,18,1,2,1,1,1,1,3,1,0,1,1,1,3,0,0,0,0,0,0,0,0,0,0,0,0,4,1,0,false
E:\OOD\main\Tuto-master\Tuto-master\Tuto\src\com\sunsigne\tuto\ressources\images\ImageTask.java,com.sunsigne.tuto.ressources.images.ImageTask,drawMissingTexture/0,false,42,1,3,2,1,1,1,3,1,0,0,1,1,1,0,0,0,0,0,2,0,0,0,0,0,0,5,1,0,false
E:\OOD\main\Tuto-master\Tuto-master\Tuto\src\com\sunsigne\tuto\object\GameObject.java,com.sunsigne.tuto.object.GameObject,setX/1[int],false,50,0,4,4,0,1,0,3,0,0,1,0,0,0,0,0,0,0,0,0,1,0,0,0,0,0,3,1,0,false
E:\OOD\main\Tuto-master\Tuto-master\Tuto\src\com\sunsigne\tuto\object\GameObject.java,com.sunsigne.tuto.object.GameObject,isMotionless/0,false,90,1,4,2,2,1,2,3,1,0,0,2,2,1,0,0,0,0,0,0,0,0,0,0,0,0,5,1,0,false
E:\OOD\main\Tuto-master\Tuto-master\Tuto\src\com\sunsigne\tuto\object\GameObject.java,com.sunsigne.tuto.object.GameObject,"GameObject/4[boolean,boolean,int,int]",true,13,0,0,0,0,1,0,10,0,0,4,0,0,0,0,0,0,0,0,4,8,2,0,0,0,0,13,1,0,false
E:\OOD\main\Tuto-master\Tuto-master\Tuto\src\com\sunsigne\tuto\object\GameObject.java,com.sunsigne.tuto.object.GameObject,setY/1[int],false,54,0,4,4,0,1,0,3,0,0,1,0,0,0,0,0,0,0,0,0,1,0,0,0,0,0,3,1,0,false
E:\OOD\main\Tuto-master\Tuto-master\Tuto\src\com\sunsigne\tuto\object\GameObject.java,com.sunsigne.tuto.object.GameObject,getWidth/0,false,62,0,7,7,0,1,0,3,1,0,0,0,0,0,0,0,0,0,0,0,0,0,0,0,0,0,3,1,0,false
E:\OOD\main\Tuto-master\Tuto-master\Tuto\src\com\sunsigne\tuto\object\GameObject.java,com.sunsigne.tuto.object.GameObject,setVelY/1[int],false,86,0,3,3,0,1,0,3,0,0,1,0,0,0,0,0,0,0,0,0,1,0,0,0,0,0,4,1,0,false
E:\OOD\main\Tuto-master\Tuto-master\Tuto\src\com\sunsigne\tuto\object\GameObject.java,com.sunsigne.tuto.object.GameObject,start/0,false,29,1,3,1,2,1,2,3,0,0,0,2,0,0,0,0,0,0,0,0,0,0,0,0,0,0,1,1,0,false
E:\OOD\main\Tuto-master\Tuto-master\Tuto\src\com\sunsigne\tuto\object\GameObject.java,com.sunsigne.tuto.object.GameObject,isLayerAbove/0,false,118,0,4,4,0,1,0,3,1,0,0,0,0,0,0,0,0,0,0,0,0,0,0,0,0,0,4,1,0,false
E:\OOD\main\Tuto-master\Tuto-master\Tuto\src\com\sunsigne\tuto\object\GameObject.java,com.sunsigne.tuto.object.GameObject,getY/0,false,46,0,15,15,0,1,0,3,1,0,0,0,0,0,0,0,0,0,0,0,0,0,0,0,0,0,3,1,0,false
E:\OOD\main\Tuto-master\Tuto-master\Tuto\src\com\sunsigne\tuto\object\GameObject.java,com.sunsigne.tuto.object.GameObject,setMotionless/0,false,102,0,4,4,0,1,0,4,0,0,0,0,0,0,0,0,0,0,0,2,2,0,0,0,0,0,5,1,0,false
E:\OOD\main\Tuto-master\Tuto-master\Tuto\src\com\sunsigne\tuto\object\GameObject.java,com.sunsigne.tuto.object.GameObject,getX/0,false,42,0,15,15,0,1,0,3,1,0,0,0,0,0,0,0,0,0,0,0,0,0,0,0,0,0,3,1,0,false
E:\OOD\main\Tuto-master\Tuto-master\Tuto\src\com\sunsigne\tuto\object\GameObject.java,com.sunsigne.tuto.object.GameObject,setVelX/1[int],false,82,0,3,3,0,1,0,3,0,0,1,0,0,0,0,0,0,0,0,0,1,0,0,0,0,0,4,1,0,false
E:\OOD\main\Tuto-master\Tuto-master\Tuto\src\com\sunsigne\tuto\object\GameObject.java,com.sunsigne.tuto.object.GameObject,stop/0,false,33,1,2,0,2,1,2,3,0,0,0,2,0,0,0,0,0,0,0,0,0,0,0,0,0,0,1,1,0,false
E:\OOD\main\Tuto-master\Tuto-master\Tuto\src\com\sunsigne\tuto\object\GameObject.java,com.sunsigne.tuto.object.GameObject,getHeight/0,false,66,0,7,7,0,1,0,3,1,0,0,0,0,0,0,0,0,0,0,0,0,0,0,0,0,0,3,1,0,false
E:\OOD\main\Tuto-master\Tuto-master\Tuto\src\com\sunsigne\tuto\object\GameObject.java,com.sunsigne.tuto.object.GameObject,isCameraDependant/0,false,113,0,4,4,0,1,0,3,1,0,0,0,0,0,0,0,0,0,0,0,0,0,0,0,0,0,4,1,0,false
E:\OOD\main\Tuto-master\Tuto-master\Tuto\src\com\sunsigne\tuto\object\GameObject.java,com.sunsigne.tuto.object.GameObject,isMotionlessbyY/0,false,98,0,2,2,0,2,0,3,1,0,0,0,0,0,0,1,0,0,0,1,0,0,0,0,0,0,4,1,0,false
E:\OOD\main\Tuto-master\Tuto-master\Tuto\src\com\sunsigne\tuto\object\GameObject.java,com.sunsigne.tuto.object.GameObject,getRect/0,false,124,2,1,0,1,1,1,8,1,1,0,1,1,1,0,0,0,0,0,5,5,0,0,0,0,0,4,1,0,false
E:\OOD\main\Tuto-master\Tuto-master\Tuto\src\com\sunsigne\tuto\object\GameObject.java,com.sunsigne.tuto.object.GameObject,getVelX/0,false,74,0,2,2,0,1,0,3,1,0,0,0,0,0,0,0,0,0,0,0,0,0,0,0,0,0,4,1,0,false
E:\OOD\main\Tuto-master\Tuto-master\Tuto\src\com\sunsigne\tuto\object\GameObject.java,com.sunsigne.tuto.object.GameObject,getBounds/1[com.sunsigne.tuto.util.Facing.DIRECTION],false,141,3,4,3,1,2,1,7,2,1,1,1,0,0,0,0,0,0,0,0,1,0,1,0,0,0,18,1,0,false
E:\OOD\main\Tuto-master\Tuto-master\Tuto\src\com\sunsigne\tuto\object\GameObject.java,com.sunsigne.tuto.object.GameObject,getBounds/0,false,133,2,5,4,1,2,1,7,2,1,0,1,0,0,0,0,0,0,0,0,1,0,1,0,0,0,10,1,0,false
E:\OOD\main\Tuto-master\Tuto-master\Tuto\src\com\sunsigne\tuto\object\GameObject.java,com.sunsigne.tuto.object.GameObject,getVelY/0,false,78,0,2,2,0,1,0,3,1,0,0,0,0,0,0,0,0,0,0,0,0,0,0,0,0,0,4,1,0,false
E:\OOD\main\Tuto-master\Tuto-master\Tuto\src\com\sunsigne\tuto\object\GameObject.java,com.sunsigne.tuto.object.GameObject,isMotionlessbyX/0,false,94,0,2,2,0,2,0,3,1,0,0,0,0,0,0,1,0,0,0,1,0,0,0,0,0,0,4,1,0,false
E:\OOD\main\Tuto-master\Tuto-master\Tuto\src\com\sunsigne\tuto\ressources\images\SheetBank.java,com.sunsigne.tuto.ressources.images.SheetBank,SheetBank/1[java.awt.image.BufferedImage],true,7,0,0,0,0,1,0,3,0,0,1,0,0,0,0,0,0,0,0,0,1,0,0,0,0,0,5,2,0,false
E:\OOD\main\Tuto-master\Tuto-master\Tuto\src\com\sunsigne\tuto\ressources\images\SheetBank.java,com.sunsigne.tuto.ressources.images.SheetBank,getImage/0,false,15,0,1,1,0,1,0,3,1,0,0,0,0,0,0,0,0,0,0,0,0,0,0,0,0,0,4,1,0,false
E:\OOD\main\Tuto-master\Tuto-master\Tuto\src\com\sunsigne\tuto\ressources\images\SpriteSheet.java,com.sunsigne.tuto.ressources.images.SpriteSheet,"grabImage/4[int,int,int,int]",false,15,1,3,1,2,2,2,10,1,1,4,2,0,0,0,0,1,2,0,0,3,4,1,0,0,0,12,1,0,false
E:\OOD\main\Tuto-master\Tuto-master\Tuto\src\com\sunsigne\tuto\ressources\images\SpriteSheet.java,com.sunsigne.tuto.ressources.images.SpriteSheet,SpriteSheet/1[com.sunsigne.tuto.ressources.images.SheetBank],true,7,1,1,0,1,1,1,3,0,0,1,1,0,0,0,0,0,0,0,0,1,0,0,0,0,0,4,1,0,false
E:\OOD\main\Tuto-master\Tuto-master\Tuto\src\com\sunsigne\tuto\system\main\Tuto.java,com.sunsigne.tuto.system.main.Tuto,"renderDependency/2[java.awt.Graphics,boolean]",false,166,2,7,1,6,2,7,10,0,2,2,7,0,0,0,0,0,0,0,2,2,2,0,0,0,0,11,2,0,false
E:\OOD\main\Tuto-master\Tuto-master\Tuto\src\com\sunsigne\tuto\system\main\Tuto.java,com.sunsigne.tuto.system.main.Tuto,getInstance/0,false,35,1,2,2,0,1,0,3,1,0,0,0,0,0,0,0,0,0,0,0,0,0,0,0,0,0,4,9,0,false
E:\OOD\main\Tuto-master\Tuto-master\Tuto\src\com\sunsigne\tuto\system\main\Tuto.java,com.sunsigne.tuto.system.main.Tuto,start/0,false,44,0,1,1,0,2,1,6,1,0,0,1,0,0,0,0,0,0,1,0,2,1,1,0,0,0,5,33,0,false
E:\OOD\main\Tuto-master\Tuto-master\Tuto\src\com\sunsigne\tuto\system\main\Tuto.java,com.sunsigne.tuto.system.main.Tuto,tick/0,false,137,1,4,2,2,1,2,3,0,0,0,2,0,0,0,0,0,0,0,0,0,0,0,0,0,0,1,2,0,false
E:\OOD\main\Tuto-master\Tuto-master\Tuto\src\com\sunsigne\tuto\system\main\Tuto.java,com.sunsigne.tuto.system.main.Tuto,main/1[java.lang.String[]],false,22,2,2,0,2,1,1,4,0,0,1,1,0,0,0,0,0,0,0,0,1,0,0,0,0,0,3,9,0,false
E:\OOD\main\Tuto-master\Tuto-master\Tuto\src\com\sunsigne\tuto\system\main\Tuto.java,com.sunsigne.tuto.system.main.Tuto,Tuto/0,true,29,0,1,1,0,1,0,2,0,0,0,0,0,0,0,0,0,0,0,0,0,0,0,0,0,0,1,2,0,false
E:\OOD\main\Tuto-master\Tuto-master\Tuto\src\com\sunsigne\tuto\system\main\Tuto.java,com.sunsigne.tuto.system.main.Tuto,render/0,false,146,1,3,2,1,2,8,14,1,2,0,8,1,1,0,1,0,0,0,6,2,0,1,0,0,0,9,2,0,false
E:\OOD\main\Tuto-master\Tuto-master\Tuto\src\com\sunsigne\tuto\system\main\Tuto.java,com.sunsigne.tuto.system.main.Tuto,forceLoop/0,false,124,1,4,2,2,2,2,8,0,0,0,2,2,2,0,0,1,0,0,0,0,0,1,0,0,0,6,1,0,false
E:\OOD\main\Tuto-master\Tuto-master\Tuto\src\com\sunsigne\tuto\system\main\Tuto.java,com.sunsigne.tuto.system.main.Tuto,run/0,false,66,1,3,0,3,9,6,39,0,7,0,6,3,2,2,0,2,1,0,6,11,4,3,0,0,0,24,1,0,false
E:\OOD\main\Tuto-master\Tuto-master\Tuto\src\com\sunsigne\tuto\system\main\Tuto.java,com.sunsigne.tuto.system.main.Tuto,stop/0,false,53,0,1,1,0,2,2,9,0,0,0,2,0,0,0,0,1,0,0,0,1,0,1,0,0,0,5,33,0,false
E:\OOD\main\Tuto-master\Tuto-master\Tuto\src\com\sunsigne\tuto\util\Camera.java,com.sunsigne.tuto.util.Camera,getY/0,false,22,0,1,1,0,1,0,3,1,0,0,0,0,0,0,0,0,0,0,0,0,0,0,0,0,0,3,1,0,false
E:\OOD\main\Tuto-master\Tuto-master\Tuto\src\com\sunsigne\tuto\util\Camera.java,com.sunsigne.tuto.util.Camera,getX/0,false,18,0,1,1,0,1,0,3,1,0,0,0,0,0,0,0,0,0,0,0,0,0,0,0,0,0,3,1,0,false
E:\OOD\main\Tuto-master\Tuto-master\Tuto\src\com\sunsigne\tuto\util\Camera.java,com.sunsigne.tuto.util.Camera,setX/1[float],false,26,0,0,0,0,1,0,3,0,0,1,0,0,0,0,0,0,0,0,0,1,0,0,0,0,0,3,1,0,false
E:\OOD\main\Tuto-master\Tuto-master\Tuto\src\com\sunsigne\tuto\util\Camera.java,com.sunsigne.tuto.util.Camera,setY/1[float],false,30,0,0,0,0,1,0,3,0,0,1,0,0,0,0,0,0,0,0,0,1,0,0,0,0,0,3,1,0,false
E:\OOD\main\Tuto-master\Tuto-master\Tuto\src\com\sunsigne\tuto\util\Camera.java,com.sunsigne.tuto.util.Camera,Camera/0,true,10,1,1,0,1,1,1,3,0,0,0,1,0,0,0,0,0,0,0,0,0,0,0,0,0,0,3,1,0,false
E:\OOD\main\Tuto-master\Tuto-master\Tuto\src\com\sunsigne\tuto\util\Camera.java,com.sunsigne.tuto.util.Camera,tick/0,false,37,2,6,0,6,2,6,6,1,1,0,6,0,0,0,0,0,2,0,2,3,6,1,0,0,0,6,1,0,false
E:\OOD\main\Tuto-master\Tuto-master\Tuto\src\com\sunsigne\tuto\object\HandlerObject.java,com.sunsigne.tuto.object.HandlerObject,isLayerAbove/0,false,156,1,3,1,2,1,2,3,1,0,0,2,0,0,0,0,0,0,0,0,0,0,0,0,0,0,3,1,0,false
E:\OOD\main\Tuto-master\Tuto-master\Tuto\src\com\sunsigne\tuto\object\HandlerObject.java,com.sunsigne.tuto.object.HandlerObject,HandlerObject/0,true,24,3,3,1,2,3,2,12,0,2,0,2,1,1,2,0,0,0,0,4,3,0,2,0,0,0,8,2,0,false
E:\OOD\main\Tuto-master\Tuto-master\Tuto\src\com\sunsigne\tuto\object\HandlerObject.java,com.sunsigne.tuto.object.HandlerObject,getImageBank/1[int[]],false,161,2,0,0,0,1,0,3,1,0,1,0,0,0,0,0,0,0,0,0,0,0,0,0,0,0,5,1,0,false
E:\OOD\main\Tuto-master\Tuto-master\Tuto\src\com\sunsigne\tuto\object\HandlerObject.java,com.sunsigne.tuto.object.HandlerObject,render/1[java.awt.Graphics],false,166,4,7,0,7,4,7,7,0,1,1,7,4,1,2,0,0,0,0,0,1,0,2,0,0,0,15,1,0,false
E:\OOD\main\Tuto-master\Tuto-master\Tuto\src\com\sunsigne\tuto\object\HandlerObject.java,com.sunsigne.tuto.object.HandlerObject,velocity/1[com.sunsigne.tuto.object.GameObject],false,136,1,7,1,6,1,6,4,0,0,1,6,0,0,0,0,0,0,0,0,0,2,0,0,0,0,4,2,0,false
E:\OOD\main\Tuto-master\Tuto-master\Tuto\src\com\sunsigne\tuto\object\HandlerObject.java,com.sunsigne.tuto.object.HandlerObject,collision/1[com.sunsigne.tuto.object.GameObject],false,141,3,3,1,2,2,2,6,0,1,1,2,0,0,0,0,0,0,0,0,1,0,1,0,0,0,9,2,0,false
E:\OOD\main\Tuto-master\Tuto-master\Tuto\src\com\sunsigne\tuto\object\HandlerObject.java,com.sunsigne.tuto.object.HandlerObject,getInstance/0,false,47,1,5,4,1,2,0,4,1,0,0,0,0,0,0,1,0,0,0,0,1,0,1,0,0,0,6,9,0,false
E:\OOD\main\Tuto-master\Tuto-master\Tuto\src\com\sunsigne\tuto\object\HandlerObject.java,com.sunsigne.tuto.object.HandlerObject,removeObject/1[com.sunsigne.tuto.object.GameObject],false,87,2,4,1,3,2,4,5,1,1,1,4,1,1,0,1,0,0,0,0,1,0,1,0,0,0,9,4,0,false
E:\OOD\main\Tuto-master\Tuto-master\Tuto\src\com\sunsigne\tuto\object\HandlerObject.java,com.sunsigne.tuto.object.HandlerObject,"drawHitbox/2[com.sunsigne.tuto.object.GameObject,java.awt.Graphics]",false,179,3,3,1,2,3,4,11,0,1,2,4,0,0,0,0,0,0,0,0,1,0,1,0,0,0,13,2,0,false
E:\OOD\main\Tuto-master\Tuto-master\Tuto\src\com\sunsigne\tuto\object\HandlerObject.java,com.sunsigne.tuto.object.HandlerObject,"getObjectAtPos/3[com.sunsigne.tuto.object.GameObject,int,int]",false,55,2,6,1,5,4,5,8,2,0,3,5,1,1,1,2,0,0,0,0,0,0,2,0,0,0,10,9,0,false
E:\OOD\main\Tuto-master\Tuto-master\Tuto\src\com\sunsigne\tuto\object\HandlerObject.java,com.sunsigne.tuto.object.HandlerObject,"getList/2[boolean,boolean]",false,72,1,10,10,0,3,0,5,1,2,2,0,0,0,0,0,0,0,0,4,2,0,0,0,0,0,8,9,0,false
E:\OOD\main\Tuto-master\Tuto-master\Tuto\src\com\sunsigne\tuto\object\HandlerObject.java,com.sunsigne.tuto.object.HandlerObject,"tickDependency/2[boolean,boolean]",false,127,2,5,1,4,2,4,8,0,1,2,4,3,1,1,0,0,0,0,0,1,0,1,0,0,0,13,2,0,false
E:\OOD\main\Tuto-master\Tuto-master\Tuto\src\com\sunsigne\tuto\object\HandlerObject.java,com.sunsigne.tuto.object.HandlerObject,addObject/1[com.sunsigne.tuto.object.GameObject],false,79,2,4,1,3,2,4,5,1,1,1,4,1,1,0,1,0,0,0,0,1,0,1,0,0,0,9,4,0,false
E:\OOD\main\Tuto-master\Tuto-master\Tuto\src\com\sunsigne\tuto\object\HandlerObject.java,com.sunsigne.tuto.object.HandlerObject,"getObjectAtPos/4[boolean,boolean,int,int]",false,108,2,3,0,3,4,3,8,2,0,4,3,1,1,1,2,0,0,0,0,0,0,2,0,0,0,10,1,0,false
E:\OOD\main\Tuto-master\Tuto-master\Tuto\src\com\sunsigne\tuto\object\HandlerObject.java,com.sunsigne.tuto.object.HandlerObject,isCameraDependant/0,false,151,1,3,1,2,1,2,3,1,0,0,2,0,0,0,0,0,0,0,0,0,0,0,0,0,0,3,1,0,false
E:\OOD\main\Tuto-master\Tuto-master\Tuto\src\com\sunsigne\tuto\object\HandlerObject.java,com.sunsigne.tuto.object.HandlerObject,isPlayerExisting/0,false,97,2,3,1,2,3,3,5,3,0,0,3,1,1,0,0,0,0,0,0,0,0,1,0,0,0,7,1,0,false
E:\OOD\main\Tuto-master\Tuto-master\Tuto\src\com\sunsigne\tuto\object\HandlerObject.java,com.sunsigne.tuto.object.HandlerObject,"startRenderDependency/2[boolean,boolean]",false,39,2,5,1,4,1,4,5,0,0,2,4,0,0,0,0,0,0,0,0,0,0,0,0,0,0,7,2,0,false
E:\OOD\main\Tuto-master\Tuto-master\Tuto\src\com\sunsigne\tuto\object\HandlerObject.java,com.sunsigne.tuto.object.HandlerObject,tick/0,false,120,1,1,0,1,1,1,6,0,0,0,1,1,2,0,0,0,0,0,0,0,0,0,0,0,0,2,1,0,false
E:\OOD\main\Tuto-master\Tuto-master\Tuto\src\com\sunsigne\tuto\object\livings\Foe.java,com.sunsigne.tuto.object.livings.Foe,collidingReaction/1[com.sunsigne.tuto.object.GameObject],false,77,5,6,0,6,2,6,9,0,1,1,6,2,1,0,0,0,0,0,0,1,0,1,0,0,0,17,1,0,false
E:\OOD\main\Tuto-master\Tuto-master\Tuto\src\com\sunsigne\tuto\object\livings\Foe.java,com.sunsigne.tuto.object.livings.Foe,setGoal/1[com.sunsigne.tuto.object.GameObject],false,97,1,0,0,0,1,0,3,0,0,1,0,0,0,0,0,0,0,0,0,1,0,0,0,0,0,5,1,0,false
E:\OOD\main\Tuto-master\Tuto-master\Tuto\src\com\sunsigne\tuto\object\livings\Foe.java,com.sunsigne.tuto.object.livings.Foe,setPath/1[com.sunsigne.tuto.util.Facing.DIRECTION],false,109,1,0,0,0,1,0,3,0,0,1,0,0,0,0,0,0,0,0,0,1,0,0,0,0,0,11,1,0,false
E:\OOD\main\Tuto-master\Tuto-master\Tuto\src\com\sunsigne\tuto\object\livings\Foe.java,com.sunsigne.tuto.object.livings.Foe,tick/0,false,40,4,7,0,7,5,7,8,0,0,0,7,2,2,0,0,0,0,0,1,0,0,1,0,0,0,17,1,0,false
E:\OOD\main\Tuto-master\Tuto-master\Tuto\src\com\sunsigne\tuto\object\livings\Foe.java,com.sunsigne.tuto.object.livings.Foe,getCollisionDetector/0,false,72,1,0,0,0,1,0,3,1,0,0,0,0,0,0,0,0,0,0,0,0,0,0,0,0,0,4,1,0,false
E:\OOD\main\Tuto-master\Tuto-master\Tuto\src\com\sunsigne\tuto\object\livings\Foe.java,com.sunsigne.tuto.object.livings.Foe,getGoal/0,false,92,1,0,0,0,1,0,3,1,0,0,0,0,0,0,0,0,0,0,0,0,0,0,0,0,0,5,1,0,false
E:\OOD\main\Tuto-master\Tuto-master\Tuto\src\com\sunsigne\tuto\object\livings\Foe.java,com.sunsigne.tuto.object.livings.Foe,getPath/0,false,104,1,0,0,0,1,0,3,1,0,0,0,0,0,0,0,0,0,0,0,0,0,0,0,0,0,11,1,0,false
E:\OOD\main\Tuto-master\Tuto-master\Tuto\src\com\sunsigne\tuto\object\livings\Foe.java,com.sunsigne.tuto.object.livings.Foe,shiftFoe/0,false,57,2,7,1,6,1,5,4,0,0,0,5,0,0,0,0,0,0,0,0,0,0,0,0,0,0,8,2,0,false
E:\OOD\main\Tuto-master\Tuto-master\Tuto\src\com\sunsigne\tuto\object\livings\Foe.java,com.sunsigne.tuto.object.livings.Foe,isStuned/0,false,29,0,1,1,0,1,0,3,1,0,0,0,0,0,0,0,0,0,0,0,0,0,0,0,0,0,2,1,0,false
E:\OOD\main\Tuto-master\Tuto-master\Tuto\src\com\sunsigne\tuto\object\livings\Foe.java,com.sunsigne.tuto.object.livings.Foe,setStuned/1[boolean],false,33,1,3,2,1,2,1,4,0,0,1,1,0,0,0,0,0,0,0,0,1,0,1,0,0,0,4,1,0,false
E:\OOD\main\Tuto-master\Tuto-master\Tuto\src\com\sunsigne\tuto\object\livings\Foe.java,com.sunsigne.tuto.object.livings.Foe,wakeUp/0,false,64,1,2,1,1,1,1,4,0,0,0,1,1,1,0,0,0,0,0,0,1,0,0,0,0,0,16,2,0,false
E:\OOD\main\Tuto-master\Tuto-master\Tuto\src\com\sunsigne\tuto\object\livings\Foe.java,com.sunsigne.tuto.object.livings.Foe,"Foe/2[int,int]",true,19,0,1,1,0,1,0,3,0,0,2,0,0,0,0,0,0,0,1,0,0,0,0,0,0,0,2,1,0,false
E:\OOD\main\Tuto-master\Tuto-master\Tuto\src\com\sunsigne\tuto\object\livings\Foe.java,com.sunsigne.tuto.object.livings.Foe,"Foe/3[java.lang.String,int,int]",true,14,1,1,0,1,1,1,4,0,0,3,1,0,0,0,0,0,0,0,0,1,0,0,0,0,0,3,1,0,false
E:\OOD\main\Tuto-master\Tuto-master\Tuto\src\com\sunsigne\tuto\object\livings\LivingObject.java,com.sunsigne.tuto.object.livings.LivingObject,render/1[java.awt.Graphics],false,193,3,4,0,4,2,5,5,0,2,1,5,2,2,0,0,0,0,1,1,2,0,0,0,0,0,9,1,0,false
E:\OOD\main\Tuto-master\Tuto-master\Tuto\src\com\sunsigne\tuto\object\livings\LivingObject.java,com.sunsigne.tuto.object.livings.LivingObject,getFacing/0,false,36,1,2,2,0,1,0,3,1,0,0,0,0,0,0,0,0,0,0,0,0,0,0,0,0,0,11,1,0,false
E:\OOD\main\Tuto-master\Tuto-master\Tuto\src\com\sunsigne\tuto\object\livings\LivingObject.java,com.sunsigne.tuto.object.livings.LivingObject,setPushed/1[boolean],false,87,0,2,2,0,1,0,3,0,0,1,0,0,0,0,0,0,0,0,0,1,0,0,0,0,0,3,1,0,false
E:\OOD\main\Tuto-master\Tuto-master\Tuto\src\com\sunsigne\tuto\object\livings\LivingObject.java,com.sunsigne.tuto.object.livings.LivingObject,getImageBank/1[int[]],false,161,2,0,0,0,1,0,3,1,0,1,0,0,0,0,0,0,0,0,0,0,0,0,0,0,0,5,1,0,false
E:\OOD\main\Tuto-master\Tuto-master\Tuto\src\com\sunsigne\tuto\object\livings\LivingObject.java,com.sunsigne.tuto.object.livings.LivingObject,initCycloid/0,false,168,3,4,1,3,1,2,6,0,0,0,2,1,3,0,0,0,0,0,0,4,0,0,0,0,0,4,2,0,false
E:\OOD\main\Tuto-master\Tuto-master\Tuto\src\com\sunsigne\tuto\object\livings\LivingObject.java,com.sunsigne.tuto.object.livings.LivingObject,"LivingObject/3[java.lang.String,int,int]",true,15,1,1,0,1,1,2,5,0,0,3,2,1,4,0,0,0,0,0,0,1,0,0,0,0,0,5,4,0,false
E:\OOD\main\Tuto-master\Tuto-master\Tuto\src\com\sunsigne\tuto\object\livings\LivingObject.java,com.sunsigne.tuto.object.livings.LivingObject,freezeAnimation/0,false,142,1,3,2,1,2,1,5,0,1,0,1,0,0,1,0,0,0,0,2,1,0,1,0,0,0,3,4,0,false
E:\OOD\main\Tuto-master\Tuto-master\Tuto\src\com\sunsigne\tuto\object\livings\LivingObject.java,com.sunsigne.tuto.object.livings.LivingObject,isPushed/0,false,83,0,4,4,0,1,0,3,1,0,0,0,0,0,0,0,0,0,0,0,0,0,0,0,0,0,2,1,0,false
E:\OOD\main\Tuto-master\Tuto-master\Tuto\src\com\sunsigne\tuto\object\livings\LivingObject.java,com.sunsigne.tuto.object.livings.LivingObject,getImages/1[com.sunsigne.tuto.util.Facing.DIRECTION],false,182,2,3,1,2,1,2,7,1,4,1,2,1,2,0,0,0,0,4,0,4,4,0,0,0,0,17,2,0,false
E:\OOD\main\Tuto-master\Tuto-master\Tuto\src\com\sunsigne\tuto\object\livings\LivingObject.java,com.sunsigne.tuto.object.livings.LivingObject,updateWatchingDirection/0,false,46,2,7,2,5,11,5,20,0,0,0,5,1,1,0,0,0,0,0,4,6,0,1,0,0,0,14,4,0,false
E:\OOD\main\Tuto-master\Tuto-master\Tuto\src\com\sunsigne\tuto\object\livings\LivingObject.java,com.sunsigne.tuto.object.livings.LivingObject,paralyse/0,false,97,2,3,1,2,2,2,3,0,0,0,2,1,1,0,0,0,0,0,0,0,0,1,0,0,0,5,2,0,false
E:\OOD\main\Tuto-master\Tuto-master\Tuto\src\com\sunsigne\tuto\object\livings\LivingObject.java,com.sunsigne.tuto.object.livings.LivingObject,setFacing/1[com.sunsigne.tuto.util.Facing.DIRECTION],false,41,1,1,1,0,1,0,3,0,0,1,0,0,0,0,0,0,0,0,0,1,0,0,0,0,0,11,1,0,false
E:\OOD\main\Tuto-master\Tuto-master\Tuto\src\com\sunsigne\tuto\object\livings\LivingObject.java,com.sunsigne.tuto.object.livings.LivingObject,pushToward/1[com.sunsigne.tuto.util.Facing.DIRECTION],false,91,2,4,1,3,1,3,5,0,0,1,3,3,3,0,0,0,0,0,0,0,0,0,0,0,0,16,1,0,false
E:\OOD\main\Tuto-master\Tuto-master\Tuto\src\com\sunsigne\tuto\object\livings\LivingObject.java,com.sunsigne.tuto.object.livings.LivingObject,getName/0,false,26,0,1,1,0,1,0,3,1,0,0,0,0,0,0,0,0,0,0,0,0,0,0,0,0,0,3,1,0,false
E:\OOD\main\Tuto-master\Tuto-master\Tuto\src\com\sunsigne\tuto\object\livings\LivingObject.java,com.sunsigne.tuto.object.livings.LivingObject,getImage/1[java.lang.String],false,175,2,5,2,3,1,2,5,1,2,1,2,1,1,0,0,0,0,7,0,2,3,0,0,0,0,10,2,0,false
E:\OOD\main\Tuto-master\Tuto-master\Tuto\src\com\sunsigne\tuto\object\livings\LivingObject.java,com.sunsigne.tuto.object.livings.LivingObject,runAnimation/0,false,148,1,3,2,1,3,1,9,0,1,0,1,0,0,1,0,0,0,0,2,2,0,2,0,0,0,13,4,0,false
E:\OOD\main\Tuto-master\Tuto-master\Tuto\src\com\sunsigne\tuto\object\livings\LivingObject.java,com.sunsigne.tuto.object.livings.LivingObject,stabilize/0,false,136,2,3,1,2,1,2,5,0,0,0,2,1,1,0,0,0,0,0,0,1,0,0,0,0,0,18,2,0,false
E:\OOD\main\Tuto-master\Tuto-master\Tuto\src\com\sunsigne\tuto\object\livings\LivingObject.java,com.sunsigne.tuto.object.livings.LivingObject,tick/0,false,124,2,6,0,6,4,6,7,0,0,0,6,5,3,0,0,0,0,0,1,0,0,1,0,0,0,13,1,0,false
E:\OOD\main\Tuto-master\Tuto-master\Tuto\src\com\sunsigne\tuto\object\livings\LivingObject.java,com.sunsigne.tuto.object.livings.LivingObject,pushed/1[com.sunsigne.tuto.util.Facing.DIRECTION],false,102,3,4,1,3,6,3,7,1,0,1,3,1,1,0,4,0,0,0,0,0,0,1,0,0,0,20,2,0,false
E:\OOD\main\Tuto-master\Tuto-master\Tuto\src\com\sunsigne\tuto\ressources\images\ImageBank.java,com.sunsigne.tuto.ressources.images.ImageBank,getImage/0,false,15,0,1,1,0,1,0,3,1,0,0,0,0,0,0,0,0,0,0,0,0,0,0,0,0,0,4,1,0,false
E:\OOD\main\Tuto-master\Tuto-master\Tuto\src\com\sunsigne\tuto\ressources\images\ImageBank.java,com.sunsigne.tuto.ressources.images.ImageBank,ImageBank/1[java.awt.image.BufferedImage],true,7,0,1,1,0,1,0,3,0,0,1,0,0,0,0,0,0,0,0,0,1,0,0,0,0,0,4,2,0,false
E:\OOD\main\Tuto-master\Tuto-master\Tuto\src\com\sunsigne\tuto\ressources\images\ImageBank.java,com.sunsigne.tuto.ressources.images.ImageBank,loadRessources/0,false,24,2,3,1,2,3,1,7,0,2,0,1,0,0,2,0,0,0,0,7,3,1,2,0,0,0,6,9,0,false
