file,class,method,variable,usage
E:\OOD\main\Tuto-master\Tuto-master\Tuto\src\com\sunsigne\tuto\object\gui\GUIHealth.java,com.sunsigne.tuto.object.gui.GUIHealth,getImageBank/1[int[]],index,0
E:\OOD\main\Tuto-master\Tuto-master\Tuto\src\com\sunsigne\tuto\object\gui\GUIHealth.java,com.sunsigne.tuto.object.gui.GUIHealth,render/1[java.awt.Graphics],g,5
E:\OOD\main\Tuto-master\Tuto-master\Tuto\src\com\sunsigne\tuto\object\gui\GUIHealth.java,com.sunsigne.tuto.object.gui.GUIHealth,render/1[java.awt.Graphics],text,1
E:\OOD\main\Tuto-master\Tuto-master\Tuto\src\com\sunsigne\tuto\object\gui\GUIHealth.java,com.sunsigne.tuto.object.gui.GUIHealth,render/1[java.awt.Graphics],font,1
E:\OOD\main\Tuto-master\Tuto-master\Tuto\src\com\sunsigne\tuto\pathfinder\TilePos.java,com.sunsigne.tuto.pathfinder.TilePos,getTilePos/1[int],pos,3
E:\OOD\main\Tuto-master\Tuto-master\Tuto\src\com\sunsigne\tuto\pathfinder\TilePos.java,com.sunsigne.tuto.pathfinder.TilePos,getTilePos/1[int],tilePos,1
E:\OOD\main\Tuto-master\Tuto-master\Tuto\src\com\sunsigne\tuto\pathfinder\TilePos.java,com.sunsigne.tuto.pathfinder.TilePos,getTilePos/1[int],tileSize,3
E:\OOD\main\Tuto-master\Tuto-master\Tuto\src\com\sunsigne\tuto\pathfinder\TilePos.java,com.sunsigne.tuto.pathfinder.TilePos,getTilePos/1[int],modulus,3
E:\OOD\main\Tuto-master\Tuto-master\Tuto\src\com\sunsigne\tuto\object\collision\ICollisionDetection.java,com.sunsigne.tuto.object.collision.ICollisionDetection,"getBounds/2[com.sunsigne.tuto.util.Facing.DIRECTION,com.sunsigne.tuto.object.GameObject]",clnDetectorObject,4
E:\OOD\main\Tuto-master\Tuto-master\Tuto\src\com\sunsigne\tuto\object\collision\ICollisionDetection.java,com.sunsigne.tuto.object.collision.ICollisionDetection,"getBounds/2[com.sunsigne.tuto.util.Facing.DIRECTION,com.sunsigne.tuto.object.GameObject]",direction,1
E:\OOD\main\Tuto-master\Tuto-master\Tuto\src\com\sunsigne\tuto\object\collision\ICollisionDetection.java,com.sunsigne.tuto.object.collision.ICollisionDetection,getBoundsUp/1[com.sunsigne.tuto.object.GameObject],clnDetectorObject,5
E:\OOD\main\Tuto-master\Tuto-master\Tuto\src\com\sunsigne\tuto\object\collision\ICollisionDetection.java,com.sunsigne.tuto.object.collision.ICollisionDetection,getBoundsUp/1[com.sunsigne.tuto.object.GameObject],w,1
E:\OOD\main\Tuto-master\Tuto-master\Tuto\src\com\sunsigne\tuto\object\collision\ICollisionDetection.java,com.sunsigne.tuto.object.collision.ICollisionDetection,getBoundsUp/1[com.sunsigne.tuto.object.GameObject],x,1
E:\OOD\main\Tuto-master\Tuto-master\Tuto\src\com\sunsigne\tuto\object\collision\ICollisionDetection.java,com.sunsigne.tuto.object.collision.ICollisionDetection,getBoundsUp/1[com.sunsigne.tuto.object.GameObject],h,1
E:\OOD\main\Tuto-master\Tuto-master\Tuto\src\com\sunsigne\tuto\object\collision\ICollisionDetection.java,com.sunsigne.tuto.object.collision.ICollisionDetection,getBoundsUp/1[com.sunsigne.tuto.object.GameObject],y,1
E:\OOD\main\Tuto-master\Tuto-master\Tuto\src\com\sunsigne\tuto\object\collision\ICollisionDetection.java,com.sunsigne.tuto.object.collision.ICollisionDetection,getBoundsDown/1[com.sunsigne.tuto.object.GameObject],clnDetectorObject,6
E:\OOD\main\Tuto-master\Tuto-master\Tuto\src\com\sunsigne\tuto\object\collision\ICollisionDetection.java,com.sunsigne.tuto.object.collision.ICollisionDetection,getBoundsDown/1[com.sunsigne.tuto.object.GameObject],w,1
E:\OOD\main\Tuto-master\Tuto-master\Tuto\src\com\sunsigne\tuto\object\collision\ICollisionDetection.java,com.sunsigne.tuto.object.collision.ICollisionDetection,getBoundsDown/1[com.sunsigne.tuto.object.GameObject],x,1
E:\OOD\main\Tuto-master\Tuto-master\Tuto\src\com\sunsigne\tuto\object\collision\ICollisionDetection.java,com.sunsigne.tuto.object.collision.ICollisionDetection,getBoundsDown/1[com.sunsigne.tuto.object.GameObject],h,1
E:\OOD\main\Tuto-master\Tuto-master\Tuto\src\com\sunsigne\tuto\object\collision\ICollisionDetection.java,com.sunsigne.tuto.object.collision.ICollisionDetection,getBoundsDown/1[com.sunsigne.tuto.object.GameObject],y,1
E:\OOD\main\Tuto-master\Tuto-master\Tuto\src\com\sunsigne\tuto\object\collision\ICollisionDetection.java,com.sunsigne.tuto.object.collision.ICollisionDetection,getBoundsLeft/1[com.sunsigne.tuto.object.GameObject],clnDetectorObject,5
E:\OOD\main\Tuto-master\Tuto-master\Tuto\src\com\sunsigne\tuto\object\collision\ICollisionDetection.java,com.sunsigne.tuto.object.collision.ICollisionDetection,getBoundsLeft/1[com.sunsigne.tuto.object.GameObject],w,1
E:\OOD\main\Tuto-master\Tuto-master\Tuto\src\com\sunsigne\tuto\object\collision\ICollisionDetection.java,com.sunsigne.tuto.object.collision.ICollisionDetection,getBoundsLeft/1[com.sunsigne.tuto.object.GameObject],x,1
E:\OOD\main\Tuto-master\Tuto-master\Tuto\src\com\sunsigne\tuto\object\collision\ICollisionDetection.java,com.sunsigne.tuto.object.collision.ICollisionDetection,getBoundsLeft/1[com.sunsigne.tuto.object.GameObject],h,1
E:\OOD\main\Tuto-master\Tuto-master\Tuto\src\com\sunsigne\tuto\object\collision\ICollisionDetection.java,com.sunsigne.tuto.object.collision.ICollisionDetection,getBoundsLeft/1[com.sunsigne.tuto.object.GameObject],y,1
E:\OOD\main\Tuto-master\Tuto-master\Tuto\src\com\sunsigne\tuto\object\collision\ICollisionDetection.java,com.sunsigne.tuto.object.collision.ICollisionDetection,getBoundsRight/1[com.sunsigne.tuto.object.GameObject],clnDetectorObject,6
E:\OOD\main\Tuto-master\Tuto-master\Tuto\src\com\sunsigne\tuto\object\collision\ICollisionDetection.java,com.sunsigne.tuto.object.collision.ICollisionDetection,getBoundsRight/1[com.sunsigne.tuto.object.GameObject],w,1
E:\OOD\main\Tuto-master\Tuto-master\Tuto\src\com\sunsigne\tuto\object\collision\ICollisionDetection.java,com.sunsigne.tuto.object.collision.ICollisionDetection,getBoundsRight/1[com.sunsigne.tuto.object.GameObject],x,1
E:\OOD\main\Tuto-master\Tuto-master\Tuto\src\com\sunsigne\tuto\object\collision\ICollisionDetection.java,com.sunsigne.tuto.object.collision.ICollisionDetection,getBoundsRight/1[com.sunsigne.tuto.object.GameObject],h,1
E:\OOD\main\Tuto-master\Tuto-master\Tuto\src\com\sunsigne\tuto\object\collision\ICollisionDetection.java,com.sunsigne.tuto.object.collision.ICollisionDetection,getBoundsRight/1[com.sunsigne.tuto.object.GameObject],y,1
E:\OOD\main\Tuto-master\Tuto-master\Tuto\src\com\sunsigne\tuto\object\gui\GUIDebug.java,com.sunsigne.tuto.object.gui.GUIDebug,render/1[java.awt.Graphics],g,5
E:\OOD\main\Tuto-master\Tuto-master\Tuto\src\com\sunsigne\tuto\object\gui\GUIDebug.java,com.sunsigne.tuto.object.gui.GUIDebug,render/1[java.awt.Graphics],debugmode,5
E:\OOD\main\Tuto-master\Tuto-master\Tuto\src\com\sunsigne\tuto\object\gui\GUIDebug.java,com.sunsigne.tuto.object.gui.GUIDebug,getImageBank/1[int[]],index,1
E:\OOD\main\Tuto-master\Tuto-master\Tuto\src\com\sunsigne\tuto\pathfinder\PathPointObject.java,com.sunsigne.tuto.pathfinder.PathPointObject,"PathPointObject/2[int,int]",x,1
E:\OOD\main\Tuto-master\Tuto-master\Tuto\src\com\sunsigne\tuto\pathfinder\PathPointObject.java,com.sunsigne.tuto.pathfinder.PathPointObject,"PathPointObject/2[int,int]",y,1
E:\OOD\main\Tuto-master\Tuto-master\Tuto\src\com\sunsigne\tuto\pathfinder\PathPointObject.java,com.sunsigne.tuto.pathfinder.PathPointObject,setGoal/1[com.sunsigne.tuto.object.GameObject],goal,2
E:\OOD\main\Tuto-master\Tuto-master\Tuto\src\com\sunsigne\tuto\pathfinder\PathPointObject.java,com.sunsigne.tuto.pathfinder.PathPointObject,setPath/1[com.sunsigne.tuto.util.Facing.DIRECTION],path,2
E:\OOD\main\Tuto-master\Tuto-master\Tuto\src\com\sunsigne\tuto\pathfinder\PathPointObject.java,com.sunsigne.tuto.pathfinder.PathPointObject,render/1[java.awt.Graphics],g,0
E:\OOD\main\Tuto-master\Tuto-master\Tuto\src\com\sunsigne\tuto\pathfinder\PathPointObject.java,com.sunsigne.tuto.pathfinder.PathPointObject,getImageBank/1[int[]],index,0
E:\OOD\main\Tuto-master\Tuto-master\Tuto\src\com\sunsigne\tuto\util\Facing.java,com.sunsigne.tuto.util.Facing$DIRECTION,"DIRECTION/2[java.lang.String,int]",num,2
E:\OOD\main\Tuto-master\Tuto-master\Tuto\src\com\sunsigne\tuto\util\Facing.java,com.sunsigne.tuto.util.Facing$DIRECTION,"DIRECTION/2[java.lang.String,int]",name,2
E:\OOD\main\Tuto-master\Tuto-master\Tuto\src\com\sunsigne\tuto\object\Wall.java,com.sunsigne.tuto.object.Wall,"Wall/2[int,int]",x,1
E:\OOD\main\Tuto-master\Tuto-master\Tuto\src\com\sunsigne\tuto\object\Wall.java,com.sunsigne.tuto.object.Wall,"Wall/2[int,int]",y,1
E:\OOD\main\Tuto-master\Tuto-master\Tuto\src\com\sunsigne\tuto\object\Wall.java,com.sunsigne.tuto.object.Wall,collidingReaction/1[com.sunsigne.tuto.object.GameObject],clnDetectorObject,1
E:\OOD\main\Tuto-master\Tuto-master\Tuto\src\com\sunsigne\tuto\object\Wall.java,com.sunsigne.tuto.object.Wall,getImageBank/1[int[]],index,0
E:\OOD\main\Tuto-master\Tuto-master\Tuto\src\com\sunsigne\tuto\object\Wall.java,com.sunsigne.tuto.object.Wall,render/1[java.awt.Graphics],g,2
E:\OOD\main\Tuto-master\Tuto-master\Tuto\src\com\sunsigne\tuto\object\livings\Player.java,com.sunsigne.tuto.object.livings.Player,"Player/2[int,int]",x,1
E:\OOD\main\Tuto-master\Tuto-master\Tuto\src\com\sunsigne\tuto\object\livings\Player.java,com.sunsigne.tuto.object.livings.Player,"Player/2[int,int]",y,1
E:\OOD\main\Tuto-master\Tuto-master\Tuto\src\com\sunsigne\tuto\object\livings\Player.java,com.sunsigne.tuto.object.livings.Player,"Player/3[java.lang.String,int,int]",name,1
E:\OOD\main\Tuto-master\Tuto-master\Tuto\src\com\sunsigne\tuto\object\livings\Player.java,com.sunsigne.tuto.object.livings.Player,"Player/3[java.lang.String,int,int]",x,1
E:\OOD\main\Tuto-master\Tuto-master\Tuto\src\com\sunsigne\tuto\object\livings\Player.java,com.sunsigne.tuto.object.livings.Player,"Player/3[java.lang.String,int,int]",y,1
E:\OOD\main\Tuto-master\Tuto-master\Tuto\src\com\sunsigne\tuto\util\ForceInit.java,com.sunsigne.tuto.util.ForceInit,getClassObject/1[java.lang.Class<T>],e,1
E:\OOD\main\Tuto-master\Tuto-master\Tuto\src\com\sunsigne\tuto\util\ForceInit.java,com.sunsigne.tuto.util.ForceInit,getClassObject/1[java.lang.Class<T>],object,3
E:\OOD\main\Tuto-master\Tuto-master\Tuto\src\com\sunsigne\tuto\util\ForceInit.java,com.sunsigne.tuto.util.ForceInit,forceInit/1[java.lang.Class<T>],e,2
E:\OOD\main\Tuto-master\Tuto-master\Tuto\src\com\sunsigne\tuto\util\ForceInit.java,com.sunsigne.tuto.util.ForceInit,forceInit/1[java.lang.Class<T>],object,1
E:\OOD\main\Tuto-master\Tuto-master\Tuto\src\com\sunsigne\tuto\system\main\HandlerRender.java,com.sunsigne.tuto.system.main.HandlerRender,getImageBank/1[int[]],index,0
E:\OOD\main\Tuto-master\Tuto-master\Tuto\src\com\sunsigne\tuto\system\main\HandlerRender.java,com.sunsigne.tuto.system.main.HandlerRender,HandlerRender/0,camera,3
E:\OOD\main\Tuto-master\Tuto-master\Tuto\src\com\sunsigne\tuto\system\main\HandlerRender.java,com.sunsigne.tuto.system.main.HandlerRender,HandlerRender/0,layer,3
E:\OOD\main\Tuto-master\Tuto-master\Tuto\src\com\sunsigne\tuto\system\main\HandlerRender.java,com.sunsigne.tuto.system.main.HandlerRender,setCameraDependant/1[boolean],cameraDependant,2
E:\OOD\main\Tuto-master\Tuto-master\Tuto\src\com\sunsigne\tuto\system\main\HandlerRender.java,com.sunsigne.tuto.system.main.HandlerRender,addObject/1[com.sunsigne.tuto.system.main.IRender],renderable,4
E:\OOD\main\Tuto-master\Tuto-master\Tuto\src\com\sunsigne\tuto\system\main\HandlerRender.java,com.sunsigne.tuto.system.main.HandlerRender,addObject/1[com.sunsigne.tuto.system.main.IRender],list,1
E:\OOD\main\Tuto-master\Tuto-master\Tuto\src\com\sunsigne\tuto\system\main\HandlerRender.java,com.sunsigne.tuto.system.main.HandlerRender,removeObject/1[com.sunsigne.tuto.system.main.IRender],renderable,4
E:\OOD\main\Tuto-master\Tuto-master\Tuto\src\com\sunsigne\tuto\system\main\HandlerRender.java,com.sunsigne.tuto.system.main.HandlerRender,removeObject/1[com.sunsigne.tuto.system.main.IRender],list,1
E:\OOD\main\Tuto-master\Tuto-master\Tuto\src\com\sunsigne\tuto\system\main\HandlerRender.java,com.sunsigne.tuto.system.main.HandlerRender,render/1[java.awt.Graphics],size,3
E:\OOD\main\Tuto-master\Tuto-master\Tuto\src\com\sunsigne\tuto\system\main\HandlerRender.java,com.sunsigne.tuto.system.main.HandlerRender,render/1[java.awt.Graphics],g,1
E:\OOD\main\Tuto-master\Tuto-master\Tuto\src\com\sunsigne\tuto\system\main\HandlerRender.java,com.sunsigne.tuto.system.main.HandlerRender,render/1[java.awt.Graphics],i,3
E:\OOD\main\Tuto-master\Tuto-master\Tuto\src\com\sunsigne\tuto\system\main\HandlerRender.java,com.sunsigne.tuto.system.main.HandlerRender,render/1[java.awt.Graphics],tempRender,1
E:\OOD\main\Tuto-master\Tuto-master\Tuto\src\com\sunsigne\tuto\system\main\HandlerRender.java,com.sunsigne.tuto.system.main.HandlerRender,render/1[java.awt.Graphics],list,2
E:\OOD\main\Tuto-master\Tuto-master\Tuto\src\com\sunsigne\tuto\system\main\HandlerRender.java,com.sunsigne.tuto.system.main.HandlerRender,setLayerAbove/1[boolean],layerAbove,2
E:\OOD\main\Tuto-master\Tuto-master\Tuto\src\com\sunsigne\tuto\system\main\HandlerRender.java,com.sunsigne.tuto.system.main.HandlerRender,"getList/2[boolean,boolean]",cameraDependency,1
E:\OOD\main\Tuto-master\Tuto-master\Tuto\src\com\sunsigne\tuto\system\main\HandlerRender.java,com.sunsigne.tuto.system.main.HandlerRender,"getList/2[boolean,boolean]",layerAboveness,1
E:\OOD\main\Tuto-master\Tuto-master\Tuto\src\com\sunsigne\tuto\system\main\HandlerRender.java,com.sunsigne.tuto.system.main.HandlerRender,"getList/2[boolean,boolean]",layerAbove,1
E:\OOD\main\Tuto-master\Tuto-master\Tuto\src\com\sunsigne\tuto\system\main\HandlerRender.java,com.sunsigne.tuto.system.main.HandlerRender,"getList/2[boolean,boolean]",cameraDependant,1
E:\OOD\main\Tuto-master\Tuto-master\Tuto\src\com\sunsigne\tuto\system\main\IRender.java,com.sunsigne.tuto.system.main.IRender,render/1[java.awt.Graphics],g,0
E:\OOD\main\Tuto-master\Tuto-master\Tuto\src\com\sunsigne\tuto\system\main\IRender.java,com.sunsigne.tuto.system.main.IRender,getImage/1[int[]],index,3
E:\OOD\main\Tuto-master\Tuto-master\Tuto\src\com\sunsigne\tuto\system\main\IRender.java,com.sunsigne.tuto.system.main.IRender,getImageBank/1[int[]],index,0
E:\OOD\main\Tuto-master\Tuto-master\Tuto\src\com\sunsigne\tuto\ressources\FileTask.java,com.sunsigne.tuto.ressources.FileTask,"read/2[java.lang.String,java.lang.String]",path,1
E:\OOD\main\Tuto-master\Tuto-master\Tuto\src\com\sunsigne\tuto\ressources\FileTask.java,com.sunsigne.tuto.ressources.FileTask,"read/2[java.lang.String,java.lang.String]",file,2
E:\OOD\main\Tuto-master\Tuto-master\Tuto\src\com\sunsigne\tuto\ressources\FileTask.java,com.sunsigne.tuto.ressources.FileTask,"read/2[java.lang.String,java.lang.String]",flag,2
E:\OOD\main\Tuto-master\Tuto-master\Tuto\src\com\sunsigne\tuto\ressources\FileTask.java,com.sunsigne.tuto.ressources.FileTask,"read/2[java.lang.String,java.lang.String]",valueToRead,2
E:\OOD\main\Tuto-master\Tuto-master\Tuto\src\com\sunsigne\tuto\ressources\FileTask.java,com.sunsigne.tuto.ressources.FileTask,"read/2[java.lang.String,java.lang.String]",e,1
E:\OOD\main\Tuto-master\Tuto-master\Tuto\src\com\sunsigne\tuto\ressources\FileTask.java,com.sunsigne.tuto.ressources.FileTask,"read/2[java.lang.String,java.lang.String]",line,2
E:\OOD\main\Tuto-master\Tuto-master\Tuto\src\com\sunsigne\tuto\ressources\FileTask.java,com.sunsigne.tuto.ressources.FileTask,"read/2[java.lang.String,java.lang.String]",scan,7
E:\OOD\main\Tuto-master\Tuto-master\Tuto\src\com\sunsigne\tuto\ressources\FileTask.java,com.sunsigne.tuto.ressources.FileTask,"read/2[java.lang.String,java.lang.String]",content,6
E:\OOD\main\Tuto-master\Tuto-master\Tuto\src\com\sunsigne\tuto\ressources\FileTask.java,com.sunsigne.tuto.ressources.FileTask,"write/2[java.lang.String,java.lang.String]",path,1
E:\OOD\main\Tuto-master\Tuto-master\Tuto\src\com\sunsigne\tuto\ressources\FileTask.java,com.sunsigne.tuto.ressources.FileTask,"write/2[java.lang.String,java.lang.String]",text,1
E:\OOD\main\Tuto-master\Tuto-master\Tuto\src\com\sunsigne\tuto\ressources\FileTask.java,com.sunsigne.tuto.ressources.FileTask,read/1[java.lang.String],path,1
E:\OOD\main\Tuto-master\Tuto-master\Tuto\src\com\sunsigne\tuto\ressources\FileTask.java,com.sunsigne.tuto.ressources.FileTask,"write/3[java.lang.String,java.lang.String,java.lang.String]",path,2
E:\OOD\main\Tuto-master\Tuto-master\Tuto\src\com\sunsigne\tuto\ressources\FileTask.java,com.sunsigne.tuto.ressources.FileTask,"write/3[java.lang.String,java.lang.String,java.lang.String]",file,1
E:\OOD\main\Tuto-master\Tuto-master\Tuto\src\com\sunsigne\tuto\ressources\FileTask.java,com.sunsigne.tuto.ressources.FileTask,"write/3[java.lang.String,java.lang.String,java.lang.String]",size,1
E:\OOD\main\Tuto-master\Tuto-master\Tuto\src\com\sunsigne\tuto\ressources\FileTask.java,com.sunsigne.tuto.ressources.FileTask,"write/3[java.lang.String,java.lang.String,java.lang.String]",valueToReplace,2
E:\OOD\main\Tuto-master\Tuto-master\Tuto\src\com\sunsigne\tuto\ressources\FileTask.java,com.sunsigne.tuto.ressources.FileTask,"write/3[java.lang.String,java.lang.String,java.lang.String]",e,1
E:\OOD\main\Tuto-master\Tuto-master\Tuto\src\com\sunsigne\tuto\ressources\FileTask.java,com.sunsigne.tuto.ressources.FileTask,"write/3[java.lang.String,java.lang.String,java.lang.String]",i,5
E:\OOD\main\Tuto-master\Tuto-master\Tuto\src\com\sunsigne\tuto\ressources\FileTask.java,com.sunsigne.tuto.ressources.FileTask,"write/3[java.lang.String,java.lang.String,java.lang.String]",text,2
E:\OOD\main\Tuto-master\Tuto-master\Tuto\src\com\sunsigne\tuto\ressources\FileTask.java,com.sunsigne.tuto.ressources.FileTask,"write/3[java.lang.String,java.lang.String,java.lang.String]",writer,5
E:\OOD\main\Tuto-master\Tuto-master\Tuto\src\com\sunsigne\tuto\ressources\FileTask.java,com.sunsigne.tuto.ressources.FileTask,"write/3[java.lang.String,java.lang.String,java.lang.String]",fileContent,1
E:\OOD\main\Tuto-master\Tuto-master\Tuto\src\com\sunsigne\tuto\ressources\FileTask.java,com.sunsigne.tuto.ressources.FileTask,"write/3[java.lang.String,java.lang.String,java.lang.String]",alllines,4
E:\OOD\main\Tuto-master\Tuto-master\Tuto\src\com\sunsigne\tuto\system\controllers\GameMouseInput.java,com.sunsigne.tuto.system.controllers.GameMouseInput,mousePressed/1[java.awt.event.MouseEvent],e,0
E:\OOD\main\Tuto-master\Tuto-master\Tuto\src\com\sunsigne\tuto\system\controllers\GameMouseInput.java,com.sunsigne.tuto.system.controllers.GameMouseInput,mouseReleased/1[java.awt.event.MouseEvent],e,0
E:\OOD\main\Tuto-master\Tuto-master\Tuto\src\com\sunsigne\tuto\system\controllers\GameMouseInput.java,com.sunsigne.tuto.system.controllers.GameMouseInput,"mouseOver/2[java.awt.event.MouseEvent,int[]]",rect,5
E:\OOD\main\Tuto-master\Tuto-master\Tuto\src\com\sunsigne\tuto\system\controllers\GameMouseInput.java,com.sunsigne.tuto.system.controllers.GameMouseInput,"mouseOver/2[java.awt.event.MouseEvent,int[]]",e,1
E:\OOD\main\Tuto-master\Tuto-master\Tuto\src\com\sunsigne\tuto\system\controllers\GameMouseInput.java,com.sunsigne.tuto.system.controllers.GameMouseInput,"mouseOver/5[java.awt.event.MouseEvent,int,int,int,int]",e,2
E:\OOD\main\Tuto-master\Tuto-master\Tuto\src\com\sunsigne\tuto\system\controllers\GameMouseInput.java,com.sunsigne.tuto.system.controllers.GameMouseInput,"mouseOver/5[java.awt.event.MouseEvent,int,int,int,int]",x,2
E:\OOD\main\Tuto-master\Tuto-master\Tuto\src\com\sunsigne\tuto\system\controllers\GameMouseInput.java,com.sunsigne.tuto.system.controllers.GameMouseInput,"mouseOver/5[java.awt.event.MouseEvent,int,int,int,int]",width,1
E:\OOD\main\Tuto-master\Tuto-master\Tuto\src\com\sunsigne\tuto\system\controllers\GameMouseInput.java,com.sunsigne.tuto.system.controllers.GameMouseInput,"mouseOver/5[java.awt.event.MouseEvent,int,int,int,int]",y,2
E:\OOD\main\Tuto-master\Tuto-master\Tuto\src\com\sunsigne\tuto\system\controllers\GameMouseInput.java,com.sunsigne.tuto.system.controllers.GameMouseInput,"mouseOver/5[java.awt.event.MouseEvent,int,int,int,int]",mx,2
E:\OOD\main\Tuto-master\Tuto-master\Tuto\src\com\sunsigne\tuto\system\controllers\GameMouseInput.java,com.sunsigne.tuto.system.controllers.GameMouseInput,"mouseOver/5[java.awt.event.MouseEvent,int,int,int,int]",my,2
E:\OOD\main\Tuto-master\Tuto-master\Tuto\src\com\sunsigne\tuto\system\controllers\GameMouseInput.java,com.sunsigne.tuto.system.controllers.GameMouseInput,"mouseOver/5[java.awt.event.MouseEvent,int,int,int,int]",height,1
E:\OOD\main\Tuto-master\Tuto-master\Tuto\src\com\sunsigne\tuto\pathfinder\PathSearcher.java,com.sunsigne.tuto.pathfinder.PathSearcher,followPath/1[com.sunsigne.tuto.object.GameObject],searcher,6
E:\OOD\main\Tuto-master\Tuto-master\Tuto\src\com\sunsigne\tuto\pathfinder\PathSearcher.java,com.sunsigne.tuto.pathfinder.PathSearcher,setGoal/1[com.sunsigne.tuto.object.GameObject],goal,0
E:\OOD\main\Tuto-master\Tuto-master\Tuto\src\com\sunsigne\tuto\pathfinder\PathSearcher.java,com.sunsigne.tuto.pathfinder.PathSearcher,setPath/1[com.sunsigne.tuto.util.Facing.DIRECTION],path,0
E:\OOD\main\Tuto-master\Tuto-master\Tuto\src\com\sunsigne\tuto\pathfinder\PathSearcher.java,com.sunsigne.tuto.pathfinder.PathSearcher,moveToGoal/0,searcher,4
E:\OOD\main\Tuto-master\Tuto-master\Tuto\src\com\sunsigne\tuto\pathfinder\PathSearcher.java,com.sunsigne.tuto.pathfinder.PathSearcher,moveToGoal/0,pathFinder,1
E:\OOD\main\Tuto-master\Tuto-master\Tuto\src\com\sunsigne\tuto\pathfinder\PathSearcher.java,com.sunsigne.tuto.pathfinder.PathSearcher,moveToGoal/0,tile,2
E:\OOD\main\Tuto-master\Tuto-master\Tuto\src\com\sunsigne\tuto\system\Window.java,com.sunsigne.tuto.system.Window,Window/1[com.sunsigne.tuto.system.main.Tuto],icon,1
E:\OOD\main\Tuto-master\Tuto-master\Tuto\src\com\sunsigne\tuto\system\Window.java,com.sunsigne.tuto.system.Window,Window/1[com.sunsigne.tuto.system.main.Tuto],tuto,4
E:\OOD\main\Tuto-master\Tuto-master\Tuto\src\com\sunsigne\tuto\system\Window.java,com.sunsigne.tuto.system.Window,Window/1[com.sunsigne.tuto.system.main.Tuto],frame,10
E:\OOD\main\Tuto-master\Tuto-master\Tuto\src\com\sunsigne\tuto\world\MapCreator.java,com.sunsigne.tuto.world.MapCreator,loadLevel/1[java.awt.image.BufferedImage],xx,4
E:\OOD\main\Tuto-master\Tuto-master\Tuto\src\com\sunsigne\tuto\world\MapCreator.java,com.sunsigne.tuto.world.MapCreator,loadLevel/1[java.awt.image.BufferedImage],yy,4
E:\OOD\main\Tuto-master\Tuto-master\Tuto\src\com\sunsigne\tuto\world\MapCreator.java,com.sunsigne.tuto.world.MapCreator,loadLevel/1[java.awt.image.BufferedImage],green,4
E:\OOD\main\Tuto-master\Tuto-master\Tuto\src\com\sunsigne\tuto\world\MapCreator.java,com.sunsigne.tuto.world.MapCreator,loadLevel/1[java.awt.image.BufferedImage],level,3
E:\OOD\main\Tuto-master\Tuto-master\Tuto\src\com\sunsigne\tuto\world\MapCreator.java,com.sunsigne.tuto.world.MapCreator,loadLevel/1[java.awt.image.BufferedImage],h,1
E:\OOD\main\Tuto-master\Tuto-master\Tuto\src\com\sunsigne\tuto\world\MapCreator.java,com.sunsigne.tuto.world.MapCreator,loadLevel/1[java.awt.image.BufferedImage],STEP,4
E:\OOD\main\Tuto-master\Tuto-master\Tuto\src\com\sunsigne\tuto\world\MapCreator.java,com.sunsigne.tuto.world.MapCreator,loadLevel/1[java.awt.image.BufferedImage],registeredX,1
E:\OOD\main\Tuto-master\Tuto-master\Tuto\src\com\sunsigne\tuto\world\MapCreator.java,com.sunsigne.tuto.world.MapCreator,loadLevel/1[java.awt.image.BufferedImage],registeredY,1
E:\OOD\main\Tuto-master\Tuto-master\Tuto\src\com\sunsigne\tuto\world\MapCreator.java,com.sunsigne.tuto.world.MapCreator,loadLevel/1[java.awt.image.BufferedImage],red,4
E:\OOD\main\Tuto-master\Tuto-master\Tuto\src\com\sunsigne\tuto\world\MapCreator.java,com.sunsigne.tuto.world.MapCreator,loadLevel/1[java.awt.image.BufferedImage],blue,4
E:\OOD\main\Tuto-master\Tuto-master\Tuto\src\com\sunsigne\tuto\world\MapCreator.java,com.sunsigne.tuto.world.MapCreator,loadLevel/1[java.awt.image.BufferedImage],w,1
E:\OOD\main\Tuto-master\Tuto-master\Tuto\src\com\sunsigne\tuto\world\MapCreator.java,com.sunsigne.tuto.world.MapCreator,loadLevel/1[java.awt.image.BufferedImage],y0,5
E:\OOD\main\Tuto-master\Tuto-master\Tuto\src\com\sunsigne\tuto\world\MapCreator.java,com.sunsigne.tuto.world.MapCreator,loadLevel/1[java.awt.image.BufferedImage],x0,5
E:\OOD\main\Tuto-master\Tuto-master\Tuto\src\com\sunsigne\tuto\world\MapCreator.java,com.sunsigne.tuto.world.MapCreator,loadLevel/1[java.awt.image.BufferedImage],pixel,3
E:\OOD\main\Tuto-master\Tuto-master\Tuto\src\com\sunsigne\tuto\world\MapCreator.java,com.sunsigne.tuto.world.MapCreator,loadLevel/1[java.awt.image.BufferedImage],player,5
E:\OOD\main\Tuto-master\Tuto-master\Tuto\src\com\sunsigne\tuto\object\collision\CollisionDetector.java,com.sunsigne.tuto.object.collision.CollisionDetector,CollisionDetector/1[com.sunsigne.tuto.object.GameObject],clnDetectorObject,2
E:\OOD\main\Tuto-master\Tuto-master\Tuto\src\com\sunsigne\tuto\object\collision\CollisionDetector.java,com.sunsigne.tuto.object.collision.CollisionDetector,clnDetectorObjectIsColliding/1[com.sunsigne.tuto.object.GameObject],clnReactorObject,5
E:\OOD\main\Tuto-master\Tuto-master\Tuto\src\com\sunsigne\tuto\object\collision\CollisionDetector.java,com.sunsigne.tuto.object.collision.CollisionDetector,tick/0,clnReactorObject0,1
E:\OOD\main\Tuto-master\Tuto-master\Tuto\src\com\sunsigne\tuto\object\collision\CollisionDetector.java,com.sunsigne.tuto.object.collision.CollisionDetector,tick/0,layerAbove,1
E:\OOD\main\Tuto-master\Tuto-master\Tuto\src\com\sunsigne\tuto\object\collision\CollisionDetector.java,com.sunsigne.tuto.object.collision.CollisionDetector,tick/0,cameraDependant,1
E:\OOD\main\Tuto-master\Tuto-master\Tuto\src\com\sunsigne\tuto\object\collision\CollisionDetector.java,com.sunsigne.tuto.object.collision.CollisionDetector,tick/0,list,1
E:\OOD\main\Tuto-master\Tuto-master\Tuto\src\com\sunsigne\tuto\object\collision\CollisionDetector.java,com.sunsigne.tuto.object.collision.CollisionDetector,tick/0,clnReactorObject,3
E:\OOD\main\Tuto-master\Tuto-master\Tuto\src\com\sunsigne\tuto\system\main\HandlerTick.java,com.sunsigne.tuto.system.main.HandlerTick,tick/0,temptick,1
E:\OOD\main\Tuto-master\Tuto-master\Tuto\src\com\sunsigne\tuto\system\main\HandlerTick.java,com.sunsigne.tuto.system.main.HandlerTick,removeObject/1[com.sunsigne.tuto.system.main.ITick],tickable,2
E:\OOD\main\Tuto-master\Tuto-master\Tuto\src\com\sunsigne\tuto\system\main\HandlerTick.java,com.sunsigne.tuto.system.main.HandlerTick,addObject/1[com.sunsigne.tuto.system.main.ITick],tickable,2
E:\OOD\main\Tuto-master\Tuto-master\Tuto\src\com\sunsigne\tuto\util\Cycloid.java,com.sunsigne.tuto.util.Cycloid,Cycloid/1[T[]],objects,4
E:\OOD\main\Tuto-master\Tuto-master\Tuto\src\com\sunsigne\tuto\util\Cycloid.java,com.sunsigne.tuto.util.Cycloid,synchoniseIndex/0,i,4
E:\OOD\main\Tuto-master\Tuto-master\Tuto\src\com\sunsigne\tuto\util\Cycloid.java,com.sunsigne.tuto.util.Cycloid,setState/1[int],index,5
E:\OOD\main\Tuto-master\Tuto-master\Tuto\src\com\sunsigne\tuto\util\Cycloid.java,com.sunsigne.tuto.util.Cycloid,setState/1[T],state,2
E:\OOD\main\Tuto-master\Tuto-master\Tuto\src\com\sunsigne\tuto\util\Facing.java,com.sunsigne.tuto.util.Facing,setFacing/1[com.sunsigne.tuto.util.Facing.DIRECTION],facing,0
E:\OOD\main\Tuto-master\Tuto-master\Tuto\src\com\sunsigne\tuto\pathfinder\PathFinder.java,com.sunsigne.tuto.pathfinder.PathFinder,setY/1[int],y,2
E:\OOD\main\Tuto-master\Tuto-master\Tuto\src\com\sunsigne\tuto\pathfinder\PathFinder.java,com.sunsigne.tuto.pathfinder.PathFinder,findPath/1[boolean],WOH,2
E:\OOD\main\Tuto-master\Tuto-master\Tuto\src\com\sunsigne\tuto\pathfinder\PathFinder.java,com.sunsigne.tuto.pathfinder.PathFinder,findPath/1[boolean],WGV,1
E:\OOD\main\Tuto-master\Tuto-master\Tuto\src\com\sunsigne\tuto\pathfinder\PathFinder.java,com.sunsigne.tuto.pathfinder.PathFinder,findPath/1[boolean],WGH,1
E:\OOD\main\Tuto-master\Tuto-master\Tuto\src\com\sunsigne\tuto\pathfinder\PathFinder.java,com.sunsigne.tuto.pathfinder.PathFinder,findPath/1[boolean],allow_complex_path,1
E:\OOD\main\Tuto-master\Tuto-master\Tuto\src\com\sunsigne\tuto\pathfinder\PathFinder.java,com.sunsigne.tuto.pathfinder.PathFinder,findPath/1[boolean],WOV,2
E:\OOD\main\Tuto-master\Tuto-master\Tuto\src\com\sunsigne\tuto\pathfinder\PathFinder.java,com.sunsigne.tuto.pathfinder.PathFinder,"isPathSigneCurveVH/2[boolean,boolean]",WGH,1
E:\OOD\main\Tuto-master\Tuto-master\Tuto\src\com\sunsigne\tuto\pathfinder\PathFinder.java,com.sunsigne.tuto.pathfinder.PathFinder,"isPathSigneCurveVH/2[boolean,boolean]",WOV,1
E:\OOD\main\Tuto-master\Tuto-master\Tuto\src\com\sunsigne\tuto\pathfinder\PathFinder.java,com.sunsigne.tuto.pathfinder.PathFinder,"wallOnTheWay/2[int,boolean]",horizontal,2
E:\OOD\main\Tuto-master\Tuto-master\Tuto\src\com\sunsigne\tuto\pathfinder\PathFinder.java,com.sunsigne.tuto.pathfinder.PathFinder,"wallOnTheWay/2[int,boolean]",range,9
E:\OOD\main\Tuto-master\Tuto-master\Tuto\src\com\sunsigne\tuto\pathfinder\PathFinder.java,com.sunsigne.tuto.pathfinder.PathFinder,"wallOnTheWay/2[int,boolean]",from,2
E:\OOD\main\Tuto-master\Tuto-master\Tuto\src\com\sunsigne\tuto\pathfinder\PathFinder.java,com.sunsigne.tuto.pathfinder.PathFinder,"wallOnTheWay/2[int,boolean]",object,3
E:\OOD\main\Tuto-master\Tuto-master\Tuto\src\com\sunsigne\tuto\pathfinder\PathFinder.java,com.sunsigne.tuto.pathfinder.PathFinder,getPathFromSeacherToValidPoint/1[java.util.LinkedList<com.sunsigne.tuto.pathfinder.PathPointObject>],valid_path_point_list,1
E:\OOD\main\Tuto-master\Tuto-master\Tuto\src\com\sunsigne\tuto\pathfinder\PathFinder.java,com.sunsigne.tuto.pathfinder.PathFinder,getPathFromSeacherToValidPoint/1[java.util.LinkedList<com.sunsigne.tuto.pathfinder.PathPointObject>],tempPassPoint,1
E:\OOD\main\Tuto-master\Tuto-master\Tuto\src\com\sunsigne\tuto\pathfinder\PathFinder.java,com.sunsigne.tuto.pathfinder.PathFinder,getPathFromSeacherToValidPoint/1[java.util.LinkedList<com.sunsigne.tuto.pathfinder.PathPointObject>],tempPathFinder,2
E:\OOD\main\Tuto-master\Tuto-master\Tuto\src\com\sunsigne\tuto\pathfinder\PathFinder.java,com.sunsigne.tuto.pathfinder.PathFinder,isPathStraightVertical/1[boolean],WOV,1
E:\OOD\main\Tuto-master\Tuto-master\Tuto\src\com\sunsigne\tuto\pathfinder\PathFinder.java,com.sunsigne.tuto.pathfinder.PathFinder,findComplexePath/0,valid_path_point_list,3
E:\OOD\main\Tuto-master\Tuto-master\Tuto\src\com\sunsigne\tuto\pathfinder\PathFinder.java,com.sunsigne.tuto.pathfinder.PathFinder,findComplexePath/0,pathDoesExist,2
E:\OOD\main\Tuto-master\Tuto-master\Tuto\src\com\sunsigne\tuto\pathfinder\PathFinder.java,com.sunsigne.tuto.pathfinder.PathFinder,findComplexePath/0,tryPath,2
E:\OOD\main\Tuto-master\Tuto-master\Tuto\src\com\sunsigne\tuto\pathfinder\PathFinder.java,com.sunsigne.tuto.pathfinder.PathFinder,isPathStraightHorizontal/1[boolean],WOH,1
E:\OOD\main\Tuto-master\Tuto-master\Tuto\src\com\sunsigne\tuto\pathfinder\PathFinder.java,com.sunsigne.tuto.pathfinder.PathFinder,"isPathSigneCurveHV/2[boolean,boolean]",WOH,1
E:\OOD\main\Tuto-master\Tuto-master\Tuto\src\com\sunsigne\tuto\pathfinder\PathFinder.java,com.sunsigne.tuto.pathfinder.PathFinder,"isPathSigneCurveHV/2[boolean,boolean]",WGV,1
E:\OOD\main\Tuto-master\Tuto-master\Tuto\src\com\sunsigne\tuto\pathfinder\PathFinder.java,com.sunsigne.tuto.pathfinder.PathFinder,"PathFinder/3[com.sunsigne.tuto.pathfinder.PathSearcher,com.sunsigne.tuto.object.GameObject,boolean]",searcher,4
E:\OOD\main\Tuto-master\Tuto-master\Tuto\src\com\sunsigne\tuto\pathfinder\PathFinder.java,com.sunsigne.tuto.pathfinder.PathFinder,"PathFinder/3[com.sunsigne.tuto.pathfinder.PathSearcher,com.sunsigne.tuto.object.GameObject,boolean]",goal,2
E:\OOD\main\Tuto-master\Tuto-master\Tuto\src\com\sunsigne\tuto\pathfinder\PathFinder.java,com.sunsigne.tuto.pathfinder.PathFinder,"PathFinder/3[com.sunsigne.tuto.pathfinder.PathSearcher,com.sunsigne.tuto.object.GameObject,boolean]",allow_complex_path,1
E:\OOD\main\Tuto-master\Tuto-master\Tuto\src\com\sunsigne\tuto\pathfinder\PathFinder.java,com.sunsigne.tuto.pathfinder.PathFinder,expandingValidPoint/1[java.util.LinkedList<com.sunsigne.tuto.pathfinder.PathPointObject>],tickable,2
E:\OOD\main\Tuto-master\Tuto-master\Tuto\src\com\sunsigne\tuto\pathfinder\PathFinder.java,com.sunsigne.tuto.pathfinder.PathFinder,expandingValidPoint/1[java.util.LinkedList<com.sunsigne.tuto.pathfinder.PathPointObject>],copy_list,2
E:\OOD\main\Tuto-master\Tuto-master\Tuto\src\com\sunsigne\tuto\pathfinder\PathFinder.java,com.sunsigne.tuto.pathfinder.PathFinder,expandingValidPoint/1[java.util.LinkedList<com.sunsigne.tuto.pathfinder.PathPointObject>],valid_path_point_list,3
E:\OOD\main\Tuto-master\Tuto-master\Tuto\src\com\sunsigne\tuto\pathfinder\PathFinder.java,com.sunsigne.tuto.pathfinder.PathFinder,expandingValidPoint/1[java.util.LinkedList<com.sunsigne.tuto.pathfinder.PathPointObject>],there_are_more_paths,2
E:\OOD\main\Tuto-master\Tuto-master\Tuto\src\com\sunsigne\tuto\pathfinder\PathFinder.java,com.sunsigne.tuto.pathfinder.PathFinder,expandingValidPoint/1[java.util.LinkedList<com.sunsigne.tuto.pathfinder.PathPointObject>],tempPassPoint,3
E:\OOD\main\Tuto-master\Tuto-master\Tuto\src\com\sunsigne\tuto\pathfinder\PathFinder.java,com.sunsigne.tuto.pathfinder.PathFinder,expandingValidPoint/1[java.util.LinkedList<com.sunsigne.tuto.pathfinder.PathPointObject>],previousPassPoint,1
E:\OOD\main\Tuto-master\Tuto-master\Tuto\src\com\sunsigne\tuto\pathfinder\PathFinder.java,com.sunsigne.tuto.pathfinder.PathFinder,expandingValidPoint/1[java.util.LinkedList<com.sunsigne.tuto.pathfinder.PathPointObject>],tempPathFinder,1
E:\OOD\main\Tuto-master\Tuto-master\Tuto\src\com\sunsigne\tuto\pathfinder\PathFinder.java,com.sunsigne.tuto.pathfinder.PathFinder,createValidPathPointList/0,tickable,2
E:\OOD\main\Tuto-master\Tuto-master\Tuto\src\com\sunsigne\tuto\pathfinder\PathFinder.java,com.sunsigne.tuto.pathfinder.PathFinder,createValidPathPointList/0,valid_path_point_list,2
E:\OOD\main\Tuto-master\Tuto-master\Tuto\src\com\sunsigne\tuto\pathfinder\PathFinder.java,com.sunsigne.tuto.pathfinder.PathFinder,createValidPathPointList/0,tempPassPoint,2
E:\OOD\main\Tuto-master\Tuto-master\Tuto\src\com\sunsigne\tuto\pathfinder\PathFinder.java,com.sunsigne.tuto.pathfinder.PathFinder,createValidPathPointList/0,tempPathFinder,1
E:\OOD\main\Tuto-master\Tuto-master\Tuto\src\com\sunsigne\tuto\pathfinder\PathFinder.java,com.sunsigne.tuto.pathfinder.PathFinder,setX/1[int],x,2
E:\OOD\main\Tuto-master\Tuto-master\Tuto\src\com\sunsigne\tuto\pathfinder\PathFinder.java,com.sunsigne.tuto.pathfinder.PathFinder,getTilePos/1[int],pos,1
E:\OOD\main\Tuto-master\Tuto-master\Tuto\src\com\sunsigne\tuto\system\Conductor.java,com.sunsigne.tuto.system.Conductor,startApp/0,lvl01,1
E:\OOD\main\Tuto-master\Tuto-master\Tuto\src\com\sunsigne\tuto\object\collision\ICollisionReaction.java,com.sunsigne.tuto.object.collision.ICollisionReaction,collidingReaction/1[com.sunsigne.tuto.object.GameObject],clnDetectorObject,0
E:\OOD\main\Tuto-master\Tuto-master\Tuto\src\com\sunsigne\tuto\object\collision\ICollisionReaction.java,com.sunsigne.tuto.object.collision.ICollisionReaction,"collidingReaction/4[com.sunsigne.tuto.object.GameObject,com.sunsigne.tuto.object.GameObject,boolean,com.sunsigne.tuto.util.GenericListener]",blockPass,4
E:\OOD\main\Tuto-master\Tuto-master\Tuto\src\com\sunsigne\tuto\object\collision\ICollisionReaction.java,com.sunsigne.tuto.object.collision.ICollisionReaction,"collidingReaction/4[com.sunsigne.tuto.object.GameObject,com.sunsigne.tuto.object.GameObject,boolean,com.sunsigne.tuto.util.GenericListener]",clnDetectorObject,10
E:\OOD\main\Tuto-master\Tuto-master\Tuto\src\com\sunsigne\tuto\object\collision\ICollisionReaction.java,com.sunsigne.tuto.object.collision.ICollisionReaction,"collidingReaction/4[com.sunsigne.tuto.object.GameObject,com.sunsigne.tuto.object.GameObject,boolean,com.sunsigne.tuto.util.GenericListener]",tilePos,4
E:\OOD\main\Tuto-master\Tuto-master\Tuto\src\com\sunsigne\tuto\object\collision\ICollisionReaction.java,com.sunsigne.tuto.object.collision.ICollisionReaction,"collidingReaction/4[com.sunsigne.tuto.object.GameObject,com.sunsigne.tuto.object.GameObject,boolean,com.sunsigne.tuto.util.GenericListener]",listener,8
E:\OOD\main\Tuto-master\Tuto-master\Tuto\src\com\sunsigne\tuto\object\collision\ICollisionReaction.java,com.sunsigne.tuto.object.collision.ICollisionReaction,"collidingReaction/4[com.sunsigne.tuto.object.GameObject,com.sunsigne.tuto.object.GameObject,boolean,com.sunsigne.tuto.util.GenericListener]",clnReactorObject,10
E:\OOD\main\Tuto-master\Tuto-master\Tuto\src\com\sunsigne\tuto\object\collision\ICollisionReaction.java,com.sunsigne.tuto.object.collision.ICollisionReaction,getBounds/1[com.sunsigne.tuto.object.GameObject],w,1
E:\OOD\main\Tuto-master\Tuto-master\Tuto\src\com\sunsigne\tuto\object\collision\ICollisionReaction.java,com.sunsigne.tuto.object.collision.ICollisionReaction,getBounds/1[com.sunsigne.tuto.object.GameObject],x,1
E:\OOD\main\Tuto-master\Tuto-master\Tuto\src\com\sunsigne\tuto\object\collision\ICollisionReaction.java,com.sunsigne.tuto.object.collision.ICollisionReaction,getBounds/1[com.sunsigne.tuto.object.GameObject],h,1
E:\OOD\main\Tuto-master\Tuto-master\Tuto\src\com\sunsigne\tuto\object\collision\ICollisionReaction.java,com.sunsigne.tuto.object.collision.ICollisionReaction,getBounds/1[com.sunsigne.tuto.object.GameObject],y,1
E:\OOD\main\Tuto-master\Tuto-master\Tuto\src\com\sunsigne\tuto\object\collision\ICollisionReaction.java,com.sunsigne.tuto.object.collision.ICollisionReaction,getBounds/1[com.sunsigne.tuto.object.GameObject],clnReactorObject,4
E:\OOD\main\Tuto-master\Tuto-master\Tuto\src\com\sunsigne\tuto\object\collision\ICollisionReaction.java,com.sunsigne.tuto.object.collision.ICollisionReaction,"blockPass/2[com.sunsigne.tuto.object.GameObject,com.sunsigne.tuto.object.GameObject]",clnDetectorObject,1
E:\OOD\main\Tuto-master\Tuto-master\Tuto\src\com\sunsigne\tuto\object\collision\ICollisionReaction.java,com.sunsigne.tuto.object.collision.ICollisionReaction,"blockPass/2[com.sunsigne.tuto.object.GameObject,com.sunsigne.tuto.object.GameObject]",clnReactorObject,1
E:\OOD\main\Tuto-master\Tuto-master\Tuto\src\com\sunsigne\tuto\system\controllers\GameKeyboardInput.java,com.sunsigne.tuto.system.controllers.GameKeyboardInput,keyReleased/1[java.awt.event.KeyEvent],e,1
E:\OOD\main\Tuto-master\Tuto-master\Tuto\src\com\sunsigne\tuto\system\controllers\GameKeyboardInput.java,com.sunsigne.tuto.system.controllers.GameKeyboardInput,keyReleased/1[java.awt.event.KeyEvent],key,1
E:\OOD\main\Tuto-master\Tuto-master\Tuto\src\com\sunsigne\tuto\system\controllers\GameKeyboardInput.java,com.sunsigne.tuto.system.controllers.GameKeyboardInput,isPlayerMovable/0,isPlayerPushed,1
E:\OOD\main\Tuto-master\Tuto-master\Tuto\src\com\sunsigne\tuto\system\controllers\GameKeyboardInput.java,com.sunsigne.tuto.system.controllers.GameKeyboardInput,isPlayerMovable/0,isPlayerExisting,1
E:\OOD\main\Tuto-master\Tuto-master\Tuto\src\com\sunsigne\tuto\system\controllers\GameKeyboardInput.java,com.sunsigne.tuto.system.controllers.GameKeyboardInput,"setDirectionKeyEvent/2[com.sunsigne.tuto.util.Facing.DIRECTION,int]",directionKeyEvent,2
E:\OOD\main\Tuto-master\Tuto-master\Tuto\src\com\sunsigne\tuto\system\controllers\GameKeyboardInput.java,com.sunsigne.tuto.system.controllers.GameKeyboardInput,"setDirectionKeyEvent/2[com.sunsigne.tuto.util.Facing.DIRECTION,int]",direction,1
E:\OOD\main\Tuto-master\Tuto-master\Tuto\src\com\sunsigne\tuto\system\controllers\GameKeyboardInput.java,com.sunsigne.tuto.system.controllers.GameKeyboardInput,saveKey/1[int],y0,2
E:\OOD\main\Tuto-master\Tuto-master\Tuto\src\com\sunsigne\tuto\system\controllers\GameKeyboardInput.java,com.sunsigne.tuto.system.controllers.GameKeyboardInput,saveKey/1[int],x0,1
E:\OOD\main\Tuto-master\Tuto-master\Tuto\src\com\sunsigne\tuto\system\controllers\GameKeyboardInput.java,com.sunsigne.tuto.system.controllers.GameKeyboardInput,saveKey/1[int],key,1
E:\OOD\main\Tuto-master\Tuto-master\Tuto\src\com\sunsigne\tuto\system\controllers\GameKeyboardInput.java,com.sunsigne.tuto.system.controllers.GameKeyboardInput,saveKey/1[int],registeredX,1
E:\OOD\main\Tuto-master\Tuto-master\Tuto\src\com\sunsigne\tuto\system\controllers\GameKeyboardInput.java,com.sunsigne.tuto.system.controllers.GameKeyboardInput,saveKey/1[int],player,2
E:\OOD\main\Tuto-master\Tuto-master\Tuto\src\com\sunsigne\tuto\system\controllers\GameKeyboardInput.java,com.sunsigne.tuto.system.controllers.GameKeyboardInput,saveKey/1[int],registeredY,1
E:\OOD\main\Tuto-master\Tuto-master\Tuto\src\com\sunsigne\tuto\system\controllers\GameKeyboardInput.java,com.sunsigne.tuto.system.controllers.GameKeyboardInput,exitKey/1[int],key,1
E:\OOD\main\Tuto-master\Tuto-master\Tuto\src\com\sunsigne\tuto\system\controllers\GameKeyboardInput.java,com.sunsigne.tuto.system.controllers.GameKeyboardInput,movePlayerbyX/1[int],speedMultiplicator,2
E:\OOD\main\Tuto-master\Tuto-master\Tuto\src\com\sunsigne\tuto\system\controllers\GameKeyboardInput.java,com.sunsigne.tuto.system.controllers.GameKeyboardInput,setExitKeyEvent/1[int],exitKeyEvent,2
E:\OOD\main\Tuto-master\Tuto-master\Tuto\src\com\sunsigne\tuto\system\controllers\GameKeyboardInput.java,com.sunsigne.tuto.system.controllers.GameKeyboardInput,degugKey/1[int],key,5
E:\OOD\main\Tuto-master\Tuto-master\Tuto\src\com\sunsigne\tuto\system\controllers\GameKeyboardInput.java,com.sunsigne.tuto.system.controllers.GameKeyboardInput,keyPressed/1[java.awt.event.KeyEvent],e,1
E:\OOD\main\Tuto-master\Tuto-master\Tuto\src\com\sunsigne\tuto\system\controllers\GameKeyboardInput.java,com.sunsigne.tuto.system.controllers.GameKeyboardInput,keyPressed/1[java.awt.event.KeyEvent],key,4
E:\OOD\main\Tuto-master\Tuto-master\Tuto\src\com\sunsigne\tuto\system\controllers\GameKeyboardInput.java,com.sunsigne.tuto.system.controllers.GameKeyboardInput,movePlayer/0,speedMultiplicator,2
E:\OOD\main\Tuto-master\Tuto-master\Tuto\src\com\sunsigne\tuto\system\controllers\GameKeyboardInput.java,com.sunsigne.tuto.system.controllers.GameKeyboardInput,movePlayerbyY/1[int],speedMultiplicator,2
E:\OOD\main\Tuto-master\Tuto-master\Tuto\src\com\sunsigne\tuto\system\controllers\GameKeyboardInput.java,com.sunsigne.tuto.system.controllers.GameKeyboardInput,"directionKey/2[int,boolean]",pressed,4
E:\OOD\main\Tuto-master\Tuto-master\Tuto\src\com\sunsigne\tuto\system\controllers\GameKeyboardInput.java,com.sunsigne.tuto.system.controllers.GameKeyboardInput,"directionKey/2[int,boolean]",key,8
E:\OOD\main\Tuto-master\Tuto-master\Tuto\src\com\sunsigne\tuto\ressources\images\ImageTask.java,com.sunsigne.tuto.ressources.images.ImageTask,"loadImage/2[java.lang.String,java.lang.String]",path,4
E:\OOD\main\Tuto-master\Tuto-master\Tuto\src\com\sunsigne\tuto\ressources\images\ImageTask.java,com.sunsigne.tuto.ressources.images.ImageTask,"loadImage/2[java.lang.String,java.lang.String]",image,3
E:\OOD\main\Tuto-master\Tuto-master\Tuto\src\com\sunsigne\tuto\ressources\images\ImageTask.java,com.sunsigne.tuto.ressources.images.ImageTask,"loadImage/2[java.lang.String,java.lang.String]",path0,1
E:\OOD\main\Tuto-master\Tuto-master\Tuto\src\com\sunsigne\tuto\ressources\images\ImageTask.java,com.sunsigne.tuto.ressources.images.ImageTask,"loadImage/2[java.lang.String,java.lang.String]",e,1
E:\OOD\main\Tuto-master\Tuto-master\Tuto\src\com\sunsigne\tuto\ressources\images\ImageTask.java,com.sunsigne.tuto.ressources.images.ImageTask,"loadImage/2[java.lang.String,java.lang.String]",backupPath,1
E:\OOD\main\Tuto-master\Tuto-master\Tuto\src\com\sunsigne\tuto\ressources\images\ImageTask.java,com.sunsigne.tuto.ressources.images.ImageTask,"loadImage/2[java.lang.String,java.lang.String]",url,1
E:\OOD\main\Tuto-master\Tuto-master\Tuto\src\com\sunsigne\tuto\ressources\images\ImageTask.java,com.sunsigne.tuto.ressources.images.ImageTask,"drawMissingTexture/2[int,int]",img,2
E:\OOD\main\Tuto-master\Tuto-master\Tuto\src\com\sunsigne\tuto\ressources\images\ImageTask.java,com.sunsigne.tuto.ressources.images.ImageTask,"drawMissingTexture/2[int,int]",width,5
E:\OOD\main\Tuto-master\Tuto-master\Tuto\src\com\sunsigne\tuto\ressources\images\ImageTask.java,com.sunsigne.tuto.ressources.images.ImageTask,"drawMissingTexture/2[int,int]",g2d,6
E:\OOD\main\Tuto-master\Tuto-master\Tuto\src\com\sunsigne\tuto\ressources\images\ImageTask.java,com.sunsigne.tuto.ressources.images.ImageTask,"drawMissingTexture/2[int,int]",height,5
E:\OOD\main\Tuto-master\Tuto-master\Tuto\src\com\sunsigne\tuto\ressources\images\ImageTask.java,com.sunsigne.tuto.ressources.images.ImageTask,loadImage/1[java.lang.String],path,1
E:\OOD\main\Tuto-master\Tuto-master\Tuto\src\com\sunsigne\tuto\object\GameObject.java,com.sunsigne.tuto.object.GameObject,setX/1[int],x,2
E:\OOD\main\Tuto-master\Tuto-master\Tuto\src\com\sunsigne\tuto\object\GameObject.java,com.sunsigne.tuto.object.GameObject,"GameObject/4[boolean,boolean,int,int]",layerAbove,2
E:\OOD\main\Tuto-master\Tuto-master\Tuto\src\com\sunsigne\tuto\object\GameObject.java,com.sunsigne.tuto.object.GameObject,"GameObject/4[boolean,boolean,int,int]",cameraDependant,2
E:\OOD\main\Tuto-master\Tuto-master\Tuto\src\com\sunsigne\tuto\object\GameObject.java,com.sunsigne.tuto.object.GameObject,"GameObject/4[boolean,boolean,int,int]",x,3
E:\OOD\main\Tuto-master\Tuto-master\Tuto\src\com\sunsigne\tuto\object\GameObject.java,com.sunsigne.tuto.object.GameObject,"GameObject/4[boolean,boolean,int,int]",y,3
E:\OOD\main\Tuto-master\Tuto-master\Tuto\src\com\sunsigne\tuto\object\GameObject.java,com.sunsigne.tuto.object.GameObject,setY/1[int],y,2
E:\OOD\main\Tuto-master\Tuto-master\Tuto\src\com\sunsigne\tuto\object\GameObject.java,com.sunsigne.tuto.object.GameObject,setVelY/1[int],velY,2
E:\OOD\main\Tuto-master\Tuto-master\Tuto\src\com\sunsigne\tuto\object\GameObject.java,com.sunsigne.tuto.object.GameObject,setVelX/1[int],velX,2
E:\OOD\main\Tuto-master\Tuto-master\Tuto\src\com\sunsigne\tuto\object\GameObject.java,com.sunsigne.tuto.object.GameObject,getRect/0,rect,5
E:\OOD\main\Tuto-master\Tuto-master\Tuto\src\com\sunsigne\tuto\object\GameObject.java,com.sunsigne.tuto.object.GameObject,getBounds/1[com.sunsigne.tuto.util.Facing.DIRECTION],clnDetectorObject,1
E:\OOD\main\Tuto-master\Tuto-master\Tuto\src\com\sunsigne\tuto\object\GameObject.java,com.sunsigne.tuto.object.GameObject,getBounds/1[com.sunsigne.tuto.util.Facing.DIRECTION],direction,1
E:\OOD\main\Tuto-master\Tuto-master\Tuto\src\com\sunsigne\tuto\object\GameObject.java,com.sunsigne.tuto.object.GameObject,getBounds/0,clnReactorObject,1
E:\OOD\main\Tuto-master\Tuto-master\Tuto\src\com\sunsigne\tuto\ressources\images\SheetBank.java,com.sunsigne.tuto.ressources.images.SheetBank,SheetBank/1[java.awt.image.BufferedImage],bufferedImage,2
E:\OOD\main\Tuto-master\Tuto-master\Tuto\src\com\sunsigne\tuto\ressources\images\SpriteSheet.java,com.sunsigne.tuto.ressources.images.SpriteSheet,"grabImage/4[int,int,int,int]",col,1
E:\OOD\main\Tuto-master\Tuto-master\Tuto\src\com\sunsigne\tuto\ressources\images\SpriteSheet.java,com.sunsigne.tuto.ressources.images.SpriteSheet,"grabImage/4[int,int,int,int]",img,3
E:\OOD\main\Tuto-master\Tuto-master\Tuto\src\com\sunsigne\tuto\ressources\images\SpriteSheet.java,com.sunsigne.tuto.ressources.images.SpriteSheet,"grabImage/4[int,int,int,int]",e,0
E:\OOD\main\Tuto-master\Tuto-master\Tuto\src\com\sunsigne\tuto\ressources\images\SpriteSheet.java,com.sunsigne.tuto.ressources.images.SpriteSheet,"grabImage/4[int,int,int,int]",width,4
E:\OOD\main\Tuto-master\Tuto-master\Tuto\src\com\sunsigne\tuto\ressources\images\SpriteSheet.java,com.sunsigne.tuto.ressources.images.SpriteSheet,"grabImage/4[int,int,int,int]",row,1
E:\OOD\main\Tuto-master\Tuto-master\Tuto\src\com\sunsigne\tuto\ressources\images\SpriteSheet.java,com.sunsigne.tuto.ressources.images.SpriteSheet,"grabImage/4[int,int,int,int]",height,4
E:\OOD\main\Tuto-master\Tuto-master\Tuto\src\com\sunsigne\tuto\ressources\images\SpriteSheet.java,com.sunsigne.tuto.ressources.images.SpriteSheet,SpriteSheet/1[com.sunsigne.tuto.ressources.images.SheetBank],sheetBank,1
E:\OOD\main\Tuto-master\Tuto-master\Tuto\src\com\sunsigne\tuto\system\main\Tuto.java,com.sunsigne.tuto.system.main.Tuto,"renderDependency/2[java.awt.Graphics,boolean]",cameraDependency,2
E:\OOD\main\Tuto-master\Tuto-master\Tuto\src\com\sunsigne\tuto\system\main\Tuto.java,com.sunsigne.tuto.system.main.Tuto,"renderDependency/2[java.awt.Graphics,boolean]",cameraDependant,2
E:\OOD\main\Tuto-master\Tuto-master\Tuto\src\com\sunsigne\tuto\system\main\Tuto.java,com.sunsigne.tuto.system.main.Tuto,"renderDependency/2[java.awt.Graphics,boolean]",g,3
E:\OOD\main\Tuto-master\Tuto-master\Tuto\src\com\sunsigne\tuto\system\main\Tuto.java,com.sunsigne.tuto.system.main.Tuto,"renderDependency/2[java.awt.Graphics,boolean]",g2d,1
E:\OOD\main\Tuto-master\Tuto-master\Tuto\src\com\sunsigne\tuto\system\main\Tuto.java,com.sunsigne.tuto.system.main.Tuto,main/1[java.lang.String[]],agrs,0
E:\OOD\main\Tuto-master\Tuto-master\Tuto\src\com\sunsigne\tuto\system\main\Tuto.java,com.sunsigne.tuto.system.main.Tuto,render/0,bs,3
E:\OOD\main\Tuto-master\Tuto-master\Tuto\src\com\sunsigne\tuto\system\main\Tuto.java,com.sunsigne.tuto.system.main.Tuto,render/0,g,5
E:\OOD\main\Tuto-master\Tuto-master\Tuto\src\com\sunsigne\tuto\system\main\Tuto.java,com.sunsigne.tuto.system.main.Tuto,forceLoop/0,e,0
E:\OOD\main\Tuto-master\Tuto-master\Tuto\src\com\sunsigne\tuto\system\main\Tuto.java,com.sunsigne.tuto.system.main.Tuto,run/0,lastTime,2
E:\OOD\main\Tuto-master\Tuto-master\Tuto\src\com\sunsigne\tuto\system\main\Tuto.java,com.sunsigne.tuto.system.main.Tuto,run/0,timer,2
E:\OOD\main\Tuto-master\Tuto-master\Tuto\src\com\sunsigne\tuto\system\main\Tuto.java,com.sunsigne.tuto.system.main.Tuto,run/0,ns,1
E:\OOD\main\Tuto-master\Tuto-master\Tuto\src\com\sunsigne\tuto\system\main\Tuto.java,com.sunsigne.tuto.system.main.Tuto,run/0,e,5
E:\OOD\main\Tuto-master\Tuto-master\Tuto\src\com\sunsigne\tuto\system\main\Tuto.java,com.sunsigne.tuto.system.main.Tuto,run/0,now,2
E:\OOD\main\Tuto-master\Tuto-master\Tuto\src\com\sunsigne\tuto\system\main\Tuto.java,com.sunsigne.tuto.system.main.Tuto,run/0,delta,3
E:\OOD\main\Tuto-master\Tuto-master\Tuto\src\com\sunsigne\tuto\system\main\Tuto.java,com.sunsigne.tuto.system.main.Tuto,run/0,amountOfTicks,1
E:\OOD\main\Tuto-master\Tuto-master\Tuto\src\com\sunsigne\tuto\system\main\Tuto.java,com.sunsigne.tuto.system.main.Tuto,run/0,shouldRender,2
E:\OOD\main\Tuto-master\Tuto-master\Tuto\src\com\sunsigne\tuto\system\main\Tuto.java,com.sunsigne.tuto.system.main.Tuto,stop/0,e,1
E:\OOD\main\Tuto-master\Tuto-master\Tuto\src\com\sunsigne\tuto\util\Camera.java,com.sunsigne.tuto.util.Camera,setX/1[float],x,2
E:\OOD\main\Tuto-master\Tuto-master\Tuto\src\com\sunsigne\tuto\util\Camera.java,com.sunsigne.tuto.util.Camera,setY/1[float],y,2
E:\OOD\main\Tuto-master\Tuto-master\Tuto\src\com\sunsigne\tuto\util\Camera.java,com.sunsigne.tuto.util.Camera,tick/0,player,4
E:\OOD\main\Tuto-master\Tuto-master\Tuto\src\com\sunsigne\tuto\object\HandlerObject.java,com.sunsigne.tuto.object.HandlerObject,HandlerObject/0,camera,3
E:\OOD\main\Tuto-master\Tuto-master\Tuto\src\com\sunsigne\tuto\object\HandlerObject.java,com.sunsigne.tuto.object.HandlerObject,HandlerObject/0,layer,3
E:\OOD\main\Tuto-master\Tuto-master\Tuto\src\com\sunsigne\tuto\object\HandlerObject.java,com.sunsigne.tuto.object.HandlerObject,getImageBank/1[int[]],index,0
E:\OOD\main\Tuto-master\Tuto-master\Tuto\src\com\sunsigne\tuto\object\HandlerObject.java,com.sunsigne.tuto.object.HandlerObject,render/1[java.awt.Graphics],tempObject,3
E:\OOD\main\Tuto-master\Tuto-master\Tuto\src\com\sunsigne\tuto\object\HandlerObject.java,com.sunsigne.tuto.object.HandlerObject,render/1[java.awt.Graphics],g,2
E:\OOD\main\Tuto-master\Tuto-master\Tuto\src\com\sunsigne\tuto\object\HandlerObject.java,com.sunsigne.tuto.object.HandlerObject,render/1[java.awt.Graphics],list,2
E:\OOD\main\Tuto-master\Tuto-master\Tuto\src\com\sunsigne\tuto\object\HandlerObject.java,com.sunsigne.tuto.object.HandlerObject,velocity/1[com.sunsigne.tuto.object.GameObject],tempObject,6
E:\OOD\main\Tuto-master\Tuto-master\Tuto\src\com\sunsigne\tuto\object\HandlerObject.java,com.sunsigne.tuto.object.HandlerObject,collision/1[com.sunsigne.tuto.object.GameObject],clnDetectorObject,1
E:\OOD\main\Tuto-master\Tuto-master\Tuto\src\com\sunsigne\tuto\object\HandlerObject.java,com.sunsigne.tuto.object.HandlerObject,collision/1[com.sunsigne.tuto.object.GameObject],tempObject,2
E:\OOD\main\Tuto-master\Tuto-master\Tuto\src\com\sunsigne\tuto\object\HandlerObject.java,com.sunsigne.tuto.object.HandlerObject,removeObject/1[com.sunsigne.tuto.object.GameObject],list,1
E:\OOD\main\Tuto-master\Tuto-master\Tuto\src\com\sunsigne\tuto\object\HandlerObject.java,com.sunsigne.tuto.object.HandlerObject,removeObject/1[com.sunsigne.tuto.object.GameObject],object,4
E:\OOD\main\Tuto-master\Tuto-master\Tuto\src\com\sunsigne\tuto\object\HandlerObject.java,com.sunsigne.tuto.object.HandlerObject,"drawHitbox/2[com.sunsigne.tuto.object.GameObject,java.awt.Graphics]",tempObject,7
E:\OOD\main\Tuto-master\Tuto-master\Tuto\src\com\sunsigne\tuto\object\HandlerObject.java,com.sunsigne.tuto.object.HandlerObject,"drawHitbox/2[com.sunsigne.tuto.object.GameObject,java.awt.Graphics]",g,1
E:\OOD\main\Tuto-master\Tuto-master\Tuto\src\com\sunsigne\tuto\object\HandlerObject.java,com.sunsigne.tuto.object.HandlerObject,"drawHitbox/2[com.sunsigne.tuto.object.GameObject,java.awt.Graphics]",g2d,6
E:\OOD\main\Tuto-master\Tuto-master\Tuto\src\com\sunsigne\tuto\object\HandlerObject.java,com.sunsigne.tuto.object.HandlerObject,"getObjectAtPos/3[com.sunsigne.tuto.object.GameObject,int,int]",tempObject,3
E:\OOD\main\Tuto-master\Tuto-master\Tuto\src\com\sunsigne\tuto\object\HandlerObject.java,com.sunsigne.tuto.object.HandlerObject,"getObjectAtPos/3[com.sunsigne.tuto.object.GameObject,int,int]",x,1
E:\OOD\main\Tuto-master\Tuto-master\Tuto\src\com\sunsigne\tuto\object\HandlerObject.java,com.sunsigne.tuto.object.HandlerObject,"getObjectAtPos/3[com.sunsigne.tuto.object.GameObject,int,int]",y,1
E:\OOD\main\Tuto-master\Tuto-master\Tuto\src\com\sunsigne\tuto\object\HandlerObject.java,com.sunsigne.tuto.object.HandlerObject,"getObjectAtPos/3[com.sunsigne.tuto.object.GameObject,int,int]",object,2
E:\OOD\main\Tuto-master\Tuto-master\Tuto\src\com\sunsigne\tuto\object\HandlerObject.java,com.sunsigne.tuto.object.HandlerObject,"getList/2[boolean,boolean]",cameraDependency,1
E:\OOD\main\Tuto-master\Tuto-master\Tuto\src\com\sunsigne\tuto\object\HandlerObject.java,com.sunsigne.tuto.object.HandlerObject,"getList/2[boolean,boolean]",layerAboveness,1
E:\OOD\main\Tuto-master\Tuto-master\Tuto\src\com\sunsigne\tuto\object\HandlerObject.java,com.sunsigne.tuto.object.HandlerObject,"getList/2[boolean,boolean]",layerAbove,1
E:\OOD\main\Tuto-master\Tuto-master\Tuto\src\com\sunsigne\tuto\object\HandlerObject.java,com.sunsigne.tuto.object.HandlerObject,"getList/2[boolean,boolean]",cameraDependant,1
E:\OOD\main\Tuto-master\Tuto-master\Tuto\src\com\sunsigne\tuto\object\HandlerObject.java,com.sunsigne.tuto.object.HandlerObject,"tickDependency/2[boolean,boolean]",layerAbove,1
E:\OOD\main\Tuto-master\Tuto-master\Tuto\src\com\sunsigne\tuto\object\HandlerObject.java,com.sunsigne.tuto.object.HandlerObject,"tickDependency/2[boolean,boolean]",cameraDependant,1
E:\OOD\main\Tuto-master\Tuto-master\Tuto\src\com\sunsigne\tuto\object\HandlerObject.java,com.sunsigne.tuto.object.HandlerObject,"tickDependency/2[boolean,boolean]",tempObject,3
E:\OOD\main\Tuto-master\Tuto-master\Tuto\src\com\sunsigne\tuto\object\HandlerObject.java,com.sunsigne.tuto.object.HandlerObject,"tickDependency/2[boolean,boolean]",list,1
E:\OOD\main\Tuto-master\Tuto-master\Tuto\src\com\sunsigne\tuto\object\HandlerObject.java,com.sunsigne.tuto.object.HandlerObject,addObject/1[com.sunsigne.tuto.object.GameObject],list,1
E:\OOD\main\Tuto-master\Tuto-master\Tuto\src\com\sunsigne\tuto\object\HandlerObject.java,com.sunsigne.tuto.object.HandlerObject,addObject/1[com.sunsigne.tuto.object.GameObject],object,4
E:\OOD\main\Tuto-master\Tuto-master\Tuto\src\com\sunsigne\tuto\object\HandlerObject.java,com.sunsigne.tuto.object.HandlerObject,"getObjectAtPos/4[boolean,boolean,int,int]",layerAbove,1
E:\OOD\main\Tuto-master\Tuto-master\Tuto\src\com\sunsigne\tuto\object\HandlerObject.java,com.sunsigne.tuto.object.HandlerObject,"getObjectAtPos/4[boolean,boolean,int,int]",cameraDependant,1
E:\OOD\main\Tuto-master\Tuto-master\Tuto\src\com\sunsigne\tuto\object\HandlerObject.java,com.sunsigne.tuto.object.HandlerObject,"getObjectAtPos/4[boolean,boolean,int,int]",tempObject,3
E:\OOD\main\Tuto-master\Tuto-master\Tuto\src\com\sunsigne\tuto\object\HandlerObject.java,com.sunsigne.tuto.object.HandlerObject,"getObjectAtPos/4[boolean,boolean,int,int]",x,1
E:\OOD\main\Tuto-master\Tuto-master\Tuto\src\com\sunsigne\tuto\object\HandlerObject.java,com.sunsigne.tuto.object.HandlerObject,"getObjectAtPos/4[boolean,boolean,int,int]",y,1
E:\OOD\main\Tuto-master\Tuto-master\Tuto\src\com\sunsigne\tuto\object\HandlerObject.java,com.sunsigne.tuto.object.HandlerObject,"startRenderDependency/2[boolean,boolean]",layerAbove,1
E:\OOD\main\Tuto-master\Tuto-master\Tuto\src\com\sunsigne\tuto\object\HandlerObject.java,com.sunsigne.tuto.object.HandlerObject,"startRenderDependency/2[boolean,boolean]",cameraDependant,1
E:\OOD\main\Tuto-master\Tuto-master\Tuto\src\com\sunsigne\tuto\object\livings\Foe.java,com.sunsigne.tuto.object.livings.Foe,collidingReaction/1[com.sunsigne.tuto.object.GameObject],clnDetectorObject,2
E:\OOD\main\Tuto-master\Tuto-master\Tuto\src\com\sunsigne\tuto\object\livings\Foe.java,com.sunsigne.tuto.object.livings.Foe,collidingReaction/1[com.sunsigne.tuto.object.GameObject],player,1
E:\OOD\main\Tuto-master\Tuto-master\Tuto\src\com\sunsigne\tuto\object\livings\Foe.java,com.sunsigne.tuto.object.livings.Foe,setGoal/1[com.sunsigne.tuto.object.GameObject],goal,2
E:\OOD\main\Tuto-master\Tuto-master\Tuto\src\com\sunsigne\tuto\object\livings\Foe.java,com.sunsigne.tuto.object.livings.Foe,setPath/1[com.sunsigne.tuto.util.Facing.DIRECTION],path,2
E:\OOD\main\Tuto-master\Tuto-master\Tuto\src\com\sunsigne\tuto\object\livings\Foe.java,com.sunsigne.tuto.object.livings.Foe,setStuned/1[boolean],isStuned,3
E:\OOD\main\Tuto-master\Tuto-master\Tuto\src\com\sunsigne\tuto\object\livings\Foe.java,com.sunsigne.tuto.object.livings.Foe,"Foe/2[int,int]",x,1
E:\OOD\main\Tuto-master\Tuto-master\Tuto\src\com\sunsigne\tuto\object\livings\Foe.java,com.sunsigne.tuto.object.livings.Foe,"Foe/2[int,int]",y,1
E:\OOD\main\Tuto-master\Tuto-master\Tuto\src\com\sunsigne\tuto\object\livings\Foe.java,com.sunsigne.tuto.object.livings.Foe,"Foe/3[java.lang.String,int,int]",name,1
E:\OOD\main\Tuto-master\Tuto-master\Tuto\src\com\sunsigne\tuto\object\livings\Foe.java,com.sunsigne.tuto.object.livings.Foe,"Foe/3[java.lang.String,int,int]",x,1
E:\OOD\main\Tuto-master\Tuto-master\Tuto\src\com\sunsigne\tuto\object\livings\Foe.java,com.sunsigne.tuto.object.livings.Foe,"Foe/3[java.lang.String,int,int]",y,1
E:\OOD\main\Tuto-master\Tuto-master\Tuto\src\com\sunsigne\tuto\object\livings\LivingObject.java,com.sunsigne.tuto.object.livings.LivingObject,render/1[java.awt.Graphics],img,1
E:\OOD\main\Tuto-master\Tuto-master\Tuto\src\com\sunsigne\tuto\object\livings\LivingObject.java,com.sunsigne.tuto.object.livings.LivingObject,render/1[java.awt.Graphics],g,1
E:\OOD\main\Tuto-master\Tuto-master\Tuto\src\com\sunsigne\tuto\object\livings\LivingObject.java,com.sunsigne.tuto.object.livings.LivingObject,render/1[java.awt.Graphics],facing,2
E:\OOD\main\Tuto-master\Tuto-master\Tuto\src\com\sunsigne\tuto\object\livings\LivingObject.java,com.sunsigne.tuto.object.livings.LivingObject,setPushed/1[boolean],isPushed,2
E:\OOD\main\Tuto-master\Tuto-master\Tuto\src\com\sunsigne\tuto\object\livings\LivingObject.java,com.sunsigne.tuto.object.livings.LivingObject,getImageBank/1[int[]],index,0
E:\OOD\main\Tuto-master\Tuto-master\Tuto\src\com\sunsigne\tuto\object\livings\LivingObject.java,com.sunsigne.tuto.object.livings.LivingObject,"LivingObject/3[java.lang.String,int,int]",name,2
E:\OOD\main\Tuto-master\Tuto-master\Tuto\src\com\sunsigne\tuto\object\livings\LivingObject.java,com.sunsigne.tuto.object.livings.LivingObject,"LivingObject/3[java.lang.String,int,int]",x,1
E:\OOD\main\Tuto-master\Tuto-master\Tuto\src\com\sunsigne\tuto\object\livings\LivingObject.java,com.sunsigne.tuto.object.livings.LivingObject,"LivingObject/3[java.lang.String,int,int]",y,1
E:\OOD\main\Tuto-master\Tuto-master\Tuto\src\com\sunsigne\tuto\object\livings\LivingObject.java,com.sunsigne.tuto.object.livings.LivingObject,freezeAnimation/0,i,3
E:\OOD\main\Tuto-master\Tuto-master\Tuto\src\com\sunsigne\tuto\object\livings\LivingObject.java,com.sunsigne.tuto.object.livings.LivingObject,getImages/1[com.sunsigne.tuto.util.Facing.DIRECTION],img3,1
E:\OOD\main\Tuto-master\Tuto-master\Tuto\src\com\sunsigne\tuto\object\livings\LivingObject.java,com.sunsigne.tuto.object.livings.LivingObject,getImages/1[com.sunsigne.tuto.util.Facing.DIRECTION],img0,1
E:\OOD\main\Tuto-master\Tuto-master\Tuto\src\com\sunsigne\tuto\object\livings\LivingObject.java,com.sunsigne.tuto.object.livings.LivingObject,getImages/1[com.sunsigne.tuto.util.Facing.DIRECTION],img2,1
E:\OOD\main\Tuto-master\Tuto-master\Tuto\src\com\sunsigne\tuto\object\livings\LivingObject.java,com.sunsigne.tuto.object.livings.LivingObject,getImages/1[com.sunsigne.tuto.util.Facing.DIRECTION],direction,4
E:\OOD\main\Tuto-master\Tuto-master\Tuto\src\com\sunsigne\tuto\object\livings\LivingObject.java,com.sunsigne.tuto.object.livings.LivingObject,getImages/1[com.sunsigne.tuto.util.Facing.DIRECTION],img1,1
E:\OOD\main\Tuto-master\Tuto-master\Tuto\src\com\sunsigne\tuto\object\livings\LivingObject.java,com.sunsigne.tuto.object.livings.LivingObject,setFacing/1[com.sunsigne.tuto.util.Facing.DIRECTION],facing,2
E:\OOD\main\Tuto-master\Tuto-master\Tuto\src\com\sunsigne\tuto\object\livings\LivingObject.java,com.sunsigne.tuto.object.livings.LivingObject,pushToward/1[com.sunsigne.tuto.util.Facing.DIRECTION],facing,1
E:\OOD\main\Tuto-master\Tuto-master\Tuto\src\com\sunsigne\tuto\object\livings\LivingObject.java,com.sunsigne.tuto.object.livings.LivingObject,getImage/1[java.lang.String],path,1
E:\OOD\main\Tuto-master\Tuto-master\Tuto\src\com\sunsigne\tuto\object\livings\LivingObject.java,com.sunsigne.tuto.object.livings.LivingObject,getImage/1[java.lang.String],imageName,2
E:\OOD\main\Tuto-master\Tuto-master\Tuto\src\com\sunsigne\tuto\object\livings\LivingObject.java,com.sunsigne.tuto.object.livings.LivingObject,getImage/1[java.lang.String],backupPath,1
E:\OOD\main\Tuto-master\Tuto-master\Tuto\src\com\sunsigne\tuto\object\livings\LivingObject.java,com.sunsigne.tuto.object.livings.LivingObject,runAnimation/0,i,3
E:\OOD\main\Tuto-master\Tuto-master\Tuto\src\com\sunsigne\tuto\object\livings\LivingObject.java,com.sunsigne.tuto.object.livings.LivingObject,pushed/1[com.sunsigne.tuto.util.Facing.DIRECTION],facing,4
E:\OOD\main\Tuto-master\Tuto-master\Tuto\src\com\sunsigne\tuto\ressources\images\ImageBank.java,com.sunsigne.tuto.ressources.images.ImageBank,ImageBank/1[java.awt.image.BufferedImage],bufferedImage,2
E:\OOD\main\Tuto-master\Tuto-master\Tuto\src\com\sunsigne\tuto\ressources\images\ImageBank.java,com.sunsigne.tuto.ressources.images.ImageBank,loadRessources/0,i,4
E:\OOD\main\Tuto-master\Tuto-master\Tuto\src\com\sunsigne\tuto\ressources\images\ImageBank.java,com.sunsigne.tuto.ressources.images.ImageBank,loadRessources/0,j,4
