file,class,method,variable,usage
E:\OOD\main\Java-Snake-Game-master\Java-Snake-Game-master\src\com\zetcode\Board.java,com.zetcode.Board,loadImages/0,head,1
E:\OOD\main\Java-Snake-Game-master\Java-Snake-Game-master\src\com\zetcode\Board.java,com.zetcode.Board,loadImages/0,ball,1
E:\OOD\main\Java-Snake-Game-master\Java-Snake-Game-master\src\com\zetcode\Board.java,com.zetcode.Board,loadImages/0,apple,1
E:\OOD\main\Java-Snake-Game-master\Java-Snake-Game-master\src\com\zetcode\Board.java,com.zetcode.Board,actionPerformed/1[java.awt.event.ActionEvent],inGame,1
E:\OOD\main\Java-Snake-Game-master\Java-Snake-Game-master\src\com\zetcode\Board.java,com.zetcode.Board,initBoard/0,B_WIDTH,1
E:\OOD\main\Java-Snake-Game-master\Java-Snake-Game-master\src\com\zetcode\Board.java,com.zetcode.Board,initBoard/0,B_HEIGHT,1
E:\OOD\main\Java-Snake-Game-master\Java-Snake-Game-master\src\com\zetcode\Board.java,com.zetcode.Board,initGame/0,timer,2
E:\OOD\main\Java-Snake-Game-master\Java-Snake-Game-master\src\com\zetcode\Board.java,com.zetcode.Board,initGame/0,dots,2
E:\OOD\main\Java-Snake-Game-master\Java-Snake-Game-master\src\com\zetcode\Board.java,com.zetcode.Board,initGame/0,x,1
E:\OOD\main\Java-Snake-Game-master\Java-Snake-Game-master\src\com\zetcode\Board.java,com.zetcode.Board,initGame/0,y,1
E:\OOD\main\Java-Snake-Game-master\Java-Snake-Game-master\src\com\zetcode\Board.java,com.zetcode.Board,initGame/0,DELAY,1
E:\OOD\main\Java-Snake-Game-master\Java-Snake-Game-master\src\com\zetcode\Board.java,com.zetcode.Board,gameOver/1[java.awt.Graphics],B_WIDTH,1
E:\OOD\main\Java-Snake-Game-master\Java-Snake-Game-master\src\com\zetcode\Board.java,com.zetcode.Board,gameOver/1[java.awt.Graphics],B_HEIGHT,1
E:\OOD\main\Java-Snake-Game-master\Java-Snake-Game-master\src\com\zetcode\Board.java,com.zetcode.Board,checkCollision/0,timer,1
E:\OOD\main\Java-Snake-Game-master\Java-Snake-Game-master\src\com\zetcode\Board.java,com.zetcode.Board,checkCollision/0,dots,1
E:\OOD\main\Java-Snake-Game-master\Java-Snake-Game-master\src\com\zetcode\Board.java,com.zetcode.Board,checkCollision/0,x,4
E:\OOD\main\Java-Snake-Game-master\Java-Snake-Game-master\src\com\zetcode\Board.java,com.zetcode.Board,checkCollision/0,y,4
E:\OOD\main\Java-Snake-Game-master\Java-Snake-Game-master\src\com\zetcode\Board.java,com.zetcode.Board,checkCollision/0,B_WIDTH,1
E:\OOD\main\Java-Snake-Game-master\Java-Snake-Game-master\src\com\zetcode\Board.java,com.zetcode.Board,checkCollision/0,inGame,6
E:\OOD\main\Java-Snake-Game-master\Java-Snake-Game-master\src\com\zetcode\Board.java,com.zetcode.Board,checkCollision/0,B_HEIGHT,1
E:\OOD\main\Java-Snake-Game-master\Java-Snake-Game-master\src\com\zetcode\Board.java,com.zetcode.Board,checkApple/0,dots,1
E:\OOD\main\Java-Snake-Game-master\Java-Snake-Game-master\src\com\zetcode\Board.java,com.zetcode.Board,checkApple/0,x,1
E:\OOD\main\Java-Snake-Game-master\Java-Snake-Game-master\src\com\zetcode\Board.java,com.zetcode.Board,checkApple/0,y,1
E:\OOD\main\Java-Snake-Game-master\Java-Snake-Game-master\src\com\zetcode\Board.java,com.zetcode.Board,checkApple/0,apple_x,1
E:\OOD\main\Java-Snake-Game-master\Java-Snake-Game-master\src\com\zetcode\Board.java,com.zetcode.Board,checkApple/0,apple_y,1
E:\OOD\main\Java-Snake-Game-master\Java-Snake-Game-master\src\com\zetcode\Board.java,com.zetcode.Board,move/0,DOT_SIZE,4
E:\OOD\main\Java-Snake-Game-master\Java-Snake-Game-master\src\com\zetcode\Board.java,com.zetcode.Board,move/0,dots,1
E:\OOD\main\Java-Snake-Game-master\Java-Snake-Game-master\src\com\zetcode\Board.java,com.zetcode.Board,move/0,x,4
E:\OOD\main\Java-Snake-Game-master\Java-Snake-Game-master\src\com\zetcode\Board.java,com.zetcode.Board,move/0,downDirection,1
E:\OOD\main\Java-Snake-Game-master\Java-Snake-Game-master\src\com\zetcode\Board.java,com.zetcode.Board,move/0,y,4
E:\OOD\main\Java-Snake-Game-master\Java-Snake-Game-master\src\com\zetcode\Board.java,com.zetcode.Board,move/0,leftDirection,1
E:\OOD\main\Java-Snake-Game-master\Java-Snake-Game-master\src\com\zetcode\Board.java,com.zetcode.Board,move/0,upDirection,1
E:\OOD\main\Java-Snake-Game-master\Java-Snake-Game-master\src\com\zetcode\Board.java,com.zetcode.Board,move/0,rightDirection,1
E:\OOD\main\Java-Snake-Game-master\Java-Snake-Game-master\src\com\zetcode\Board.java,com.zetcode.Board,doDrawing/1[java.awt.Graphics],head,1
E:\OOD\main\Java-Snake-Game-master\Java-Snake-Game-master\src\com\zetcode\Board.java,com.zetcode.Board,doDrawing/1[java.awt.Graphics],apple,1
E:\OOD\main\Java-Snake-Game-master\Java-Snake-Game-master\src\com\zetcode\Board.java,com.zetcode.Board,doDrawing/1[java.awt.Graphics],ball,1
E:\OOD\main\Java-Snake-Game-master\Java-Snake-Game-master\src\com\zetcode\Board.java,com.zetcode.Board,doDrawing/1[java.awt.Graphics],dots,1
E:\OOD\main\Java-Snake-Game-master\Java-Snake-Game-master\src\com\zetcode\Board.java,com.zetcode.Board,doDrawing/1[java.awt.Graphics],x,2
E:\OOD\main\Java-Snake-Game-master\Java-Snake-Game-master\src\com\zetcode\Board.java,com.zetcode.Board,doDrawing/1[java.awt.Graphics],y,2
E:\OOD\main\Java-Snake-Game-master\Java-Snake-Game-master\src\com\zetcode\Board.java,com.zetcode.Board,doDrawing/1[java.awt.Graphics],inGame,1
E:\OOD\main\Java-Snake-Game-master\Java-Snake-Game-master\src\com\zetcode\Board.java,com.zetcode.Board,doDrawing/1[java.awt.Graphics],apple_x,1
E:\OOD\main\Java-Snake-Game-master\Java-Snake-Game-master\src\com\zetcode\Board.java,com.zetcode.Board,doDrawing/1[java.awt.Graphics],apple_y,1
E:\OOD\main\Java-Snake-Game-master\Java-Snake-Game-master\src\com\zetcode\Board.java,com.zetcode.Board,locateApple/0,RAND_POS,2
E:\OOD\main\Java-Snake-Game-master\Java-Snake-Game-master\src\com\zetcode\Board.java,com.zetcode.Board,locateApple/0,DOT_SIZE,2
E:\OOD\main\Java-Snake-Game-master\Java-Snake-Game-master\src\com\zetcode\Board.java,com.zetcode.Board,locateApple/0,apple_x,1
E:\OOD\main\Java-Snake-Game-master\Java-Snake-Game-master\src\com\zetcode\Board.java,com.zetcode.Board,locateApple/0,apple_y,1
