file,class,method,constructor,line,cbo,cboModified,fanin,fanout,wmc,rfc,loc,returnsQty,variablesQty,parametersQty,methodsInvokedQty,methodsInvokedLocalQty,methodsInvokedIndirectLocalQty,loopQty,comparisonsQty,tryCatchQty,parenthesizedExpsQty,stringLiteralsQty,numbersQty,assignmentsQty,mathOperationsQty,maxNestedBlocksQty,anonymousClassesQty,innerClassesQty,lambdasQty,uniqueWordsQty,modifiers,logStatementsQty,hasJavaDoc
E:\OOD\main\Java-Snake-Game-master\Java-Snake-Game-master\src\com\zetcode\Board.java,com.zetcode.Board$TAdapter,keyPressed/1[java.awt.event.KeyEvent],false,216,0,0,0,0,9,1,23,0,1,1,1,0,0,0,4,0,8,0,0,13,0,1,0,0,0,12,1,0,false
E:\OOD\main\Java-Snake-Game-master\Java-Snake-Game-master\src\com\zetcode\Board.java,com.zetcode.Board,loadImages/0,false,61,0,1,1,0,1,1,8,0,3,0,1,0,0,0,0,0,0,3,0,6,0,0,0,0,0,11,2,0,false
E:\OOD\main\Java-Snake-Game-master\Java-Snake-Game-master\src\com\zetcode\Board.java,com.zetcode.Board,actionPerformed/1[java.awt.event.ActionEvent],false,201,1,3,0,3,2,4,8,0,0,1,4,3,2,0,0,0,0,0,0,0,0,1,0,0,0,12,1,0,false
E:\OOD\main\Java-Snake-Game-master\Java-Snake-Game-master\src\com\zetcode\Board.java,com.zetcode.Board,initBoard/0,false,50,2,4,1,3,1,6,8,0,0,0,6,2,2,0,0,0,0,0,0,0,0,0,0,0,0,17,2,0,false
E:\OOD\main\Java-Snake-Game-master\Java-Snake-Game-master\src\com\zetcode\Board.java,com.zetcode.Board,initGame/0,false,73,1,2,1,1,2,2,10,0,1,0,2,1,1,1,0,0,0,0,5,5,2,1,0,0,0,8,2,0,false
E:\OOD\main\Java-Snake-Game-master\Java-Snake-Game-master\src\com\zetcode\Board.java,com.zetcode.Board,gameOver/1[java.awt.Graphics],false,117,0,1,1,0,1,5,8,0,3,1,5,0,0,0,0,0,1,2,3,3,3,0,0,0,0,17,2,0,false
E:\OOD\main\Java-Snake-Game-master\Java-Snake-Game-master\src\com\zetcode\Board.java,com.zetcode.Board,checkCollision/0,false,161,0,1,1,0,10,1,22,0,1,0,1,0,0,1,2,0,3,0,10,6,0,2,0,0,0,16,2,0,false
E:\OOD\main\Java-Snake-Game-master\Java-Snake-Game-master\src\com\zetcode\Board.java,com.zetcode.Board,checkApple/0,false,128,1,2,1,1,3,1,6,0,0,0,1,1,1,0,2,0,2,0,2,0,0,1,0,0,0,7,2,0,false
E:\OOD\main\Java-Snake-Game-master\Java-Snake-Game-master\src\com\zetcode\Board.java,com.zetcode.Board,move/0,false,137,0,1,1,0,6,0,18,0,1,0,0,0,0,1,0,0,2,0,7,7,2,1,0,0,0,16,2,0,false
E:\OOD\main\Java-Snake-Game-master\Java-Snake-Game-master\src\com\zetcode\Board.java,com.zetcode.Board,doDrawing/1[java.awt.Graphics],false,95,1,2,1,1,4,4,17,0,1,1,4,1,1,1,1,0,0,0,2,1,0,3,0,0,0,10,2,0,false
E:\OOD\main\Java-Snake-Game-master\Java-Snake-Game-master\src\com\zetcode\Board.java,com.zetcode.Board,Board/0,true,45,1,2,1,1,1,1,3,0,0,0,1,1,3,0,0,0,0,0,0,0,0,0,0,0,0,2,1,0,false
E:\OOD\main\Java-Snake-Game-master\Java-Snake-Game-master\src\com\zetcode\Board.java,com.zetcode.Board,paintComponent/1[java.awt.Graphics],false,89,1,1,0,1,1,2,4,0,0,1,2,1,2,0,0,0,0,0,0,0,0,0,0,0,0,6,1,0,false
E:\OOD\main\Java-Snake-Game-master\Java-Snake-Game-master\src\com\zetcode\Board.java,com.zetcode.Board,locateApple/0,false,191,0,2,2,0,1,1,6,0,1,0,1,0,0,0,0,0,6,0,0,4,4,0,0,0,0,18,2,0,false
E:\OOD\main\Java-Snake-Game-master\Java-Snake-Game-master\src\com\zetcode\Snake.java,com.zetcode.Snake,initUI/0,false,13,1,2,1,1,1,6,8,0,0,0,6,0,0,0,0,0,0,1,0,0,0,0,0,0,0,17,2,0,false
E:\OOD\main\Java-Snake-Game-master\Java-Snake-Game-master\src\com\zetcode\Snake.java,com.zetcode.Snake,main/1[java.lang.String[]],false,26,1,1,0,1,1,2,7,0,1,1,2,0,0,0,0,0,0,0,0,1,0,1,0,0,1,7,9,0,false
E:\OOD\main\Java-Snake-Game-master\Java-Snake-Game-master\src\com\zetcode\Snake.java,com.zetcode.Snake,Snake/0,true,8,1,2,1,1,1,1,3,0,0,0,1,1,1,0,0,0,0,0,0,0,0,0,0,0,0,4,1,0,false
