file,class,method,variable,usage
E:\OOD\main\Java-Snake-Game-master\Java-Snake-Game-master\src\com\zetcode\Board.java,com.zetcode.Board$TAdapter,keyPressed/1[java.awt.event.KeyEvent],e,1
E:\OOD\main\Java-Snake-Game-master\Java-Snake-Game-master\src\com\zetcode\Board.java,com.zetcode.Board$TAdapter,keyPressed/1[java.awt.event.KeyEvent],key,4
E:\OOD\main\Java-Snake-Game-master\Java-Snake-Game-master\src\com\zetcode\Board.java,com.zetcode.Board,loadImages/0,iia,1
E:\OOD\main\Java-Snake-Game-master\Java-Snake-Game-master\src\com\zetcode\Board.java,com.zetcode.Board,loadImages/0,iid,1
E:\OOD\main\Java-Snake-Game-master\Java-Snake-Game-master\src\com\zetcode\Board.java,com.zetcode.Board,loadImages/0,iih,1
E:\OOD\main\Java-Snake-Game-master\Java-Snake-Game-master\src\com\zetcode\Board.java,com.zetcode.Board,actionPerformed/1[java.awt.event.ActionEvent],e,0
E:\OOD\main\Java-Snake-Game-master\Java-Snake-Game-master\src\com\zetcode\Board.java,com.zetcode.Board,initGame/0,z,5
E:\OOD\main\Java-Snake-Game-master\Java-Snake-Game-master\src\com\zetcode\Board.java,com.zetcode.Board,gameOver/1[java.awt.Graphics],msg,2
E:\OOD\main\Java-Snake-Game-master\Java-Snake-Game-master\src\com\zetcode\Board.java,com.zetcode.Board,gameOver/1[java.awt.Graphics],small,2
E:\OOD\main\Java-Snake-Game-master\Java-Snake-Game-master\src\com\zetcode\Board.java,com.zetcode.Board,gameOver/1[java.awt.Graphics],metr,1
E:\OOD\main\Java-Snake-Game-master\Java-Snake-Game-master\src\com\zetcode\Board.java,com.zetcode.Board,gameOver/1[java.awt.Graphics],g,3
E:\OOD\main\Java-Snake-Game-master\Java-Snake-Game-master\src\com\zetcode\Board.java,com.zetcode.Board,checkCollision/0,z,5
E:\OOD\main\Java-Snake-Game-master\Java-Snake-Game-master\src\com\zetcode\Board.java,com.zetcode.Board,move/0,z,6
E:\OOD\main\Java-Snake-Game-master\Java-Snake-Game-master\src\com\zetcode\Board.java,com.zetcode.Board,doDrawing/1[java.awt.Graphics],g,4
E:\OOD\main\Java-Snake-Game-master\Java-Snake-Game-master\src\com\zetcode\Board.java,com.zetcode.Board,doDrawing/1[java.awt.Graphics],z,7
E:\OOD\main\Java-Snake-Game-master\Java-Snake-Game-master\src\com\zetcode\Board.java,com.zetcode.Board,paintComponent/1[java.awt.Graphics],g,2
E:\OOD\main\Java-Snake-Game-master\Java-Snake-Game-master\src\com\zetcode\Board.java,com.zetcode.Board,locateApple/0,r,3
E:\OOD\main\Java-Snake-Game-master\Java-Snake-Game-master\src\com\zetcode\Snake.java,com.zetcode.Snake,main/1[java.lang.String[]],args,0
E:\OOD\main\Java-Snake-Game-master\Java-Snake-Game-master\src\com\zetcode\Snake.java,com.zetcode.Snake,main/1[java.lang.String[]],ex,1
