file,class,type,cbo,cboModified,fanin,fanout,wmc,dit,noc,rfc,lcom,lcom*,tcc,lcc,totalMethodsQty,staticMethodsQty,publicMethodsQty,privateMethodsQty,protectedMethodsQty,defaultMethodsQty,visibleMethodsQty,abstractMethodsQty,finalMethodsQty,synchronizedMethodsQty,totalFieldsQty,staticFieldsQty,publicFieldsQty,privateFieldsQty,protectedFieldsQty,defaultFieldsQty,finalFieldsQty,synchronizedFieldsQty,nosi,loc,returnQty,loopQty,comparisonsQty,tryCatchQty,parenthesizedExpsQty,stringLiteralsQty,numbersQty,assignmentsQty,mathOperationsQty,variablesQty,maxNestedBlocksQty,anonymousClassesQty,innerClassesQty,lambdasQty,uniqueWordsQty,modifiers,logStatementsQty
E:\OOD\main\Citadelles-master\Citadelles-master\src\test\TestRoi.java,test.TestRoi,class,6,7,1,6,34,1,0,34,55,0.0,0.0,0.0,11,1,11,0,0,0,11,0,0,0,0,0,0,0,0,0,0,0,27,129,0,0,23,0,0,56,25,27,0,27,0,0,0,0,62,1,0
E:\OOD\main\Citadelles-master\Citadelles-master\src\modele\Condottiere.java,modele.Condottiere,class,6,10,4,6,50,2,0,27,6,0.0,0.0,0.0,4,0,4,0,0,0,4,0,0,0,0,0,0,0,0,0,0,0,6,156,0,9,10,5,15,47,46,43,23,39,9,0,0,0,69,1,0
E:\OOD\main\Citadelles-master\Citadelles-master\src\modele\Voleur.java,modele.Voleur,class,4,9,5,4,16,2,0,18,3,0.0,0.0,0.0,3,0,3,0,0,0,3,0,0,0,0,0,0,0,0,0,0,0,2,49,0,5,5,0,1,16,13,9,7,7,2,0,0,0,28,1,0
E:\OOD\main\Citadelles-master\Citadelles-master\src\modele\Espion.java,modele.Espion,class,6,6,0,6,20,2,0,20,3,0.0,0.0,0.0,3,0,3,0,0,0,3,0,0,0,0,0,0,0,0,0,0,0,2,94,0,8,0,1,2,16,17,27,11,21,4,0,0,0,42,1,0
E:\OOD\main\Citadelles-master\Citadelles-master\src\test\TestEveque.java,test.TestEveque,class,6,7,1,6,9,1,0,15,3,0.0,0.0,0.0,3,1,3,0,0,0,3,0,0,0,0,0,0,0,0,0,0,0,8,32,0,0,6,0,0,15,9,7,0,7,0,0,0,0,40,1,0
E:\OOD\main\Citadelles-master\Citadelles-master\src\test\TestQuartier.java,test.TestQuartier,class,3,4,1,3,17,1,0,18,28,0.0,0.0,0.0,8,1,8,0,0,0,8,0,0,0,0,0,0,0,0,0,0,0,31,79,0,0,9,0,0,69,22,9,0,9,0,0,0,0,51,1,0
E:\OOD\main\Citadelles-master\Citadelles-master\src\modele\Archiviste.java,modele.Archiviste,class,6,6,0,6,14,2,0,14,3,0.0,0.0,0.0,3,0,3,0,0,0,3,0,0,0,0,0,0,0,0,0,0,0,1,73,0,5,0,2,0,10,11,10,2,10,3,0,0,0,26,1,0
E:\OOD\main\Citadelles-master\Citadelles-master\src\modele\Assassin.java,modele.Assassin,class,4,11,7,4,7,2,0,11,3,0.0,0.0,0.0,3,0,3,0,0,0,3,0,0,0,0,0,0,0,0,0,0,0,2,31,0,3,0,0,1,11,7,4,6,3,2,0,0,0,17,1,0
E:\OOD\main\Citadelles-master\Citadelles-master\src\modele\Marchande.java,modele.Marchande,class,3,7,4,3,8,2,0,6,6,0.0,0.0,0.0,4,0,4,0,0,0,4,0,0,0,0,0,0,0,0,0,0,0,0,29,0,1,0,1,0,4,5,1,0,1,4,0,0,0,18,1,0
E:\OOD\main\Citadelles-master\Citadelles-master\src\test\TestArchitecte.java,test.TestArchitecte,class,8,9,1,8,9,1,0,17,3,0.0,0.0,0.0,3,1,3,0,0,0,3,0,0,0,0,0,0,0,0,0,0,0,8,35,0,0,6,0,0,15,9,9,0,9,0,0,0,0,34,1,0
E:\OOD\main\Citadelles-master\Citadelles-master\src\test\TestPioche.java,test.TestPioche,class,4,5,1,4,16,1,0,11,10,0.0,0.0,0.0,5,1,5,0,0,0,5,0,0,0,0,0,0,0,0,0,0,0,7,76,0,1,10,0,0,31,39,27,1,14,1,0,0,0,40,1,0
E:\OOD\main\Citadelles-master\Citadelles-master\src\application\Jeu.java,application.Jeu,class,17,20,3,17,155,1,0,87,28,0.6984127,0.33333334,0.33333334,21,0,3,18,0,0,3,0,0,0,3,0,0,3,0,0,0,0,33,682,2,43,17,7,12,171,154,143,80,107,8,0,0,0,241,1,0
E:\OOD\main\Citadelles-master\Citadelles-master\src\test\TestMarchande.java,test.TestMarchande,class,6,7,1,6,10,1,0,16,3,0.0,0.0,0.0,3,1,3,0,0,0,3,0,0,0,0,0,0,0,0,0,0,0,9,34,0,0,7,0,0,16,10,7,0,7,0,0,0,0,47,1,0
E:\OOD\main\Citadelles-master\Citadelles-master\src\application\Configuration.java,application.Configuration,class,12,14,2,12,6,1,0,4,1,0.5,0.0,0.0,2,2,2,0,0,0,2,0,0,0,31,31,0,31,0,0,0,0,0,105,2,4,0,0,0,35,70,49,0,49,1,0,0,0,77,1,0
E:\OOD\main\Citadelles-master\Citadelles-master\src\test\TestAvatar.java,test.TestAvatar,class,14,15,1,14,2,1,0,20,1,0.0,0.0,0.0,2,1,2,0,0,0,2,0,0,0,0,0,0,0,0,0,0,0,0,151,0,0,0,0,0,47,62,50,0,20,0,0,0,0,39,1,0
E:\OOD\main\Citadelles-master\Citadelles-master\src\modele\Pioche.java,modele.Pioche,class,1,17,16,1,6,1,0,5,0,0.0,1.0,1.0,5,0,5,0,0,0,5,0,0,0,1,0,0,1,0,0,0,0,1,26,3,0,0,0,0,0,3,2,0,2,1,0,0,0,11,1,0
E:\OOD\main\Citadelles-master\Citadelles-master\src\modele\Personnage.java,modele.Personnage,class,3,29,26,3,25,1,13,3,89,0.80451125,0.23976608,0.53801167,19,0,19,0,0,0,19,2,0,0,5,0,1,0,4,0,0,0,0,74,7,0,6,0,0,0,1,15,0,7,1,0,0,0,35,1025,0
E:\OOD\main\Citadelles-master\Citadelles-master\src\test\TestInteraction.java,test.TestInteraction,class,3,4,1,3,10,1,0,9,10,0.0,0.0,0.0,5,1,5,0,0,0,5,0,0,0,0,0,0,0,0,0,0,0,8,34,0,0,3,0,0,15,5,6,3,6,0,0,0,0,38,1,0
E:\OOD\main\Citadelles-master\Citadelles-master\src\test\TestMagicienne.java,test.TestMagicienne,class,10,11,1,10,13,1,0,23,3,0.0,0.0,0.0,3,1,3,0,0,0,3,0,0,0,0,0,0,0,0,0,0,0,4,94,0,6,4,0,0,46,32,34,12,24,1,0,0,0,44,1,0
E:\OOD\main\Citadelles-master\Citadelles-master\src\modele\Magicienne.java,modele.Magicienne,class,6,10,4,6,12,2,0,23,3,0.0,0.0,0.0,3,0,3,0,0,0,3,0,0,0,0,0,0,0,0,0,0,0,8,66,0,6,2,0,2,12,16,20,11,18,3,0,0,0,38,1,0
E:\OOD\main\Citadelles-master\Citadelles-master\src\test\TestPlateauDeJeu.java,test.TestPlateauDeJeu,class,7,8,1,7,14,1,0,15,10,0.0,0.0,0.0,5,1,5,0,0,0,5,0,0,0,0,0,0,0,0,0,0,0,8,39,0,0,9,0,0,13,7,8,0,8,0,0,0,0,33,1,0
E:\OOD\main\Citadelles-master\Citadelles-master\src\modele\Sorcier.java,modele.Sorcier,class,5,5,0,5,25,2,0,21,3,0.0,0.0,0.0,3,0,3,0,0,0,3,0,0,0,0,0,0,0,0,0,0,0,3,114,0,6,6,0,0,16,16,24,3,17,4,0,0,0,48,1,0
E:\OOD\main\Citadelles-master\Citadelles-master\src\test\TestCondottiere.java,test.TestCondottiere,class,11,12,1,11,15,1,0,25,6,0.0,0.0,0.0,4,1,4,0,0,0,4,0,0,0,0,0,0,0,0,0,0,0,5,112,0,6,5,0,0,52,40,39,12,29,1,0,0,0,56,1,0
E:\OOD\main\Citadelles-master\Citadelles-master\src\modele\Empereur.java,modele.Empereur,class,5,5,0,5,44,2,0,22,6,0.0,0.0,0.0,4,0,4,0,0,0,4,0,0,0,0,0,0,0,0,0,0,0,2,200,0,6,19,4,0,25,41,42,8,32,5,0,0,0,75,1,0
E:\OOD\main\Citadelles-master\Citadelles-master\src\modele\Joueur.java,modele.Joueur,class,3,31,28,3,40,1,0,13,88,0.7857143,0.2904762,1.0,21,0,21,0,0,0,21,0,0,0,6,0,1,4,1,0,0,0,0,136,16,7,4,0,0,1,19,29,2,18,3,0,0,0,44,1,0
E:\OOD\main\Citadelles-master\Citadelles-master\src\test\Test.java,test.Test,class,0,14,14,0,3,1,0,6,0,0.0,NaN,NaN,1,1,1,0,0,0,1,0,0,0,0,0,0,0,0,0,0,0,0,17,0,0,0,1,1,5,1,1,0,1,1,0,0,0,11,1,0
E:\OOD\main\Citadelles-master\Citadelles-master\src\modele\PlateauDeJeu.java,modele.PlateauDeJeu,class,4,27,23,4,26,1,0,4,10,0.7,0.42424244,1.0,12,0,12,0,0,0,12,0,0,0,4,0,0,4,0,0,0,0,0,84,7,4,5,0,0,0,10,15,0,9,2,0,0,0,30,1,0
E:\OOD\main\Citadelles-master\Citadelles-master\src\test\TestJoueur.java,test.TestJoueur,class,4,5,1,4,26,1,0,19,15,0.0,0.0,0.0,6,1,6,0,0,0,6,0,0,0,0,0,0,0,0,0,0,0,16,75,0,0,20,0,1,39,41,17,0,17,0,0,0,0,42,1,0
E:\OOD\main\Citadelles-master\Citadelles-master\src\modele\Caracteristiques.java,modele.Caracteristiques,class,0,0,0,0,0,1,0,0,0,NaN,-1.0,-1.0,0,0,0,0,0,0,0,0,0,0,27,27,27,0,0,0,0,0,0,29,0,0,0,0,0,86,0,27,27,27,0,0,0,0,162,1,0
E:\OOD\main\Citadelles-master\Citadelles-master\src\test\TestJeu.java,test.TestJeu,class,2,3,1,2,2,1,0,2,1,0.0,0.0,0.0,2,1,2,0,0,0,2,0,0,0,0,0,0,0,0,0,0,0,0,10,0,0,0,0,0,0,0,2,0,2,0,0,0,0,6,1,0
E:\OOD\main\Citadelles-master\Citadelles-master\src\test\TestConfiguration.java,test.TestConfiguration,class,5,6,1,5,6,1,0,9,1,0.0,0.0,0.0,2,1,2,0,0,0,2,0,0,0,0,0,0,0,0,0,0,0,6,16,0,0,4,0,0,4,4,4,0,3,0,0,0,0,21,1,0
E:\OOD\main\Citadelles-master\Citadelles-master\src\modele\Roi.java,modele.Roi,class,4,13,9,4,15,2,0,7,6,0.0,0.0,0.0,4,0,4,0,0,0,4,0,0,0,0,0,0,0,0,0,0,0,0,34,0,3,8,0,0,4,4,3,0,3,3,0,0,0,18,1,0
E:\OOD\main\Citadelles-master\Citadelles-master\src\modele\Architecte.java,modele.Architecte,class,5,9,4,5,5,2,0,4,3,0.0,0.0,0.0,3,0,3,0,0,0,3,0,0,0,0,0,0,0,0,0,0,0,0,19,0,2,0,0,0,3,5,4,0,4,1,0,0,0,9,1,0
E:\OOD\main\Citadelles-master\Citadelles-master\src\test\TestAssassin.java,test.TestAssassin,class,6,7,1,6,6,1,0,9,3,0.0,0.0,0.0,3,1,3,0,0,0,3,0,0,0,0,0,0,0,0,0,0,0,4,27,0,0,3,0,0,6,4,7,0,7,0,0,0,0,21,1,0
E:\OOD\main\Citadelles-master\Citadelles-master\src\modele\Navigatrice.java,modele.Navigatrice,class,5,5,0,5,12,2,0,8,3,0.0,0.0,0.0,3,0,3,0,0,0,3,0,0,0,0,0,0,0,0,0,0,0,1,56,0,2,3,2,0,10,13,5,0,5,4,0,0,0,24,1,0
E:\OOD\main\Citadelles-master\Citadelles-master\src\application\Application.java,application.Application,class,1,1,0,1,1,1,0,1,0,0.0,NaN,NaN,1,1,1,0,0,0,1,0,0,0,0,0,0,0,0,0,0,0,0,6,0,0,0,0,0,0,0,1,0,1,0,0,0,0,5,1,0
E:\OOD\main\Citadelles-master\Citadelles-master\src\modele\Quartier.java,modele.Quartier,class,0,25,25,0,15,1,0,0,0,0.6181818,0.56363636,1.0,11,0,11,0,0,0,11,0,0,0,3,1,1,2,0,0,1,0,0,56,4,1,1,0,0,10,4,19,0,5,2,0,0,0,25,1,0
E:\OOD\main\Citadelles-master\Citadelles-master\src\controleur\Interaction.java,controleur.Interaction,class,1,13,12,1,20,1,0,8,15,0.5714286,0.14285715,0.14285715,7,7,7,0,0,0,7,0,0,0,1,1,0,1,0,0,0,0,1,74,8,5,2,1,0,9,6,19,0,13,3,0,0,0,38,1,0
E:\OOD\main\Citadelles-master\Citadelles-master\src\modele\Eveque.java,modele.Eveque,class,3,7,4,3,8,2,0,6,6,0.0,0.0,0.0,4,0,4,0,0,0,4,0,0,0,0,0,0,0,0,0,0,0,0,27,0,1,0,0,0,4,6,4,2,3,3,0,0,0,17,1,0
E:\OOD\main\Citadelles-master\Citadelles-master\src\test\TestVoleur.java,test.TestVoleur,class,8,9,1,8,8,1,0,14,3,0.0,0.0,0.0,3,1,3,0,0,0,3,0,0,0,0,0,0,0,0,0,0,0,6,43,0,0,5,0,0,11,6,12,0,12,0,0,0,0,32,1,0
