file,class,method,variable,usage
E:\OOD\main\Citadelles-master\Citadelles-master\src\application\Jeu.java,application.Jeu,initialisation/0,plateau,7
E:\OOD\main\Citadelles-master\Citadelles-master\src\application\Jeu.java,application.Jeu,initialisation/0,rangRoi,2
E:\OOD\main\Citadelles-master\Citadelles-master\src\application\Jeu.java,application.Jeu,tourDeJeu/0,plateau,48
E:\OOD\main\Citadelles-master\Citadelles-master\src\application\Jeu.java,application.Jeu,gestionCouronne/0,plateau,4
E:\OOD\main\Citadelles-master\Citadelles-master\src\application\Jeu.java,application.Jeu,gestionCouronne/0,rangRoi,3
E:\OOD\main\Citadelles-master\Citadelles-master\src\application\Jeu.java,application.Jeu,moi/0,plateau,3
E:\OOD\main\Citadelles-master\Citadelles-master\src\application\Jeu.java,application.Jeu,afficheCiteJoueur/1[int],plateau,7
E:\OOD\main\Citadelles-master\Citadelles-master\src\application\Jeu.java,application.Jeu,afficherMainJoueur/1[int],plateau,3
E:\OOD\main\Citadelles-master\Citadelles-master\src\application\Jeu.java,application.Jeu,choixPersonnages/0,plateau,30
E:\OOD\main\Citadelles-master\Citadelles-master\src\application\Jeu.java,application.Jeu,choixPersonnages/0,rangRoi,5
E:\OOD\main\Citadelles-master\Citadelles-master\src\application\Jeu.java,application.Jeu,Jeu/0,plateau,1
E:\OOD\main\Citadelles-master\Citadelles-master\src\application\Jeu.java,application.Jeu,calculDesPoints/0,rangPremierATerminerCite,2
E:\OOD\main\Citadelles-master\Citadelles-master\src\application\Jeu.java,application.Jeu,calculDesPoints/0,plateau,32
E:\OOD\main\Citadelles-master\Citadelles-master\src\application\Jeu.java,application.Jeu,reinitialisationPersonnages/0,plateau,9
E:\OOD\main\Citadelles-master\Citadelles-master\src\application\Jeu.java,application.Jeu,sortJoueurSelonRangPersonnage/0,plateau,4
E:\OOD\main\Citadelles-master\Citadelles-master\src\application\Jeu.java,application.Jeu,percevoirRessources/1[int],plateau,39
E:\OOD\main\Citadelles-master\Citadelles-master\src\application\Jeu.java,application.Jeu,partieFinie/0,rangPremierATerminerCite,1
E:\OOD\main\Citadelles-master\Citadelles-master\src\application\Jeu.java,application.Jeu,partieFinie/0,plateau,2
E:\OOD\main\Citadelles-master\Citadelles-master\src\application\Jeu.java,application.Jeu,"construireQuartier/2[int,int]",plateau,6
E:\OOD\main\Citadelles-master\Citadelles-master\src\application\Configuration.java,application.Configuration,nouvellePioche/0,ecoleDeMagie,1
E:\OOD\main\Citadelles-master\Citadelles-master\src\application\Configuration.java,application.Configuration,nouvellePioche/0,eglise,1
E:\OOD\main\Citadelles-master\Citadelles-master\src\application\Configuration.java,application.Configuration,nouvellePioche/0,taverne,1
E:\OOD\main\Citadelles-master\Citadelles-master\src\application\Configuration.java,application.Configuration,nouvellePioche/0,marche,1
E:\OOD\main\Citadelles-master\Citadelles-master\src\application\Configuration.java,application.Configuration,nouvellePioche/0,chateau,1
E:\OOD\main\Citadelles-master\Citadelles-master\src\application\Configuration.java,application.Configuration,nouvellePioche/0,echoppe,1
E:\OOD\main\Citadelles-master\Citadelles-master\src\application\Configuration.java,application.Configuration,nouvellePioche/0,donjon,1
E:\OOD\main\Citadelles-master\Citadelles-master\src\application\Configuration.java,application.Configuration,nouvellePioche/0,salleDesCartes,1
E:\OOD\main\Citadelles-master\Citadelles-master\src\application\Configuration.java,application.Configuration,nouvellePioche/0,prison,1
E:\OOD\main\Citadelles-master\Citadelles-master\src\application\Configuration.java,application.Configuration,nouvellePioche/0,tripot,1
E:\OOD\main\Citadelles-master\Citadelles-master\src\application\Configuration.java,application.Configuration,nouvellePioche/0,courDesMiracles,1
E:\OOD\main\Citadelles-master\Citadelles-master\src\application\Configuration.java,application.Configuration,nouvellePioche/0,monastere,1
E:\OOD\main\Citadelles-master\Citadelles-master\src\application\Configuration.java,application.Configuration,nouvellePioche/0,tourDeGuet,1
E:\OOD\main\Citadelles-master\Citadelles-master\src\application\Configuration.java,application.Configuration,nouvellePioche/0,caserne,1
E:\OOD\main\Citadelles-master\Citadelles-master\src\application\Configuration.java,application.Configuration,nouvellePioche/0,statueEquestre,1
E:\OOD\main\Citadelles-master\Citadelles-master\src\application\Configuration.java,application.Configuration,nouvellePioche/0,cathedrale,1
E:\OOD\main\Citadelles-master\Citadelles-master\src\application\Configuration.java,application.Configuration,nouvellePioche/0,forteresse,1
E:\OOD\main\Citadelles-master\Citadelles-master\src\application\Configuration.java,application.Configuration,nouvellePioche/0,manufacture,1
E:\OOD\main\Citadelles-master\Citadelles-master\src\application\Configuration.java,application.Configuration,nouvellePioche/0,bibliotheque,1
E:\OOD\main\Citadelles-master\Citadelles-master\src\application\Configuration.java,application.Configuration,nouvellePioche/0,hotelDeVille,1
E:\OOD\main\Citadelles-master\Citadelles-master\src\application\Configuration.java,application.Configuration,nouvellePioche/0,manoir,1
E:\OOD\main\Citadelles-master\Citadelles-master\src\application\Configuration.java,application.Configuration,nouvellePioche/0,port,1
E:\OOD\main\Citadelles-master\Citadelles-master\src\application\Configuration.java,application.Configuration,nouvellePioche/0,forge,1
E:\OOD\main\Citadelles-master\Citadelles-master\src\application\Configuration.java,application.Configuration,nouvellePioche/0,tresorImperial,1
E:\OOD\main\Citadelles-master\Citadelles-master\src\application\Configuration.java,application.Configuration,nouvellePioche/0,laboratoire,1
E:\OOD\main\Citadelles-master\Citadelles-master\src\application\Configuration.java,application.Configuration,nouvellePioche/0,palais,1
E:\OOD\main\Citadelles-master\Citadelles-master\src\application\Configuration.java,application.Configuration,nouvellePioche/0,temple,1
E:\OOD\main\Citadelles-master\Citadelles-master\src\application\Configuration.java,application.Configuration,nouvellePioche/0,comptoir,1
E:\OOD\main\Citadelles-master\Citadelles-master\src\application\Configuration.java,application.Configuration,nouvellePioche/0,carriere,1
E:\OOD\main\Citadelles-master\Citadelles-master\src\application\Configuration.java,application.Configuration,nouvellePioche/0,fontaineAuxSouhaits,1
E:\OOD\main\Citadelles-master\Citadelles-master\src\application\Configuration.java,application.Configuration,nouvellePioche/0,dracoport,1
E:\OOD\main\Citadelles-master\Citadelles-master\src\modele\Pioche.java,modele.Pioche,melanger/0,liste,1
E:\OOD\main\Citadelles-master\Citadelles-master\src\modele\Pioche.java,modele.Pioche,Pioche/0,liste,1
E:\OOD\main\Citadelles-master\Citadelles-master\src\modele\Pioche.java,modele.Pioche,nombreElements/0,liste,1
E:\OOD\main\Citadelles-master\Citadelles-master\src\modele\Pioche.java,modele.Pioche,ajouter/1[modele.Quartier],liste,1
E:\OOD\main\Citadelles-master\Citadelles-master\src\modele\Pioche.java,modele.Pioche,piocher/0,liste,3
E:\OOD\main\Citadelles-master\Citadelles-master\src\modele\Personnage.java,modele.Personnage,"Personnage/3[java.lang.String,java.lang.String,int]",assassine,1
E:\OOD\main\Citadelles-master\Citadelles-master\src\modele\Personnage.java,modele.Personnage,"Personnage/3[java.lang.String,java.lang.String,int]",vole,1
E:\OOD\main\Citadelles-master\Citadelles-master\src\modele\Personnage.java,modele.Personnage,"Personnage/3[java.lang.String,java.lang.String,int]",joueur,1
E:\OOD\main\Citadelles-master\Citadelles-master\src\modele\Personnage.java,modele.Personnage,"Personnage/3[java.lang.String,java.lang.String,int]",nom,3
E:\OOD\main\Citadelles-master\Citadelles-master\src\modele\Personnage.java,modele.Personnage,"Personnage/3[java.lang.String,java.lang.String,int]",rang,3
E:\OOD\main\Citadelles-master\Citadelles-master\src\modele\Personnage.java,modele.Personnage,"Personnage/3[java.lang.String,java.lang.String,int]",caracteristiques,3
E:\OOD\main\Citadelles-master\Citadelles-master\src\modele\Personnage.java,modele.Personnage,getJoueur/0,joueur,1
E:\OOD\main\Citadelles-master\Citadelles-master\src\modele\Personnage.java,modele.Personnage,getAssassine/0,assassine,1
E:\OOD\main\Citadelles-master\Citadelles-master\src\modele\Personnage.java,modele.Personnage,ajouterPieces/0,assassine,1
E:\OOD\main\Citadelles-master\Citadelles-master\src\modele\Personnage.java,modele.Personnage,ajouterPieces/0,joueur,2
E:\OOD\main\Citadelles-master\Citadelles-master\src\modele\Personnage.java,modele.Personnage,setVole/0,vole,1
E:\OOD\main\Citadelles-master\Citadelles-master\src\modele\Personnage.java,modele.Personnage,reinitialiser/0,assassine,1
E:\OOD\main\Citadelles-master\Citadelles-master\src\modele\Personnage.java,modele.Personnage,reinitialiser/0,vole,1
E:\OOD\main\Citadelles-master\Citadelles-master\src\modele\Personnage.java,modele.Personnage,reinitialiser/0,joueur,2
E:\OOD\main\Citadelles-master\Citadelles-master\src\modele\Personnage.java,modele.Personnage,getCaracteristiques/0,caracteristiques,1
E:\OOD\main\Citadelles-master\Citadelles-master\src\modele\Personnage.java,modele.Personnage,setAssassine/0,assassine,1
E:\OOD\main\Citadelles-master\Citadelles-master\src\modele\Personnage.java,modele.Personnage,getPlateau/0,plateau,1
E:\OOD\main\Citadelles-master\Citadelles-master\src\modele\Personnage.java,modele.Personnage,getVole/0,vole,1
E:\OOD\main\Citadelles-master\Citadelles-master\src\modele\Personnage.java,modele.Personnage,setJoueur/1[modele.Joueur],joueur,2
E:\OOD\main\Citadelles-master\Citadelles-master\src\modele\Personnage.java,modele.Personnage,construire/1[modele.Quartier],assassine,1
E:\OOD\main\Citadelles-master\Citadelles-master\src\modele\Personnage.java,modele.Personnage,construire/1[modele.Quartier],joueur,2
E:\OOD\main\Citadelles-master\Citadelles-master\src\modele\Personnage.java,modele.Personnage,setPlateau/1[modele.PlateauDeJeu],plateau,1
E:\OOD\main\Citadelles-master\Citadelles-master\src\modele\Personnage.java,modele.Personnage,ajouterQuartier/1[modele.Quartier],assassine,1
E:\OOD\main\Citadelles-master\Citadelles-master\src\modele\Personnage.java,modele.Personnage,ajouterQuartier/1[modele.Quartier],joueur,2
E:\OOD\main\Citadelles-master\Citadelles-master\src\modele\Personnage.java,modele.Personnage,getRang/0,rang,1
E:\OOD\main\Citadelles-master\Citadelles-master\src\modele\Personnage.java,modele.Personnage,getNom/0,nom,1
E:\OOD\main\Citadelles-master\Citadelles-master\src\modele\Joueur.java,modele.Joueur,ajouterPieces/1[int],tresor,1
E:\OOD\main\Citadelles-master\Citadelles-master\src\modele\Joueur.java,modele.Joueur,Joueur/1[java.lang.String],monPersonnage,1
E:\OOD\main\Citadelles-master\Citadelles-master\src\modele\Joueur.java,modele.Joueur,Joueur/1[java.lang.String],possedeCouronne,1
E:\OOD\main\Citadelles-master\Citadelles-master\src\modele\Joueur.java,modele.Joueur,Joueur/1[java.lang.String],tresor,1
E:\OOD\main\Citadelles-master\Citadelles-master\src\modele\Joueur.java,modele.Joueur,Joueur/1[java.lang.String],cite,1
E:\OOD\main\Citadelles-master\Citadelles-master\src\modele\Joueur.java,modele.Joueur,Joueur/1[java.lang.String],main,1
E:\OOD\main\Citadelles-master\Citadelles-master\src\modele\Joueur.java,modele.Joueur,Joueur/1[java.lang.String],nom,3
E:\OOD\main\Citadelles-master\Citadelles-master\src\modele\Joueur.java,modele.Joueur,setMain/1[java.util.ArrayList<modele.Quartier>],main,1
E:\OOD\main\Citadelles-master\Citadelles-master\src\modele\Joueur.java,modele.Joueur,retirerPieces/1[int],tresor,2
E:\OOD\main\Citadelles-master\Citadelles-master\src\modele\Joueur.java,modele.Joueur,retirerQuartierDansMain/0,main,2
E:\OOD\main\Citadelles-master\Citadelles-master\src\modele\Joueur.java,modele.Joueur,nbQuartiersDansCite/0,cite,2
E:\OOD\main\Citadelles-master\Citadelles-master\src\modele\Joueur.java,modele.Joueur,tresor/0,tresor,2
E:\OOD\main\Citadelles-master\Citadelles-master\src\modele\Joueur.java,modele.Joueur,retirerQuartierDansCite/1[java.lang.String],cite,5
E:\OOD\main\Citadelles-master\Citadelles-master\src\modele\Joueur.java,modele.Joueur,getPersonnage/0,monPersonnage,1
E:\OOD\main\Citadelles-master\Citadelles-master\src\modele\Joueur.java,modele.Joueur,quartierPresentDansCite/1[java.lang.String],cite,1
E:\OOD\main\Citadelles-master\Citadelles-master\src\modele\Joueur.java,modele.Joueur,ajouterQuartierDansCite/1[modele.Quartier],cite,2
E:\OOD\main\Citadelles-master\Citadelles-master\src\modele\Joueur.java,modele.Joueur,nbQuartiersDansMain/0,main,1
E:\OOD\main\Citadelles-master\Citadelles-master\src\modele\Joueur.java,modele.Joueur,nbPieces/0,tresor,1
E:\OOD\main\Citadelles-master\Citadelles-master\src\modele\Joueur.java,modele.Joueur,reinitialiser/0,tresor,1
E:\OOD\main\Citadelles-master\Citadelles-master\src\modele\Joueur.java,modele.Joueur,reinitialiser/0,cite,1
E:\OOD\main\Citadelles-master\Citadelles-master\src\modele\Joueur.java,modele.Joueur,getCite/0,cite,1
E:\OOD\main\Citadelles-master\Citadelles-master\src\modele\Joueur.java,modele.Joueur,setPossedeCouronne/1[boolean],possedeCouronne,1
E:\OOD\main\Citadelles-master\Citadelles-master\src\modele\Joueur.java,modele.Joueur,getPossedeCouronne/0,possedeCouronne,1
E:\OOD\main\Citadelles-master\Citadelles-master\src\modele\Joueur.java,modele.Joueur,getMain/0,main,1
E:\OOD\main\Citadelles-master\Citadelles-master\src\modele\Joueur.java,modele.Joueur,retirerQuartierDansMain/1[modele.Quartier],main,2
E:\OOD\main\Citadelles-master\Citadelles-master\src\modele\Joueur.java,modele.Joueur,getNom/0,nom,1
E:\OOD\main\Citadelles-master\Citadelles-master\src\modele\Joueur.java,modele.Joueur,ajouterQuartierDansMain/1[modele.Quartier],main,1
E:\OOD\main\Citadelles-master\Citadelles-master\src\modele\PlateauDeJeu.java,modele.PlateauDeJeu,setListePersonnages/1[modele.Personnage[]],listePersonnages,1
E:\OOD\main\Citadelles-master\Citadelles-master\src\modele\PlateauDeJeu.java,modele.PlateauDeJeu,getNombrePersonnages/0,nombrePersonnages,3
E:\OOD\main\Citadelles-master\Citadelles-master\src\modele\PlateauDeJeu.java,modele.PlateauDeJeu,getNombrePersonnages/0,listePersonnages,1
E:\OOD\main\Citadelles-master\Citadelles-master\src\modele\PlateauDeJeu.java,modele.PlateauDeJeu,setListeJoueurs/1[modele.Joueur[]],listeJoueurs,1
E:\OOD\main\Citadelles-master\Citadelles-master\src\modele\PlateauDeJeu.java,modele.PlateauDeJeu,getNombreJoueurs/0,nombreJoueurs,3
E:\OOD\main\Citadelles-master\Citadelles-master\src\modele\PlateauDeJeu.java,modele.PlateauDeJeu,getNombreJoueurs/0,listeJoueurs,1
E:\OOD\main\Citadelles-master\Citadelles-master\src\modele\PlateauDeJeu.java,modele.PlateauDeJeu,getPersonnage/1[int],listePersonnages,2
E:\OOD\main\Citadelles-master\Citadelles-master\src\modele\PlateauDeJeu.java,modele.PlateauDeJeu,PlateauDeJeu/0,pioche,1
E:\OOD\main\Citadelles-master\Citadelles-master\src\modele\PlateauDeJeu.java,modele.PlateauDeJeu,PlateauDeJeu/0,listePersonnages,1
E:\OOD\main\Citadelles-master\Citadelles-master\src\modele\PlateauDeJeu.java,modele.PlateauDeJeu,PlateauDeJeu/0,listeJoueurs,1
E:\OOD\main\Citadelles-master\Citadelles-master\src\modele\PlateauDeJeu.java,modele.PlateauDeJeu,ajouterJoueur/1[modele.Joueur],listeJoueurs,3
E:\OOD\main\Citadelles-master\Citadelles-master\src\modele\PlateauDeJeu.java,modele.PlateauDeJeu,getJoueur/1[int],listeJoueurs,2
E:\OOD\main\Citadelles-master\Citadelles-master\src\modele\PlateauDeJeu.java,modele.PlateauDeJeu,ajouterPersonnage/1[modele.Personnage],nombrePersonnages,1
E:\OOD\main\Citadelles-master\Citadelles-master\src\modele\PlateauDeJeu.java,modele.PlateauDeJeu,ajouterPersonnage/1[modele.Personnage],listePersonnages,2
E:\OOD\main\Citadelles-master\Citadelles-master\src\modele\PlateauDeJeu.java,modele.PlateauDeJeu,getPioche/0,pioche,1
E:\OOD\main\Citadelles-master\Citadelles-master\src\modele\PlateauDeJeu.java,modele.PlateauDeJeu,setPioche/1[modele.Pioche],pioche,1
E:\OOD\main\Citadelles-master\Citadelles-master\src\modele\PlateauDeJeu.java,modele.PlateauDeJeu,ecarterPersonnage/1[modele.Personnage],nombrePersonnages,2
E:\OOD\main\Citadelles-master\Citadelles-master\src\modele\PlateauDeJeu.java,modele.PlateauDeJeu,ecarterPersonnage/1[modele.Personnage],listePersonnages,2
E:\OOD\main\Citadelles-master\Citadelles-master\src\modele\Quartier.java,modele.Quartier,getCaracteristiques/0,caracteristique,1
E:\OOD\main\Citadelles-master\Citadelles-master\src\modele\Quartier.java,modele.Quartier,setCaracteristiques/1[java.lang.String],caracteristique,1
E:\OOD\main\Citadelles-master\Citadelles-master\src\modele\Quartier.java,modele.Quartier,"Quartier/3[java.lang.String,java.lang.String,int]",coutConstruction,3
E:\OOD\main\Citadelles-master\Citadelles-master\src\modele\Quartier.java,modele.Quartier,"Quartier/3[java.lang.String,java.lang.String,int]",type,3
E:\OOD\main\Citadelles-master\Citadelles-master\src\modele\Quartier.java,modele.Quartier,"Quartier/3[java.lang.String,java.lang.String,int]",nom,3
E:\OOD\main\Citadelles-master\Citadelles-master\src\modele\Quartier.java,modele.Quartier,"Quartier/3[java.lang.String,java.lang.String,int]",caracteristique,1
E:\OOD\main\Citadelles-master\Citadelles-master\src\modele\Quartier.java,modele.Quartier,Quartier/0,coutConstruction,1
E:\OOD\main\Citadelles-master\Citadelles-master\src\modele\Quartier.java,modele.Quartier,Quartier/0,type,1
E:\OOD\main\Citadelles-master\Citadelles-master\src\modele\Quartier.java,modele.Quartier,Quartier/0,nom,1
E:\OOD\main\Citadelles-master\Citadelles-master\src\modele\Quartier.java,modele.Quartier,Quartier/0,caracteristique,1
E:\OOD\main\Citadelles-master\Citadelles-master\src\modele\Quartier.java,modele.Quartier,getCout/0,coutConstruction,1
E:\OOD\main\Citadelles-master\Citadelles-master\src\modele\Quartier.java,modele.Quartier,getType/0,type,1
E:\OOD\main\Citadelles-master\Citadelles-master\src\modele\Quartier.java,modele.Quartier,setCout/1[int],coutConstruction,2
E:\OOD\main\Citadelles-master\Citadelles-master\src\modele\Quartier.java,modele.Quartier,setNom/1[java.lang.String],nom,3
E:\OOD\main\Citadelles-master\Citadelles-master\src\modele\Quartier.java,modele.Quartier,"Quartier/4[java.lang.String,java.lang.String,int,java.lang.String]",coutConstruction,3
E:\OOD\main\Citadelles-master\Citadelles-master\src\modele\Quartier.java,modele.Quartier,"Quartier/4[java.lang.String,java.lang.String,int,java.lang.String]",type,3
E:\OOD\main\Citadelles-master\Citadelles-master\src\modele\Quartier.java,modele.Quartier,"Quartier/4[java.lang.String,java.lang.String,int,java.lang.String]",nom,3
E:\OOD\main\Citadelles-master\Citadelles-master\src\modele\Quartier.java,modele.Quartier,"Quartier/4[java.lang.String,java.lang.String,int,java.lang.String]",caracteristique,3
E:\OOD\main\Citadelles-master\Citadelles-master\src\modele\Quartier.java,modele.Quartier,getNom/0,nom,1
E:\OOD\main\Citadelles-master\Citadelles-master\src\modele\Quartier.java,modele.Quartier,setType/1[java.lang.String],type,2
E:\OOD\main\Citadelles-master\Citadelles-master\src\modele\Quartier.java,modele.Quartier,setType/1[java.lang.String],TYPE_QUARTIERS,1
E:\OOD\main\Citadelles-master\Citadelles-master\src\controleur\Interaction.java,controleur.Interaction,lireUneChaine/0,sc,1
E:\OOD\main\Citadelles-master\Citadelles-master\src\controleur\Interaction.java,controleur.Interaction,lireOuiOuNon/0,sc,1
E:\OOD\main\Citadelles-master\Citadelles-master\src\controleur\Interaction.java,controleur.Interaction,lireUnEntier/0,sc,2
