file,class,method,constructor,line,cbo,cboModified,fanin,fanout,wmc,rfc,loc,returnsQty,variablesQty,parametersQty,methodsInvokedQty,methodsInvokedLocalQty,methodsInvokedIndirectLocalQty,loopQty,comparisonsQty,tryCatchQty,parenthesizedExpsQty,stringLiteralsQty,numbersQty,assignmentsQty,mathOperationsQty,maxNestedBlocksQty,anonymousClassesQty,innerClassesQty,lambdasQty,uniqueWordsQty,modifiers,logStatementsQty,hasJavaDoc
E:\OOD\main\Citadelles-master\Citadelles-master\src\test\TestRoi.java,test.TestRoi,test2/0,false,36,4,7,1,6,2,6,8,0,2,0,6,0,0,0,1,0,0,5,0,2,0,0,0,0,0,12,1,0,false
E:\OOD\main\Citadelles-master\Citadelles-master\src\test\TestRoi.java,test.TestRoi,test10/0,false,146,4,11,1,10,4,9,12,0,2,0,9,0,0,0,3,0,0,5,0,2,0,0,0,0,0,13,1,0,false
E:\OOD\main\Citadelles-master\Citadelles-master\src\test\TestRoi.java,test.TestRoi,test8/0,false,106,5,11,1,10,5,8,20,0,5,0,8,0,0,0,4,0,0,9,9,5,0,0,0,0,0,36,1,0,false
E:\OOD\main\Citadelles-master\Citadelles-master\src\test\TestRoi.java,test.TestRoi,test4/0,false,52,3,5,1,4,2,4,6,0,1,0,4,0,0,0,1,0,0,2,0,1,0,0,0,0,0,9,1,0,false
E:\OOD\main\Citadelles-master\Citadelles-master\src\test\TestRoi.java,test.TestRoi,test6/0,false,70,5,9,1,8,3,6,15,0,5,0,6,0,0,0,2,0,0,7,7,5,0,0,0,0,0,29,1,0,false
E:\OOD\main\Citadelles-master\Citadelles-master\src\test\TestRoi.java,test.TestRoi,test7/0,false,86,5,10,1,9,3,7,16,0,5,0,7,0,0,0,2,0,0,9,7,5,0,0,0,0,0,33,1,0,false
E:\OOD\main\Citadelles-master\Citadelles-master\src\test\TestRoi.java,test.TestRoi,test9/0,false,133,4,8,1,7,4,6,11,0,2,0,6,0,0,0,3,0,0,5,0,2,0,0,0,0,0,18,1,0,false
E:\OOD\main\Citadelles-master\Citadelles-master\src\test\TestRoi.java,test.TestRoi,test3/0,false,45,3,5,1,4,2,4,6,0,1,0,4,0,0,0,1,0,0,2,0,1,0,0,0,0,0,7,1,0,false
E:\OOD\main\Citadelles-master\Citadelles-master\src\test\TestRoi.java,test.TestRoi,main/1[java.lang.String[]],false,10,1,11,0,11,1,10,13,0,1,1,10,10,1,0,0,0,0,0,0,1,0,0,0,0,0,5,9,0,false
E:\OOD\main\Citadelles-master\Citadelles-master\src\test\TestRoi.java,test.TestRoi,test1/0,false,24,3,9,1,8,5,9,10,0,1,0,9,0,0,0,4,0,0,8,1,1,0,0,0,0,0,13,1,0,false
E:\OOD\main\Citadelles-master\Citadelles-master\src\test\TestRoi.java,test.TestRoi,test5/0,false,59,4,8,1,7,3,6,10,0,2,0,6,0,0,0,2,0,0,4,1,2,0,0,0,0,0,24,1,0,false
E:\OOD\main\Citadelles-master\Citadelles-master\src\modele\Condottiere.java,modele.Condottiere,utiliserPouvoir/0,false,31,6,19,1,18,24,23,87,0,20,0,23,0,0,5,5,2,8,35,26,22,18,9,0,0,0,64,1,0,false
E:\OOD\main\Citadelles-master\Citadelles-master\src\modele\Condottiere.java,modele.Condottiere,Condottiere/0,true,6,0,6,6,0,1,0,3,0,0,0,0,0,0,0,0,0,0,1,1,0,0,0,0,0,0,1,1,0,false
E:\OOD\main\Citadelles-master\Citadelles-master\src\modele\Condottiere.java,modele.Condottiere,percevoirRessourcesSpecifiques/0,false,10,4,10,1,9,9,9,18,0,4,0,9,0,0,2,0,1,0,6,4,5,1,3,0,0,0,14,1,0,false
E:\OOD\main\Citadelles-master\Citadelles-master\src\modele\Condottiere.java,modele.Condottiere,utiliserPouvoirAvatar/0,false,161,6,17,1,16,16,18,46,0,15,0,18,0,0,2,5,2,7,5,15,16,4,8,0,0,0,36,1,0,false
E:\OOD\main\Citadelles-master\Citadelles-master\src\modele\Voleur.java,modele.Voleur,utiliserPouvoir/0,false,9,4,14,1,13,9,17,28,0,4,0,17,0,0,3,3,0,1,11,9,5,6,2,0,0,0,25,1,0,false
E:\OOD\main\Citadelles-master\Citadelles-master\src\modele\Voleur.java,modele.Voleur,utiliserPouvoirAvatar/0,false,54,4,14,1,13,6,16,16,0,3,0,16,0,0,2,2,0,0,4,3,4,1,2,0,0,0,9,1,0,false
E:\OOD\main\Citadelles-master\Citadelles-master\src\modele\Voleur.java,modele.Voleur,Voleur/0,true,5,0,6,6,0,1,0,3,0,0,0,0,0,0,0,0,0,0,1,1,0,0,0,0,0,0,1,1,0,false
E:\OOD\main\Citadelles-master\Citadelles-master\src\modele\Espion.java,modele.Espion,utiliserPouvoirAvatar/0,false,74,4,11,0,11,8,15,31,0,9,0,15,0,0,3,0,0,0,0,6,12,2,3,0,0,0,16,1,0,false
E:\OOD\main\Citadelles-master\Citadelles-master\src\modele\Espion.java,modele.Espion,utiliserPouvoir/0,false,14,5,14,0,14,11,19,58,0,12,0,19,0,0,5,0,1,2,15,10,15,9,4,0,0,0,37,1,0,false
E:\OOD\main\Citadelles-master\Citadelles-master\src\modele\Espion.java,modele.Espion,Espion/0,true,10,0,0,0,0,1,0,3,0,0,0,0,0,0,0,0,0,0,1,1,0,0,0,0,0,0,1,1,0,false
E:\OOD\main\Citadelles-master\Citadelles-master\src\test\TestEveque.java,test.TestEveque,test1/0,false,16,3,8,0,8,5,9,10,0,1,0,9,0,0,0,4,0,0,8,1,1,0,0,0,0,0,12,1,0,false
E:\OOD\main\Citadelles-master\Citadelles-master\src\test\TestEveque.java,test.TestEveque,main/1[java.lang.String[]],false,10,1,2,0,2,1,1,4,0,1,1,1,1,1,0,0,0,0,0,0,1,0,0,0,0,0,5,9,0,false
E:\OOD\main\Citadelles-master\Citadelles-master\src\test\TestEveque.java,test.TestEveque,test2/0,false,27,5,11,1,10,3,8,16,0,5,0,8,0,0,0,2,0,0,7,8,5,0,0,0,0,0,30,1,0,false
E:\OOD\main\Citadelles-master\Citadelles-master\src\test\TestQuartier.java,test.TestQuartier,test3/0,false,34,2,7,1,6,2,7,8,0,1,0,7,0,0,0,1,0,0,9,3,1,0,0,0,0,0,21,1,0,false
E:\OOD\main\Citadelles-master\Citadelles-master\src\test\TestQuartier.java,test.TestQuartier,test1/0,false,16,2,7,1,6,2,7,8,0,1,0,7,0,0,0,1,0,0,8,1,1,0,0,0,0,0,18,1,0,false
E:\OOD\main\Citadelles-master\Citadelles-master\src\test\TestQuartier.java,test.TestQuartier,test7/0,false,71,2,11,1,10,4,11,18,0,1,0,11,0,0,0,3,0,0,16,6,1,0,0,0,0,0,21,1,0,false
E:\OOD\main\Citadelles-master\Citadelles-master\src\test\TestQuartier.java,test.TestQuartier,test5/0,false,52,2,7,1,6,2,7,8,0,1,0,7,0,0,0,1,0,0,9,3,1,0,0,0,0,0,20,1,0,false
E:\OOD\main\Citadelles-master\Citadelles-master\src\test\TestQuartier.java,test.TestQuartier,main/1[java.lang.String[]],false,5,1,8,0,8,1,7,10,0,1,1,7,7,1,0,0,0,0,0,0,1,0,0,0,0,0,5,9,0,false
E:\OOD\main\Citadelles-master\Citadelles-master\src\test\TestQuartier.java,test.TestQuartier,test2/0,false,25,2,7,1,6,2,7,8,0,1,0,7,0,0,0,1,0,0,9,3,1,0,0,0,0,0,18,1,0,false
E:\OOD\main\Citadelles-master\Citadelles-master\src\test\TestQuartier.java,test.TestQuartier,test4/0,false,43,2,7,1,6,2,7,8,0,1,0,7,0,0,0,1,0,0,9,3,1,0,0,0,0,0,20,1,0,false
E:\OOD\main\Citadelles-master\Citadelles-master\src\test\TestQuartier.java,test.TestQuartier,test6/0,false,61,2,7,1,6,2,7,9,0,2,0,7,0,0,0,1,0,0,9,3,2,0,0,0,0,0,29,1,0,false
E:\OOD\main\Citadelles-master\Citadelles-master\src\modele\Archiviste.java,modele.Archiviste,utiliserPouvoir/0,false,14,5,7,0,7,7,13,37,0,5,0,13,0,0,3,0,1,0,6,6,5,2,3,0,0,0,20,1,0,false
E:\OOD\main\Citadelles-master\Citadelles-master\src\modele\Archiviste.java,modele.Archiviste,utiliserPouvoirAvatar/0,false,55,4,5,0,5,6,11,31,0,5,0,11,0,0,2,0,1,0,3,4,5,0,3,0,0,0,16,1,0,false
E:\OOD\main\Citadelles-master\Citadelles-master\src\modele\Archiviste.java,modele.Archiviste,Archiviste/0,true,10,0,0,0,0,1,0,3,0,0,0,0,0,0,0,0,0,0,1,1,0,0,0,0,0,0,1,1,0,false
E:\OOD\main\Citadelles-master\Citadelles-master\src\modele\Assassin.java,modele.Assassin,Assassin/0,true,6,0,11,11,0,1,0,3,0,0,0,0,0,0,0,0,0,0,1,1,0,0,0,0,0,0,1,1,0,false
E:\OOD\main\Citadelles-master\Citadelles-master\src\modele\Assassin.java,modele.Assassin,utiliserPouvoir/0,false,10,4,7,1,6,4,10,17,0,2,0,10,0,0,2,0,0,1,7,6,3,5,2,0,0,0,15,1,0,false
E:\OOD\main\Citadelles-master\Citadelles-master\src\modele\Assassin.java,modele.Assassin,utiliserPouvoirAvatar/0,false,33,4,7,1,6,2,9,9,0,1,0,9,0,0,1,0,0,0,3,0,1,1,1,0,0,0,8,1,0,false
E:\OOD\main\Citadelles-master\Citadelles-master\src\modele\Marchande.java,modele.Marchande,percevoirRessourcesSpecifiques/0,false,8,3,5,1,4,5,6,20,0,1,0,6,0,0,1,0,1,0,3,4,1,0,4,0,0,0,13,1,0,false
E:\OOD\main\Citadelles-master\Citadelles-master\src\modele\Marchande.java,modele.Marchande,utiliserPouvoirAvatar/0,false,29,0,1,1,0,1,0,2,0,0,0,0,0,0,0,0,0,0,0,0,0,0,0,0,0,0,3,1,0,false
E:\OOD\main\Citadelles-master\Citadelles-master\src\modele\Marchande.java,modele.Marchande,utiliserPouvoir/0,false,27,0,1,1,0,1,0,2,0,0,0,0,0,0,0,0,0,0,0,0,0,0,0,0,0,0,2,1,0,false
E:\OOD\main\Citadelles-master\Citadelles-master\src\modele\Marchande.java,modele.Marchande,Marchande/0,true,4,0,5,5,0,1,0,3,0,0,0,0,0,0,0,0,0,0,1,1,0,0,0,0,0,0,1,1,0,false
E:\OOD\main\Citadelles-master\Citadelles-master\src\test\TestArchitecte.java,test.TestArchitecte,test1/0,false,18,3,9,1,8,5,9,10,0,1,0,9,0,0,0,4,0,0,8,1,1,0,0,0,0,0,12,1,0,false
E:\OOD\main\Citadelles-master\Citadelles-master\src\test\TestArchitecte.java,test.TestArchitecte,test2/0,false,30,7,13,0,13,3,10,19,0,7,0,10,0,0,0,2,0,0,7,8,7,0,0,0,0,0,26,1,0,false
E:\OOD\main\Citadelles-master\Citadelles-master\src\test\TestArchitecte.java,test.TestArchitecte,main/1[java.lang.String[]],false,12,1,2,0,2,1,1,4,0,1,1,1,1,1,0,0,0,0,0,0,1,0,0,0,0,0,5,9,0,false
E:\OOD\main\Citadelles-master\Citadelles-master\src\test\TestPioche.java,test.TestPioche,test2/0,false,21,3,6,1,5,2,4,11,0,4,0,4,0,0,0,1,0,0,5,7,4,0,0,0,0,0,11,1,0,false
E:\OOD\main\Citadelles-master\Citadelles-master\src\test\TestPioche.java,test.TestPioche,test1/0,false,15,2,4,1,3,2,3,5,0,1,0,3,0,0,0,1,0,0,2,1,1,0,0,0,0,0,16,1,0,false
E:\OOD\main\Citadelles-master\Citadelles-master\src\test\TestPioche.java,test.TestPioche,test3/0,false,33,3,7,1,6,8,5,19,0,5,0,5,0,0,0,7,0,0,8,9,8,0,0,0,0,0,22,1,0,false
E:\OOD\main\Citadelles-master\Citadelles-master\src\test\TestPioche.java,test.TestPioche,main/1[java.lang.String[]],false,7,1,5,0,5,1,4,7,0,1,1,4,4,1,0,0,0,0,0,0,1,0,0,0,0,0,5,9,0,false
E:\OOD\main\Citadelles-master\Citadelles-master\src\test\TestPioche.java,test.TestPioche,test4/0,false,59,3,10,1,9,3,7,32,0,3,0,7,0,0,1,1,0,0,16,22,13,1,1,0,0,0,18,1,0,false
E:\OOD\main\Citadelles-master\Citadelles-master\src\application\Jeu.java,application.Jeu,jouer/0,false,24,2,7,4,3,3,4,13,0,1,0,4,2,9,0,2,0,0,6,4,1,1,1,0,0,0,13,1,0,false
E:\OOD\main\Citadelles-master\Citadelles-master\src\application\Jeu.java,application.Jeu,initialisation/0,false,100,5,12,1,11,3,11,12,0,2,0,11,0,0,2,0,0,0,0,5,4,0,2,0,0,0,6,2,0,false
E:\OOD\main\Citadelles-master\Citadelles-master\src\application\Jeu.java,application.Jeu,tourDeJeu/0,false,291,8,35,1,34,41,42,173,0,22,0,42,9,6,10,2,1,2,40,35,33,14,8,0,0,0,89,2,0,false
E:\OOD\main\Citadelles-master\Citadelles-master\src\application\Jeu.java,application.Jeu,gestionCouronne/0,false,119,2,4,1,3,2,3,9,0,0,0,3,0,0,0,1,0,0,0,3,0,2,1,0,0,0,6,2,0,false
E:\OOD\main\Citadelles-master\Citadelles-master\src\application\Jeu.java,application.Jeu,"sortListJoueur/2[java.util.ArrayList<modele.Joueur>,java.util.ArrayList<java.lang.Integer>]",false,942,1,1,1,0,5,5,21,0,4,2,5,0,0,2,0,1,0,0,8,5,5,4,0,0,0,14,2,0,false
E:\OOD\main\Citadelles-master\Citadelles-master\src\application\Jeu.java,application.Jeu,afficherLesRegles/0,false,47,1,2,1,1,1,2,5,0,0,0,2,1,10,0,0,0,0,11,0,0,2,0,0,0,0,70,2,0,false
E:\OOD\main\Citadelles-master\Citadelles-master\src\application\Jeu.java,application.Jeu,moi/0,false,209,2,10,6,4,3,4,9,1,2,0,4,0,0,1,0,0,0,2,1,3,0,2,0,0,0,3,2,0,false
E:\OOD\main\Citadelles-master\Citadelles-master\src\application\Jeu.java,application.Jeu,afficheCiteJoueur/1[int],false,245,3,7,1,6,5,11,18,0,2,1,11,0,0,1,1,1,1,6,3,2,2,4,0,0,0,16,2,0,false
E:\OOD\main\Citadelles-master\Citadelles-master\src\application\Jeu.java,application.Jeu,afficherMainJoueur/1[int],false,199,3,5,1,4,2,8,7,0,1,1,8,0,0,1,0,0,1,5,2,1,2,1,0,0,0,5,1,0,false
E:\OOD\main\Citadelles-master\Citadelles-master\src\application\Jeu.java,application.Jeu,jouerPartie/0,false,69,1,8,1,7,2,8,20,0,2,0,8,7,9,1,0,0,0,7,1,3,2,1,0,0,0,25,2,0,false
E:\OOD\main\Citadelles-master\Citadelles-master\src\application\Jeu.java,application.Jeu,choixPersonnages/0,false,540,5,13,1,12,8,16,50,0,6,0,16,1,1,4,2,0,2,18,15,12,16,4,0,0,0,33,2,0,false
E:\OOD\main\Citadelles-master\Citadelles-master\src\application\Jeu.java,application.Jeu,Jeu/0,true,18,1,3,2,1,1,0,3,0,0,0,0,0,0,0,0,0,0,0,0,1,0,0,0,0,0,3,1,0,false
E:\OOD\main\Citadelles-master\Citadelles-master\src\application\Jeu.java,application.Jeu,calculDesPoints/0,false,781,5,18,1,17,30,28,92,0,17,0,28,2,1,9,5,0,2,17,28,27,7,6,0,0,0,34,2,0,false
E:\OOD\main\Citadelles-master\Citadelles-master\src\application\Jeu.java,application.Jeu,reinitialisationPersonnages/0,false,131,10,11,1,10,1,2,19,0,8,0,2,0,0,0,0,0,0,0,1,8,0,0,0,0,0,18,2,0,false
E:\OOD\main\Citadelles-master\Citadelles-master\src\application\Jeu.java,application.Jeu,afficheJeuJoueur/0,false,222,3,11,2,9,7,13,25,0,2,0,13,1,1,2,1,2,2,12,5,2,5,4,0,0,0,14,2,0,false
E:\OOD\main\Citadelles-master\Citadelles-master\src\application\Jeu.java,application.Jeu,sortJoueurSelonRangPersonnage/0,false,263,4,7,1,6,3,10,18,0,7,0,10,1,1,2,0,0,0,0,4,8,1,1,0,0,0,11,2,0,false
E:\OOD\main\Citadelles-master\Citadelles-master\src\application\Jeu.java,application.Jeu,afficherMaMain/0,false,189,3,6,2,4,2,8,7,0,1,0,8,1,1,1,0,0,1,5,2,1,2,1,0,0,0,6,2,0,false
E:\OOD\main\Citadelles-master\Citadelles-master\src\application\Jeu.java,application.Jeu,percevoirRessources/1[int],false,609,7,28,1,27,24,34,125,0,19,1,34,3,3,3,2,0,1,41,24,19,14,4,0,0,0,56,2,0,false
E:\OOD\main\Citadelles-master\Citadelles-master\src\application\Jeu.java,application.Jeu,"sortList/2[java.util.ArrayList<java.lang.String>,java.util.ArrayList<java.lang.Integer>]",false,921,0,1,1,0,5,5,21,0,4,2,5,0,0,2,0,1,0,1,8,6,5,4,0,0,0,14,2,0,false
E:\OOD\main\Citadelles-master\Citadelles-master\src\application\Jeu.java,application.Jeu,partieFinie/0,false,160,2,4,1,3,6,4,25,1,4,0,4,0,0,2,1,1,0,0,5,7,0,4,0,0,0,18,2,0,false
E:\OOD\main\Citadelles-master\Citadelles-master\src\application\Jeu.java,application.Jeu,"construireQuartier/2[int,int]",false,534,4,8,1,7,1,8,5,0,0,2,8,0,0,0,0,0,0,0,0,0,0,0,0,0,0,4,2,0,false
E:\OOD\main\Citadelles-master\Citadelles-master\src\test\TestMarchande.java,test.TestMarchande,test1/0,false,16,3,8,0,8,5,9,10,0,1,0,9,0,0,0,4,0,0,8,1,1,0,0,0,0,0,12,1,0,false
E:\OOD\main\Citadelles-master\Citadelles-master\src\test\TestMarchande.java,test.TestMarchande,main/1[java.lang.String[]],false,10,1,2,0,2,1,1,4,0,1,1,1,1,1,0,0,0,0,0,0,1,0,0,0,0,0,5,9,0,false
E:\OOD\main\Citadelles-master\Citadelles-master\src\test\TestMarchande.java,test.TestMarchande,test2/0,false,27,5,12,1,11,4,9,18,0,5,0,9,0,0,0,3,0,0,8,9,5,0,0,0,0,0,36,1,0,false
E:\OOD\main\Citadelles-master\Citadelles-master\src\application\Configuration.java,application.Configuration,nouvellePioche/0,false,47,1,5,2,3,5,2,44,1,5,0,2,0,0,4,0,0,0,0,8,5,0,1,0,0,0,46,9,0,false
E:\OOD\main\Citadelles-master\Citadelles-master\src\application\Configuration.java,application.Configuration,configurationDeBase/0,false,124,10,14,2,12,1,2,28,1,13,0,2,0,0,0,0,0,0,4,0,13,0,0,0,0,0,27,9,0,false
E:\OOD\main\Citadelles-master\Citadelles-master\src\test\TestAvatar.java,test.TestAvatar,main/1[java.lang.String[]],false,6,1,2,0,2,1,1,4,0,1,1,1,1,1,0,0,0,0,0,0,1,0,0,0,0,0,5,9,0,false
E:\OOD\main\Citadelles-master\Citadelles-master\src\test\TestAvatar.java,test.TestAvatar,test/0,false,11,13,29,1,28,1,19,145,0,19,0,19,0,0,0,0,0,0,47,62,49,0,0,0,0,0,35,1,0,false
E:\OOD\main\Citadelles-master\Citadelles-master\src\modele\Pioche.java,modele.Pioche,melanger/0,false,31,0,7,7,0,1,1,3,0,0,0,1,0,0,0,0,0,0,0,0,0,0,0,0,0,0,2,1,0,false
E:\OOD\main\Citadelles-master\Citadelles-master\src\modele\Pioche.java,modele.Pioche,Pioche/0,true,8,1,6,6,0,1,0,3,0,0,0,0,0,0,0,0,0,0,0,0,1,0,0,0,0,0,1,1,0,false
E:\OOD\main\Citadelles-master\Citadelles-master\src\modele\Pioche.java,modele.Pioche,nombreElements/0,false,27,0,8,8,0,1,1,3,1,0,0,1,0,0,0,0,0,0,0,0,0,0,0,0,0,0,2,1,0,false
E:\OOD\main\Citadelles-master\Citadelles-master\src\modele\Pioche.java,modele.Pioche,ajouter/1[modele.Quartier],false,23,1,14,14,0,1,1,3,0,0,1,1,0,0,0,0,0,0,0,0,0,0,0,0,0,0,3,1,0,false
E:\OOD\main\Citadelles-master\Citadelles-master\src\modele\Pioche.java,modele.Pioche,piocher/0,false,12,1,17,17,0,2,3,11,2,1,0,3,0,0,0,0,0,0,0,3,1,0,1,0,0,0,4,1,0,false
E:\OOD\main\Citadelles-master\Citadelles-master\src\modele\Personnage.java,modele.Personnage,"Personnage/3[java.lang.String,java.lang.String,int]",true,10,0,0,0,0,1,0,8,0,0,3,0,0,0,0,0,0,0,0,0,6,0,0,0,0,0,6,1,0,false
E:\OOD\main\Citadelles-master\Citadelles-master\src\modele\Personnage.java,modele.Personnage,getJoueur/0,false,39,1,21,21,0,1,0,3,1,0,0,0,0,0,0,0,0,0,0,0,0,0,0,0,0,0,2,1,0,false
E:\OOD\main\Citadelles-master\Citadelles-master\src\modele\Personnage.java,modele.Personnage,getAssassine/0,false,43,0,10,10,0,1,0,3,1,0,0,0,0,0,0,0,0,0,0,0,0,0,0,0,0,0,2,1,0,false
E:\OOD\main\Citadelles-master\Citadelles-master\src\modele\Personnage.java,modele.Personnage,ajouterPieces/0,false,64,1,9,8,1,3,1,5,0,0,0,1,0,0,0,2,0,0,0,1,0,0,1,0,0,0,4,1,0,false
E:\OOD\main\Citadelles-master\Citadelles-master\src\modele\Personnage.java,modele.Personnage,utiliserPouvoirAvatar/0,false,85,0,1,1,0,1,0,1,0,0,0,0,0,0,0,0,0,0,0,0,0,0,0,0,0,0,3,1025,0,false
E:\OOD\main\Citadelles-master\Citadelles-master\src\modele\Personnage.java,modele.Personnage,setVole/0,false,56,0,4,4,0,1,0,3,0,0,0,0,0,0,0,0,0,0,0,0,1,0,0,0,0,0,3,1,0,false
E:\OOD\main\Citadelles-master\Citadelles-master\src\modele\Personnage.java,modele.Personnage,utiliserPouvoir/0,false,84,0,1,1,0,1,0,1,0,0,0,0,0,0,0,0,0,0,0,0,0,0,0,0,0,0,2,1025,0,false
E:\OOD\main\Citadelles-master\Citadelles-master\src\modele\Personnage.java,modele.Personnage,reinitialiser/0,false,87,0,1,1,0,1,0,6,0,0,0,0,0,0,0,0,0,0,0,0,4,0,0,0,0,0,3,1,0,false
E:\OOD\main\Citadelles-master\Citadelles-master\src\modele\Personnage.java,modele.Personnage,getCaracteristiques/0,false,35,0,4,4,0,1,0,3,1,0,0,0,0,0,0,0,0,0,0,0,0,0,0,0,0,0,2,1,0,false
E:\OOD\main\Citadelles-master\Citadelles-master\src\modele\Personnage.java,modele.Personnage,setAssassine/0,false,60,0,4,4,0,1,0,3,0,0,0,0,0,0,0,0,0,0,0,0,1,0,0,0,0,0,3,1,0,false
E:\OOD\main\Citadelles-master\Citadelles-master\src\modele\Personnage.java,modele.Personnage,getPlateau/0,false,23,1,1,1,0,1,0,3,1,0,0,0,0,0,0,0,0,0,0,0,0,0,0,0,0,0,4,1,0,false
E:\OOD\main\Citadelles-master\Citadelles-master\src\modele\Personnage.java,modele.Personnage,getVole/0,false,47,0,7,7,0,1,0,3,1,0,0,0,0,0,0,0,0,0,0,0,0,0,0,0,0,0,2,1,0,false
E:\OOD\main\Citadelles-master\Citadelles-master\src\modele\Personnage.java,modele.Personnage,setJoueur/1[modele.Joueur],false,51,1,16,16,0,1,0,4,0,0,1,0,0,0,0,0,0,0,0,0,2,0,0,0,0,0,3,1,0,false
E:\OOD\main\Citadelles-master\Citadelles-master\src\modele\Personnage.java,modele.Personnage,construire/1[modele.Quartier],false,76,2,8,7,1,3,1,5,0,0,1,1,0,0,0,2,0,0,0,0,0,0,1,0,0,0,5,1,0,false
E:\OOD\main\Citadelles-master\Citadelles-master\src\modele\Personnage.java,modele.Personnage,percevoirRessourcesSpecifiques/0,false,82,0,1,1,0,1,0,2,0,0,0,0,0,0,0,0,0,0,0,0,0,0,0,0,0,0,3,1,0,false
E:\OOD\main\Citadelles-master\Citadelles-master\src\modele\Personnage.java,modele.Personnage,setPlateau/1[modele.PlateauDeJeu],false,19,1,1,1,0,1,0,3,0,0,1,0,0,0,0,0,0,0,0,0,1,0,0,0,0,0,5,1,0,false
E:\OOD\main\Citadelles-master\Citadelles-master\src\modele\Personnage.java,modele.Personnage,ajouterQuartier/1[modele.Quartier],false,70,2,2,1,1,3,1,5,0,0,1,1,0,0,0,2,0,0,0,0,0,0,1,0,0,0,5,1,0,false
E:\OOD\main\Citadelles-master\Citadelles-master\src\modele\Personnage.java,modele.Personnage,getRang/0,false,31,0,11,11,0,1,0,3,1,0,0,0,0,0,0,0,0,0,0,0,0,0,0,0,0,0,2,1,0,false
E:\OOD\main\Citadelles-master\Citadelles-master\src\modele\Personnage.java,modele.Personnage,getNom/0,false,27,0,15,15,0,1,0,3,1,0,0,0,0,0,0,0,0,0,0,0,0,0,0,0,0,0,2,1,0,false
E:\OOD\main\Citadelles-master\Citadelles-master\src\test\TestInteraction.java,test.TestInteraction,test4/0,false,41,2,3,1,2,2,5,6,0,1,0,5,0,0,0,1,0,0,3,1,1,0,0,0,0,0,19,1,0,false
E:\OOD\main\Citadelles-master\Citadelles-master\src\test\TestInteraction.java,test.TestInteraction,test3/0,false,33,2,2,0,2,3,4,6,0,1,0,4,0,0,0,2,0,0,3,0,1,0,0,0,0,0,17,1,0,false
E:\OOD\main\Citadelles-master\Citadelles-master\src\test\TestInteraction.java,test.TestInteraction,main/1[java.lang.String[]],false,6,1,2,0,2,1,1,4,0,1,1,1,1,1,0,0,0,0,0,0,1,0,0,0,0,0,5,9,0,false
E:\OOD\main\Citadelles-master\Citadelles-master\src\test\TestInteraction.java,test.TestInteraction,test1/0,false,14,1,1,0,1,1,3,9,0,2,0,3,0,0,0,0,0,0,5,0,2,2,0,0,0,0,14,1,0,false
E:\OOD\main\Citadelles-master\Citadelles-master\src\test\TestInteraction.java,test.TestInteraction,test2/0,false,24,2,2,0,2,3,4,7,0,1,0,4,0,0,0,0,0,0,4,4,1,1,0,0,0,0,17,1,0,false
E:\OOD\main\Citadelles-master\Citadelles-master\src\test\TestMagicienne.java,test.TestMagicienne,main/1[java.lang.String[]],false,16,1,2,0,2,1,1,4,0,1,1,1,1,1,0,0,0,0,0,0,1,0,0,0,0,0,5,9,0,false
E:\OOD\main\Citadelles-master\Citadelles-master\src\test\TestMagicienne.java,test.TestMagicienne,test1/0,false,22,6,9,0,9,4,6,13,0,4,0,6,0,0,0,3,0,0,4,4,4,0,0,0,0,0,17,1,0,false
E:\OOD\main\Citadelles-master\Citadelles-master\src\test\TestMagicienne.java,test.TestMagicienne,test2/0,false,38,9,23,1,22,8,19,75,0,19,0,19,0,0,6,1,0,0,42,28,29,12,1,0,0,0,39,1,0,false
E:\OOD\main\Citadelles-master\Citadelles-master\src\modele\Magicienne.java,modele.Magicienne,utiliserPouvoir/0,false,13,6,17,1,16,7,21,37,0,10,0,21,0,0,4,1,0,2,10,12,11,9,3,0,0,0,34,1,0,false
E:\OOD\main\Citadelles-master\Citadelles-master\src\modele\Magicienne.java,modele.Magicienne,Magicienne/0,true,9,0,5,5,0,1,0,3,0,0,0,0,0,0,0,0,0,0,1,1,0,0,0,0,0,0,1,1,0,false
E:\OOD\main\Citadelles-master\Citadelles-master\src\modele\Magicienne.java,modele.Magicienne,utiliserPouvoirAvatar/0,false,68,6,15,1,14,4,17,24,0,8,0,17,0,0,2,1,0,0,1,3,9,2,2,0,0,0,24,1,0,false
E:\OOD\main\Citadelles-master\Citadelles-master\src\test\TestPlateauDeJeu.java,test.TestPlateauDeJeu,test3/0,false,37,3,7,1,6,3,5,8,0,2,0,5,0,0,0,2,0,0,3,2,2,0,0,0,0,0,14,1,0,false
E:\OOD\main\Citadelles-master\Citadelles-master\src\test\TestPlateauDeJeu.java,test.TestPlateauDeJeu,test1/0,false,17,3,7,1,6,5,6,7,0,1,0,6,0,0,0,4,0,0,4,3,1,0,0,0,0,0,12,1,0,false
E:\OOD\main\Citadelles-master\Citadelles-master\src\test\TestPlateauDeJeu.java,test.TestPlateauDeJeu,test4/0,false,47,4,6,1,5,2,4,7,0,2,0,4,0,0,0,1,0,0,2,0,2,0,0,0,0,0,16,1,0,false
E:\OOD\main\Citadelles-master\Citadelles-master\src\test\TestPlateauDeJeu.java,test.TestPlateauDeJeu,main/1[java.lang.String[]],false,9,1,5,0,5,1,4,7,0,1,1,4,4,1,0,0,0,0,0,0,1,0,0,0,0,0,7,9,0,false
E:\OOD\main\Citadelles-master\Citadelles-master\src\test\TestPlateauDeJeu.java,test.TestPlateauDeJeu,test2/0,false,27,3,7,1,6,3,5,8,0,2,0,5,0,0,0,2,0,0,4,2,2,0,0,0,0,0,13,1,0,false
E:\OOD\main\Citadelles-master\Citadelles-master\src\modele\Sorcier.java,modele.Sorcier,utiliserPouvoir/0,false,14,4,12,0,12,14,18,69,0,9,0,18,0,0,4,4,0,0,14,12,13,3,4,0,0,0,41,1,0,false
E:\OOD\main\Citadelles-master\Citadelles-master\src\modele\Sorcier.java,modele.Sorcier,utiliserPouvoirAvatar/0,false,89,3,10,0,10,10,16,40,0,8,0,16,0,0,2,2,0,0,1,3,11,0,4,0,0,0,21,1,0,false
E:\OOD\main\Citadelles-master\Citadelles-master\src\modele\Sorcier.java,modele.Sorcier,Sorcier/0,true,10,0,0,0,0,1,0,3,0,0,0,0,0,0,0,0,0,0,1,1,0,0,0,0,0,0,1,1,0,false
E:\OOD\main\Citadelles-master\Citadelles-master\src\test\TestCondottiere.java,test.TestCondottiere,test2/0,false,37,8,23,1,22,7,17,74,0,18,0,17,0,0,6,0,0,0,41,28,28,12,1,0,0,0,33,1,0,false
E:\OOD\main\Citadelles-master\Citadelles-master\src\test\TestCondottiere.java,test.TestCondottiere,main/1[java.lang.String[]],false,14,1,2,0,2,1,1,4,0,1,1,1,1,1,0,0,0,0,0,0,1,0,0,0,0,0,5,9,0,false
E:\OOD\main\Citadelles-master\Citadelles-master\src\test\TestCondottiere.java,test.TestCondottiere,test1/0,false,21,6,9,0,9,4,6,13,0,4,0,6,0,0,0,3,0,0,4,4,4,0,0,0,0,0,16,1,0,false
E:\OOD\main\Citadelles-master\Citadelles-master\src\test\TestCondottiere.java,test.TestCondottiere,test3/0,false,125,6,13,0,13,3,10,19,0,6,0,10,0,0,0,2,0,0,7,8,6,0,0,0,0,0,32,1,0,false
E:\OOD\main\Citadelles-master\Citadelles-master\src\modele\Empereur.java,modele.Empereur,utiliserPouvoir/0,false,25,4,14,0,14,14,20,77,0,14,0,20,0,0,3,3,1,0,12,12,18,7,4,0,0,0,49,1,0,false
E:\OOD\main\Citadelles-master\Citadelles-master\src\modele\Empereur.java,modele.Empereur,utiliserPouvoirAvatar/0,false,107,4,13,0,13,23,19,107,0,17,0,19,0,0,2,12,3,0,11,27,23,1,5,0,0,0,52,1,0,false
E:\OOD\main\Citadelles-master\Citadelles-master\src\modele\Empereur.java,modele.Empereur,Empereur/0,true,9,0,0,0,0,1,0,3,0,0,0,0,0,0,0,0,0,0,1,1,0,0,0,0,0,0,1,1,0,false
E:\OOD\main\Citadelles-master\Citadelles-master\src\modele\Empereur.java,modele.Empereur,percevoirRessourcesSpecifiques/0,false,13,2,3,0,3,6,3,11,0,1,0,3,0,0,1,4,0,0,1,1,1,0,3,0,0,0,8,1,0,false
E:\OOD\main\Citadelles-master\Citadelles-master\src\modele\Joueur.java,modele.Joueur,ajouterPieces/1[int],false,70,0,19,19,0,2,0,5,0,0,1,0,0,0,0,0,0,0,0,1,1,0,1,0,0,0,3,1,0,false
E:\OOD\main\Citadelles-master\Citadelles-master\src\modele\Joueur.java,modele.Joueur,Joueur/1[java.lang.String],true,13,1,26,26,0,1,0,8,0,0,1,0,0,0,0,0,0,0,0,2,6,0,0,0,0,0,4,1,0,false
E:\OOD\main\Citadelles-master\Citadelles-master\src\modele\Joueur.java,modele.Joueur,setMain/1[java.util.ArrayList<modele.Quartier>],false,58,1,2,2,0,1,0,3,0,0,1,0,0,0,0,0,0,0,0,0,1,0,0,0,0,0,3,1,0,false
E:\OOD\main\Citadelles-master\Citadelles-master\src\modele\Joueur.java,modele.Joueur,retirerPieces/1[int],false,76,0,13,13,0,3,0,5,0,0,1,0,0,0,0,0,0,0,0,1,1,0,1,0,0,0,3,1,0,false
E:\OOD\main\Citadelles-master\Citadelles-master\src\modele\Joueur.java,modele.Joueur,retirerQuartierDansMain/0,false,127,2,3,2,1,2,4,13,2,3,0,4,1,1,0,0,0,0,0,1,3,0,1,0,0,0,12,1,0,false
E:\OOD\main\Citadelles-master\Citadelles-master\src\modele\Joueur.java,modele.Joueur,nbQuartiersDansCite/0,false,34,1,16,15,1,4,1,12,1,2,0,1,0,0,1,2,0,0,1,3,2,0,2,0,0,0,7,1,0,false
E:\OOD\main\Citadelles-master\Citadelles-master\src\modele\Joueur.java,modele.Joueur,tresor/0,false,30,0,13,13,0,1,0,3,1,0,0,0,0,0,0,0,0,0,0,0,0,0,0,0,0,0,1,1,0,false
E:\OOD\main\Citadelles-master\Citadelles-master\src\modele\Joueur.java,modele.Joueur,retirerQuartierDansCite/1[java.lang.String],false,105,2,8,4,4,4,4,16,2,2,1,4,2,1,1,0,0,0,0,3,5,2,3,0,0,0,12,1,0,false
E:\OOD\main\Citadelles-master\Citadelles-master\src\modele\Joueur.java,modele.Joueur,getPersonnage/0,false,26,1,13,13,0,1,0,3,1,0,0,0,0,0,0,0,0,0,0,0,0,0,0,0,0,0,2,1,0,false
E:\OOD\main\Citadelles-master\Citadelles-master\src\modele\Joueur.java,modele.Joueur,quartierPresentDansCite/1[java.lang.String],false,95,1,8,7,1,4,2,9,2,1,1,2,0,0,1,1,0,0,0,0,1,0,2,0,0,0,11,1,0,false
E:\OOD\main\Citadelles-master\Citadelles-master\src\modele\Joueur.java,modele.Joueur,ajouterQuartierDansCite/1[modele.Quartier],false,86,1,7,7,0,3,0,8,0,1,1,0,0,0,1,1,0,0,0,2,2,0,2,0,0,0,7,1,0,false
E:\OOD\main\Citadelles-master\Citadelles-master\src\modele\Joueur.java,modele.Joueur,nbQuartiersDansMain/0,false,54,0,20,20,0,1,1,3,1,0,0,1,0,0,0,0,0,0,0,0,0,0,0,0,0,0,4,1,0,false
E:\OOD\main\Citadelles-master\Citadelles-master\src\modele\Joueur.java,modele.Joueur,nbPieces/0,false,82,0,11,11,0,1,0,3,1,0,0,0,0,0,0,0,0,0,0,0,0,0,0,0,0,0,2,1,0,false
E:\OOD\main\Citadelles-master\Citadelles-master\src\modele\Joueur.java,modele.Joueur,reinitialiser/0,false,154,2,6,1,5,3,5,9,0,1,0,5,4,3,2,0,0,0,0,3,2,0,1,0,0,0,9,1,0,false
E:\OOD\main\Citadelles-master\Citadelles-master\src\modele\Joueur.java,modele.Joueur,getCite/0,false,46,1,13,13,0,1,0,3,1,0,0,0,0,0,0,0,0,0,0,0,0,0,0,0,0,0,2,1,0,false
E:\OOD\main\Citadelles-master\Citadelles-master\src\modele\Joueur.java,modele.Joueur,setPossedeCouronne/1[boolean],false,66,0,6,6,0,1,0,3,0,0,1,0,0,0,0,0,0,0,0,0,1,0,0,0,0,0,4,1,0,false
E:\OOD\main\Citadelles-master\Citadelles-master\src\modele\Joueur.java,modele.Joueur,getPossedeCouronne/0,false,62,0,4,4,0,1,0,3,1,0,0,0,0,0,0,0,0,0,0,0,0,0,0,0,0,0,3,1,0,false
E:\OOD\main\Citadelles-master\Citadelles-master\src\modele\Joueur.java,modele.Joueur,getMain/0,false,50,1,15,15,0,1,0,3,1,0,0,0,0,0,0,0,0,0,0,0,0,0,0,0,0,0,2,1,0,false
E:\OOD\main\Citadelles-master\Citadelles-master\src\modele\Joueur.java,modele.Joueur,retirerQuartierDansMain/1[modele.Quartier],false,140,2,9,8,1,3,4,10,1,2,1,4,1,1,1,0,0,0,0,2,3,0,2,0,0,0,8,1,0,false
E:\OOD\main\Citadelles-master\Citadelles-master\src\modele\Joueur.java,modele.Joueur,getNom/0,false,22,0,19,19,0,1,0,3,1,0,0,0,0,0,0,0,0,0,0,0,0,0,0,0,0,0,2,1,0,false
E:\OOD\main\Citadelles-master\Citadelles-master\src\modele\Joueur.java,modele.Joueur,ajouterQuartierDansMain/1[modele.Quartier],false,123,1,20,20,0,1,1,3,0,0,1,1,0,0,0,0,0,0,0,0,0,0,0,0,0,0,5,1,0,false
E:\OOD\main\Citadelles-master\Citadelles-master\src\test\Test.java,test.Test,"test/2[boolean,java.lang.String]",false,4,0,48,48,0,3,6,15,0,1,2,6,0,0,0,0,1,1,5,1,1,0,1,0,0,0,10,9,0,false
E:\OOD\main\Citadelles-master\Citadelles-master\src\modele\PlateauDeJeu.java,modele.PlateauDeJeu,setListePersonnages/1[modele.Personnage[]],false,69,1,2,2,0,1,0,3,0,0,1,0,0,0,0,0,0,0,0,0,1,0,0,0,0,0,4,1,0,false
E:\OOD\main\Citadelles-master\Citadelles-master\src\modele\PlateauDeJeu.java,modele.PlateauDeJeu,getNombrePersonnages/0,false,26,0,9,9,0,3,0,9,1,0,0,0,0,0,1,1,0,0,0,1,1,0,2,0,0,0,7,1,0,false
E:\OOD\main\Citadelles-master\Citadelles-master\src\modele\PlateauDeJeu.java,modele.PlateauDeJeu,setListeJoueurs/1[modele.Joueur[]],false,73,1,1,1,0,1,0,3,0,0,1,0,0,0,0,0,0,0,0,0,1,0,0,0,0,0,4,1,0,false
E:\OOD\main\Citadelles-master\Citadelles-master\src\modele\PlateauDeJeu.java,modele.PlateauDeJeu,getNombreJoueurs/0,false,15,0,28,28,0,3,0,9,1,0,0,0,0,0,1,1,0,0,0,1,1,0,2,0,0,0,7,1,0,false
E:\OOD\main\Citadelles-master\Citadelles-master\src\modele\PlateauDeJeu.java,modele.PlateauDeJeu,getPersonnage/1[int],false,45,1,7,7,0,3,0,8,2,0,1,0,0,0,0,0,0,0,0,1,0,0,1,0,0,0,7,1,0,false
E:\OOD\main\Citadelles-master\Citadelles-master\src\modele\PlateauDeJeu.java,modele.PlateauDeJeu,PlateauDeJeu/0,true,9,3,19,18,1,1,0,5,0,0,0,0,0,0,0,0,0,0,0,2,3,0,0,0,0,0,4,1,0,false
E:\OOD\main\Citadelles-master\Citadelles-master\src\modele\PlateauDeJeu.java,modele.PlateauDeJeu,ajouterJoueur/1[modele.Joueur],false,93,1,8,8,0,3,0,8,0,1,1,0,0,0,1,1,0,0,0,1,2,0,2,0,0,0,6,1,0,false
E:\OOD\main\Citadelles-master\Citadelles-master\src\modele\PlateauDeJeu.java,modele.PlateauDeJeu,getJoueur/1[int],false,53,1,30,30,0,3,0,8,2,0,1,0,0,0,0,0,0,0,0,1,0,0,1,0,0,0,7,1,0,false
E:\OOD\main\Citadelles-master\Citadelles-master\src\modele\PlateauDeJeu.java,modele.PlateauDeJeu,ajouterPersonnage/1[modele.Personnage],false,61,2,17,15,2,3,2,7,0,0,1,2,1,1,0,2,0,0,0,0,1,0,1,0,0,0,5,1,0,false
E:\OOD\main\Citadelles-master\Citadelles-master\src\modele\PlateauDeJeu.java,modele.PlateauDeJeu,getPioche/0,false,41,1,21,21,0,1,0,3,1,0,0,0,0,0,0,0,0,0,0,0,0,0,0,0,0,0,2,1,0,false
E:\OOD\main\Citadelles-master\Citadelles-master\src\modele\PlateauDeJeu.java,modele.PlateauDeJeu,setPioche/1[modele.Pioche],false,37,1,2,2,0,1,0,3,0,0,1,0,0,0,0,0,0,0,0,0,1,0,0,0,0,0,3,1,0,false
E:\OOD\main\Citadelles-master\Citadelles-master\src\modele\PlateauDeJeu.java,modele.PlateauDeJeu,ecarterPersonnage/1[modele.Personnage],false,77,2,2,1,1,3,2,12,0,3,1,2,1,1,1,0,0,0,0,3,4,0,2,0,0,0,8,1,0,false
E:\OOD\main\Citadelles-master\Citadelles-master\src\test\TestJoueur.java,test.TestJoueur,test4/0,false,71,3,7,1,6,6,5,13,0,5,0,5,0,0,0,5,0,1,7,8,5,0,0,0,0,0,19,1,0,false
E:\OOD\main\Citadelles-master\Citadelles-master\src\test\TestJoueur.java,test.TestJoueur,test5/0,false,88,3,11,1,10,4,9,14,0,4,0,9,0,0,0,3,0,0,6,10,4,0,0,0,0,0,20,1,0,false
E:\OOD\main\Citadelles-master\Citadelles-master\src\test\TestJoueur.java,test.TestJoueur,test1/0,false,15,2,7,1,6,4,7,8,0,1,0,7,0,0,0,3,0,0,7,3,1,0,0,0,0,0,14,1,0,false
E:\OOD\main\Citadelles-master\Citadelles-master\src\test\TestJoueur.java,test.TestJoueur,main/1[java.lang.String[]],false,7,1,5,0,5,1,4,7,0,1,1,4,4,1,0,0,0,0,0,0,1,0,0,0,0,0,5,9,0,false
E:\OOD\main\Citadelles-master\Citadelles-master\src\test\TestJoueur.java,test.TestJoueur,test3/0,false,48,3,8,1,7,5,6,15,0,5,0,6,0,0,0,4,0,0,12,8,5,0,0,0,0,0,20,1,0,false
E:\OOD\main\Citadelles-master\Citadelles-master\src\test\TestJoueur.java,test.TestJoueur,test2/0,false,26,2,5,0,5,6,5,16,0,1,0,5,0,0,0,5,0,0,7,12,1,0,0,0,0,0,15,1,0,false
E:\OOD\main\Citadelles-master\Citadelles-master\src\test\TestJeu.java,test.TestJeu,main/1[java.lang.String[]],false,7,1,2,0,2,1,1,4,0,1,1,1,1,1,0,0,0,0,0,0,1,0,0,0,0,0,5,9,0,false
E:\OOD\main\Citadelles-master\Citadelles-master\src\test\TestJeu.java,test.TestJeu,test/0,false,12,1,3,1,2,1,1,4,0,1,0,1,0,0,0,0,0,0,0,0,1,0,0,0,0,0,3,1,0,false
E:\OOD\main\Citadelles-master\Citadelles-master\src\test\TestConfiguration.java,test.TestConfiguration,main/1[java.lang.String[]],false,7,1,2,0,2,1,1,4,0,1,1,1,1,1,0,0,0,0,0,0,1,0,0,0,0,0,5,9,0,false
E:\OOD\main\Citadelles-master\Citadelles-master\src\test\TestConfiguration.java,test.TestConfiguration,test/0,false,12,4,10,1,9,5,8,10,0,2,0,8,0,0,0,4,0,0,4,4,3,0,0,0,0,0,17,1,0,false
E:\OOD\main\Citadelles-master\Citadelles-master\src\modele\Roi.java,modele.Roi,Roi/0,true,4,0,22,22,0,1,0,3,0,0,0,0,0,0,0,0,0,0,1,1,0,0,0,0,0,0,1,1,0,false
E:\OOD\main\Citadelles-master\Citadelles-master\src\modele\Roi.java,modele.Roi,percevoirRessourcesSpecifiques/0,false,8,2,4,1,3,6,3,11,0,1,0,3,0,0,1,4,0,0,1,1,1,0,3,0,0,0,8,1,0,false
E:\OOD\main\Citadelles-master\Citadelles-master\src\modele\Roi.java,modele.Roi,utiliserPouvoir/0,false,20,2,4,1,3,4,4,9,0,1,0,4,0,0,1,2,0,0,1,1,1,0,2,0,0,0,9,1,0,false
E:\OOD\main\Citadelles-master\Citadelles-master\src\modele\Roi.java,modele.Roi,utiliserPouvoirAvatar/0,false,32,2,4,1,3,4,4,9,0,1,0,4,0,0,1,2,0,0,1,1,1,0,2,0,0,0,10,1,0,false
E:\OOD\main\Citadelles-master\Citadelles-master\src\modele\Architecte.java,modele.Architecte,Architecte/0,true,5,0,5,5,0,1,0,3,0,0,0,0,0,0,0,0,0,0,1,1,0,0,0,0,0,0,1,1,0,false
E:\OOD\main\Citadelles-master\Citadelles-master\src\modele\Architecte.java,modele.Architecte,utiliserPouvoir/0,false,9,4,4,1,3,2,4,7,0,2,0,4,0,0,1,0,0,0,1,2,2,0,1,0,0,0,6,1,0,false
E:\OOD\main\Citadelles-master\Citadelles-master\src\modele\Architecte.java,modele.Architecte,utiliserPouvoirAvatar/0,false,17,4,4,1,3,2,4,7,0,2,0,4,0,0,1,0,0,0,1,2,2,0,1,0,0,0,7,1,0,false
E:\OOD\main\Citadelles-master\Citadelles-master\src\test\TestAssassin.java,test.TestAssassin,main/1[java.lang.String[]],false,8,1,2,0,2,1,1,4,0,1,1,1,1,1,0,0,0,0,0,0,1,0,0,0,0,0,5,9,0,false
E:\OOD\main\Citadelles-master\Citadelles-master\src\test\TestAssassin.java,test.TestAssassin,test1/0,false,14,5,8,0,8,4,6,11,0,3,0,6,0,0,0,3,0,0,4,4,3,0,0,0,0,0,14,1,0,false
E:\OOD\main\Citadelles-master\Citadelles-master\src\test\TestAssassin.java,test.TestAssassin,test2/0,false,27,5,8,1,7,1,5,10,0,3,0,5,0,0,0,0,0,0,2,0,3,0,0,0,0,0,13,1,0,false
E:\OOD\main\Citadelles-master\Citadelles-master\src\modele\Navigatrice.java,modele.Navigatrice,utiliserPouvoir/0,false,14,4,5,0,5,6,7,28,0,2,0,7,0,0,1,2,1,0,7,7,2,0,4,0,0,0,18,1,0,false
E:\OOD\main\Citadelles-master\Citadelles-master\src\modele\Navigatrice.java,modele.Navigatrice,utiliserPouvoirAvatar/0,false,41,3,4,0,4,5,6,23,0,3,0,6,0,0,1,1,1,0,2,5,3,0,4,0,0,0,15,1,0,false
E:\OOD\main\Citadelles-master\Citadelles-master\src\modele\Navigatrice.java,modele.Navigatrice,Navigatrice/0,true,9,0,0,0,0,1,0,3,0,0,0,0,0,0,0,0,0,0,1,1,0,0,0,0,0,0,1,1,0,false
E:\OOD\main\Citadelles-master\Citadelles-master\src\application\Application.java,application.Application,main/1[java.lang.String[]],false,4,1,2,0,2,1,1,4,0,1,1,1,0,0,0,0,0,0,0,0,1,0,0,0,0,0,4,9,0,false
E:\OOD\main\Citadelles-master\Citadelles-master\src\modele\Quartier.java,modele.Quartier,getCaracteristiques/0,false,64,0,7,7,0,1,0,3,1,0,0,0,0,0,0,0,0,0,0,0,0,0,0,0,0,0,2,1,0,false
E:\OOD\main\Citadelles-master\Citadelles-master\src\modele\Quartier.java,modele.Quartier,setCaracteristiques/1[java.lang.String],false,68,0,1,1,0,1,0,3,0,0,1,0,0,0,0,0,0,0,0,0,1,0,0,0,0,0,4,1,0,false
E:\OOD\main\Citadelles-master\Citadelles-master\src\modele\Quartier.java,modele.Quartier,"Quartier/3[java.lang.String,java.lang.String,int]",true,15,0,20,20,0,1,0,6,0,0,3,0,0,0,0,0,0,0,1,0,4,0,0,0,0,0,6,1,0,false
E:\OOD\main\Citadelles-master\Citadelles-master\src\modele\Quartier.java,modele.Quartier,Quartier/0,true,8,0,3,3,0,1,0,6,0,0,0,0,0,0,0,0,0,0,3,1,4,0,0,0,0,0,6,1,0,false
E:\OOD\main\Citadelles-master\Citadelles-master\src\modele\Quartier.java,modele.Quartier,getCout/0,false,52,0,19,19,0,1,0,3,1,0,0,0,0,0,0,0,0,0,0,0,0,0,0,0,0,0,2,1,0,false
E:\OOD\main\Citadelles-master\Citadelles-master\src\modele\Quartier.java,modele.Quartier,getType/0,false,37,0,18,18,0,1,0,3,1,0,0,0,0,0,0,0,0,0,0,0,0,0,0,0,0,0,2,1,0,false
E:\OOD\main\Citadelles-master\Citadelles-master\src\modele\Quartier.java,modele.Quartier,setCout/1[int],false,56,0,1,1,0,3,0,6,0,0,1,0,0,0,0,0,0,0,0,3,2,0,1,0,0,0,4,1,0,false
E:\OOD\main\Citadelles-master\Citadelles-master\src\modele\Quartier.java,modele.Quartier,setNom/1[java.lang.String],false,33,0,1,1,0,1,0,3,0,0,1,0,0,0,0,0,0,0,0,0,1,0,0,0,0,0,3,1,0,false
E:\OOD\main\Citadelles-master\Citadelles-master\src\modele\Quartier.java,modele.Quartier,"Quartier/4[java.lang.String,java.lang.String,int,java.lang.String]",true,22,0,4,4,0,1,0,6,0,0,4,0,0,0,0,0,0,0,0,0,4,0,0,0,0,0,6,1,0,false
E:\OOD\main\Citadelles-master\Citadelles-master\src\modele\Quartier.java,modele.Quartier,getNom/0,false,29,0,29,29,0,1,0,3,1,0,0,0,0,0,0,0,0,0,0,0,0,0,0,0,0,0,2,1,0,false
E:\OOD\main\Citadelles-master\Citadelles-master\src\modele\Quartier.java,modele.Quartier,setType/1[java.lang.String],false,41,0,3,3,0,3,0,9,0,0,1,0,0,0,1,1,0,0,1,0,2,0,2,0,0,0,16,1,0,false
E:\OOD\main\Citadelles-master\Citadelles-master\src\controleur\Interaction.java,controleur.Interaction,lireUneChaine/0,false,55,0,1,1,0,2,2,8,1,1,0,2,0,0,1,1,0,0,1,1,2,0,1,0,0,0,4,9,0,false
E:\OOD\main\Citadelles-master\Citadelles-master\src\controleur\Interaction.java,controleur.Interaction,randomizer/1[int],false,71,0,9,9,0,1,1,5,1,2,1,1,0,0,0,0,0,0,0,0,2,0,0,0,0,0,6,9,0,false
E:\OOD\main\Citadelles-master\Citadelles-master\src\controleur\Interaction.java,controleur.Interaction,randomizerBoolean/0,false,77,0,3,3,0,2,1,10,2,2,0,1,0,0,0,1,0,0,0,2,2,0,1,0,0,0,8,9,0,false
E:\OOD\main\Citadelles-master\Citadelles-master\src\controleur\Interaction.java,controleur.Interaction,lireOuiOuNon/0,false,38,0,4,4,0,7,3,16,1,2,0,3,0,0,1,0,0,0,7,0,4,0,1,0,0,0,13,9,0,false
E:\OOD\main\Citadelles-master\Citadelles-master\src\controleur\Interaction.java,controleur.Interaction,lireUnEntier/0,false,10,0,2,2,0,4,3,19,1,2,0,3,0,0,2,0,1,0,1,2,4,0,3,0,0,0,14,9,0,false
E:\OOD\main\Citadelles-master\Citadelles-master\src\controleur\Interaction.java,controleur.Interaction,randomizer/0,false,65,0,0,0,0,1,1,5,1,2,0,1,0,0,0,0,0,0,0,0,2,0,0,0,0,0,5,9,0,false
E:\OOD\main\Citadelles-master\Citadelles-master\src\controleur\Interaction.java,controleur.Interaction,"lireUnEntier/2[int,int]",false,29,1,17,16,1,3,1,8,1,1,2,1,1,1,1,0,0,0,0,1,2,0,1,0,0,0,7,9,0,false
E:\OOD\main\Citadelles-master\Citadelles-master\src\modele\Eveque.java,modele.Eveque,percevoirRessourcesSpecifiques/0,false,8,2,5,1,4,5,6,18,0,3,0,6,0,0,1,0,0,0,3,5,4,2,3,0,0,0,12,1,0,false
E:\OOD\main\Citadelles-master\Citadelles-master\src\modele\Eveque.java,modele.Eveque,Eveque/0,true,4,0,5,5,0,1,0,3,0,0,0,0,0,0,0,0,0,0,1,1,0,0,0,0,0,0,1,1,0,false
E:\OOD\main\Citadelles-master\Citadelles-master\src\modele\Eveque.java,modele.Eveque,utiliserPouvoir/0,false,29,0,0,0,0,1,0,2,0,0,0,0,0,0,0,0,0,0,0,0,0,0,0,0,0,0,2,1,0,false
E:\OOD\main\Citadelles-master\Citadelles-master\src\modele\Eveque.java,modele.Eveque,utiliserPouvoirAvatar/0,false,33,0,1,1,0,1,0,2,0,0,0,0,0,0,0,0,0,0,0,0,0,0,0,0,0,0,3,1,0,false
E:\OOD\main\Citadelles-master\Citadelles-master\src\test\TestVoleur.java,test.TestVoleur,test2/0,false,33,7,15,1,14,3,10,24,0,7,0,10,0,0,0,2,0,0,7,2,7,0,0,0,0,0,25,1,0,false
E:\OOD\main\Citadelles-master\Citadelles-master\src\test\TestVoleur.java,test.TestVoleur,test1/0,false,17,6,9,0,9,4,6,13,0,4,0,6,0,0,0,3,0,0,4,4,4,0,0,0,0,0,16,1,0,false
E:\OOD\main\Citadelles-master\Citadelles-master\src\test\TestVoleur.java,test.TestVoleur,main/1[java.lang.String[]],false,11,1,2,0,2,1,1,4,0,1,1,1,1,1,0,0,0,0,0,0,1,0,0,0,0,0,5,9,0,false
