file,class,method,variable,usage
E:\OOD\main\Citadelles-master\Citadelles-master\src\test\TestRoi.java,test.TestRoi,test2/0,joueur,2
E:\OOD\main\Citadelles-master\Citadelles-master\src\test\TestRoi.java,test.TestRoi,test2/0,roi,3
E:\OOD\main\Citadelles-master\Citadelles-master\src\test\TestRoi.java,test.TestRoi,test10/0,joueur,1
E:\OOD\main\Citadelles-master\Citadelles-master\src\test\TestRoi.java,test.TestRoi,test10/0,roi,7
E:\OOD\main\Citadelles-master\Citadelles-master\src\test\TestRoi.java,test.TestRoi,test8/0,joueur,1
E:\OOD\main\Citadelles-master\Citadelles-master\src\test\TestRoi.java,test.TestRoi,test8/0,quartier3,1
E:\OOD\main\Citadelles-master\Citadelles-master\src\test\TestRoi.java,test.TestRoi,test8/0,quartier2,1
E:\OOD\main\Citadelles-master\Citadelles-master\src\test\TestRoi.java,test.TestRoi,test8/0,roi,12
E:\OOD\main\Citadelles-master\Citadelles-master\src\test\TestRoi.java,test.TestRoi,test8/0,quartier1,1
E:\OOD\main\Citadelles-master\Citadelles-master\src\test\TestRoi.java,test.TestRoi,test4/0,roi,2
E:\OOD\main\Citadelles-master\Citadelles-master\src\test\TestRoi.java,test.TestRoi,test6/0,joueur,1
E:\OOD\main\Citadelles-master\Citadelles-master\src\test\TestRoi.java,test.TestRoi,test6/0,quartier3,1
E:\OOD\main\Citadelles-master\Citadelles-master\src\test\TestRoi.java,test.TestRoi,test6/0,quartier2,1
E:\OOD\main\Citadelles-master\Citadelles-master\src\test\TestRoi.java,test.TestRoi,test6/0,quartier1,2
E:\OOD\main\Citadelles-master\Citadelles-master\src\test\TestRoi.java,test.TestRoi,test6/0,roi,7
E:\OOD\main\Citadelles-master\Citadelles-master\src\test\TestRoi.java,test.TestRoi,test7/0,joueur,1
E:\OOD\main\Citadelles-master\Citadelles-master\src\test\TestRoi.java,test.TestRoi,test7/0,quartier3,1
E:\OOD\main\Citadelles-master\Citadelles-master\src\test\TestRoi.java,test.TestRoi,test7/0,quartier2,1
E:\OOD\main\Citadelles-master\Citadelles-master\src\test\TestRoi.java,test.TestRoi,test7/0,quartier1,2
E:\OOD\main\Citadelles-master\Citadelles-master\src\test\TestRoi.java,test.TestRoi,test7/0,roi,8
E:\OOD\main\Citadelles-master\Citadelles-master\src\test\TestRoi.java,test.TestRoi,test9/0,joueur,1
E:\OOD\main\Citadelles-master\Citadelles-master\src\test\TestRoi.java,test.TestRoi,test9/0,roi,6
E:\OOD\main\Citadelles-master\Citadelles-master\src\test\TestRoi.java,test.TestRoi,test3/0,roi,2
E:\OOD\main\Citadelles-master\Citadelles-master\src\test\TestRoi.java,test.TestRoi,main/1[java.lang.String[]],args,0
E:\OOD\main\Citadelles-master\Citadelles-master\src\test\TestRoi.java,test.TestRoi,main/1[java.lang.String[]],testRoi,10
E:\OOD\main\Citadelles-master\Citadelles-master\src\test\TestRoi.java,test.TestRoi,test1/0,roi,6
E:\OOD\main\Citadelles-master\Citadelles-master\src\test\TestRoi.java,test.TestRoi,test5/0,joueur,1
E:\OOD\main\Citadelles-master\Citadelles-master\src\test\TestRoi.java,test.TestRoi,test5/0,roi,5
E:\OOD\main\Citadelles-master\Citadelles-master\src\modele\Condottiere.java,modele.Condottiere,utiliserPouvoir/0,npe,0
E:\OOD\main\Citadelles-master\Citadelles-master\src\modele\Condottiere.java,modele.Condottiere,utiliserPouvoir/0,joueur,5
E:\OOD\main\Citadelles-master\Citadelles-master\src\modele\Condottiere.java,modele.Condottiere,utiliserPouvoir/0,prixAPayer,3
E:\OOD\main\Citadelles-master\Citadelles-master\src\modele\Condottiere.java,modele.Condottiere,utiliserPouvoir/0,i,13
E:\OOD\main\Citadelles-master\Citadelles-master\src\modele\Condottiere.java,modele.Condottiere,utiliserPouvoir/0,j,9
E:\OOD\main\Citadelles-master\Citadelles-master\src\modele\Condottiere.java,modele.Condottiere,utiliserPouvoir/0,tailleCite,1
E:\OOD\main\Citadelles-master\Citadelles-master\src\modele\Condottiere.java,modele.Condottiere,utiliserPouvoir/0,ibe,0
E:\OOD\main\Citadelles-master\Citadelles-master\src\modele\Condottiere.java,modele.Condottiere,utiliserPouvoir/0,cible,11
E:\OOD\main\Citadelles-master\Citadelles-master\src\modele\Condottiere.java,modele.Condottiere,utiliserPouvoir/0,nb,5
E:\OOD\main\Citadelles-master\Citadelles-master\src\modele\Condottiere.java,modele.Condottiere,utiliserPouvoir/0,nbQuartier,3
E:\OOD\main\Citadelles-master\Citadelles-master\src\modele\Condottiere.java,modele.Condottiere,utiliserPouvoir/0,choixJoueur,5
E:\OOD\main\Citadelles-master\Citadelles-master\src\modele\Condottiere.java,modele.Condottiere,utiliserPouvoir/0,cite,4
E:\OOD\main\Citadelles-master\Citadelles-master\src\modele\Condottiere.java,modele.Condottiere,utiliserPouvoir/0,personnage,1
E:\OOD\main\Citadelles-master\Citadelles-master\src\modele\Condottiere.java,modele.Condottiere,utiliserPouvoir/0,quartierADetruire,4
E:\OOD\main\Citadelles-master\Citadelles-master\src\modele\Condottiere.java,modele.Condottiere,utiliserPouvoir/0,condottiere,6
E:\OOD\main\Citadelles-master\Citadelles-master\src\modele\Condottiere.java,modele.Condottiere,utiliserPouvoir/0,nomQuartierADetruire,6
E:\OOD\main\Citadelles-master\Citadelles-master\src\modele\Condottiere.java,modele.Condottiere,utiliserPouvoir/0,choix,1
E:\OOD\main\Citadelles-master\Citadelles-master\src\modele\Condottiere.java,modele.Condottiere,utiliserPouvoir/0,choixQuartier,5
E:\OOD\main\Citadelles-master\Citadelles-master\src\modele\Condottiere.java,modele.Condottiere,percevoirRessourcesSpecifiques/0,npe,0
E:\OOD\main\Citadelles-master\Citadelles-master\src\modele\Condottiere.java,modele.Condottiere,percevoirRessourcesSpecifiques/0,nomQuartier,4
E:\OOD\main\Citadelles-master\Citadelles-master\src\modele\Condottiere.java,modele.Condottiere,percevoirRessourcesSpecifiques/0,i,4
E:\OOD\main\Citadelles-master\Citadelles-master\src\modele\Condottiere.java,modele.Condottiere,percevoirRessourcesSpecifiques/0,j,3
E:\OOD\main\Citadelles-master\Citadelles-master\src\modele\Condottiere.java,modele.Condottiere,percevoirRessourcesSpecifiques/0,condottiere,4
E:\OOD\main\Citadelles-master\Citadelles-master\src\modele\Condottiere.java,modele.Condottiere,utiliserPouvoirAvatar/0,npe,0
E:\OOD\main\Citadelles-master\Citadelles-master\src\modele\Condottiere.java,modele.Condottiere,utiliserPouvoirAvatar/0,prixAPayer,1
E:\OOD\main\Citadelles-master\Citadelles-master\src\modele\Condottiere.java,modele.Condottiere,utiliserPouvoirAvatar/0,i,3
E:\OOD\main\Citadelles-master\Citadelles-master\src\modele\Condottiere.java,modele.Condottiere,utiliserPouvoirAvatar/0,j,3
E:\OOD\main\Citadelles-master\Citadelles-master\src\modele\Condottiere.java,modele.Condottiere,utiliserPouvoirAvatar/0,tailleCite,1
E:\OOD\main\Citadelles-master\Citadelles-master\src\modele\Condottiere.java,modele.Condottiere,utiliserPouvoirAvatar/0,ibe,0
E:\OOD\main\Citadelles-master\Citadelles-master\src\modele\Condottiere.java,modele.Condottiere,utiliserPouvoirAvatar/0,cible,7
E:\OOD\main\Citadelles-master\Citadelles-master\src\modele\Condottiere.java,modele.Condottiere,utiliserPouvoirAvatar/0,nb,5
E:\OOD\main\Citadelles-master\Citadelles-master\src\modele\Condottiere.java,modele.Condottiere,utiliserPouvoirAvatar/0,nbQuartier,3
E:\OOD\main\Citadelles-master\Citadelles-master\src\modele\Condottiere.java,modele.Condottiere,utiliserPouvoirAvatar/0,choixJoueur,4
E:\OOD\main\Citadelles-master\Citadelles-master\src\modele\Condottiere.java,modele.Condottiere,utiliserPouvoirAvatar/0,personnage,1
E:\OOD\main\Citadelles-master\Citadelles-master\src\modele\Condottiere.java,modele.Condottiere,utiliserPouvoirAvatar/0,cite,1
E:\OOD\main\Citadelles-master\Citadelles-master\src\modele\Condottiere.java,modele.Condottiere,utiliserPouvoirAvatar/0,quartierADetruire,2
E:\OOD\main\Citadelles-master\Citadelles-master\src\modele\Condottiere.java,modele.Condottiere,utiliserPouvoirAvatar/0,condottiere,1
E:\OOD\main\Citadelles-master\Citadelles-master\src\modele\Condottiere.java,modele.Condottiere,utiliserPouvoirAvatar/0,nomQuartierADetruire,2
E:\OOD\main\Citadelles-master\Citadelles-master\src\modele\Condottiere.java,modele.Condottiere,utiliserPouvoirAvatar/0,choix,1
E:\OOD\main\Citadelles-master\Citadelles-master\src\modele\Condottiere.java,modele.Condottiere,utiliserPouvoirAvatar/0,choixQuartier,4
E:\OOD\main\Citadelles-master\Citadelles-master\src\modele\Voleur.java,modele.Voleur,utiliserPouvoir/0,selection,11
E:\OOD\main\Citadelles-master\Citadelles-master\src\modele\Voleur.java,modele.Voleur,utiliserPouvoir/0,montantVole,1
E:\OOD\main\Citadelles-master\Citadelles-master\src\modele\Voleur.java,modele.Voleur,utiliserPouvoir/0,i,4
E:\OOD\main\Citadelles-master\Citadelles-master\src\modele\Voleur.java,modele.Voleur,utiliserPouvoir/0,k,5
E:\OOD\main\Citadelles-master\Citadelles-master\src\modele\Voleur.java,modele.Voleur,utiliserPouvoirAvatar/0,selection,9
E:\OOD\main\Citadelles-master\Citadelles-master\src\modele\Voleur.java,modele.Voleur,utiliserPouvoirAvatar/0,montantVole,1
E:\OOD\main\Citadelles-master\Citadelles-master\src\modele\Voleur.java,modele.Voleur,utiliserPouvoirAvatar/0,k,4
E:\OOD\main\Citadelles-master\Citadelles-master\src\modele\Espion.java,modele.Espion,utiliserPouvoirAvatar/0,r,2
E:\OOD\main\Citadelles-master\Citadelles-master\src\modele\Espion.java,modele.Espion,utiliserPouvoirAvatar/0,c,5
E:\OOD\main\Citadelles-master\Citadelles-master\src\modele\Espion.java,modele.Espion,utiliserPouvoirAvatar/0,choisi,8
E:\OOD\main\Citadelles-master\Citadelles-master\src\modele\Espion.java,modele.Espion,utiliserPouvoirAvatar/0,nbQuartierType,6
E:\OOD\main\Citadelles-master\Citadelles-master\src\modele\Espion.java,modele.Espion,utiliserPouvoirAvatar/0,i,6
E:\OOD\main\Citadelles-master\Citadelles-master\src\modele\Espion.java,modele.Espion,utiliserPouvoirAvatar/0,main,1
E:\OOD\main\Citadelles-master\Citadelles-master\src\modele\Espion.java,modele.Espion,utiliserPouvoirAvatar/0,choix,1
E:\OOD\main\Citadelles-master\Citadelles-master\src\modele\Espion.java,modele.Espion,utiliserPouvoirAvatar/0,nbPioche,1
E:\OOD\main\Citadelles-master\Citadelles-master\src\modele\Espion.java,modele.Espion,utiliserPouvoir/0,q,3
E:\OOD\main\Citadelles-master\Citadelles-master\src\modele\Espion.java,modele.Espion,utiliserPouvoir/0,c,5
E:\OOD\main\Citadelles-master\Citadelles-master\src\modele\Espion.java,modele.Espion,utiliserPouvoir/0,e,0
E:\OOD\main\Citadelles-master\Citadelles-master\src\modele\Espion.java,modele.Espion,utiliserPouvoir/0,choisi,7
E:\OOD\main\Citadelles-master\Citadelles-master\src\modele\Espion.java,modele.Espion,utiliserPouvoir/0,i,17
E:\OOD\main\Citadelles-master\Citadelles-master\src\modele\Espion.java,modele.Espion,utiliserPouvoir/0,nbQuartierType,7
E:\OOD\main\Citadelles-master\Citadelles-master\src\modele\Espion.java,modele.Espion,utiliserPouvoir/0,main,1
E:\OOD\main\Citadelles-master\Citadelles-master\src\modele\Espion.java,modele.Espion,utiliserPouvoir/0,tresorVole,5
E:\OOD\main\Citadelles-master\Citadelles-master\src\modele\Espion.java,modele.Espion,utiliserPouvoir/0,choix,1
E:\OOD\main\Citadelles-master\Citadelles-master\src\modele\Espion.java,modele.Espion,utiliserPouvoir/0,nbPioche,2
E:\OOD\main\Citadelles-master\Citadelles-master\src\test\TestEveque.java,test.TestEveque,test1/0,eveque,6
E:\OOD\main\Citadelles-master\Citadelles-master\src\test\TestEveque.java,test.TestEveque,main/1[java.lang.String[]],args,0
E:\OOD\main\Citadelles-master\Citadelles-master\src\test\TestEveque.java,test.TestEveque,main/1[java.lang.String[]],test,1
E:\OOD\main\Citadelles-master\Citadelles-master\src\test\TestEveque.java,test.TestEveque,test2/0,joueur,1
E:\OOD\main\Citadelles-master\Citadelles-master\src\test\TestEveque.java,test.TestEveque,test2/0,eveque,8
E:\OOD\main\Citadelles-master\Citadelles-master\src\test\TestEveque.java,test.TestEveque,test2/0,quartier3,1
E:\OOD\main\Citadelles-master\Citadelles-master\src\test\TestEveque.java,test.TestEveque,test2/0,quartier2,1
E:\OOD\main\Citadelles-master\Citadelles-master\src\test\TestEveque.java,test.TestEveque,test2/0,quartier1,1
E:\OOD\main\Citadelles-master\Citadelles-master\src\test\TestQuartier.java,test.TestQuartier,test3/0,quartier,4
E:\OOD\main\Citadelles-master\Citadelles-master\src\test\TestQuartier.java,test.TestQuartier,test1/0,quartier,4
E:\OOD\main\Citadelles-master\Citadelles-master\src\test\TestQuartier.java,test.TestQuartier,test7/0,quartier,14
E:\OOD\main\Citadelles-master\Citadelles-master\src\test\TestQuartier.java,test.TestQuartier,test5/0,quartier,4
E:\OOD\main\Citadelles-master\Citadelles-master\src\test\TestQuartier.java,test.TestQuartier,main/1[java.lang.String[]],args,0
E:\OOD\main\Citadelles-master\Citadelles-master\src\test\TestQuartier.java,test.TestQuartier,main/1[java.lang.String[]],testQuartier,7
E:\OOD\main\Citadelles-master\Citadelles-master\src\test\TestQuartier.java,test.TestQuartier,test2/0,quartier,4
E:\OOD\main\Citadelles-master\Citadelles-master\src\test\TestQuartier.java,test.TestQuartier,test4/0,quartier,4
E:\OOD\main\Citadelles-master\Citadelles-master\src\test\TestQuartier.java,test.TestQuartier,test6/0,quartier,4
E:\OOD\main\Citadelles-master\Citadelles-master\src\test\TestQuartier.java,test.TestQuartier,test6/0,caracteristiques,2
E:\OOD\main\Citadelles-master\Citadelles-master\src\modele\Archiviste.java,modele.Archiviste,utiliserPouvoir/0,selection,11
E:\OOD\main\Citadelles-master\Citadelles-master\src\modele\Archiviste.java,modele.Archiviste,utiliserPouvoir/0,e,0
E:\OOD\main\Citadelles-master\Citadelles-master\src\modele\Archiviste.java,modele.Archiviste,utiliserPouvoir/0,i,12
E:\OOD\main\Citadelles-master\Citadelles-master\src\modele\Archiviste.java,modele.Archiviste,utiliserPouvoir/0,choix,3
E:\OOD\main\Citadelles-master\Citadelles-master\src\modele\Archiviste.java,modele.Archiviste,utiliserPouvoirAvatar/0,random,1
E:\OOD\main\Citadelles-master\Citadelles-master\src\modele\Archiviste.java,modele.Archiviste,utiliserPouvoirAvatar/0,selection,8
E:\OOD\main\Citadelles-master\Citadelles-master\src\modele\Archiviste.java,modele.Archiviste,utiliserPouvoirAvatar/0,e,0
E:\OOD\main\Citadelles-master\Citadelles-master\src\modele\Archiviste.java,modele.Archiviste,utiliserPouvoirAvatar/0,aleatoire,2
E:\OOD\main\Citadelles-master\Citadelles-master\src\modele\Archiviste.java,modele.Archiviste,utiliserPouvoirAvatar/0,i,7
E:\OOD\main\Citadelles-master\Citadelles-master\src\modele\Assassin.java,modele.Assassin,utiliserPouvoir/0,rangPersonnageATuer,5
E:\OOD\main\Citadelles-master\Citadelles-master\src\modele\Assassin.java,modele.Assassin,utiliserPouvoir/0,i,4
E:\OOD\main\Citadelles-master\Citadelles-master\src\modele\Assassin.java,modele.Assassin,utiliserPouvoirAvatar/0,rangPersonnageATuer,4
E:\OOD\main\Citadelles-master\Citadelles-master\src\modele\Marchande.java,modele.Marchande,percevoirRessourcesSpecifiques/0,a,3
E:\OOD\main\Citadelles-master\Citadelles-master\src\modele\Marchande.java,modele.Marchande,percevoirRessourcesSpecifiques/0,npe,0
E:\OOD\main\Citadelles-master\Citadelles-master\src\test\TestArchitecte.java,test.TestArchitecte,test1/0,architecte,6
E:\OOD\main\Citadelles-master\Citadelles-master\src\test\TestArchitecte.java,test.TestArchitecte,test2/0,pioche,3
E:\OOD\main\Citadelles-master\Citadelles-master\src\test\TestArchitecte.java,test.TestArchitecte,test2/0,joueur,2
E:\OOD\main\Citadelles-master\Citadelles-master\src\test\TestArchitecte.java,test.TestArchitecte,test2/0,plateau,3
E:\OOD\main\Citadelles-master\Citadelles-master\src\test\TestArchitecte.java,test.TestArchitecte,test2/0,architecte,5
E:\OOD\main\Citadelles-master\Citadelles-master\src\test\TestArchitecte.java,test.TestArchitecte,test2/0,quartier3,1
E:\OOD\main\Citadelles-master\Citadelles-master\src\test\TestArchitecte.java,test.TestArchitecte,test2/0,quartier2,1
E:\OOD\main\Citadelles-master\Citadelles-master\src\test\TestArchitecte.java,test.TestArchitecte,test2/0,quartier1,1
E:\OOD\main\Citadelles-master\Citadelles-master\src\test\TestArchitecte.java,test.TestArchitecte,main/1[java.lang.String[]],args,0
E:\OOD\main\Citadelles-master\Citadelles-master\src\test\TestArchitecte.java,test.TestArchitecte,main/1[java.lang.String[]],test,1
E:\OOD\main\Citadelles-master\Citadelles-master\src\test\TestPioche.java,test.TestPioche,test2/0,pioche,4
E:\OOD\main\Citadelles-master\Citadelles-master\src\test\TestPioche.java,test.TestPioche,test2/0,quartier3,1
E:\OOD\main\Citadelles-master\Citadelles-master\src\test\TestPioche.java,test.TestPioche,test2/0,quartier2,1
E:\OOD\main\Citadelles-master\Citadelles-master\src\test\TestPioche.java,test.TestPioche,test2/0,quartier1,1
E:\OOD\main\Citadelles-master\Citadelles-master\src\test\TestPioche.java,test.TestPioche,test1/0,pioche,1
E:\OOD\main\Citadelles-master\Citadelles-master\src\test\TestPioche.java,test.TestPioche,test3/0,pioche,10
E:\OOD\main\Citadelles-master\Citadelles-master\src\test\TestPioche.java,test.TestPioche,test3/0,q,8
E:\OOD\main\Citadelles-master\Citadelles-master\src\test\TestPioche.java,test.TestPioche,test3/0,quartier3,2
E:\OOD\main\Citadelles-master\Citadelles-master\src\test\TestPioche.java,test.TestPioche,test3/0,quartier2,2
E:\OOD\main\Citadelles-master\Citadelles-master\src\test\TestPioche.java,test.TestPioche,test3/0,quartier1,2
E:\OOD\main\Citadelles-master\Citadelles-master\src\test\TestPioche.java,test.TestPioche,main/1[java.lang.String[]],args,0
E:\OOD\main\Citadelles-master\Citadelles-master\src\test\TestPioche.java,test.TestPioche,main/1[java.lang.String[]],testPioche,4
E:\OOD\main\Citadelles-master\Citadelles-master\src\test\TestPioche.java,test.TestPioche,test4/0,pioche,14
E:\OOD\main\Citadelles-master\Citadelles-master\src\test\TestPioche.java,test.TestPioche,test4/0,q,22
E:\OOD\main\Citadelles-master\Citadelles-master\src\test\TestPioche.java,test.TestPioche,test4/0,i,2
E:\OOD\main\Citadelles-master\Citadelles-master\src\application\Jeu.java,application.Jeu,jouer/0,choix,2
E:\OOD\main\Citadelles-master\Citadelles-master\src\application\Jeu.java,application.Jeu,initialisation/0,i,4
E:\OOD\main\Citadelles-master\Citadelles-master\src\application\Jeu.java,application.Jeu,initialisation/0,j,2
E:\OOD\main\Citadelles-master\Citadelles-master\src\application\Jeu.java,application.Jeu,tourDeJeu/0,cartesDansMains,2
E:\OOD\main\Citadelles-master\Citadelles-master\src\application\Jeu.java,application.Jeu,tourDeJeu/0,e,0
E:\OOD\main\Citadelles-master\Citadelles-master\src\application\Jeu.java,application.Jeu,tourDeJeu/0,iaie,4
E:\OOD\main\Citadelles-master\Citadelles-master\src\application\Jeu.java,application.Jeu,tourDeJeu/0,i,58
E:\OOD\main\Citadelles-master\Citadelles-master\src\application\Jeu.java,application.Jeu,tourDeJeu/0,iter,17
E:\OOD\main\Citadelles-master\Citadelles-master\src\application\Jeu.java,application.Jeu,tourDeJeu/0,quartierChoisi,19
E:\OOD\main\Citadelles-master\Citadelles-master\src\application\Jeu.java,application.Jeu,tourDeJeu/0,prixEnPO,8
E:\OOD\main\Citadelles-master\Citadelles-master\src\application\Jeu.java,application.Jeu,tourDeJeu/0,prixEnCartes,10
E:\OOD\main\Citadelles-master\Citadelles-master\src\application\Jeu.java,application.Jeu,tourDeJeu/0,nbConstruction,5
E:\OOD\main\Citadelles-master\Citadelles-master\src\application\Jeu.java,application.Jeu,tourDeJeu/0,total,1
E:\OOD\main\Citadelles-master\Citadelles-master\src\application\Jeu.java,application.Jeu,tourDeJeu/0,cartesDansCites,2
E:\OOD\main\Citadelles-master\Citadelles-master\src\application\Jeu.java,application.Jeu,tourDeJeu/0,x,5
E:\OOD\main\Citadelles-master\Citadelles-master\src\application\Jeu.java,application.Jeu,tourDeJeu/0,choixQuartier,21
E:\OOD\main\Citadelles-master\Citadelles-master\src\application\Jeu.java,application.Jeu,tourDeJeu/0,CHOIXQUARTIERSAVENDRE,7
E:\OOD\main\Citadelles-master\Citadelles-master\src\application\Jeu.java,application.Jeu,"sortListJoueur/2[java.util.ArrayList<modele.Joueur>,java.util.ArrayList<java.lang.Integer>]",joueurList,4
E:\OOD\main\Citadelles-master\Citadelles-master\src\application\Jeu.java,application.Jeu,"sortListJoueur/2[java.util.ArrayList<modele.Joueur>,java.util.ArrayList<java.lang.Integer>]",integerList,8
E:\OOD\main\Citadelles-master\Citadelles-master\src\application\Jeu.java,application.Jeu,"sortListJoueur/2[java.util.ArrayList<modele.Joueur>,java.util.ArrayList<java.lang.Integer>]",i,12
E:\OOD\main\Citadelles-master\Citadelles-master\src\application\Jeu.java,application.Jeu,"sortListJoueur/2[java.util.ArrayList<modele.Joueur>,java.util.ArrayList<java.lang.Integer>]",j,2
E:\OOD\main\Citadelles-master\Citadelles-master\src\application\Jeu.java,application.Jeu,"sortListJoueur/2[java.util.ArrayList<modele.Joueur>,java.util.ArrayList<java.lang.Integer>]",tempInt,2
E:\OOD\main\Citadelles-master\Citadelles-master\src\application\Jeu.java,application.Jeu,"sortListJoueur/2[java.util.ArrayList<modele.Joueur>,java.util.ArrayList<java.lang.Integer>]",tempJoueur,2
E:\OOD\main\Citadelles-master\Citadelles-master\src\application\Jeu.java,application.Jeu,"sortListJoueur/2[java.util.ArrayList<modele.Joueur>,java.util.ArrayList<java.lang.Integer>]",ibe,0
E:\OOD\main\Citadelles-master\Citadelles-master\src\application\Jeu.java,application.Jeu,moi/0,moi,2
E:\OOD\main\Citadelles-master\Citadelles-master\src\application\Jeu.java,application.Jeu,moi/0,i,4
E:\OOD\main\Citadelles-master\Citadelles-master\src\application\Jeu.java,application.Jeu,afficheCiteJoueur/1[int],npe,0
E:\OOD\main\Citadelles-master\Citadelles-master\src\application\Jeu.java,application.Jeu,afficheCiteJoueur/1[int],c,6
E:\OOD\main\Citadelles-master\Citadelles-master\src\application\Jeu.java,application.Jeu,afficheCiteJoueur/1[int],counterQuartierDansCite,2
E:\OOD\main\Citadelles-master\Citadelles-master\src\application\Jeu.java,application.Jeu,afficheCiteJoueur/1[int],i,7
E:\OOD\main\Citadelles-master\Citadelles-master\src\application\Jeu.java,application.Jeu,afficherMainJoueur/1[int],i,3
E:\OOD\main\Citadelles-master\Citadelles-master\src\application\Jeu.java,application.Jeu,afficherMainJoueur/1[int],z,5
E:\OOD\main\Citadelles-master\Citadelles-master\src\application\Jeu.java,application.Jeu,jouerPartie/0,numeroDuTour,3
E:\OOD\main\Citadelles-master\Citadelles-master\src\application\Jeu.java,application.Jeu,jouerPartie/0,partieFinie,3
E:\OOD\main\Citadelles-master\Citadelles-master\src\application\Jeu.java,application.Jeu,choixPersonnages/0,h,6
E:\OOD\main\Citadelles-master\Citadelles-master\src\application\Jeu.java,application.Jeu,choixPersonnages/0,i,12
E:\OOD\main\Citadelles-master\Citadelles-master\src\application\Jeu.java,application.Jeu,choixPersonnages/0,persoAEcarter,9
E:\OOD\main\Citadelles-master\Citadelles-master\src\application\Jeu.java,application.Jeu,choixPersonnages/0,choix,10
E:\OOD\main\Citadelles-master\Citadelles-master\src\application\Jeu.java,application.Jeu,calculDesPoints/0,nbPoints,13
E:\OOD\main\Citadelles-master\Citadelles-master\src\application\Jeu.java,application.Jeu,calculDesPoints/0,typeQuartiers,2
E:\OOD\main\Citadelles-master\Citadelles-master\src\application\Jeu.java,application.Jeu,calculDesPoints/0,quartierDeMemeCouleur,3
E:\OOD\main\Citadelles-master\Citadelles-master\src\application\Jeu.java,application.Jeu,calculDesPoints/0,tableauScores,3
E:\OOD\main\Citadelles-master\Citadelles-master\src\application\Jeu.java,application.Jeu,calculDesPoints/0,i,40
E:\OOD\main\Citadelles-master\Citadelles-master\src\application\Jeu.java,application.Jeu,calculDesPoints/0,j,6
E:\OOD\main\Citadelles-master\Citadelles-master\src\application\Jeu.java,application.Jeu,calculDesPoints/0,k,6
E:\OOD\main\Citadelles-master\Citadelles-master\src\application\Jeu.java,application.Jeu,calculDesPoints/0,r,4
E:\OOD\main\Citadelles-master\Citadelles-master\src\application\Jeu.java,application.Jeu,calculDesPoints/0,tableauJoueurs,3
E:\OOD\main\Citadelles-master\Citadelles-master\src\application\Jeu.java,application.Jeu,calculDesPoints/0,typeQuartiersWithoutDuplicates,1
E:\OOD\main\Citadelles-master\Citadelles-master\src\application\Jeu.java,application.Jeu,calculDesPoints/0,w,4
E:\OOD\main\Citadelles-master\Citadelles-master\src\application\Jeu.java,application.Jeu,calculDesPoints/0,aie,9
E:\OOD\main\Citadelles-master\Citadelles-master\src\application\Jeu.java,application.Jeu,calculDesPoints/0,choixTypeQuartier,3
E:\OOD\main\Citadelles-master\Citadelles-master\src\application\Jeu.java,application.Jeu,reinitialisationPersonnages/0,marchande,1
E:\OOD\main\Citadelles-master\Citadelles-master\src\application\Jeu.java,application.Jeu,reinitialisationPersonnages/0,voleur,1
E:\OOD\main\Citadelles-master\Citadelles-master\src\application\Jeu.java,application.Jeu,reinitialisationPersonnages/0,architecte,1
E:\OOD\main\Citadelles-master\Citadelles-master\src\application\Jeu.java,application.Jeu,reinitialisationPersonnages/0,eveque,1
E:\OOD\main\Citadelles-master\Citadelles-master\src\application\Jeu.java,application.Jeu,reinitialisationPersonnages/0,condottiere,1
E:\OOD\main\Citadelles-master\Citadelles-master\src\application\Jeu.java,application.Jeu,reinitialisationPersonnages/0,assassin,1
E:\OOD\main\Citadelles-master\Citadelles-master\src\application\Jeu.java,application.Jeu,reinitialisationPersonnages/0,magicienne,1
E:\OOD\main\Citadelles-master\Citadelles-master\src\application\Jeu.java,application.Jeu,reinitialisationPersonnages/0,roi,1
E:\OOD\main\Citadelles-master\Citadelles-master\src\application\Jeu.java,application.Jeu,afficheJeuJoueur/0,npe,1
E:\OOD\main\Citadelles-master\Citadelles-master\src\application\Jeu.java,application.Jeu,afficheJeuJoueur/0,c,7
E:\OOD\main\Citadelles-master\Citadelles-master\src\application\Jeu.java,application.Jeu,afficheJeuJoueur/0,z,6
E:\OOD\main\Citadelles-master\Citadelles-master\src\application\Jeu.java,application.Jeu,sortJoueurSelonRangPersonnage/0,tempRang,2
E:\OOD\main\Citadelles-master\Citadelles-master\src\application\Jeu.java,application.Jeu,sortJoueurSelonRangPersonnage/0,i,8
E:\OOD\main\Citadelles-master\Citadelles-master\src\application\Jeu.java,application.Jeu,sortJoueurSelonRangPersonnage/0,j,4
E:\OOD\main\Citadelles-master\Citadelles-master\src\application\Jeu.java,application.Jeu,sortJoueurSelonRangPersonnage/0,tempJoueur,3
E:\OOD\main\Citadelles-master\Citadelles-master\src\application\Jeu.java,application.Jeu,sortJoueurSelonRangPersonnage/0,listeJoueurRemplacable,2
E:\OOD\main\Citadelles-master\Citadelles-master\src\application\Jeu.java,application.Jeu,afficherMaMain/0,z,5
E:\OOD\main\Citadelles-master\Citadelles-master\src\application\Jeu.java,application.Jeu,percevoirRessources/1[int],isNouvelleCarte,3
E:\OOD\main\Citadelles-master\Citadelles-master\src\application\Jeu.java,application.Jeu,percevoirRessources/1[int],a,10
E:\OOD\main\Citadelles-master\Citadelles-master\src\application\Jeu.java,application.Jeu,percevoirRessources/1[int],b,10
E:\OOD\main\Citadelles-master\Citadelles-master\src\application\Jeu.java,application.Jeu,percevoirRessources/1[int],choixCarteQuartier,3
E:\OOD\main\Citadelles-master\Citadelles-master\src\application\Jeu.java,application.Jeu,percevoirRessources/1[int],choixForge,3
E:\OOD\main\Citadelles-master\Citadelles-master\src\application\Jeu.java,application.Jeu,percevoirRessources/1[int],w,4
E:\OOD\main\Citadelles-master\Citadelles-master\src\application\Jeu.java,application.Jeu,percevoirRessources/1[int],i,21
E:\OOD\main\Citadelles-master\Citadelles-master\src\application\Jeu.java,application.Jeu,percevoirRessources/1[int],choixLabo,3
E:\OOD\main\Citadelles-master\Citadelles-master\src\application\Jeu.java,application.Jeu,percevoirRessources/1[int],aie,9
E:\OOD\main\Citadelles-master\Citadelles-master\src\application\Jeu.java,application.Jeu,percevoirRessources/1[int],choixTypeQuartier,3
E:\OOD\main\Citadelles-master\Citadelles-master\src\application\Jeu.java,application.Jeu,percevoirRessources/1[int],choixQuartier,5
E:\OOD\main\Citadelles-master\Citadelles-master\src\application\Jeu.java,application.Jeu,"sortList/2[java.util.ArrayList<java.lang.String>,java.util.ArrayList<java.lang.Integer>]",stringList,4
E:\OOD\main\Citadelles-master\Citadelles-master\src\application\Jeu.java,application.Jeu,"sortList/2[java.util.ArrayList<java.lang.String>,java.util.ArrayList<java.lang.Integer>]",integerList,8
E:\OOD\main\Citadelles-master\Citadelles-master\src\application\Jeu.java,application.Jeu,"sortList/2[java.util.ArrayList<java.lang.String>,java.util.ArrayList<java.lang.Integer>]",i,12
E:\OOD\main\Citadelles-master\Citadelles-master\src\application\Jeu.java,application.Jeu,"sortList/2[java.util.ArrayList<java.lang.String>,java.util.ArrayList<java.lang.Integer>]",j,2
E:\OOD\main\Citadelles-master\Citadelles-master\src\application\Jeu.java,application.Jeu,"sortList/2[java.util.ArrayList<java.lang.String>,java.util.ArrayList<java.lang.Integer>]",tempInt,2
E:\OOD\main\Citadelles-master\Citadelles-master\src\application\Jeu.java,application.Jeu,"sortList/2[java.util.ArrayList<java.lang.String>,java.util.ArrayList<java.lang.Integer>]",ibe,0
E:\OOD\main\Citadelles-master\Citadelles-master\src\application\Jeu.java,application.Jeu,"sortList/2[java.util.ArrayList<java.lang.String>,java.util.ArrayList<java.lang.Integer>]",tempString,2
E:\OOD\main\Citadelles-master\Citadelles-master\src\application\Jeu.java,application.Jeu,partieFinie/0,npe,0
E:\OOD\main\Citadelles-master\Citadelles-master\src\application\Jeu.java,application.Jeu,partieFinie/0,nbQuartier,2
E:\OOD\main\Citadelles-master\Citadelles-master\src\application\Jeu.java,application.Jeu,partieFinie/0,i,4
E:\OOD\main\Citadelles-master\Citadelles-master\src\application\Jeu.java,application.Jeu,partieFinie/0,j,3
E:\OOD\main\Citadelles-master\Citadelles-master\src\application\Jeu.java,application.Jeu,partieFinie/0,partieFinie,3
E:\OOD\main\Citadelles-master\Citadelles-master\src\application\Jeu.java,application.Jeu,"construireQuartier/2[int,int]",i,6
E:\OOD\main\Citadelles-master\Citadelles-master\src\application\Jeu.java,application.Jeu,"construireQuartier/2[int,int]",choixQuartier,3
E:\OOD\main\Citadelles-master\Citadelles-master\src\test\TestMarchande.java,test.TestMarchande,test1/0,Marchande,7
E:\OOD\main\Citadelles-master\Citadelles-master\src\test\TestMarchande.java,test.TestMarchande,main/1[java.lang.String[]],args,0
E:\OOD\main\Citadelles-master\Citadelles-master\src\test\TestMarchande.java,test.TestMarchande,main/1[java.lang.String[]],test,1
E:\OOD\main\Citadelles-master\Citadelles-master\src\test\TestMarchande.java,test.TestMarchande,test2/0,marchande,10
E:\OOD\main\Citadelles-master\Citadelles-master\src\test\TestMarchande.java,test.TestMarchande,test2/0,joueur,1
E:\OOD\main\Citadelles-master\Citadelles-master\src\test\TestMarchande.java,test.TestMarchande,test2/0,quartier3,1
E:\OOD\main\Citadelles-master\Citadelles-master\src\test\TestMarchande.java,test.TestMarchande,test2/0,quartier2,1
E:\OOD\main\Citadelles-master\Citadelles-master\src\test\TestMarchande.java,test.TestMarchande,test2/0,quartier1,1
E:\OOD\main\Citadelles-master\Citadelles-master\src\application\Configuration.java,application.Configuration,nouvellePioche/0,p,33
E:\OOD\main\Citadelles-master\Citadelles-master\src\application\Configuration.java,application.Configuration,nouvellePioche/0,i,11
E:\OOD\main\Citadelles-master\Citadelles-master\src\application\Configuration.java,application.Configuration,configurationDeBase/0,joueur1,1
E:\OOD\main\Citadelles-master\Citadelles-master\src\application\Configuration.java,application.Configuration,configurationDeBase/0,marchande,1
E:\OOD\main\Citadelles-master\Citadelles-master\src\application\Configuration.java,application.Configuration,configurationDeBase/0,voleur,1
E:\OOD\main\Citadelles-master\Citadelles-master\src\application\Configuration.java,application.Configuration,configurationDeBase/0,eveque,1
E:\OOD\main\Citadelles-master\Citadelles-master\src\application\Configuration.java,application.Configuration,configurationDeBase/0,assassin,1
E:\OOD\main\Citadelles-master\Citadelles-master\src\application\Configuration.java,application.Configuration,configurationDeBase/0,roi,1
E:\OOD\main\Citadelles-master\Citadelles-master\src\application\Configuration.java,application.Configuration,configurationDeBase/0,plateau,13
E:\OOD\main\Citadelles-master\Citadelles-master\src\application\Configuration.java,application.Configuration,configurationDeBase/0,architecte,1
E:\OOD\main\Citadelles-master\Citadelles-master\src\application\Configuration.java,application.Configuration,configurationDeBase/0,joueur4,1
E:\OOD\main\Citadelles-master\Citadelles-master\src\application\Configuration.java,application.Configuration,configurationDeBase/0,condottiere,1
E:\OOD\main\Citadelles-master\Citadelles-master\src\application\Configuration.java,application.Configuration,configurationDeBase/0,magicienne,1
E:\OOD\main\Citadelles-master\Citadelles-master\src\application\Configuration.java,application.Configuration,configurationDeBase/0,joueur2,1
E:\OOD\main\Citadelles-master\Citadelles-master\src\application\Configuration.java,application.Configuration,configurationDeBase/0,joueur3,1
E:\OOD\main\Citadelles-master\Citadelles-master\src\test\TestAvatar.java,test.TestAvatar,main/1[java.lang.String[]],args,0
E:\OOD\main\Citadelles-master\Citadelles-master\src\test\TestAvatar.java,test.TestAvatar,main/1[java.lang.String[]],test,2
E:\OOD\main\Citadelles-master\Citadelles-master\src\test\TestAvatar.java,test.TestAvatar,test/0,joueur1,5
E:\OOD\main\Citadelles-master\Citadelles-master\src\test\TestAvatar.java,test.TestAvatar,test/0,marchande,3
E:\OOD\main\Citadelles-master\Citadelles-master\src\test\TestAvatar.java,test.TestAvatar,test/0,voleur,3
E:\OOD\main\Citadelles-master\Citadelles-master\src\test\TestAvatar.java,test.TestAvatar,test/0,eveque,3
E:\OOD\main\Citadelles-master\Citadelles-master\src\test\TestAvatar.java,test.TestAvatar,test/0,roi,3
E:\OOD\main\Citadelles-master\Citadelles-master\src\test\TestAvatar.java,test.TestAvatar,test/0,assassin,3
E:\OOD\main\Citadelles-master\Citadelles-master\src\test\TestAvatar.java,test.TestAvatar,test/0,pioche,52
E:\OOD\main\Citadelles-master\Citadelles-master\src\test\TestAvatar.java,test.TestAvatar,test/0,q,61
E:\OOD\main\Citadelles-master\Citadelles-master\src\test\TestAvatar.java,test.TestAvatar,test/0,plateau,17
E:\OOD\main\Citadelles-master\Citadelles-master\src\test\TestAvatar.java,test.TestAvatar,test/0,architecte,3
E:\OOD\main\Citadelles-master\Citadelles-master\src\test\TestAvatar.java,test.TestAvatar,test/0,joueur8,4
E:\OOD\main\Citadelles-master\Citadelles-master\src\test\TestAvatar.java,test.TestAvatar,test/0,joueur6,4
E:\OOD\main\Citadelles-master\Citadelles-master\src\test\TestAvatar.java,test.TestAvatar,test/0,joueur7,5
E:\OOD\main\Citadelles-master\Citadelles-master\src\test\TestAvatar.java,test.TestAvatar,test/0,condottiere,4
E:\OOD\main\Citadelles-master\Citadelles-master\src\test\TestAvatar.java,test.TestAvatar,test/0,joueur4,5
E:\OOD\main\Citadelles-master\Citadelles-master\src\test\TestAvatar.java,test.TestAvatar,test/0,magicienne,3
E:\OOD\main\Citadelles-master\Citadelles-master\src\test\TestAvatar.java,test.TestAvatar,test/0,joueur5,4
E:\OOD\main\Citadelles-master\Citadelles-master\src\test\TestAvatar.java,test.TestAvatar,test/0,joueur2,5
E:\OOD\main\Citadelles-master\Citadelles-master\src\test\TestAvatar.java,test.TestAvatar,test/0,joueur3,4
E:\OOD\main\Citadelles-master\Citadelles-master\src\modele\Pioche.java,modele.Pioche,ajouter/1[modele.Quartier],nouveauQuartier,1
E:\OOD\main\Citadelles-master\Citadelles-master\src\modele\Pioche.java,modele.Pioche,piocher/0,temp,2
E:\OOD\main\Citadelles-master\Citadelles-master\src\modele\Personnage.java,modele.Personnage,"Personnage/3[java.lang.String,java.lang.String,int]",nom,2
E:\OOD\main\Citadelles-master\Citadelles-master\src\modele\Personnage.java,modele.Personnage,"Personnage/3[java.lang.String,java.lang.String,int]",rang,2
E:\OOD\main\Citadelles-master\Citadelles-master\src\modele\Personnage.java,modele.Personnage,"Personnage/3[java.lang.String,java.lang.String,int]",caracteristiques,2
E:\OOD\main\Citadelles-master\Citadelles-master\src\modele\Personnage.java,modele.Personnage,setJoueur/1[modele.Joueur],j,1
E:\OOD\main\Citadelles-master\Citadelles-master\src\modele\Personnage.java,modele.Personnage,construire/1[modele.Quartier],nouveauQuartier,1
E:\OOD\main\Citadelles-master\Citadelles-master\src\modele\Personnage.java,modele.Personnage,setPlateau/1[modele.PlateauDeJeu],unPlateau,1
E:\OOD\main\Citadelles-master\Citadelles-master\src\modele\Personnage.java,modele.Personnage,ajouterQuartier/1[modele.Quartier],nouveauQuartier,1
E:\OOD\main\Citadelles-master\Citadelles-master\src\test\TestInteraction.java,test.TestInteraction,test4/0,s,1
E:\OOD\main\Citadelles-master\Citadelles-master\src\test\TestInteraction.java,test.TestInteraction,test3/0,reponse,2
E:\OOD\main\Citadelles-master\Citadelles-master\src\test\TestInteraction.java,test.TestInteraction,main/1[java.lang.String[]],args,0
E:\OOD\main\Citadelles-master\Citadelles-master\src\test\TestInteraction.java,test.TestInteraction,main/1[java.lang.String[]],test,1
E:\OOD\main\Citadelles-master\Citadelles-master\src\test\TestInteraction.java,test.TestInteraction,test1/0,i,1
E:\OOD\main\Citadelles-master\Citadelles-master\src\test\TestInteraction.java,test.TestInteraction,test1/0,j,1
E:\OOD\main\Citadelles-master\Citadelles-master\src\test\TestInteraction.java,test.TestInteraction,test2/0,entier,3
E:\OOD\main\Citadelles-master\Citadelles-master\src\test\TestMagicienne.java,test.TestMagicienne,main/1[java.lang.String[]],args,0
E:\OOD\main\Citadelles-master\Citadelles-master\src\test\TestMagicienne.java,test.TestMagicienne,main/1[java.lang.String[]],test,1
E:\OOD\main\Citadelles-master\Citadelles-master\src\test\TestMagicienne.java,test.TestMagicienne,test1/0,plateau,6
E:\OOD\main\Citadelles-master\Citadelles-master\src\test\TestMagicienne.java,test.TestMagicienne,test1/0,roi,1
E:\OOD\main\Citadelles-master\Citadelles-master\src\test\TestMagicienne.java,test.TestMagicienne,test1/0,assassin,1
E:\OOD\main\Citadelles-master\Citadelles-master\src\test\TestMagicienne.java,test.TestMagicienne,test1/0,magicienne,2
E:\OOD\main\Citadelles-master\Citadelles-master\src\test\TestMagicienne.java,test.TestMagicienne,test2/0,joueur1,5
E:\OOD\main\Citadelles-master\Citadelles-master\src\test\TestMagicienne.java,test.TestMagicienne,test2/0,i,23
E:\OOD\main\Citadelles-master\Citadelles-master\src\test\TestMagicienne.java,test.TestMagicienne,test2/0,mainAssassin,4
E:\OOD\main\Citadelles-master\Citadelles-master\src\test\TestMagicienne.java,test.TestMagicienne,test2/0,taillePiocheAvantPouvoir,1
E:\OOD\main\Citadelles-master\Citadelles-master\src\test\TestMagicienne.java,test.TestMagicienne,test2/0,roi,5
E:\OOD\main\Citadelles-master\Citadelles-master\src\test\TestMagicienne.java,test.TestMagicienne,test2/0,assassin,5
E:\OOD\main\Citadelles-master\Citadelles-master\src\test\TestMagicienne.java,test.TestMagicienne,test2/0,pioche,22
E:\OOD\main\Citadelles-master\Citadelles-master\src\test\TestMagicienne.java,test.TestMagicienne,test2/0,q,21
E:\OOD\main\Citadelles-master\Citadelles-master\src\test\TestMagicienne.java,test.TestMagicienne,test2/0,plateau,7
E:\OOD\main\Citadelles-master\Citadelles-master\src\test\TestMagicienne.java,test.TestMagicienne,test2/0,mainRoi,4
E:\OOD\main\Citadelles-master\Citadelles-master\src\test\TestMagicienne.java,test.TestMagicienne,test2/0,mainMagicienne,4
E:\OOD\main\Citadelles-master\Citadelles-master\src\test\TestMagicienne.java,test.TestMagicienne,test2/0,magicienne,6
E:\OOD\main\Citadelles-master\Citadelles-master\src\test\TestMagicienne.java,test.TestMagicienne,test2/0,joueur2,5
E:\OOD\main\Citadelles-master\Citadelles-master\src\test\TestMagicienne.java,test.TestMagicienne,test2/0,joueur3,4
E:\OOD\main\Citadelles-master\Citadelles-master\src\modele\Magicienne.java,modele.Magicienne,utiliserPouvoir/0,cible,3
E:\OOD\main\Citadelles-master\Citadelles-master\src\modele\Magicienne.java,modele.Magicienne,utiliserPouvoir/0,choixJoueurAEchanger,3
E:\OOD\main\Citadelles-master\Citadelles-master\src\modele\Magicienne.java,modele.Magicienne,utiliserPouvoir/0,TEMP,1
E:\OOD\main\Citadelles-master\Citadelles-master\src\modele\Magicienne.java,modele.Magicienne,utiliserPouvoir/0,i,9
E:\OOD\main\Citadelles-master\Citadelles-master\src\modele\Magicienne.java,modele.Magicienne,utiliserPouvoir/0,nombreDeCarteAEchanger,1
E:\OOD\main\Citadelles-master\Citadelles-master\src\modele\Magicienne.java,modele.Magicienne,utiliserPouvoir/0,j,4
E:\OOD\main\Citadelles-master\Citadelles-master\src\modele\Magicienne.java,modele.Magicienne,utiliserPouvoir/0,magicienne,11
E:\OOD\main\Citadelles-master\Citadelles-master\src\modele\Magicienne.java,modele.Magicienne,utiliserPouvoir/0,choixCarteAEcarter,2
E:\OOD\main\Citadelles-master\Citadelles-master\src\modele\Magicienne.java,modele.Magicienne,utiliserPouvoir/0,echangerCarteAvecJoueur,1
E:\OOD\main\Citadelles-master\Citadelles-master\src\modele\Magicienne.java,modele.Magicienne,utiliserPouvoirAvatar/0,cible,3
E:\OOD\main\Citadelles-master\Citadelles-master\src\modele\Magicienne.java,modele.Magicienne,utiliserPouvoirAvatar/0,choixJoueurAEchanger,3
E:\OOD\main\Citadelles-master\Citadelles-master\src\modele\Magicienne.java,modele.Magicienne,utiliserPouvoirAvatar/0,TEMP,1
E:\OOD\main\Citadelles-master\Citadelles-master\src\modele\Magicienne.java,modele.Magicienne,utiliserPouvoirAvatar/0,i,2
E:\OOD\main\Citadelles-master\Citadelles-master\src\modele\Magicienne.java,modele.Magicienne,utiliserPouvoirAvatar/0,nombreDeCarteAEchanger,1
E:\OOD\main\Citadelles-master\Citadelles-master\src\modele\Magicienne.java,modele.Magicienne,utiliserPouvoirAvatar/0,magicienne,8
E:\OOD\main\Citadelles-master\Citadelles-master\src\modele\Magicienne.java,modele.Magicienne,utiliserPouvoirAvatar/0,choixCarteAEcarter,1
E:\OOD\main\Citadelles-master\Citadelles-master\src\modele\Magicienne.java,modele.Magicienne,utiliserPouvoirAvatar/0,echangerCarteAvecJoueur,1
E:\OOD\main\Citadelles-master\Citadelles-master\src\test\TestPlateauDeJeu.java,test.TestPlateauDeJeu,test3/0,plateau,3
E:\OOD\main\Citadelles-master\Citadelles-master\src\test\TestPlateauDeJeu.java,test.TestPlateauDeJeu,test3/0,roi,2
E:\OOD\main\Citadelles-master\Citadelles-master\src\test\TestPlateauDeJeu.java,test.TestPlateauDeJeu,test1/0,plateau,4
E:\OOD\main\Citadelles-master\Citadelles-master\src\test\TestPlateauDeJeu.java,test.TestPlateauDeJeu,test4/0,plateau,2
E:\OOD\main\Citadelles-master\Citadelles-master\src\test\TestPlateauDeJeu.java,test.TestPlateauDeJeu,test4/0,roi,2
E:\OOD\main\Citadelles-master\Citadelles-master\src\test\TestPlateauDeJeu.java,test.TestPlateauDeJeu,main/1[java.lang.String[]],args,0
E:\OOD\main\Citadelles-master\Citadelles-master\src\test\TestPlateauDeJeu.java,test.TestPlateauDeJeu,main/1[java.lang.String[]],testPlateau,4
E:\OOD\main\Citadelles-master\Citadelles-master\src\test\TestPlateauDeJeu.java,test.TestPlateauDeJeu,test2/0,joueur,2
E:\OOD\main\Citadelles-master\Citadelles-master\src\test\TestPlateauDeJeu.java,test.TestPlateauDeJeu,test2/0,plateau,3
E:\OOD\main\Citadelles-master\Citadelles-master\src\modele\Sorcier.java,modele.Sorcier,utiliserPouvoir/0,q,7
E:\OOD\main\Citadelles-master\Citadelles-master\src\modele\Sorcier.java,modele.Sorcier,utiliserPouvoir/0,choixCarte,1
E:\OOD\main\Citadelles-master\Citadelles-master\src\modele\Sorcier.java,modele.Sorcier,utiliserPouvoir/0,i,14
E:\OOD\main\Citadelles-master\Citadelles-master\src\modele\Sorcier.java,modele.Sorcier,utiliserPouvoir/0,j,6
E:\OOD\main\Citadelles-master\Citadelles-master\src\modele\Sorcier.java,modele.Sorcier,utiliserPouvoir/0,main,4
E:\OOD\main\Citadelles-master\Citadelles-master\src\modele\Sorcier.java,modele.Sorcier,utiliserPouvoir/0,choix,5
E:\OOD\main\Citadelles-master\Citadelles-master\src\modele\Sorcier.java,modele.Sorcier,utiliserPouvoir/0,nonVide,2
E:\OOD\main\Citadelles-master\Citadelles-master\src\modele\Sorcier.java,modele.Sorcier,utiliserPouvoirAvatar/0,aleatoireCarte,1
E:\OOD\main\Citadelles-master\Citadelles-master\src\modele\Sorcier.java,modele.Sorcier,utiliserPouvoirAvatar/0,q,6
E:\OOD\main\Citadelles-master\Citadelles-master\src\modele\Sorcier.java,modele.Sorcier,utiliserPouvoirAvatar/0,r,4
E:\OOD\main\Citadelles-master\Citadelles-master\src\modele\Sorcier.java,modele.Sorcier,utiliserPouvoirAvatar/0,aleatoire,3
E:\OOD\main\Citadelles-master\Citadelles-master\src\modele\Sorcier.java,modele.Sorcier,utiliserPouvoirAvatar/0,i,4
E:\OOD\main\Citadelles-master\Citadelles-master\src\modele\Sorcier.java,modele.Sorcier,utiliserPouvoirAvatar/0,j,5
E:\OOD\main\Citadelles-master\Citadelles-master\src\modele\Sorcier.java,modele.Sorcier,utiliserPouvoirAvatar/0,alea,1
E:\OOD\main\Citadelles-master\Citadelles-master\src\modele\Sorcier.java,modele.Sorcier,utiliserPouvoirAvatar/0,nonVide,2
E:\OOD\main\Citadelles-master\Citadelles-master\src\test\TestCondottiere.java,test.TestCondottiere,test2/0,joueur1,5
E:\OOD\main\Citadelles-master\Citadelles-master\src\test\TestCondottiere.java,test.TestCondottiere,test2/0,i,23
E:\OOD\main\Citadelles-master\Citadelles-master\src\test\TestCondottiere.java,test.TestCondottiere,test2/0,mainAssassin,2
E:\OOD\main\Citadelles-master\Citadelles-master\src\test\TestCondottiere.java,test.TestCondottiere,test2/0,roi,7
E:\OOD\main\Citadelles-master\Citadelles-master\src\test\TestCondottiere.java,test.TestCondottiere,test2/0,assassin,7
E:\OOD\main\Citadelles-master\Citadelles-master\src\test\TestCondottiere.java,test.TestCondottiere,test2/0,pioche,20
E:\OOD\main\Citadelles-master\Citadelles-master\src\test\TestCondottiere.java,test.TestCondottiere,test2/0,q,21
E:\OOD\main\Citadelles-master\Citadelles-master\src\test\TestCondottiere.java,test.TestCondottiere,test2/0,mainCondottiere,2
E:\OOD\main\Citadelles-master\Citadelles-master\src\test\TestCondottiere.java,test.TestCondottiere,test2/0,plateau,7
E:\OOD\main\Citadelles-master\Citadelles-master\src\test\TestCondottiere.java,test.TestCondottiere,test2/0,mainRoi,2
E:\OOD\main\Citadelles-master\Citadelles-master\src\test\TestCondottiere.java,test.TestCondottiere,test2/0,condottiere,9
E:\OOD\main\Citadelles-master\Citadelles-master\src\test\TestCondottiere.java,test.TestCondottiere,test2/0,joueur2,5
E:\OOD\main\Citadelles-master\Citadelles-master\src\test\TestCondottiere.java,test.TestCondottiere,test2/0,joueur3,4
E:\OOD\main\Citadelles-master\Citadelles-master\src\test\TestCondottiere.java,test.TestCondottiere,main/1[java.lang.String[]],args,0
E:\OOD\main\Citadelles-master\Citadelles-master\src\test\TestCondottiere.java,test.TestCondottiere,main/1[java.lang.String[]],test,1
E:\OOD\main\Citadelles-master\Citadelles-master\src\test\TestCondottiere.java,test.TestCondottiere,test1/0,voleur,1
E:\OOD\main\Citadelles-master\Citadelles-master\src\test\TestCondottiere.java,test.TestCondottiere,test1/0,plateau,6
E:\OOD\main\Citadelles-master\Citadelles-master\src\test\TestCondottiere.java,test.TestCondottiere,test1/0,condottiere,2
E:\OOD\main\Citadelles-master\Citadelles-master\src\test\TestCondottiere.java,test.TestCondottiere,test1/0,assassin,1
E:\OOD\main\Citadelles-master\Citadelles-master\src\test\TestCondottiere.java,test.TestCondottiere,test3/0,joueur,2
E:\OOD\main\Citadelles-master\Citadelles-master\src\test\TestCondottiere.java,test.TestCondottiere,test3/0,plateau,2
E:\OOD\main\Citadelles-master\Citadelles-master\src\test\TestCondottiere.java,test.TestCondottiere,test3/0,quartier3,1
E:\OOD\main\Citadelles-master\Citadelles-master\src\test\TestCondottiere.java,test.TestCondottiere,test3/0,condottiere,9
E:\OOD\main\Citadelles-master\Citadelles-master\src\test\TestCondottiere.java,test.TestCondottiere,test3/0,quartier2,1
E:\OOD\main\Citadelles-master\Citadelles-master\src\test\TestCondottiere.java,test.TestCondottiere,test3/0,quartier1,1
E:\OOD\main\Citadelles-master\Citadelles-master\src\modele\Empereur.java,modele.Empereur,utiliserPouvoir/0,ancienCouronne,3
E:\OOD\main\Citadelles-master\Citadelles-master\src\modele\Empereur.java,modele.Empereur,utiliserPouvoir/0,q,7
E:\OOD\main\Citadelles-master\Citadelles-master\src\modele\Empereur.java,modele.Empereur,utiliserPouvoir/0,r,3
E:\OOD\main\Citadelles-master\Citadelles-master\src\modele\Empereur.java,modele.Empereur,utiliserPouvoir/0,couronneExiste,2
E:\OOD\main\Citadelles-master\Citadelles-master\src\modele\Empereur.java,modele.Empereur,utiliserPouvoir/0,nbMain,3
E:\OOD\main\Citadelles-master\Citadelles-master\src\modele\Empereur.java,modele.Empereur,utiliserPouvoir/0,aleatoire,3
E:\OOD\main\Citadelles-master\Citadelles-master\src\modele\Empereur.java,modele.Empereur,utiliserPouvoir/0,e,0
E:\OOD\main\Citadelles-master\Citadelles-master\src\modele\Empereur.java,modele.Empereur,utiliserPouvoir/0,tresor,3
E:\OOD\main\Citadelles-master\Citadelles-master\src\modele\Empereur.java,modele.Empereur,utiliserPouvoir/0,paiementPiece,1
E:\OOD\main\Citadelles-master\Citadelles-master\src\modele\Empereur.java,modele.Empereur,utiliserPouvoir/0,i,10
E:\OOD\main\Citadelles-master\Citadelles-master\src\modele\Empereur.java,modele.Empereur,utiliserPouvoir/0,j,13
E:\OOD\main\Citadelles-master\Citadelles-master\src\modele\Empereur.java,modele.Empereur,utiliserPouvoir/0,choix,7
E:\OOD\main\Citadelles-master\Citadelles-master\src\modele\Empereur.java,modele.Empereur,utiliserPouvoirAvatar/0,ancienCouronne,2
E:\OOD\main\Citadelles-master\Citadelles-master\src\modele\Empereur.java,modele.Empereur,utiliserPouvoirAvatar/0,aleatoire,15
E:\OOD\main\Citadelles-master\Citadelles-master\src\modele\Empereur.java,modele.Empereur,utiliserPouvoirAvatar/0,e,2
E:\OOD\main\Citadelles-master\Citadelles-master\src\modele\Empereur.java,modele.Empereur,utiliserPouvoirAvatar/0,tresor,3
E:\OOD\main\Citadelles-master\Citadelles-master\src\modele\Empereur.java,modele.Empereur,utiliserPouvoirAvatar/0,i,5
E:\OOD\main\Citadelles-master\Citadelles-master\src\modele\Empereur.java,modele.Empereur,utiliserPouvoirAvatar/0,j,9
E:\OOD\main\Citadelles-master\Citadelles-master\src\modele\Empereur.java,modele.Empereur,utiliserPouvoirAvatar/0,aleatoireCarte,3
E:\OOD\main\Citadelles-master\Citadelles-master\src\modele\Empereur.java,modele.Empereur,utiliserPouvoirAvatar/0,q,5
E:\OOD\main\Citadelles-master\Citadelles-master\src\modele\Empereur.java,modele.Empereur,utiliserPouvoirAvatar/0,r,6
E:\OOD\main\Citadelles-master\Citadelles-master\src\modele\Empereur.java,modele.Empereur,utiliserPouvoirAvatar/0,couronneExiste,2
E:\OOD\main\Citadelles-master\Citadelles-master\src\modele\Empereur.java,modele.Empereur,utiliserPouvoirAvatar/0,nbMain,3
E:\OOD\main\Citadelles-master\Citadelles-master\src\modele\Empereur.java,modele.Empereur,utiliserPouvoirAvatar/0,retire,5
E:\OOD\main\Citadelles-master\Citadelles-master\src\modele\Empereur.java,modele.Empereur,utiliserPouvoirAvatar/0,paiementPiece,1
E:\OOD\main\Citadelles-master\Citadelles-master\src\modele\Empereur.java,modele.Empereur,utiliserPouvoirAvatar/0,humain,12
E:\OOD\main\Citadelles-master\Citadelles-master\src\modele\Empereur.java,modele.Empereur,utiliserPouvoirAvatar/0,choix,1
E:\OOD\main\Citadelles-master\Citadelles-master\src\modele\Empereur.java,modele.Empereur,percevoirRessourcesSpecifiques/0,unQuartier,2
E:\OOD\main\Citadelles-master\Citadelles-master\src\modele\Empereur.java,modele.Empereur,percevoirRessourcesSpecifiques/0,compteur,2
E:\OOD\main\Citadelles-master\Citadelles-master\src\modele\Joueur.java,modele.Joueur,ajouterPieces/1[int],montant,2
E:\OOD\main\Citadelles-master\Citadelles-master\src\modele\Joueur.java,modele.Joueur,Joueur/1[java.lang.String],nom,2
E:\OOD\main\Citadelles-master\Citadelles-master\src\modele\Joueur.java,modele.Joueur,setMain/1[java.util.ArrayList<modele.Quartier>],nouvelleMain,1
E:\OOD\main\Citadelles-master\Citadelles-master\src\modele\Joueur.java,modele.Joueur,retirerPieces/1[int],montant,3
E:\OOD\main\Citadelles-master\Citadelles-master\src\modele\Joueur.java,modele.Joueur,retirerQuartierDansMain/0,temp,2
E:\OOD\main\Citadelles-master\Citadelles-master\src\modele\Joueur.java,modele.Joueur,retirerQuartierDansMain/0,numeroHasard,2
E:\OOD\main\Citadelles-master\Citadelles-master\src\modele\Joueur.java,modele.Joueur,retirerQuartierDansMain/0,generateur,1
E:\OOD\main\Citadelles-master\Citadelles-master\src\modele\Joueur.java,modele.Joueur,nbQuartiersDansCite/0,i,4
E:\OOD\main\Citadelles-master\Citadelles-master\src\modele\Joueur.java,modele.Joueur,nbQuartiersDansCite/0,counter,2
E:\OOD\main\Citadelles-master\Citadelles-master\src\modele\Joueur.java,modele.Joueur,retirerQuartierDansCite/1[java.lang.String],nomQuartier,2
E:\OOD\main\Citadelles-master\Citadelles-master\src\modele\Joueur.java,modele.Joueur,retirerQuartierDansCite/1[java.lang.String],i,5
E:\OOD\main\Citadelles-master\Citadelles-master\src\modele\Joueur.java,modele.Joueur,retirerQuartierDansCite/1[java.lang.String],element,2
E:\OOD\main\Citadelles-master\Citadelles-master\src\modele\Joueur.java,modele.Joueur,quartierPresentDansCite/1[java.lang.String],test,1
E:\OOD\main\Citadelles-master\Citadelles-master\src\modele\Joueur.java,modele.Joueur,quartierPresentDansCite/1[java.lang.String],nomQuartier,1
E:\OOD\main\Citadelles-master\Citadelles-master\src\modele\Joueur.java,modele.Joueur,quartierPresentDansCite/1[java.lang.String],element,2
E:\OOD\main\Citadelles-master\Citadelles-master\src\modele\Joueur.java,modele.Joueur,ajouterQuartierDansCite/1[modele.Quartier],nomQuartier,1
E:\OOD\main\Citadelles-master\Citadelles-master\src\modele\Joueur.java,modele.Joueur,ajouterQuartierDansCite/1[modele.Quartier],i,4
E:\OOD\main\Citadelles-master\Citadelles-master\src\modele\Joueur.java,modele.Joueur,reinitialiser/0,i,3
E:\OOD\main\Citadelles-master\Citadelles-master\src\modele\Joueur.java,modele.Joueur,setPossedeCouronne/1[boolean],b,1
E:\OOD\main\Citadelles-master\Citadelles-master\src\modele\Joueur.java,modele.Joueur,retirerQuartierDansMain/1[modele.Quartier],q,2
E:\OOD\main\Citadelles-master\Citadelles-master\src\modele\Joueur.java,modele.Joueur,retirerQuartierDansMain/1[modele.Quartier],a,4
E:\OOD\main\Citadelles-master\Citadelles-master\src\modele\Joueur.java,modele.Joueur,retirerQuartierDansMain/1[modele.Quartier],rangQ,2
E:\OOD\main\Citadelles-master\Citadelles-master\src\modele\Joueur.java,modele.Joueur,ajouterQuartierDansMain/1[modele.Quartier],monQuartier,1
E:\OOD\main\Citadelles-master\Citadelles-master\src\test\Test.java,test.Test,"test/2[boolean,java.lang.String]",trace,2
E:\OOD\main\Citadelles-master\Citadelles-master\src\test\Test.java,test.Test,"test/2[boolean,java.lang.String]",passed,1
E:\OOD\main\Citadelles-master\Citadelles-master\src\test\Test.java,test.Test,"test/2[boolean,java.lang.String]",message,2
E:\OOD\main\Citadelles-master\Citadelles-master\src\test\Test.java,test.Test,"test/2[boolean,java.lang.String]",error,1
E:\OOD\main\Citadelles-master\Citadelles-master\src\modele\PlateauDeJeu.java,modele.PlateauDeJeu,setListePersonnages/1[modele.Personnage[]],p,1
E:\OOD\main\Citadelles-master\Citadelles-master\src\modele\PlateauDeJeu.java,modele.PlateauDeJeu,getNombrePersonnages/0,perso,1
E:\OOD\main\Citadelles-master\Citadelles-master\src\modele\PlateauDeJeu.java,modele.PlateauDeJeu,setListeJoueurs/1[modele.Joueur[]],j,1
E:\OOD\main\Citadelles-master\Citadelles-master\src\modele\PlateauDeJeu.java,modele.PlateauDeJeu,getNombreJoueurs/0,joueur,1
E:\OOD\main\Citadelles-master\Citadelles-master\src\modele\PlateauDeJeu.java,modele.PlateauDeJeu,getPersonnage/1[int],rangDansLaListe,3
E:\OOD\main\Citadelles-master\Citadelles-master\src\modele\PlateauDeJeu.java,modele.PlateauDeJeu,ajouterJoueur/1[modele.Joueur],i,4
E:\OOD\main\Citadelles-master\Citadelles-master\src\modele\PlateauDeJeu.java,modele.PlateauDeJeu,ajouterJoueur/1[modele.Joueur],joueurAjout,1
E:\OOD\main\Citadelles-master\Citadelles-master\src\modele\PlateauDeJeu.java,modele.PlateauDeJeu,getJoueur/1[int],rangDansLaListe,3
E:\OOD\main\Citadelles-master\Citadelles-master\src\modele\PlateauDeJeu.java,modele.PlateauDeJeu,ajouterPersonnage/1[modele.Personnage],persoAjout,3
E:\OOD\main\Citadelles-master\Citadelles-master\src\modele\PlateauDeJeu.java,modele.PlateauDeJeu,setPioche/1[modele.Pioche],p,1
E:\OOD\main\Citadelles-master\Citadelles-master\src\modele\PlateauDeJeu.java,modele.PlateauDeJeu,ecarterPersonnage/1[modele.Personnage],persoEcart,1
E:\OOD\main\Citadelles-master\Citadelles-master\src\modele\PlateauDeJeu.java,modele.PlateauDeJeu,ecarterPersonnage/1[modele.Personnage],nouvelleListe,2
E:\OOD\main\Citadelles-master\Citadelles-master\src\modele\PlateauDeJeu.java,modele.PlateauDeJeu,ecarterPersonnage/1[modele.Personnage],i,4
E:\OOD\main\Citadelles-master\Citadelles-master\src\modele\PlateauDeJeu.java,modele.PlateauDeJeu,ecarterPersonnage/1[modele.Personnage],counter,2
E:\OOD\main\Citadelles-master\Citadelles-master\src\test\TestJoueur.java,test.TestJoueur,test4/0,retour,3
E:\OOD\main\Citadelles-master\Citadelles-master\src\test\TestJoueur.java,test.TestJoueur,test4/0,joueur,6
E:\OOD\main\Citadelles-master\Citadelles-master\src\test\TestJoueur.java,test.TestJoueur,test4/0,quartier3,2
E:\OOD\main\Citadelles-master\Citadelles-master\src\test\TestJoueur.java,test.TestJoueur,test4/0,quartier2,2
E:\OOD\main\Citadelles-master\Citadelles-master\src\test\TestJoueur.java,test.TestJoueur,test4/0,quartier1,2
E:\OOD\main\Citadelles-master\Citadelles-master\src\test\TestJoueur.java,test.TestJoueur,test5/0,joueur,9
E:\OOD\main\Citadelles-master\Citadelles-master\src\test\TestJoueur.java,test.TestJoueur,test5/0,quartier3,1
E:\OOD\main\Citadelles-master\Citadelles-master\src\test\TestJoueur.java,test.TestJoueur,test5/0,quartier2,1
E:\OOD\main\Citadelles-master\Citadelles-master\src\test\TestJoueur.java,test.TestJoueur,test5/0,quartier1,1
E:\OOD\main\Citadelles-master\Citadelles-master\src\test\TestJoueur.java,test.TestJoueur,test1/0,joueur,4
E:\OOD\main\Citadelles-master\Citadelles-master\src\test\TestJoueur.java,test.TestJoueur,main/1[java.lang.String[]],args,0
E:\OOD\main\Citadelles-master\Citadelles-master\src\test\TestJoueur.java,test.TestJoueur,main/1[java.lang.String[]],testJoueur,4
E:\OOD\main\Citadelles-master\Citadelles-master\src\test\TestJoueur.java,test.TestJoueur,test3/0,retour,1
E:\OOD\main\Citadelles-master\Citadelles-master\src\test\TestJoueur.java,test.TestJoueur,test3/0,joueur,8
E:\OOD\main\Citadelles-master\Citadelles-master\src\test\TestJoueur.java,test.TestJoueur,test3/0,quartier3,1
E:\OOD\main\Citadelles-master\Citadelles-master\src\test\TestJoueur.java,test.TestJoueur,test3/0,quartier2,2
E:\OOD\main\Citadelles-master\Citadelles-master\src\test\TestJoueur.java,test.TestJoueur,test3/0,quartier1,1
E:\OOD\main\Citadelles-master\Citadelles-master\src\test\TestJoueur.java,test.TestJoueur,test2/0,joueur,12
E:\OOD\main\Citadelles-master\Citadelles-master\src\test\TestJeu.java,test.TestJeu,main/1[java.lang.String[]],args,0
E:\OOD\main\Citadelles-master\Citadelles-master\src\test\TestJeu.java,test.TestJeu,main/1[java.lang.String[]],test,2
E:\OOD\main\Citadelles-master\Citadelles-master\src\test\TestJeu.java,test.TestJeu,test/0,jeu,1
E:\OOD\main\Citadelles-master\Citadelles-master\src\test\TestConfiguration.java,test.TestConfiguration,main/1[java.lang.String[]],args,0
E:\OOD\main\Citadelles-master\Citadelles-master\src\test\TestConfiguration.java,test.TestConfiguration,main/1[java.lang.String[]],test,2
E:\OOD\main\Citadelles-master\Citadelles-master\src\test\TestConfiguration.java,test.TestConfiguration,test/0,pioche,2
E:\OOD\main\Citadelles-master\Citadelles-master\src\test\TestConfiguration.java,test.TestConfiguration,test/0,plateau,5
E:\OOD\main\Citadelles-master\Citadelles-master\src\modele\Roi.java,modele.Roi,percevoirRessourcesSpecifiques/0,unQuartier,2
E:\OOD\main\Citadelles-master\Citadelles-master\src\modele\Roi.java,modele.Roi,percevoirRessourcesSpecifiques/0,compteur,2
E:\OOD\main\Citadelles-master\Citadelles-master\src\modele\Roi.java,modele.Roi,utiliserPouvoir/0,i,3
E:\OOD\main\Citadelles-master\Citadelles-master\src\modele\Roi.java,modele.Roi,utiliserPouvoirAvatar/0,i,3
E:\OOD\main\Citadelles-master\Citadelles-master\src\modele\Architecte.java,modele.Architecte,utiliserPouvoir/0,q,1
E:\OOD\main\Citadelles-master\Citadelles-master\src\modele\Architecte.java,modele.Architecte,utiliserPouvoir/0,i,2
E:\OOD\main\Citadelles-master\Citadelles-master\src\modele\Architecte.java,modele.Architecte,utiliserPouvoirAvatar/0,q,1
E:\OOD\main\Citadelles-master\Citadelles-master\src\modele\Architecte.java,modele.Architecte,utiliserPouvoirAvatar/0,i,2
E:\OOD\main\Citadelles-master\Citadelles-master\src\test\TestAssassin.java,test.TestAssassin,main/1[java.lang.String[]],args,0
E:\OOD\main\Citadelles-master\Citadelles-master\src\test\TestAssassin.java,test.TestAssassin,main/1[java.lang.String[]],test,1
E:\OOD\main\Citadelles-master\Citadelles-master\src\test\TestAssassin.java,test.TestAssassin,test1/0,plateau,5
E:\OOD\main\Citadelles-master\Citadelles-master\src\test\TestAssassin.java,test.TestAssassin,test1/0,roi,1
E:\OOD\main\Citadelles-master\Citadelles-master\src\test\TestAssassin.java,test.TestAssassin,test1/0,assassin,2
E:\OOD\main\Citadelles-master\Citadelles-master\src\test\TestAssassin.java,test.TestAssassin,test2/0,plateau,2
E:\OOD\main\Citadelles-master\Citadelles-master\src\test\TestAssassin.java,test.TestAssassin,test2/0,roi,2
E:\OOD\main\Citadelles-master\Citadelles-master\src\test\TestAssassin.java,test.TestAssassin,test2/0,assassin,2
E:\OOD\main\Citadelles-master\Citadelles-master\src\modele\Navigatrice.java,modele.Navigatrice,utiliserPouvoir/0,e,0
E:\OOD\main\Citadelles-master\Citadelles-master\src\modele\Navigatrice.java,modele.Navigatrice,utiliserPouvoir/0,choixPiece,2
E:\OOD\main\Citadelles-master\Citadelles-master\src\modele\Navigatrice.java,modele.Navigatrice,utiliserPouvoir/0,i,2
E:\OOD\main\Citadelles-master\Citadelles-master\src\modele\Navigatrice.java,modele.Navigatrice,utiliserPouvoirAvatar/0,random,1
E:\OOD\main\Citadelles-master\Citadelles-master\src\modele\Navigatrice.java,modele.Navigatrice,utiliserPouvoirAvatar/0,e,0
E:\OOD\main\Citadelles-master\Citadelles-master\src\modele\Navigatrice.java,modele.Navigatrice,utiliserPouvoirAvatar/0,i,2
E:\OOD\main\Citadelles-master\Citadelles-master\src\modele\Navigatrice.java,modele.Navigatrice,utiliserPouvoirAvatar/0,choix,1
E:\OOD\main\Citadelles-master\Citadelles-master\src\application\Application.java,application.Application,main/1[java.lang.String[]],args,0
E:\OOD\main\Citadelles-master\Citadelles-master\src\application\Application.java,application.Application,main/1[java.lang.String[]],jeu,1
E:\OOD\main\Citadelles-master\Citadelles-master\src\modele\Quartier.java,modele.Quartier,setCaracteristiques/1[java.lang.String],caracteristiqueInput,1
E:\OOD\main\Citadelles-master\Citadelles-master\src\modele\Quartier.java,modele.Quartier,"Quartier/3[java.lang.String,java.lang.String,int]",coutConstruction,2
E:\OOD\main\Citadelles-master\Citadelles-master\src\modele\Quartier.java,modele.Quartier,"Quartier/3[java.lang.String,java.lang.String,int]",type,2
E:\OOD\main\Citadelles-master\Citadelles-master\src\modele\Quartier.java,modele.Quartier,"Quartier/3[java.lang.String,java.lang.String,int]",nom,2
E:\OOD\main\Citadelles-master\Citadelles-master\src\modele\Quartier.java,modele.Quartier,setCout/1[int],coutInput,3
E:\OOD\main\Citadelles-master\Citadelles-master\src\modele\Quartier.java,modele.Quartier,setNom/1[java.lang.String],nom,2
E:\OOD\main\Citadelles-master\Citadelles-master\src\modele\Quartier.java,modele.Quartier,"Quartier/4[java.lang.String,java.lang.String,int,java.lang.String]",coutConstruction,2
E:\OOD\main\Citadelles-master\Citadelles-master\src\modele\Quartier.java,modele.Quartier,"Quartier/4[java.lang.String,java.lang.String,int,java.lang.String]",type,2
E:\OOD\main\Citadelles-master\Citadelles-master\src\modele\Quartier.java,modele.Quartier,"Quartier/4[java.lang.String,java.lang.String,int,java.lang.String]",nom,2
E:\OOD\main\Citadelles-master\Citadelles-master\src\modele\Quartier.java,modele.Quartier,"Quartier/4[java.lang.String,java.lang.String,int,java.lang.String]",caracteristique,2
E:\OOD\main\Citadelles-master\Citadelles-master\src\modele\Quartier.java,modele.Quartier,setType/1[java.lang.String],typeInput,2
E:\OOD\main\Citadelles-master\Citadelles-master\src\modele\Quartier.java,modele.Quartier,setType/1[java.lang.String],element,1
E:\OOD\main\Citadelles-master\Citadelles-master\src\controleur\Interaction.java,controleur.Interaction,lireUneChaine/0,retour,3
E:\OOD\main\Citadelles-master\Citadelles-master\src\controleur\Interaction.java,controleur.Interaction,randomizer/1[int],borne,1
E:\OOD\main\Citadelles-master\Citadelles-master\src\controleur\Interaction.java,controleur.Interaction,randomizer/1[int],numeroHasard,1
E:\OOD\main\Citadelles-master\Citadelles-master\src\controleur\Interaction.java,controleur.Interaction,randomizer/1[int],generateur,1
E:\OOD\main\Citadelles-master\Citadelles-master\src\controleur\Interaction.java,controleur.Interaction,randomizerBoolean/0,numeroHasard,1
E:\OOD\main\Citadelles-master\Citadelles-master\src\controleur\Interaction.java,controleur.Interaction,randomizerBoolean/0,generateur,1
E:\OOD\main\Citadelles-master\Citadelles-master\src\controleur\Interaction.java,controleur.Interaction,lireOuiOuNon/0,valeur,7
E:\OOD\main\Citadelles-master\Citadelles-master\src\controleur\Interaction.java,controleur.Interaction,lireOuiOuNon/0,retour,3
E:\OOD\main\Citadelles-master\Citadelles-master\src\controleur\Interaction.java,controleur.Interaction,lireUnEntier/0,e,0
E:\OOD\main\Citadelles-master\Citadelles-master\src\controleur\Interaction.java,controleur.Interaction,lireUnEntier/0,i,3
E:\OOD\main\Citadelles-master\Citadelles-master\src\controleur\Interaction.java,controleur.Interaction,lireUnEntier/0,continu,2
E:\OOD\main\Citadelles-master\Citadelles-master\src\controleur\Interaction.java,controleur.Interaction,randomizer/0,numeroHasard,1
E:\OOD\main\Citadelles-master\Citadelles-master\src\controleur\Interaction.java,controleur.Interaction,randomizer/0,generateur,1
E:\OOD\main\Citadelles-master\Citadelles-master\src\controleur\Interaction.java,controleur.Interaction,"lireUnEntier/2[int,int]",borneMax,1
E:\OOD\main\Citadelles-master\Citadelles-master\src\controleur\Interaction.java,controleur.Interaction,"lireUnEntier/2[int,int]",i,4
E:\OOD\main\Citadelles-master\Citadelles-master\src\controleur\Interaction.java,controleur.Interaction,"lireUnEntier/2[int,int]",borneMin,1
E:\OOD\main\Citadelles-master\Citadelles-master\src\modele\Eveque.java,modele.Eveque,percevoirRessourcesSpecifiques/0,c,1
E:\OOD\main\Citadelles-master\Citadelles-master\src\modele\Eveque.java,modele.Eveque,percevoirRessourcesSpecifiques/0,recevoir,5
E:\OOD\main\Citadelles-master\Citadelles-master\src\modele\Eveque.java,modele.Eveque,percevoirRessourcesSpecifiques/0,i,3
E:\OOD\main\Citadelles-master\Citadelles-master\src\test\TestVoleur.java,test.TestVoleur,test2/0,joueur1,2
E:\OOD\main\Citadelles-master\Citadelles-master\src\test\TestVoleur.java,test.TestVoleur,test2/0,voleur,4
E:\OOD\main\Citadelles-master\Citadelles-master\src\test\TestVoleur.java,test.TestVoleur,test2/0,plateau,6
E:\OOD\main\Citadelles-master\Citadelles-master\src\test\TestVoleur.java,test.TestVoleur,test2/0,roi,5
E:\OOD\main\Citadelles-master\Citadelles-master\src\test\TestVoleur.java,test.TestVoleur,test2/0,assassin,2
E:\OOD\main\Citadelles-master\Citadelles-master\src\test\TestVoleur.java,test.TestVoleur,test2/0,joueur2,2
E:\OOD\main\Citadelles-master\Citadelles-master\src\test\TestVoleur.java,test.TestVoleur,test2/0,joueur3,2
E:\OOD\main\Citadelles-master\Citadelles-master\src\test\TestVoleur.java,test.TestVoleur,test1/0,voleur,2
E:\OOD\main\Citadelles-master\Citadelles-master\src\test\TestVoleur.java,test.TestVoleur,test1/0,plateau,6
E:\OOD\main\Citadelles-master\Citadelles-master\src\test\TestVoleur.java,test.TestVoleur,test1/0,roi,1
E:\OOD\main\Citadelles-master\Citadelles-master\src\test\TestVoleur.java,test.TestVoleur,test1/0,assassin,1
E:\OOD\main\Citadelles-master\Citadelles-master\src\test\TestVoleur.java,test.TestVoleur,main/1[java.lang.String[]],args,0
E:\OOD\main\Citadelles-master\Citadelles-master\src\test\TestVoleur.java,test.TestVoleur,main/1[java.lang.String[]],test,1
