file,class,type,cbo,cboModified,fanin,fanout,wmc,dit,noc,rfc,lcom,lcom*,tcc,lcc,totalMethodsQty,staticMethodsQty,publicMethodsQty,privateMethodsQty,protectedMethodsQty,defaultMethodsQty,visibleMethodsQty,abstractMethodsQty,finalMethodsQty,synchronizedMethodsQty,totalFieldsQty,staticFieldsQty,publicFieldsQty,privateFieldsQty,protectedFieldsQty,defaultFieldsQty,finalFieldsQty,synchronizedFieldsQty,nosi,loc,returnQty,loopQty,comparisonsQty,tryCatchQty,parenthesizedExpsQty,stringLiteralsQty,numbersQty,assignmentsQty,mathOperationsQty,variablesQty,maxNestedBlocksQty,anonymousClassesQty,innerClassesQty,lambdasQty,uniqueWordsQty,modifiers,logStatementsQty
E:\OOD\main\hypetech-master\hypetech-master\src\gfx\SpriteSheet.java,gfx.SpriteSheet,class,2,5,3,2,5,1,0,7,0,0.0,NaN,NaN,1,0,1,0,0,0,1,0,0,0,4,0,4,0,0,0,0,0,1,28,1,2,1,1,1,0,8,9,1,7,1,0,0,0,16,1,0
E:\OOD\main\hypetech-master\hypetech-master\src\gfx\Colors.java,gfx.Colors,class,1,4,3,1,3,1,0,1,1,0.0,NaN,NaN,2,2,1,1,0,0,1,0,0,0,0,0,0,0,0,0,0,0,4,12,3,0,0,0,4,0,12,3,13,3,1,0,0,0,10,1,0
E:\OOD\main\hypetech-master\hypetech-master\src\gfx\Screen.java,gfx.Screen,class,2,9,7,2,16,1,0,0,0,0.53333336,0.6666667,1.0,3,0,3,0,0,0,3,0,0,0,10,4,10,0,0,0,4,0,0,60,0,4,0,0,14,0,30,32,34,25,6,0,0,0,41,1,0
E:\OOD\main\hypetech-master\hypetech-master\src\gfx\Font.java,gfx.Font,class,1,1,0,1,3,1,0,5,0,0.0,NaN,NaN,1,1,1,0,0,0,1,0,0,0,1,1,0,1,0,0,0,0,0,10,0,1,0,0,1,3,6,4,5,3,2,0,0,0,10,1,0
E:\OOD\main\hypetech-master\hypetech-master\src\game\InputHandler.java,game.InputHandler,class,3,6,3,3,13,1,0,4,8,0.6,0.0,0.0,5,0,5,0,0,0,5,0,0,0,4,0,4,0,0,0,0,0,0,47,0,0,8,0,0,0,0,4,0,4,1,0,1,0,19,1,0
E:\OOD\main\hypetech-master\hypetech-master\src\level\tiles\Tile.java,level.tiles.Tile,class,5,8,3,5,6,1,1,1,4,0.8,0.3,0.6,5,0,5,0,0,0,5,1,0,0,7,4,4,0,3,0,4,0,3,26,3,0,1,0,0,1,22,8,1,7,1,0,0,0,31,1025,0
E:\OOD\main\hypetech-master\hypetech-master\src\game\Game.java,game.Game,class,7,9,2,7,20,3,0,35,12,0.8,0.2857143,0.32142857,8,1,8,0,0,0,8,0,0,2,15,5,9,6,0,0,5,0,5,120,1,7,1,1,7,4,48,48,30,37,3,0,0,0,98,1,0
E:\OOD\main\hypetech-master\hypetech-master\src\game\entities\Mob.java,game.entities.Mob,class,3,5,2,3,11,2,1,2,2,0.75,0.33333334,0.5,4,0,4,0,0,0,4,1,0,0,6,0,0,0,6,0,0,0,0,36,2,0,2,0,0,0,15,13,2,6,2,0,0,0,22,1025,0
E:\OOD\main\hypetech-master\hypetech-master\src\game\InputHandler.java,game.InputHandler$Key,innerclass,0,0,0,0,4,1,0,0,0,0.33333334,0.6666667,1.0,3,0,3,0,0,0,3,0,0,0,2,0,0,2,0,0,0,0,0,16,2,0,0,0,0,0,1,3,0,2,1,0,0,0,10,1,0
E:\OOD\main\hypetech-master\hypetech-master\src\level\Level.java,level.Level,class,5,12,7,5,21,1,0,8,3,0.5,0.4,0.4,7,0,6,1,0,0,6,0,0,0,4,0,3,1,0,0,0,0,0,48,2,6,0,0,8,0,16,13,15,8,2,0,0,0,21,1,0
E:\OOD\main\hypetech-master\hypetech-master\src\game\entities\Entity.java,game.entities.Entity,class,3,6,3,3,4,1,1,1,4,0.8333333,0.16666667,0.16666667,4,0,4,0,0,0,4,2,1,0,2,0,1,0,1,0,0,0,0,12,0,0,0,0,0,0,0,1,0,3,0,0,0,0,9,1025,0
E:\OOD\main\hypetech-master\hypetech-master\src\game\entities\Player.java,game.entities.Player,class,6,7,1,6,12,3,0,4,4,0.6666667,0.0,0.0,4,0,4,0,0,0,4,0,0,0,3,0,0,3,0,0,0,0,1,57,1,0,3,0,14,1,37,19,39,13,1,0,0,0,35,1,0
E:\OOD\main\hypetech-master\hypetech-master\src\level\tiles\BasicTile.java,level.tiles.BasicTile,class,3,4,1,3,2,2,0,1,0,0.0,1.0,1.0,2,0,2,0,0,0,2,0,0,0,2,0,0,0,2,0,0,0,0,12,0,0,0,0,0,0,2,2,1,2,0,0,0,0,10,1,0
