file,class,method,variable,usage
E:\OOD\main\hypetech-master\hypetech-master\src\gfx\SpriteSheet.java,gfx.SpriteSheet,SpriteSheet/1[java.lang.String],path,4
E:\OOD\main\hypetech-master\hypetech-master\src\gfx\SpriteSheet.java,gfx.SpriteSheet,SpriteSheet/1[java.lang.String],pixels,4
E:\OOD\main\hypetech-master\hypetech-master\src\gfx\SpriteSheet.java,gfx.SpriteSheet,SpriteSheet/1[java.lang.String],width,3
E:\OOD\main\hypetech-master\hypetech-master\src\gfx\SpriteSheet.java,gfx.SpriteSheet,SpriteSheet/1[java.lang.String],height,2
E:\OOD\main\hypetech-master\hypetech-master\src\gfx\Screen.java,gfx.Screen,"render/6[int,int,int,int,int,int]",yOffset,1
E:\OOD\main\hypetech-master\hypetech-master\src\gfx\Screen.java,gfx.Screen,"render/6[int,int,int,int,int,int]",BIT_MIRROR_Y,1
E:\OOD\main\hypetech-master\hypetech-master\src\gfx\Screen.java,gfx.Screen,"render/6[int,int,int,int,int,int]",xOffset,1
E:\OOD\main\hypetech-master\hypetech-master\src\gfx\Screen.java,gfx.Screen,"render/6[int,int,int,int,int,int]",BIT_MIRROR_X,1
E:\OOD\main\hypetech-master\hypetech-master\src\gfx\Screen.java,gfx.Screen,"render/6[int,int,int,int,int,int]",pixels,1
E:\OOD\main\hypetech-master\hypetech-master\src\gfx\Screen.java,gfx.Screen,"render/6[int,int,int,int,int,int]",width,2
E:\OOD\main\hypetech-master\hypetech-master\src\gfx\Screen.java,gfx.Screen,"render/6[int,int,int,int,int,int]",height,1
E:\OOD\main\hypetech-master\hypetech-master\src\gfx\Screen.java,gfx.Screen,"Screen/3[int,int,gfx.SpriteSheet]",pixels,1
E:\OOD\main\hypetech-master\hypetech-master\src\gfx\Screen.java,gfx.Screen,"Screen/3[int,int,gfx.SpriteSheet]",width,4
E:\OOD\main\hypetech-master\hypetech-master\src\gfx\Screen.java,gfx.Screen,"Screen/3[int,int,gfx.SpriteSheet]",sheet,3
E:\OOD\main\hypetech-master\hypetech-master\src\gfx\Screen.java,gfx.Screen,"Screen/3[int,int,gfx.SpriteSheet]",height,4
E:\OOD\main\hypetech-master\hypetech-master\src\gfx\Screen.java,gfx.Screen,"setOffset/2[int,int]",yOffset,3
E:\OOD\main\hypetech-master\hypetech-master\src\gfx\Screen.java,gfx.Screen,"setOffset/2[int,int]",xOffset,3
E:\OOD\main\hypetech-master\hypetech-master\src\gfx\Font.java,gfx.Font,"render/6[java.lang.String,gfx.Screen,int,int,int,int]",chars,1
E:\OOD\main\hypetech-master\hypetech-master\src\game\InputHandler.java,game.InputHandler,"toggleKey/2[int,boolean]",left,1
E:\OOD\main\hypetech-master\hypetech-master\src\game\InputHandler.java,game.InputHandler,"toggleKey/2[int,boolean]",up,1
E:\OOD\main\hypetech-master\hypetech-master\src\game\InputHandler.java,game.InputHandler,"toggleKey/2[int,boolean]",right,1
E:\OOD\main\hypetech-master\hypetech-master\src\game\InputHandler.java,game.InputHandler,"toggleKey/2[int,boolean]",down,1
E:\OOD\main\hypetech-master\hypetech-master\src\level\tiles\Tile.java,level.tiles.Tile,"Tile/3[int,boolean,boolean]",tiles,2
E:\OOD\main\hypetech-master\hypetech-master\src\level\tiles\Tile.java,level.tiles.Tile,"Tile/3[int,boolean,boolean]",solid,1
E:\OOD\main\hypetech-master\hypetech-master\src\level\tiles\Tile.java,level.tiles.Tile,"Tile/3[int,boolean,boolean]",id,6
E:\OOD\main\hypetech-master\hypetech-master\src\level\tiles\Tile.java,level.tiles.Tile,"Tile/3[int,boolean,boolean]",emitter,1
E:\OOD\main\hypetech-master\hypetech-master\src\level\tiles\Tile.java,level.tiles.Tile,isSolid/0,solid,1
E:\OOD\main\hypetech-master\hypetech-master\src\level\tiles\Tile.java,level.tiles.Tile,getId/0,id,1
E:\OOD\main\hypetech-master\hypetech-master\src\level\tiles\Tile.java,level.tiles.Tile,isEmitter/0,emitter,1
E:\OOD\main\hypetech-master\hypetech-master\src\game\Game.java,game.Game,run/0,running,1
E:\OOD\main\hypetech-master\hypetech-master\src\game\Game.java,game.Game,stop/0,running,1
E:\OOD\main\hypetech-master\hypetech-master\src\game\Game.java,game.Game,init/0,input,2
E:\OOD\main\hypetech-master\hypetech-master\src\game\Game.java,game.Game,init/0,level,3
E:\OOD\main\hypetech-master\hypetech-master\src\game\Game.java,game.Game,init/0,screen,1
E:\OOD\main\hypetech-master\hypetech-master\src\game\Game.java,game.Game,init/0,WIDTH,1
E:\OOD\main\hypetech-master\hypetech-master\src\game\Game.java,game.Game,init/0,HEIGHT,1
E:\OOD\main\hypetech-master\hypetech-master\src\game\Game.java,game.Game,init/0,colors,1
E:\OOD\main\hypetech-master\hypetech-master\src\game\Game.java,game.Game,init/0,player,2
E:\OOD\main\hypetech-master\hypetech-master\src\game\Game.java,game.Game,tick/0,tickCount,1
E:\OOD\main\hypetech-master\hypetech-master\src\game\Game.java,game.Game,tick/0,level,1
E:\OOD\main\hypetech-master\hypetech-master\src\game\Game.java,game.Game,Game/0,WIDTH,3
E:\OOD\main\hypetech-master\hypetech-master\src\game\Game.java,game.Game,Game/0,SCALE,6
E:\OOD\main\hypetech-master\hypetech-master\src\game\Game.java,game.Game,Game/0,HEIGHT,3
E:\OOD\main\hypetech-master\hypetech-master\src\game\Game.java,game.Game,Game/0,frame,8
E:\OOD\main\hypetech-master\hypetech-master\src\game\Game.java,game.Game,Game/0,NAME,1
E:\OOD\main\hypetech-master\hypetech-master\src\game\Game.java,game.Game,start/0,running,1
E:\OOD\main\hypetech-master\hypetech-master\src\game\Game.java,game.Game,render/0,image,1
E:\OOD\main\hypetech-master\hypetech-master\src\game\Game.java,game.Game,render/0,pixels,1
E:\OOD\main\hypetech-master\hypetech-master\src\game\Game.java,game.Game,render/0,level,2
E:\OOD\main\hypetech-master\hypetech-master\src\game\Game.java,game.Game,render/0,screen,2
E:\OOD\main\hypetech-master\hypetech-master\src\game\Game.java,game.Game,render/0,WIDTH,1
E:\OOD\main\hypetech-master\hypetech-master\src\game\Game.java,game.Game,render/0,colors,1
E:\OOD\main\hypetech-master\hypetech-master\src\game\entities\Mob.java,game.entities.Mob,"move/2[int,int]",movingDir,4
E:\OOD\main\hypetech-master\hypetech-master\src\game\entities\Mob.java,game.entities.Mob,"move/2[int,int]",numSteps,2
E:\OOD\main\hypetech-master\hypetech-master\src\game\entities\Mob.java,game.entities.Mob,"move/2[int,int]",speed,2
E:\OOD\main\hypetech-master\hypetech-master\src\game\entities\Mob.java,game.entities.Mob,"Mob/5[level.Level,java.lang.String,int,int,int]",name,3
E:\OOD\main\hypetech-master\hypetech-master\src\game\entities\Mob.java,game.entities.Mob,"Mob/5[level.Level,java.lang.String,int,int,int]",speed,3
E:\OOD\main\hypetech-master\hypetech-master\src\game\entities\Mob.java,game.entities.Mob,getName/0,name,1
E:\OOD\main\hypetech-master\hypetech-master\src\game\InputHandler.java,game.InputHandler$Key,getNumTimesPressed/0,numTimesPressed,1
E:\OOD\main\hypetech-master\hypetech-master\src\game\InputHandler.java,game.InputHandler$Key,toggle/1[boolean],numTimesPressed,1
E:\OOD\main\hypetech-master\hypetech-master\src\game\InputHandler.java,game.InputHandler$Key,toggle/1[boolean],pressed,2
E:\OOD\main\hypetech-master\hypetech-master\src\game\InputHandler.java,game.InputHandler$Key,isPressed/0,pressed,1
E:\OOD\main\hypetech-master\hypetech-master\src\level\Level.java,level.Level,generateLevel/0,tiles,1
E:\OOD\main\hypetech-master\hypetech-master\src\level\Level.java,level.Level,generateLevel/0,width,2
E:\OOD\main\hypetech-master\hypetech-master\src\level\Level.java,level.Level,generateLevel/0,height,1
E:\OOD\main\hypetech-master\hypetech-master\src\level\Level.java,level.Level,"Level/2[int,int]",tiles,1
E:\OOD\main\hypetech-master\hypetech-master\src\level\Level.java,level.Level,"Level/2[int,int]",width,4
E:\OOD\main\hypetech-master\hypetech-master\src\level\Level.java,level.Level,"Level/2[int,int]",height,4
E:\OOD\main\hypetech-master\hypetech-master\src\level\Level.java,level.Level,"renderTiles/3[gfx.Screen,int,int]",width,3
E:\OOD\main\hypetech-master\hypetech-master\src\level\Level.java,level.Level,"renderTiles/3[gfx.Screen,int,int]",height,3
E:\OOD\main\hypetech-master\hypetech-master\src\level\Level.java,level.Level,addEntity/1[game.entities.Entity],entities,1
E:\OOD\main\hypetech-master\hypetech-master\src\level\Level.java,level.Level,renderEntities/1[gfx.Screen],entities,1
E:\OOD\main\hypetech-master\hypetech-master\src\level\Level.java,level.Level,tick/0,entities,1
E:\OOD\main\hypetech-master\hypetech-master\src\level\Level.java,level.Level,"getTile/2[int,int]",tiles,1
E:\OOD\main\hypetech-master\hypetech-master\src\level\Level.java,level.Level,"getTile/2[int,int]",width,2
E:\OOD\main\hypetech-master\hypetech-master\src\level\Level.java,level.Level,"getTile/2[int,int]",height,1
E:\OOD\main\hypetech-master\hypetech-master\src\game\entities\Entity.java,game.entities.Entity,Entity/1[level.Level],level,2
E:\OOD\main\hypetech-master\hypetech-master\src\game\entities\Entity.java,game.entities.Entity,init/1[level.Level],level,3
E:\OOD\main\hypetech-master\hypetech-master\src\game\entities\Player.java,game.entities.Player,render/1[gfx.Screen],color,4
E:\OOD\main\hypetech-master\hypetech-master\src\game\entities\Player.java,game.entities.Player,render/1[gfx.Screen],scale,5
E:\OOD\main\hypetech-master\hypetech-master\src\game\entities\Player.java,game.entities.Player,"Player/4[level.Level,int,int,game.InputHandler]",input,3
E:\OOD\main\hypetech-master\hypetech-master\src\level\tiles\BasicTile.java,level.tiles.BasicTile,"render/4[gfx.Screen,level.Level,int,int]",tileId,1
E:\OOD\main\hypetech-master\hypetech-master\src\level\tiles\BasicTile.java,level.tiles.BasicTile,"render/4[gfx.Screen,level.Level,int,int]",tileColor,1
E:\OOD\main\hypetech-master\hypetech-master\src\level\tiles\BasicTile.java,level.tiles.BasicTile,"BasicTile/4[int,int,int,int]",tileId,1
E:\OOD\main\hypetech-master\hypetech-master\src\level\tiles\BasicTile.java,level.tiles.BasicTile,"BasicTile/4[int,int,int,int]",tileColor,3
