file,class,method,constructor,line,cbo,cboModified,fanin,fanout,wmc,rfc,loc,returnsQty,variablesQty,parametersQty,methodsInvokedQty,methodsInvokedLocalQty,methodsInvokedIndirectLocalQty,loopQty,comparisonsQty,tryCatchQty,parenthesizedExpsQty,stringLiteralsQty,numbersQty,assignmentsQty,mathOperationsQty,maxNestedBlocksQty,anonymousClassesQty,innerClassesQty,lambdasQty,uniqueWordsQty,modifiers,logStatementsQty,hasJavaDoc
E:\OOD\main\hypetech-master\hypetech-master\src\gfx\SpriteSheet.java,gfx.SpriteSheet,SpriteSheet/1[java.lang.String],true,17,1,1,1,0,5,7,22,1,3,1,7,0,0,2,1,1,1,0,8,9,1,1,0,0,0,14,1,0,false
E:\OOD\main\hypetech-master\hypetech-master\src\gfx\Colors.java,gfx.Colors,get/1[int],false,12,0,1,1,0,2,0,7,2,3,1,0,0,0,0,0,0,0,0,9,3,9,1,0,0,0,5,10,0,false
E:\OOD\main\hypetech-master\hypetech-master\src\gfx\Colors.java,gfx.Colors,"get/4[int,int,int,int]",false,6,1,1,0,1,1,1,3,1,0,4,1,1,1,0,0,0,4,0,3,0,4,0,0,0,0,5,9,0,false
E:\OOD\main\hypetech-master\hypetech-master\src\gfx\Screen.java,gfx.Screen,"render/6[int,int,int,int,int,int]",false,33,0,3,3,0,14,0,38,0,15,6,0,0,0,4,0,0,14,0,24,20,32,6,0,0,0,27,1,0,false
E:\OOD\main\hypetech-master\hypetech-master\src\gfx\Screen.java,gfx.Screen,"Screen/3[int,int,gfx.SpriteSheet]",true,22,2,1,1,0,1,0,6,0,0,3,0,0,0,0,0,0,0,0,0,4,1,0,0,0,0,5,1,0,false
E:\OOD\main\hypetech-master\hypetech-master\src\gfx\Screen.java,gfx.Screen,"setOffset/2[int,int]",false,94,0,1,1,0,1,0,4,0,0,2,0,0,0,0,0,0,0,0,0,2,0,0,0,0,0,4,1,0,false
E:\OOD\main\hypetech-master\hypetech-master\src\gfx\Font.java,gfx.Font,"render/6[java.lang.String,gfx.Screen,int,int,int,int]",false,8,1,1,0,1,3,5,7,0,2,6,5,0,0,1,0,0,1,0,6,3,4,2,0,0,0,7,9,0,false
E:\OOD\main\hypetech-master\hypetech-master\src\game\InputHandler.java,game.InputHandler,"toggleKey/2[int,boolean]",false,65,1,3,2,1,9,1,14,0,0,2,1,0,0,0,8,0,0,0,0,0,0,1,0,0,0,6,1,0,false
E:\OOD\main\hypetech-master\hypetech-master\src\game\InputHandler.java,game.InputHandler,keyReleased/1[java.awt.event.KeyEvent],false,53,1,1,0,1,1,2,3,0,0,1,2,1,1,0,0,0,0,0,0,0,0,0,0,0,0,6,1,0,false
E:\OOD\main\hypetech-master\hypetech-master\src\game\InputHandler.java,game.InputHandler,InputHandler/1[game.Game],true,35,1,1,1,0,1,1,3,0,0,1,1,0,0,0,0,0,0,0,0,0,0,0,0,0,0,4,1,0,false
E:\OOD\main\hypetech-master\hypetech-master\src\game\InputHandler.java,game.InputHandler,keyPressed/1[java.awt.event.KeyEvent],false,45,1,1,0,1,1,2,3,0,0,1,2,1,1,0,0,0,0,0,0,0,0,0,0,0,0,6,1,0,false
E:\OOD\main\hypetech-master\hypetech-master\src\game\InputHandler.java,game.InputHandler,keyTyped/1[java.awt.event.KeyEvent],false,59,0,0,0,0,1,0,2,0,0,1,0,0,0,0,0,0,0,0,0,0,0,0,0,0,0,5,1,0,false
E:\OOD\main\hypetech-master\hypetech-master\src\level\tiles\Tile.java,level.tiles.Tile,"Tile/3[int,boolean,boolean]",true,20,0,0,0,0,2,0,7,0,0,3,0,0,0,0,1,0,0,1,0,4,1,1,0,0,0,10,1,0,false
E:\OOD\main\hypetech-master\hypetech-master\src\level\tiles\Tile.java,level.tiles.Tile,isSolid/0,false,34,0,0,0,0,1,0,3,1,0,0,0,0,0,0,0,0,0,0,0,0,0,0,0,0,0,3,1,0,false
E:\OOD\main\hypetech-master\hypetech-master\src\level\tiles\Tile.java,level.tiles.Tile,"render/4[gfx.Screen,level.Level,int,int]",false,43,2,1,1,0,1,0,1,0,0,4,0,0,0,0,0,0,0,0,0,0,0,0,0,0,0,3,1025,0,false
E:\OOD\main\hypetech-master\hypetech-master\src\level\tiles\Tile.java,level.tiles.Tile,getId/0,false,29,0,1,1,0,1,0,3,1,0,0,0,0,0,0,0,0,0,0,0,0,0,0,0,0,0,3,1,0,false
E:\OOD\main\hypetech-master\hypetech-master\src\level\tiles\Tile.java,level.tiles.Tile,isEmitter/0,false,39,0,0,0,0,1,0,3,1,0,0,0,0,0,0,0,0,0,0,0,0,0,0,0,0,0,3,1,0,false
E:\OOD\main\hypetech-master\hypetech-master\src\game\Game.java,game.Game,main/1[java.lang.String[]],false,223,1,2,0,2,1,1,3,0,0,1,1,1,1,0,0,0,0,0,0,0,0,0,0,0,0,3,9,0,false
E:\OOD\main\hypetech-master\hypetech-master\src\game\Game.java,game.Game,run/0,false,115,1,3,0,3,6,8,37,0,8,0,8,3,1,2,0,1,1,2,12,15,5,2,0,0,0,24,1,0,false
E:\OOD\main\hypetech-master\hypetech-master\src\game\Game.java,game.Game,stop/0,false,109,0,0,0,0,1,0,3,0,0,0,0,0,0,0,0,0,0,0,0,1,0,0,0,0,0,3,33,0,false
E:\OOD\main\hypetech-master\hypetech-master\src\game\Game.java,game.Game,init/0,false,72,5,7,1,6,4,1,18,0,7,0,1,0,0,3,0,0,3,1,19,12,8,3,0,0,0,19,1,0,false
E:\OOD\main\hypetech-master\hypetech-master\src\game\Game.java,game.Game,tick/0,false,169,1,2,1,1,1,1,4,0,0,0,1,0,0,0,0,0,0,0,0,0,0,0,0,0,0,2,1,0,false
E:\OOD\main\hypetech-master\hypetech-master\src\game\Game.java,game.Game,Game/0,true,52,0,1,1,0,1,10,13,0,0,0,10,0,0,0,0,0,0,0,0,1,6,0,0,0,0,27,1,0,false
E:\OOD\main\hypetech-master\hypetech-master\src\game\Game.java,game.Game,start/0,false,101,0,1,1,0,1,1,4,0,0,0,1,0,0,0,0,0,0,0,0,1,0,0,0,0,0,4,33,0,false
E:\OOD\main\hypetech-master\hypetech-master\src\game\Game.java,game.Game,render/0,false,175,1,3,1,2,5,10,21,1,7,0,10,0,0,2,1,0,2,0,8,8,8,3,0,0,0,15,1,0,false
E:\OOD\main\hypetech-master\hypetech-master\src\game\entities\Mob.java,game.entities.Mob,"move/2[int,int]",false,24,1,4,2,2,8,2,17,1,0,2,2,2,1,0,2,0,0,0,12,6,2,2,0,0,0,12,1,0,false
E:\OOD\main\hypetech-master\hypetech-master\src\game\entities\Mob.java,game.entities.Mob,"Mob/5[level.Level,java.lang.String,int,int,int]",true,15,1,0,0,0,1,0,7,0,0,5,0,0,0,0,0,0,0,0,0,4,0,0,0,0,0,7,1,0,false
E:\OOD\main\hypetech-master\hypetech-master\src\game\entities\Mob.java,game.entities.Mob,"hasCollided/2[int,int]",false,51,0,1,1,0,1,0,1,0,0,2,0,0,0,0,0,0,0,0,0,0,0,0,0,0,0,3,1025,0,false
E:\OOD\main\hypetech-master\hypetech-master\src\game\entities\Mob.java,game.entities.Mob,getName/0,false,54,0,0,0,0,1,0,3,1,0,0,0,0,0,0,0,0,0,0,0,0,0,0,0,0,0,3,1,0,false
E:\OOD\main\hypetech-master\hypetech-master\src\game\InputHandler.java,game.InputHandler$Key,getNumTimesPressed/0,false,15,0,0,0,0,1,0,3,1,0,0,0,0,0,0,0,0,0,0,0,0,0,0,0,0,0,5,1,0,false
E:\OOD\main\hypetech-master\hypetech-master\src\game\InputHandler.java,game.InputHandler$Key,toggle/1[boolean],false,25,0,1,1,0,2,0,6,0,0,1,0,0,0,0,0,0,0,0,0,1,0,1,0,0,0,6,1,0,false
E:\OOD\main\hypetech-master\hypetech-master\src\game\InputHandler.java,game.InputHandler$Key,isPressed/0,false,20,0,1,1,0,1,0,3,1,0,0,0,0,0,0,0,0,0,0,0,0,0,0,0,0,0,3,1,0,false
E:\OOD\main\hypetech-master\hypetech-master\src\level\Level.java,level.Level,generateLevel/0,false,27,1,2,1,1,3,1,7,0,2,0,1,0,0,2,0,0,0,0,2,3,2,2,0,0,0,6,1,0,false
E:\OOD\main\hypetech-master\hypetech-master\src\level\Level.java,level.Level,"Level/2[int,int]",true,19,2,2,1,1,1,1,6,0,0,2,1,1,1,0,0,0,0,0,0,3,1,0,0,0,0,4,1,0,false
E:\OOD\main\hypetech-master\hypetech-master\src\level\Level.java,level.Level,"renderTiles/3[gfx.Screen,int,int]",false,48,3,4,1,3,7,3,12,0,2,3,3,1,1,2,0,0,8,0,12,6,10,2,0,0,0,10,1,0,false
E:\OOD\main\hypetech-master\hypetech-master\src\level\Level.java,level.Level,addEntity/1[game.entities.Entity],false,80,1,1,1,0,1,1,3,0,0,1,1,0,0,0,0,0,0,0,0,0,0,0,0,0,0,3,1,0,false
E:\OOD\main\hypetech-master\hypetech-master\src\level\Level.java,level.Level,renderEntities/1[gfx.Screen],false,72,2,2,1,1,2,1,5,0,0,1,1,0,0,1,0,0,0,0,0,0,0,1,0,0,0,7,1,0,false
E:\OOD\main\hypetech-master\hypetech-master\src\level\Level.java,level.Level,tick/0,false,40,1,2,1,1,2,1,5,0,0,0,1,0,0,1,0,0,0,0,0,0,0,1,0,0,0,4,1,0,false
E:\OOD\main\hypetech-master\hypetech-master\src\level\Level.java,level.Level,"getTile/2[int,int]",false,66,1,1,1,0,5,0,4,2,0,2,0,0,0,0,0,0,0,0,2,0,2,1,0,0,0,6,2,0,false
E:\OOD\main\hypetech-master\hypetech-master\src\game\entities\Entity.java,game.entities.Entity,Entity/1[level.Level],true,12,2,1,0,1,1,1,3,0,0,1,1,1,1,0,0,0,0,0,0,0,0,0,0,0,0,4,1,0,false
E:\OOD\main\hypetech-master\hypetech-master\src\game\entities\Entity.java,game.entities.Entity,render/1[gfx.Screen],false,23,1,1,1,0,1,0,1,0,0,1,0,0,0,0,0,0,0,0,0,0,0,0,0,0,0,3,1025,0,false
E:\OOD\main\hypetech-master\hypetech-master\src\game\entities\Entity.java,game.entities.Entity,init/1[level.Level],false,17,1,1,1,0,1,0,3,0,0,1,0,0,0,0,0,0,0,0,0,1,0,0,0,0,0,3,17,0,false
E:\OOD\main\hypetech-master\hypetech-master\src\game\entities\Entity.java,game.entities.Entity,tick/0,false,21,0,1,1,0,1,0,1,0,0,0,0,0,0,0,0,0,0,0,0,0,0,0,0,0,0,1,1025,0,false
E:\OOD\main\hypetech-master\hypetech-master\src\game\entities\Player.java,game.entities.Player,"hasCollided/2[int,int]",false,99,0,0,0,0,1,0,3,1,0,2,0,0,0,0,0,0,0,0,0,0,0,0,0,0,0,4,1,0,false
E:\OOD\main\hypetech-master\hypetech-master\src\game\entities\Player.java,game.entities.Player,render/1[gfx.Screen],false,65,1,1,0,1,3,1,22,0,8,1,1,0,0,0,1,0,14,0,27,12,39,1,0,0,0,18,1,0,false
E:\OOD\main\hypetech-master\hypetech-master\src\game\entities\Player.java,game.entities.Player,"Player/4[level.Level,int,int,game.InputHandler]",true,15,2,1,1,0,1,0,4,0,0,4,0,0,0,0,0,0,0,1,1,1,0,0,0,0,0,3,1,0,false
E:\OOD\main\hypetech-master\hypetech-master\src\game\entities\Player.java,game.entities.Player,tick/0,false,24,2,2,0,2,7,2,23,0,2,0,2,0,0,0,2,0,0,0,4,4,0,1,0,0,0,8,1,0,false
E:\OOD\main\hypetech-master\hypetech-master\src\level\tiles\BasicTile.java,level.tiles.BasicTile,"render/4[gfx.Screen,level.Level,int,int]",false,21,2,1,0,1,1,1,3,0,0,4,1,0,0,0,0,0,0,0,2,0,0,0,0,0,0,3,1,0,false
E:\OOD\main\hypetech-master\hypetech-master\src\level\tiles\BasicTile.java,level.tiles.BasicTile,"BasicTile/4[int,int,int,int]",true,12,0,0,0,0,1,0,5,0,0,4,0,0,0,0,0,0,0,0,0,2,1,0,0,0,0,6,1,0,false
