file,class,method,variable,usage
E:\OOD\main\hypetech-master\hypetech-master\src\gfx\SpriteSheet.java,gfx.SpriteSheet,SpriteSheet/1[java.lang.String],path,3
E:\OOD\main\hypetech-master\hypetech-master\src\gfx\SpriteSheet.java,gfx.SpriteSheet,SpriteSheet/1[java.lang.String],image,5
E:\OOD\main\hypetech-master\hypetech-master\src\gfx\SpriteSheet.java,gfx.SpriteSheet,SpriteSheet/1[java.lang.String],e,1
E:\OOD\main\hypetech-master\hypetech-master\src\gfx\SpriteSheet.java,gfx.SpriteSheet,SpriteSheet/1[java.lang.String],i,8
E:\OOD\main\hypetech-master\hypetech-master\src\gfx\Colors.java,gfx.Colors,get/1[int],r,1
E:\OOD\main\hypetech-master\hypetech-master\src\gfx\Colors.java,gfx.Colors,get/1[int],b,1
E:\OOD\main\hypetech-master\hypetech-master\src\gfx\Colors.java,gfx.Colors,get/1[int],color,4
E:\OOD\main\hypetech-master\hypetech-master\src\gfx\Colors.java,gfx.Colors,get/1[int],g,1
E:\OOD\main\hypetech-master\hypetech-master\src\gfx\Colors.java,gfx.Colors,"get/4[int,int,int,int]",color1,1
E:\OOD\main\hypetech-master\hypetech-master\src\gfx\Colors.java,gfx.Colors,"get/4[int,int,int,int]",color2,1
E:\OOD\main\hypetech-master\hypetech-master\src\gfx\Colors.java,gfx.Colors,"get/4[int,int,int,int]",color3,1
E:\OOD\main\hypetech-master\hypetech-master\src\gfx\Colors.java,gfx.Colors,"get/4[int,int,int,int]",color4,1
E:\OOD\main\hypetech-master\hypetech-master\src\gfx\Screen.java,gfx.Screen,"render/6[int,int,int,int,int,int]",xSheet,2
E:\OOD\main\hypetech-master\hypetech-master\src\gfx\Screen.java,gfx.Screen,"render/6[int,int,int,int,int,int]",col,2
E:\OOD\main\hypetech-master\hypetech-master\src\gfx\Screen.java,gfx.Screen,"render/6[int,int,int,int,int,int]",yPos,2
E:\OOD\main\hypetech-master\hypetech-master\src\gfx\Screen.java,gfx.Screen,"render/6[int,int,int,int,int,int]",color,1
E:\OOD\main\hypetech-master\hypetech-master\src\gfx\Screen.java,gfx.Screen,"render/6[int,int,int,int,int,int]",xTile,1
E:\OOD\main\hypetech-master\hypetech-master\src\gfx\Screen.java,gfx.Screen,"render/6[int,int,int,int,int,int]",scaleMap,4
E:\OOD\main\hypetech-master\hypetech-master\src\gfx\Screen.java,gfx.Screen,"render/6[int,int,int,int,int,int]",tileOffset,1
E:\OOD\main\hypetech-master\hypetech-master\src\gfx\Screen.java,gfx.Screen,"render/6[int,int,int,int,int,int]",scale,3
E:\OOD\main\hypetech-master\hypetech-master\src\gfx\Screen.java,gfx.Screen,"render/6[int,int,int,int,int,int]",mirrorX,1
E:\OOD\main\hypetech-master\hypetech-master\src\gfx\Screen.java,gfx.Screen,"render/6[int,int,int,int,int,int]",mirrorY,1
E:\OOD\main\hypetech-master\hypetech-master\src\gfx\Screen.java,gfx.Screen,"render/6[int,int,int,int,int,int]",xPos,2
E:\OOD\main\hypetech-master\hypetech-master\src\gfx\Screen.java,gfx.Screen,"render/6[int,int,int,int,int,int]",yScale,5
E:\OOD\main\hypetech-master\hypetech-master\src\gfx\Screen.java,gfx.Screen,"render/6[int,int,int,int,int,int]",mirrorDir,2
E:\OOD\main\hypetech-master\hypetech-master\src\gfx\Screen.java,gfx.Screen,"render/6[int,int,int,int,int,int]",xPixel,3
E:\OOD\main\hypetech-master\hypetech-master\src\gfx\Screen.java,gfx.Screen,"render/6[int,int,int,int,int,int]",yTile,1
E:\OOD\main\hypetech-master\hypetech-master\src\gfx\Screen.java,gfx.Screen,"render/6[int,int,int,int,int,int]",xScale,5
E:\OOD\main\hypetech-master\hypetech-master\src\gfx\Screen.java,gfx.Screen,"render/6[int,int,int,int,int,int]",tile,2
E:\OOD\main\hypetech-master\hypetech-master\src\gfx\Screen.java,gfx.Screen,"render/6[int,int,int,int,int,int]",x,6
E:\OOD\main\hypetech-master\hypetech-master\src\gfx\Screen.java,gfx.Screen,"render/6[int,int,int,int,int,int]",y,6
E:\OOD\main\hypetech-master\hypetech-master\src\gfx\Screen.java,gfx.Screen,"render/6[int,int,int,int,int,int]",ySheet,2
E:\OOD\main\hypetech-master\hypetech-master\src\gfx\Screen.java,gfx.Screen,"render/6[int,int,int,int,int,int]",yPixel,3
E:\OOD\main\hypetech-master\hypetech-master\src\gfx\Screen.java,gfx.Screen,"Screen/3[int,int,gfx.SpriteSheet]",width,3
E:\OOD\main\hypetech-master\hypetech-master\src\gfx\Screen.java,gfx.Screen,"Screen/3[int,int,gfx.SpriteSheet]",sheet,2
E:\OOD\main\hypetech-master\hypetech-master\src\gfx\Screen.java,gfx.Screen,"Screen/3[int,int,gfx.SpriteSheet]",height,3
E:\OOD\main\hypetech-master\hypetech-master\src\gfx\Screen.java,gfx.Screen,"setOffset/2[int,int]",yOffset,2
E:\OOD\main\hypetech-master\hypetech-master\src\gfx\Screen.java,gfx.Screen,"setOffset/2[int,int]",xOffset,2
E:\OOD\main\hypetech-master\hypetech-master\src\gfx\Font.java,gfx.Font,"render/6[java.lang.String,gfx.Screen,int,int,int,int]",msg,4
E:\OOD\main\hypetech-master\hypetech-master\src\gfx\Font.java,gfx.Font,"render/6[java.lang.String,gfx.Screen,int,int,int,int]",charIndex,2
E:\OOD\main\hypetech-master\hypetech-master\src\gfx\Font.java,gfx.Font,"render/6[java.lang.String,gfx.Screen,int,int,int,int]",color,1
E:\OOD\main\hypetech-master\hypetech-master\src\gfx\Font.java,gfx.Font,"render/6[java.lang.String,gfx.Screen,int,int,int,int]",x,1
E:\OOD\main\hypetech-master\hypetech-master\src\gfx\Font.java,gfx.Font,"render/6[java.lang.String,gfx.Screen,int,int,int,int]",screen,1
E:\OOD\main\hypetech-master\hypetech-master\src\gfx\Font.java,gfx.Font,"render/6[java.lang.String,gfx.Screen,int,int,int,int]",y,1
E:\OOD\main\hypetech-master\hypetech-master\src\gfx\Font.java,gfx.Font,"render/6[java.lang.String,gfx.Screen,int,int,int,int]",scale,1
E:\OOD\main\hypetech-master\hypetech-master\src\gfx\Font.java,gfx.Font,"render/6[java.lang.String,gfx.Screen,int,int,int,int]",i,4
E:\OOD\main\hypetech-master\hypetech-master\src\game\InputHandler.java,game.InputHandler,"toggleKey/2[int,boolean]",isPressed,4
E:\OOD\main\hypetech-master\hypetech-master\src\game\InputHandler.java,game.InputHandler,"toggleKey/2[int,boolean]",keyCode,8
E:\OOD\main\hypetech-master\hypetech-master\src\game\InputHandler.java,game.InputHandler,keyReleased/1[java.awt.event.KeyEvent],e,1
E:\OOD\main\hypetech-master\hypetech-master\src\game\InputHandler.java,game.InputHandler,InputHandler/1[game.Game],game,1
E:\OOD\main\hypetech-master\hypetech-master\src\game\InputHandler.java,game.InputHandler,keyPressed/1[java.awt.event.KeyEvent],e,1
E:\OOD\main\hypetech-master\hypetech-master\src\game\InputHandler.java,game.InputHandler,keyTyped/1[java.awt.event.KeyEvent],e,0
E:\OOD\main\hypetech-master\hypetech-master\src\level\tiles\Tile.java,level.tiles.Tile,"Tile/3[int,boolean,boolean]",isSolid,1
E:\OOD\main\hypetech-master\hypetech-master\src\level\tiles\Tile.java,level.tiles.Tile,"Tile/3[int,boolean,boolean]",isEmitter,1
E:\OOD\main\hypetech-master\hypetech-master\src\level\tiles\Tile.java,level.tiles.Tile,"Tile/3[int,boolean,boolean]",id,5
E:\OOD\main\hypetech-master\hypetech-master\src\level\tiles\Tile.java,level.tiles.Tile,"render/4[gfx.Screen,level.Level,int,int]",level,0
E:\OOD\main\hypetech-master\hypetech-master\src\level\tiles\Tile.java,level.tiles.Tile,"render/4[gfx.Screen,level.Level,int,int]",x,0
E:\OOD\main\hypetech-master\hypetech-master\src\level\tiles\Tile.java,level.tiles.Tile,"render/4[gfx.Screen,level.Level,int,int]",screen,0
E:\OOD\main\hypetech-master\hypetech-master\src\level\tiles\Tile.java,level.tiles.Tile,"render/4[gfx.Screen,level.Level,int,int]",y,0
E:\OOD\main\hypetech-master\hypetech-master\src\game\Game.java,game.Game,main/1[java.lang.String[]],args,0
E:\OOD\main\hypetech-master\hypetech-master\src\game\Game.java,game.Game,run/0,lastTime,2
E:\OOD\main\hypetech-master\hypetech-master\src\game\Game.java,game.Game,run/0,frames,3
E:\OOD\main\hypetech-master\hypetech-master\src\game\Game.java,game.Game,run/0,ticks,3
E:\OOD\main\hypetech-master\hypetech-master\src\game\Game.java,game.Game,run/0,e,1
E:\OOD\main\hypetech-master\hypetech-master\src\game\Game.java,game.Game,run/0,now,2
E:\OOD\main\hypetech-master\hypetech-master\src\game\Game.java,game.Game,run/0,delta,3
E:\OOD\main\hypetech-master\hypetech-master\src\game\Game.java,game.Game,run/0,shouldRender,2
E:\OOD\main\hypetech-master\hypetech-master\src\game\Game.java,game.Game,run/0,nsPerTick,1
E:\OOD\main\hypetech-master\hypetech-master\src\game\Game.java,game.Game,run/0,lastTimer,2
E:\OOD\main\hypetech-master\hypetech-master\src\game\Game.java,game.Game,init/0,rr,1
E:\OOD\main\hypetech-master\hypetech-master\src\game\Game.java,game.Game,init/0,gg,1
E:\OOD\main\hypetech-master\hypetech-master\src\game\Game.java,game.Game,init/0,bb,1
E:\OOD\main\hypetech-master\hypetech-master\src\game\Game.java,game.Game,init/0,r,3
E:\OOD\main\hypetech-master\hypetech-master\src\game\Game.java,game.Game,init/0,b,3
E:\OOD\main\hypetech-master\hypetech-master\src\game\Game.java,game.Game,init/0,g,3
E:\OOD\main\hypetech-master\hypetech-master\src\game\Game.java,game.Game,init/0,index,1
E:\OOD\main\hypetech-master\hypetech-master\src\game\Game.java,game.Game,render/0,bs,3
E:\OOD\main\hypetech-master\hypetech-master\src\game\Game.java,game.Game,render/0,yOffset,1
E:\OOD\main\hypetech-master\hypetech-master\src\game\Game.java,game.Game,render/0,xOffset,1
E:\OOD\main\hypetech-master\hypetech-master\src\game\Game.java,game.Game,render/0,g,2
E:\OOD\main\hypetech-master\hypetech-master\src\game\Game.java,game.Game,render/0,x,4
E:\OOD\main\hypetech-master\hypetech-master\src\game\Game.java,game.Game,render/0,y,4
E:\OOD\main\hypetech-master\hypetech-master\src\game\Game.java,game.Game,render/0,colorCode,2
E:\OOD\main\hypetech-master\hypetech-master\src\game\entities\Mob.java,game.entities.Mob,"move/2[int,int]",ya,6
E:\OOD\main\hypetech-master\hypetech-master\src\game\entities\Mob.java,game.entities.Mob,"move/2[int,int]",xa,6
E:\OOD\main\hypetech-master\hypetech-master\src\game\entities\Mob.java,game.entities.Mob,"Mob/5[level.Level,java.lang.String,int,int,int]",level,1
E:\OOD\main\hypetech-master\hypetech-master\src\game\entities\Mob.java,game.entities.Mob,"Mob/5[level.Level,java.lang.String,int,int,int]",name,2
E:\OOD\main\hypetech-master\hypetech-master\src\game\entities\Mob.java,game.entities.Mob,"Mob/5[level.Level,java.lang.String,int,int,int]",x,2
E:\OOD\main\hypetech-master\hypetech-master\src\game\entities\Mob.java,game.entities.Mob,"Mob/5[level.Level,java.lang.String,int,int,int]",y,2
E:\OOD\main\hypetech-master\hypetech-master\src\game\entities\Mob.java,game.entities.Mob,"Mob/5[level.Level,java.lang.String,int,int,int]",speed,2
E:\OOD\main\hypetech-master\hypetech-master\src\game\entities\Mob.java,game.entities.Mob,"hasCollided/2[int,int]",ya,0
E:\OOD\main\hypetech-master\hypetech-master\src\game\entities\Mob.java,game.entities.Mob,"hasCollided/2[int,int]",xa,0
E:\OOD\main\hypetech-master\hypetech-master\src\game\InputHandler.java,game.InputHandler$Key,toggle/1[boolean],isPressed,1
E:\OOD\main\hypetech-master\hypetech-master\src\level\Level.java,level.Level,generateLevel/0,x,3
E:\OOD\main\hypetech-master\hypetech-master\src\level\Level.java,level.Level,generateLevel/0,y,3
E:\OOD\main\hypetech-master\hypetech-master\src\level\Level.java,level.Level,"Level/2[int,int]",width,3
E:\OOD\main\hypetech-master\hypetech-master\src\level\Level.java,level.Level,"Level/2[int,int]",height,3
E:\OOD\main\hypetech-master\hypetech-master\src\level\Level.java,level.Level,"renderTiles/3[gfx.Screen,int,int]",yOffset,5
E:\OOD\main\hypetech-master\hypetech-master\src\level\Level.java,level.Level,"renderTiles/3[gfx.Screen,int,int]",xOffset,5
E:\OOD\main\hypetech-master\hypetech-master\src\level\Level.java,level.Level,"renderTiles/3[gfx.Screen,int,int]",x,4
E:\OOD\main\hypetech-master\hypetech-master\src\level\Level.java,level.Level,"renderTiles/3[gfx.Screen,int,int]",screen,6
E:\OOD\main\hypetech-master\hypetech-master\src\level\Level.java,level.Level,"renderTiles/3[gfx.Screen,int,int]",y,4
E:\OOD\main\hypetech-master\hypetech-master\src\level\Level.java,level.Level,addEntity/1[game.entities.Entity],entity,1
E:\OOD\main\hypetech-master\hypetech-master\src\level\Level.java,level.Level,renderEntities/1[gfx.Screen],e,1
E:\OOD\main\hypetech-master\hypetech-master\src\level\Level.java,level.Level,renderEntities/1[gfx.Screen],screen,1
E:\OOD\main\hypetech-master\hypetech-master\src\level\Level.java,level.Level,tick/0,e,1
E:\OOD\main\hypetech-master\hypetech-master\src\level\Level.java,level.Level,"getTile/2[int,int]",x,3
E:\OOD\main\hypetech-master\hypetech-master\src\level\Level.java,level.Level,"getTile/2[int,int]",y,3
E:\OOD\main\hypetech-master\hypetech-master\src\game\entities\Entity.java,game.entities.Entity,Entity/1[level.Level],level,1
E:\OOD\main\hypetech-master\hypetech-master\src\game\entities\Entity.java,game.entities.Entity,render/1[gfx.Screen],screen,0
E:\OOD\main\hypetech-master\hypetech-master\src\game\entities\Entity.java,game.entities.Entity,init/1[level.Level],level,2
E:\OOD\main\hypetech-master\hypetech-master\src\game\entities\Player.java,game.entities.Player,"hasCollided/2[int,int]",ya,0
E:\OOD\main\hypetech-master\hypetech-master\src\game\entities\Player.java,game.entities.Player,"hasCollided/2[int,int]",xa,0
E:\OOD\main\hypetech-master\hypetech-master\src\game\entities\Player.java,game.entities.Player,render/1[gfx.Screen],flipBottom,5
E:\OOD\main\hypetech-master\hypetech-master\src\game\entities\Player.java,game.entities.Player,render/1[gfx.Screen],yOffset,4
E:\OOD\main\hypetech-master\hypetech-master\src\game\entities\Player.java,game.entities.Player,render/1[gfx.Screen],xOffset,4
E:\OOD\main\hypetech-master\hypetech-master\src\game\entities\Player.java,game.entities.Player,render/1[gfx.Screen],xTile,6
E:\OOD\main\hypetech-master\hypetech-master\src\game\entities\Player.java,game.entities.Player,render/1[gfx.Screen],yTile,4
E:\OOD\main\hypetech-master\hypetech-master\src\game\entities\Player.java,game.entities.Player,render/1[gfx.Screen],modifier,10
E:\OOD\main\hypetech-master\hypetech-master\src\game\entities\Player.java,game.entities.Player,render/1[gfx.Screen],screen,4
E:\OOD\main\hypetech-master\hypetech-master\src\game\entities\Player.java,game.entities.Player,render/1[gfx.Screen],flipTop,5
E:\OOD\main\hypetech-master\hypetech-master\src\game\entities\Player.java,game.entities.Player,render/1[gfx.Screen],walkingSpeed,3
E:\OOD\main\hypetech-master\hypetech-master\src\game\entities\Player.java,game.entities.Player,"Player/4[level.Level,int,int,game.InputHandler]",input,2
E:\OOD\main\hypetech-master\hypetech-master\src\game\entities\Player.java,game.entities.Player,"Player/4[level.Level,int,int,game.InputHandler]",level,1
E:\OOD\main\hypetech-master\hypetech-master\src\game\entities\Player.java,game.entities.Player,"Player/4[level.Level,int,int,game.InputHandler]",x,1
E:\OOD\main\hypetech-master\hypetech-master\src\game\entities\Player.java,game.entities.Player,"Player/4[level.Level,int,int,game.InputHandler]",y,1
E:\OOD\main\hypetech-master\hypetech-master\src\game\entities\Player.java,game.entities.Player,tick/0,ya,4
E:\OOD\main\hypetech-master\hypetech-master\src\game\entities\Player.java,game.entities.Player,tick/0,xa,4
E:\OOD\main\hypetech-master\hypetech-master\src\level\tiles\BasicTile.java,level.tiles.BasicTile,"render/4[gfx.Screen,level.Level,int,int]",level,0
E:\OOD\main\hypetech-master\hypetech-master\src\level\tiles\BasicTile.java,level.tiles.BasicTile,"render/4[gfx.Screen,level.Level,int,int]",x,1
E:\OOD\main\hypetech-master\hypetech-master\src\level\tiles\BasicTile.java,level.tiles.BasicTile,"render/4[gfx.Screen,level.Level,int,int]",screen,1
E:\OOD\main\hypetech-master\hypetech-master\src\level\tiles\BasicTile.java,level.tiles.BasicTile,"render/4[gfx.Screen,level.Level,int,int]",y,1
E:\OOD\main\hypetech-master\hypetech-master\src\level\tiles\BasicTile.java,level.tiles.BasicTile,"BasicTile/4[int,int,int,int]",x,1
E:\OOD\main\hypetech-master\hypetech-master\src\level\tiles\BasicTile.java,level.tiles.BasicTile,"BasicTile/4[int,int,int,int]",y,1
E:\OOD\main\hypetech-master\hypetech-master\src\level\tiles\BasicTile.java,level.tiles.BasicTile,"BasicTile/4[int,int,int,int]",tileColor,2
E:\OOD\main\hypetech-master\hypetech-master\src\level\tiles\BasicTile.java,level.tiles.BasicTile,"BasicTile/4[int,int,int,int]",id,1
