file,class,type,cbo,cboModified,fanin,fanout,wmc,dit,noc,rfc,lcom,lcom*,tcc,lcc,totalMethodsQty,staticMethodsQty,publicMethodsQty,privateMethodsQty,protectedMethodsQty,defaultMethodsQty,visibleMethodsQty,abstractMethodsQty,finalMethodsQty,synchronizedMethodsQty,totalFieldsQty,staticFieldsQty,publicFieldsQty,privateFieldsQty,protectedFieldsQty,defaultFieldsQty,finalFieldsQty,synchronizedFieldsQty,nosi,loc,returnQty,loopQty,comparisonsQty,tryCatchQty,parenthesizedExpsQty,stringLiteralsQty,numbersQty,assignmentsQty,mathOperationsQty,variablesQty,maxNestedBlocksQty,anonymousClassesQty,innerClassesQty,lambdasQty,uniqueWordsQty,modifiers,logStatementsQty
E:\OOD\main\Progranja-master\Final\src\pkgfinal\Display.java,pkgfinal.Display,class,1,3,2,1,18,1,0,14,53,0.83766234,0.20879121,0.73626375,14,0,14,0,0,0,14,0,0,0,11,0,2,9,0,0,0,0,0,103,6,0,1,0,0,2,12,20,0,15,2,1,0,0,60,1,0
E:\OOD\main\Progranja-master\Final\src\pkgfinal\ImageLoader.java,pkgfinal.ImageLoader,class,1,3,2,1,2,1,0,5,0,0.0,NaN,NaN,1,1,1,0,0,0,1,0,0,0,0,0,0,0,0,0,0,0,2,13,1,0,0,1,0,1,1,2,1,1,1,0,0,0,25,1,0
E:\OOD\main\Progranja-master\Final\src\pkgfinal\Game.java,pkgfinal.Game,class,16,29,13,16,208,1,0,85,154,0.85463405,0.15263158,0.8105263,25,0,20,5,0,0,20,0,0,2,41,0,0,40,0,1,0,0,3,954,10,38,1,1,5,85,292,336,44,120,4,0,0,0,162,1,0
E:\OOD\main\Progranja-master\Final\src\pkgfinal\Item.java,pkgfinal.Item,class,0,12,12,0,7,1,11,0,9,0.5714286,0.2857143,0.47619048,7,0,7,0,0,0,7,2,0,0,2,0,0,0,2,0,0,0,0,22,2,0,0,0,0,0,0,4,0,2,0,0,0,0,31,1025,0
E:\OOD\main\Progranja-master\Final\src\pkgfinal\SoundClip.java,pkgfinal.SoundClip,class,1,4,3,1,22,1,0,13,37,0.74285716,0.2948718,1.0,14,0,13,1,0,0,13,0,0,0,5,0,0,5,0,0,0,0,2,78,11,0,1,3,1,3,2,10,1,6,1,0,0,0,82,1,0
E:\OOD\main\Progranja-master\Final\src\pkgfinal\Assets.java,pkgfinal.Assets,class,3,4,1,3,3,1,0,2,0,0.0,NaN,NaN,1,1,1,0,0,0,1,0,0,0,30,30,30,0,0,0,0,0,20,78,0,2,0,0,0,22,44,42,8,34,1,0,0,0,49,1,0
E:\OOD\main\Progranja-master\Final\src\pkgfinal\Button.java,pkgfinal.Button,class,4,6,2,4,12,2,0,12,25,0.78000003,0.22222222,0.62222224,10,0,10,0,0,0,10,0,0,0,5,0,0,5,0,0,0,0,0,46,4,0,0,0,0,0,0,7,0,5,1,0,0,0,47,1,0
E:\OOD\main\Progranja-master\Final\src\pkgfinal\Casa.java,pkgfinal.Casa,class,5,7,2,5,13,2,0,8,54,0.8615385,0.15384616,0.46153846,13,0,13,0,0,0,13,0,0,0,10,0,0,10,0,0,0,0,0,60,6,0,0,0,1,0,7,14,2,10,0,0,0,0,56,1,0
E:\OOD\main\Progranja-master\Final\src\pkgfinal\Animation.java,pkgfinal.Animation,class,0,3,3,0,5,1,0,1,0,0.2,1.0,1.0,3,0,3,0,0,0,3,0,0,0,5,0,0,5,0,0,0,0,3,28,1,0,0,0,0,0,4,9,1,5,2,0,0,0,36,1,0
E:\OOD\main\Progranja-master\Final\src\pkgfinal\Live.java,pkgfinal.Live,class,3,5,2,3,7,2,0,5,9,0.6666667,0.2857143,0.47619048,7,0,7,0,0,0,7,0,0,0,3,0,0,3,0,0,0,0,0,28,2,0,0,0,0,0,0,5,0,3,0,0,0,0,31,1,0
E:\OOD\main\Progranja-master\Final\src\pkgfinal\SpriteSheet.java,pkgfinal.SpriteSheet,class,0,0,0,0,2,1,0,1,0,0.0,1.0,1.0,2,0,2,0,0,0,2,0,0,0,1,0,0,1,0,0,0,0,0,9,1,0,0,0,0,0,0,1,0,1,0,0,0,0,23,1,0
E:\OOD\main\Progranja-master\Final\src\pkgfinal\Instruction.java,pkgfinal.Instruction,class,4,5,1,4,19,2,0,9,24,0.71666664,0.3181818,1.0,12,0,12,0,0,0,12,0,0,0,5,0,0,5,0,0,0,0,0,65,4,0,0,0,0,0,6,9,0,5,1,0,0,0,43,1,0
E:\OOD\main\Progranja-master\Final\src\pkgfinal\Action.java,pkgfinal.Action,class,4,5,1,4,20,2,0,12,29,0.74545455,0.23636363,0.8181818,11,0,11,0,0,0,11,0,0,0,5,0,0,5,0,0,0,0,0,65,5,0,0,0,0,0,7,8,0,5,1,0,0,0,49,1,0
E:\OOD\main\Progranja-master\Final\src\pkgfinal\Bad.java,pkgfinal.Bad,class,5,7,2,5,26,2,0,16,98,0.8461538,0.13970588,0.5808824,17,0,17,0,0,0,17,0,0,0,13,0,0,13,0,0,0,0,0,112,8,0,4,0,1,0,26,19,10,13,2,0,0,0,80,1,0
E:\OOD\main\Progranja-master\Final\src\pkgfinal\Power.java,pkgfinal.Power,class,4,6,2,4,15,2,0,12,31,0.78000003,0.15555556,0.33333334,10,0,10,0,0,0,10,0,0,0,5,0,0,5,0,0,0,0,0,57,5,0,0,0,1,0,10,6,5,5,2,0,0,0,49,1,0
E:\OOD\main\Progranja-master\Final\src\pkgfinal\Bar.java,pkgfinal.Bar,class,3,5,2,3,10,2,0,5,27,0.84285706,0.2,0.46666667,10,0,10,0,0,0,10,0,0,0,7,0,3,4,0,0,0,0,0,43,4,0,0,0,0,0,2,9,0,7,0,0,0,0,44,1,0
E:\OOD\main\Progranja-master\Final\src\pkgfinal\MouseManager.java,pkgfinal.MouseManager,class,0,5,5,0,15,1,0,3,48,0.75000006,0.1923077,0.35897437,13,0,13,0,0,0,13,0,0,0,4,0,0,4,0,0,0,0,0,49,4,0,2,0,0,0,0,9,0,4,1,0,0,0,28,1,0
E:\OOD\main\Progranja-master\Final\src\pkgfinal\Player.java,pkgfinal.Player,class,5,10,5,5,45,2,0,22,94,0.85620904,0.15441176,0.77205884,17,0,17,0,0,0,17,0,0,0,18,0,0,18,0,0,0,0,0,200,8,0,5,0,1,0,66,47,16,18,5,0,0,0,87,1,0
E:\OOD\main\Progranja-master\Final\src\pkgfinal\Block.java,pkgfinal.Block,class,3,6,3,3,8,2,0,5,16,0.7083333,0.21428572,0.35714287,8,0,8,0,0,0,8,0,0,0,3,0,0,3,0,0,0,0,0,31,3,0,0,0,0,0,2,5,2,3,0,0,0,0,37,1,0
E:\OOD\main\Progranja-master\Final\src\pkgfinal\Final.java,pkgfinal.Final,class,1,1,0,1,1,1,0,1,0,0.0,NaN,NaN,1,1,1,0,0,0,1,0,0,0,0,0,0,0,0,0,0,0,0,6,0,0,0,0,0,1,2,1,0,1,0,0,0,0,10,1,0
E:\OOD\main\Progranja-master\Final\src\pkgfinal\KeyManager.java,pkgfinal.KeyManager,class,1,2,1,1,5,1,0,1,0,0.7142858,0.6,0.6,5,0,5,0,0,0,5,0,0,0,7,0,6,1,0,0,0,0,0,28,0,0,0,0,0,0,1,9,0,7,0,0,0,0,27,1,0
E:\OOD\main\Progranja-master\Final\src\pkgfinal\Display.java,pkgfinal.Display$Anonymous1,anonymous,0,0,0,0,1,1,0,2,0,0.0,NaN,NaN,1,0,1,0,0,0,1,0,0,0,0,0,0,0,0,0,0,0,0,7,0,0,0,0,0,1,0,2,0,0,0,0,0,0,9,-1,0
E:\OOD\main\Progranja-master\Final\src\pkgfinal\Window.java,pkgfinal.Window,class,4,6,2,4,18,2,0,12,29,0.7878788,0.23636363,0.8181818,11,0,11,0,0,0,11,0,0,0,6,0,0,6,0,0,0,0,0,64,5,0,0,0,0,0,5,8,0,6,1,0,0,0,50,1,0
E:\OOD\main\Progranja-master\Final\src\pkgfinal\SpreadSheet.java,pkgfinal.SpreadSheet,class,0,1,1,0,2,1,0,1,0,0.0,1.0,1.0,2,0,2,0,0,0,2,0,0,0,1,0,0,1,0,0,0,0,0,9,1,0,0,0,0,0,0,1,0,1,0,0,0,0,24,1,0
