file,class,method,variable,usage
E:\OOD\main\Progranja-master\Final\src\pkgfinal\Display.java,pkgfinal.Display,setTitle/1[java.lang.String],title,4
E:\OOD\main\Progranja-master\Final\src\pkgfinal\Display.java,pkgfinal.Display,setEnter/1[boolean],enter,4
E:\OOD\main\Progranja-master\Final\src\pkgfinal\Display.java,pkgfinal.Display,getInstruction/0,instruction,1
E:\OOD\main\Progranja-master\Final\src\pkgfinal\Display.java,pkgfinal.Display,getStart/0,start,1
E:\OOD\main\Progranja-master\Final\src\pkgfinal\Display.java,pkgfinal.Display,createDisplay/0,canvas,5
E:\OOD\main\Progranja-master\Final\src\pkgfinal\Display.java,pkgfinal.Display,createDisplay/0,instruction,1
E:\OOD\main\Progranja-master\Final\src\pkgfinal\Display.java,pkgfinal.Display,createDisplay/0,jframe,10
E:\OOD\main\Progranja-master\Final\src\pkgfinal\Display.java,pkgfinal.Display,createDisplay/0,width,3
E:\OOD\main\Progranja-master\Final\src\pkgfinal\Display.java,pkgfinal.Display,createDisplay/0,title,1
E:\OOD\main\Progranja-master\Final\src\pkgfinal\Display.java,pkgfinal.Display,createDisplay/0,height,3
E:\OOD\main\Progranja-master\Final\src\pkgfinal\Display.java,pkgfinal.Display,"Display/3[java.lang.String,int,int]",instruction,1
E:\OOD\main\Progranja-master\Final\src\pkgfinal\Display.java,pkgfinal.Display,"Display/3[java.lang.String,int,int]",width,4
E:\OOD\main\Progranja-master\Final\src\pkgfinal\Display.java,pkgfinal.Display,"Display/3[java.lang.String,int,int]",start,1
E:\OOD\main\Progranja-master\Final\src\pkgfinal\Display.java,pkgfinal.Display,"Display/3[java.lang.String,int,int]",enter,1
E:\OOD\main\Progranja-master\Final\src\pkgfinal\Display.java,pkgfinal.Display,"Display/3[java.lang.String,int,int]",title,4
E:\OOD\main\Progranja-master\Final\src\pkgfinal\Display.java,pkgfinal.Display,"Display/3[java.lang.String,int,int]",height,4
E:\OOD\main\Progranja-master\Final\src\pkgfinal\Display.java,pkgfinal.Display,"Display/3[java.lang.String,int,int]",buttonPressed,1
E:\OOD\main\Progranja-master\Final\src\pkgfinal\Display.java,pkgfinal.Display,initTextField/0,jframe,1
E:\OOD\main\Progranja-master\Final\src\pkgfinal\Display.java,pkgfinal.Display,getJframe/0,jframe,1
E:\OOD\main\Progranja-master\Final\src\pkgfinal\Display.java,pkgfinal.Display,getCanvas/0,canvas,1
E:\OOD\main\Progranja-master\Final\src\pkgfinal\Display.java,pkgfinal.Display,tick/0,enter,2
E:\OOD\main\Progranja-master\Final\src\pkgfinal\Display.java,pkgfinal.Display,setInstruction/1[java.lang.String],instruction,4
E:\OOD\main\Progranja-master\Final\src\pkgfinal\Display.java,pkgfinal.Display,setNewInstruction/1[boolean],newInstruction,4
E:\OOD\main\Progranja-master\Final\src\pkgfinal\Display.java,pkgfinal.Display,getNewInstruction/0,newInstruction,2
E:\OOD\main\Progranja-master\Final\src\pkgfinal\Display.java,pkgfinal.Display,setStart/1[boolean],start,7
E:\OOD\main\Progranja-master\Final\src\pkgfinal\Game.java,pkgfinal.Game,getInstructions/0,Instructions,1
E:\OOD\main\Progranja-master\Final\src\pkgfinal\Game.java,pkgfinal.Game,getKeyManager/0,keyManager,1
E:\OOD\main\Progranja-master\Final\src\pkgfinal\Game.java,pkgfinal.Game,instructions/0,level5,14
E:\OOD\main\Progranja-master\Final\src\pkgfinal\Game.java,pkgfinal.Game,instructions/0,instructions,1
E:\OOD\main\Progranja-master\Final\src\pkgfinal\Game.java,pkgfinal.Game,instructions/0,level4,15
E:\OOD\main\Progranja-master\Final\src\pkgfinal\Game.java,pkgfinal.Game,instructions/0,Ident,5
E:\OOD\main\Progranja-master\Final\src\pkgfinal\Game.java,pkgfinal.Game,instructions/0,Inst,2
E:\OOD\main\Progranja-master\Final\src\pkgfinal\Game.java,pkgfinal.Game,instructions/0,changeLevel,14
E:\OOD\main\Progranja-master\Final\src\pkgfinal\Game.java,pkgfinal.Game,instructions/0,display,2
E:\OOD\main\Progranja-master\Final\src\pkgfinal\Game.java,pkgfinal.Game,instructions/0,index,8
E:\OOD\main\Progranja-master\Final\src\pkgfinal\Game.java,pkgfinal.Game,instructions/0,Instructions,15
E:\OOD\main\Progranja-master\Final\src\pkgfinal\Game.java,pkgfinal.Game,instructions/0,run,1
E:\OOD\main\Progranja-master\Final\src\pkgfinal\Game.java,pkgfinal.Game,instructions/0,loss,14
E:\OOD\main\Progranja-master\Final\src\pkgfinal\Game.java,pkgfinal.Game,instructions/0,noLives,9
E:\OOD\main\Progranja-master\Final\src\pkgfinal\Game.java,pkgfinal.Game,instructions/0,loop,16
E:\OOD\main\Progranja-master\Final\src\pkgfinal\Game.java,pkgfinal.Game,instructions/0,level1,16
E:\OOD\main\Progranja-master\Final\src\pkgfinal\Game.java,pkgfinal.Game,instructions/0,win,14
E:\OOD\main\Progranja-master\Final\src\pkgfinal\Game.java,pkgfinal.Game,instructions/0,level3,16
E:\OOD\main\Progranja-master\Final\src\pkgfinal\Game.java,pkgfinal.Game,instructions/0,level2,16
E:\OOD\main\Progranja-master\Final\src\pkgfinal\Game.java,pkgfinal.Game,getPlayerY/0,cow,1
E:\OOD\main\Progranja-master\Final\src\pkgfinal\Game.java,pkgfinal.Game,getHeight/0,height,1
E:\OOD\main\Progranja-master\Final\src\pkgfinal\Game.java,pkgfinal.Game,setInstructions/1[int],instructions,4
E:\OOD\main\Progranja-master\Final\src\pkgfinal\Game.java,pkgfinal.Game,getMouseManager/0,mouseManager,1
E:\OOD\main\Progranja-master\Final\src\pkgfinal\Game.java,pkgfinal.Game,setShootShield/1[boolean],shootShield,2
E:\OOD\main\Progranja-master\Final\src\pkgfinal\Game.java,pkgfinal.Game,setShootShield/1[boolean],shootFire,2
E:\OOD\main\Progranja-master\Final\src\pkgfinal\Game.java,pkgfinal.Game,stop/0,running,2
E:\OOD\main\Progranja-master\Final\src\pkgfinal\Game.java,pkgfinal.Game,stop/0,thread,1
E:\OOD\main\Progranja-master\Final\src\pkgfinal\Game.java,pkgfinal.Game,initLevel/1[int],noLives,4
E:\OOD\main\Progranja-master\Final\src\pkgfinal\Game.java,pkgfinal.Game,initLevel/1[int],changeLevel,1
E:\OOD\main\Progranja-master\Final\src\pkgfinal\Game.java,pkgfinal.Game,initLevel/1[int],wolf,3
E:\OOD\main\Progranja-master\Final\src\pkgfinal\Game.java,pkgfinal.Game,initLevel/1[int],blocks,10
E:\OOD\main\Progranja-master\Final\src\pkgfinal\Game.java,pkgfinal.Game,initLevel/1[int],farm,9
E:\OOD\main\Progranja-master\Final\src\pkgfinal\Game.java,pkgfinal.Game,initLevel/1[int],cow,9
E:\OOD\main\Progranja-master\Final\src\pkgfinal\Game.java,pkgfinal.Game,initLevel/1[int],windows,2
E:\OOD\main\Progranja-master\Final\src\pkgfinal\Game.java,pkgfinal.Game,newInst/1[int],newInst,1
E:\OOD\main\Progranja-master\Final\src\pkgfinal\Game.java,pkgfinal.Game,newInst/1[int],instructions,1
E:\OOD\main\Progranja-master\Final\src\pkgfinal\Game.java,pkgfinal.Game,tick/0,level4,1
E:\OOD\main\Progranja-master\Final\src\pkgfinal\Game.java,pkgfinal.Game,tick/0,changeLevel,4
E:\OOD\main\Progranja-master\Final\src\pkgfinal\Game.java,pkgfinal.Game,tick/0,wolf,2
E:\OOD\main\Progranja-master\Final\src\pkgfinal\Game.java,pkgfinal.Game,tick/0,blocks,2
E:\OOD\main\Progranja-master\Final\src\pkgfinal\Game.java,pkgfinal.Game,tick/0,display,2
E:\OOD\main\Progranja-master\Final\src\pkgfinal\Game.java,pkgfinal.Game,tick/0,cow,28
E:\OOD\main\Progranja-master\Final\src\pkgfinal\Game.java,pkgfinal.Game,tick/0,run,8
E:\OOD\main\Progranja-master\Final\src\pkgfinal\Game.java,pkgfinal.Game,tick/0,windows,12
E:\OOD\main\Progranja-master\Final\src\pkgfinal\Game.java,pkgfinal.Game,tick/0,keyManager,1
E:\OOD\main\Progranja-master\Final\src\pkgfinal\Game.java,pkgfinal.Game,tick/0,help,15
E:\OOD\main\Progranja-master\Final\src\pkgfinal\Game.java,pkgfinal.Game,tick/0,noLives,8
E:\OOD\main\Progranja-master\Final\src\pkgfinal\Game.java,pkgfinal.Game,tick/0,loss,5
E:\OOD\main\Progranja-master\Final\src\pkgfinal\Game.java,pkgfinal.Game,tick/0,fire,3
E:\OOD\main\Progranja-master\Final\src\pkgfinal\Game.java,pkgfinal.Game,tick/0,farm,5
E:\OOD\main\Progranja-master\Final\src\pkgfinal\Game.java,pkgfinal.Game,tick/0,level1,1
E:\OOD\main\Progranja-master\Final\src\pkgfinal\Game.java,pkgfinal.Game,tick/0,win,5
E:\OOD\main\Progranja-master\Final\src\pkgfinal\Game.java,pkgfinal.Game,tick/0,level3,1
E:\OOD\main\Progranja-master\Final\src\pkgfinal\Game.java,pkgfinal.Game,tick/0,level2,1
E:\OOD\main\Progranja-master\Final\src\pkgfinal\Game.java,pkgfinal.Game,getInstructionAt/1[int],Instructions,1
E:\OOD\main\Progranja-master\Final\src\pkgfinal\Game.java,pkgfinal.Game,getShootShield/0,shootShield,1
E:\OOD\main\Progranja-master\Final\src\pkgfinal\Game.java,pkgfinal.Game,render/0,instructions,4
E:\OOD\main\Progranja-master\Final\src\pkgfinal\Game.java,pkgfinal.Game,render/0,Inst,12
E:\OOD\main\Progranja-master\Final\src\pkgfinal\Game.java,pkgfinal.Game,render/0,cow,4
E:\OOD\main\Progranja-master\Final\src\pkgfinal\Game.java,pkgfinal.Game,render/0,bs,12
E:\OOD\main\Progranja-master\Final\src\pkgfinal\Game.java,pkgfinal.Game,render/0,loss,6
E:\OOD\main\Progranja-master\Final\src\pkgfinal\Game.java,pkgfinal.Game,render/0,farm,4
E:\OOD\main\Progranja-master\Final\src\pkgfinal\Game.java,pkgfinal.Game,render/0,fire,1
E:\OOD\main\Progranja-master\Final\src\pkgfinal\Game.java,pkgfinal.Game,render/0,wood,5
E:\OOD\main\Progranja-master\Final\src\pkgfinal\Game.java,pkgfinal.Game,render/0,win,6
E:\OOD\main\Progranja-master\Final\src\pkgfinal\Game.java,pkgfinal.Game,render/0,height,5
E:\OOD\main\Progranja-master\Final\src\pkgfinal\Game.java,pkgfinal.Game,render/0,level5,7
E:\OOD\main\Progranja-master\Final\src\pkgfinal\Game.java,pkgfinal.Game,render/0,level4,7
E:\OOD\main\Progranja-master\Final\src\pkgfinal\Game.java,pkgfinal.Game,render/0,Ident,4
E:\OOD\main\Progranja-master\Final\src\pkgfinal\Game.java,pkgfinal.Game,render/0,lives,4
E:\OOD\main\Progranja-master\Final\src\pkgfinal\Game.java,pkgfinal.Game,render/0,changeLevel,6
E:\OOD\main\Progranja-master\Final\src\pkgfinal\Game.java,pkgfinal.Game,render/0,wolf,1
E:\OOD\main\Progranja-master\Final\src\pkgfinal\Game.java,pkgfinal.Game,render/0,blocks,8
E:\OOD\main\Progranja-master\Final\src\pkgfinal\Game.java,pkgfinal.Game,render/0,display,4
E:\OOD\main\Progranja-master\Final\src\pkgfinal\Game.java,pkgfinal.Game,render/0,g,62
E:\OOD\main\Progranja-master\Final\src\pkgfinal\Game.java,pkgfinal.Game,render/0,index,3
E:\OOD\main\Progranja-master\Final\src\pkgfinal\Game.java,pkgfinal.Game,render/0,windows,8
E:\OOD\main\Progranja-master\Final\src\pkgfinal\Game.java,pkgfinal.Game,render/0,help,4
E:\OOD\main\Progranja-master\Final\src\pkgfinal\Game.java,pkgfinal.Game,render/0,noLives,4
E:\OOD\main\Progranja-master\Final\src\pkgfinal\Game.java,pkgfinal.Game,render/0,width,5
E:\OOD\main\Progranja-master\Final\src\pkgfinal\Game.java,pkgfinal.Game,render/0,level1,7
E:\OOD\main\Progranja-master\Final\src\pkgfinal\Game.java,pkgfinal.Game,render/0,level3,7
E:\OOD\main\Progranja-master\Final\src\pkgfinal\Game.java,pkgfinal.Game,render/0,level2,7
E:\OOD\main\Progranja-master\Final\src\pkgfinal\Game.java,pkgfinal.Game,"Game/3[java.lang.String,int,int]",instructions,1
E:\OOD\main\Progranja-master\Final\src\pkgfinal\Game.java,pkgfinal.Game,"Game/3[java.lang.String,int,int]",Inst,1
E:\OOD\main\Progranja-master\Final\src\pkgfinal\Game.java,pkgfinal.Game,"Game/3[java.lang.String,int,int]",run,1
E:\OOD\main\Progranja-master\Final\src\pkgfinal\Game.java,pkgfinal.Game,"Game/3[java.lang.String,int,int]",turn,1
E:\OOD\main\Progranja-master\Final\src\pkgfinal\Game.java,pkgfinal.Game,"Game/3[java.lang.String,int,int]",title,4
E:\OOD\main\Progranja-master\Final\src\pkgfinal\Game.java,pkgfinal.Game,"Game/3[java.lang.String,int,int]",shootFire,1
E:\OOD\main\Progranja-master\Final\src\pkgfinal\Game.java,pkgfinal.Game,"Game/3[java.lang.String,int,int]",running,1
E:\OOD\main\Progranja-master\Final\src\pkgfinal\Game.java,pkgfinal.Game,"Game/3[java.lang.String,int,int]",loss,1
E:\OOD\main\Progranja-master\Final\src\pkgfinal\Game.java,pkgfinal.Game,"Game/3[java.lang.String,int,int]",loop,1
E:\OOD\main\Progranja-master\Final\src\pkgfinal\Game.java,pkgfinal.Game,"Game/3[java.lang.String,int,int]",gameStarted,1
E:\OOD\main\Progranja-master\Final\src\pkgfinal\Game.java,pkgfinal.Game,"Game/3[java.lang.String,int,int]",win,1
E:\OOD\main\Progranja-master\Final\src\pkgfinal\Game.java,pkgfinal.Game,"Game/3[java.lang.String,int,int]",height,4
E:\OOD\main\Progranja-master\Final\src\pkgfinal\Game.java,pkgfinal.Game,"Game/3[java.lang.String,int,int]",level5,1
E:\OOD\main\Progranja-master\Final\src\pkgfinal\Game.java,pkgfinal.Game,"Game/3[java.lang.String,int,int]",level4,1
E:\OOD\main\Progranja-master\Final\src\pkgfinal\Game.java,pkgfinal.Game,"Game/3[java.lang.String,int,int]",Ident,1
E:\OOD\main\Progranja-master\Final\src\pkgfinal\Game.java,pkgfinal.Game,"Game/3[java.lang.String,int,int]",lives,1
E:\OOD\main\Progranja-master\Final\src\pkgfinal\Game.java,pkgfinal.Game,"Game/3[java.lang.String,int,int]",blocks,1
E:\OOD\main\Progranja-master\Final\src\pkgfinal\Game.java,pkgfinal.Game,"Game/3[java.lang.String,int,int]",shootShield,1
E:\OOD\main\Progranja-master\Final\src\pkgfinal\Game.java,pkgfinal.Game,"Game/3[java.lang.String,int,int]",index,1
E:\OOD\main\Progranja-master\Final\src\pkgfinal\Game.java,pkgfinal.Game,"Game/3[java.lang.String,int,int]",Instructions,1
E:\OOD\main\Progranja-master\Final\src\pkgfinal\Game.java,pkgfinal.Game,"Game/3[java.lang.String,int,int]",windows,1
E:\OOD\main\Progranja-master\Final\src\pkgfinal\Game.java,pkgfinal.Game,"Game/3[java.lang.String,int,int]",keyManager,1
E:\OOD\main\Progranja-master\Final\src\pkgfinal\Game.java,pkgfinal.Game,"Game/3[java.lang.String,int,int]",newInst,1
E:\OOD\main\Progranja-master\Final\src\pkgfinal\Game.java,pkgfinal.Game,"Game/3[java.lang.String,int,int]",noLives,1
E:\OOD\main\Progranja-master\Final\src\pkgfinal\Game.java,pkgfinal.Game,"Game/3[java.lang.String,int,int]",width,4
E:\OOD\main\Progranja-master\Final\src\pkgfinal\Game.java,pkgfinal.Game,"Game/3[java.lang.String,int,int]",mouseManager,1
E:\OOD\main\Progranja-master\Final\src\pkgfinal\Game.java,pkgfinal.Game,"Game/3[java.lang.String,int,int]",level1,1
E:\OOD\main\Progranja-master\Final\src\pkgfinal\Game.java,pkgfinal.Game,"Game/3[java.lang.String,int,int]",level3,1
E:\OOD\main\Progranja-master\Final\src\pkgfinal\Game.java,pkgfinal.Game,"Game/3[java.lang.String,int,int]",level2,1
E:\OOD\main\Progranja-master\Final\src\pkgfinal\Game.java,pkgfinal.Game,run/0,running,1
E:\OOD\main\Progranja-master\Final\src\pkgfinal\Game.java,pkgfinal.Game,run/0,run,1
E:\OOD\main\Progranja-master\Final\src\pkgfinal\Game.java,pkgfinal.Game,getShootFire/0,shootFire,1
E:\OOD\main\Progranja-master\Final\src\pkgfinal\Game.java,pkgfinal.Game,setShootFire/1[boolean],shootFire,4
E:\OOD\main\Progranja-master\Final\src\pkgfinal\Game.java,pkgfinal.Game,start/0,running,2
E:\OOD\main\Progranja-master\Final\src\pkgfinal\Game.java,pkgfinal.Game,start/0,thread,2
E:\OOD\main\Progranja-master\Final\src\pkgfinal\Game.java,pkgfinal.Game,getPlayerX/0,cow,1
E:\OOD\main\Progranja-master\Final\src\pkgfinal\Game.java,pkgfinal.Game,getWidth/0,width,1
E:\OOD\main\Progranja-master\Final\src\pkgfinal\Game.java,pkgfinal.Game,setTitle/1[java.lang.String],title,4
E:\OOD\main\Progranja-master\Final\src\pkgfinal\Game.java,pkgfinal.Game,init/0,Ident,1
E:\OOD\main\Progranja-master\Final\src\pkgfinal\Game.java,pkgfinal.Game,init/0,lives,1
E:\OOD\main\Progranja-master\Final\src\pkgfinal\Game.java,pkgfinal.Game,init/0,Inst,1
E:\OOD\main\Progranja-master\Final\src\pkgfinal\Game.java,pkgfinal.Game,init/0,wolf,1
E:\OOD\main\Progranja-master\Final\src\pkgfinal\Game.java,pkgfinal.Game,init/0,blocks,6
E:\OOD\main\Progranja-master\Final\src\pkgfinal\Game.java,pkgfinal.Game,init/0,display,6
E:\OOD\main\Progranja-master\Final\src\pkgfinal\Game.java,pkgfinal.Game,init/0,cow,1
E:\OOD\main\Progranja-master\Final\src\pkgfinal\Game.java,pkgfinal.Game,init/0,title,1
E:\OOD\main\Progranja-master\Final\src\pkgfinal\Game.java,pkgfinal.Game,init/0,windows,1
E:\OOD\main\Progranja-master\Final\src\pkgfinal\Game.java,pkgfinal.Game,init/0,keyManager,1
E:\OOD\main\Progranja-master\Final\src\pkgfinal\Game.java,pkgfinal.Game,init/0,help,1
E:\OOD\main\Progranja-master\Final\src\pkgfinal\Game.java,pkgfinal.Game,init/0,noLives,1
E:\OOD\main\Progranja-master\Final\src\pkgfinal\Game.java,pkgfinal.Game,init/0,powerShield,1
E:\OOD\main\Progranja-master\Final\src\pkgfinal\Game.java,pkgfinal.Game,init/0,width,1
E:\OOD\main\Progranja-master\Final\src\pkgfinal\Game.java,pkgfinal.Game,init/0,farm,1
E:\OOD\main\Progranja-master\Final\src\pkgfinal\Game.java,pkgfinal.Game,init/0,fire,1
E:\OOD\main\Progranja-master\Final\src\pkgfinal\Game.java,pkgfinal.Game,init/0,wood,1
E:\OOD\main\Progranja-master\Final\src\pkgfinal\Game.java,pkgfinal.Game,init/0,mouseManager,4
E:\OOD\main\Progranja-master\Final\src\pkgfinal\Game.java,pkgfinal.Game,init/0,height,1
E:\OOD\main\Progranja-master\Final\src\pkgfinal\Game.java,pkgfinal.Game,clear/0,loss,1
E:\OOD\main\Progranja-master\Final\src\pkgfinal\Game.java,pkgfinal.Game,clear/0,Ident,1
E:\OOD\main\Progranja-master\Final\src\pkgfinal\Game.java,pkgfinal.Game,clear/0,Inst,2
E:\OOD\main\Progranja-master\Final\src\pkgfinal\Game.java,pkgfinal.Game,clear/0,index,1
E:\OOD\main\Progranja-master\Final\src\pkgfinal\Game.java,pkgfinal.Game,clear/0,Instructions,1
E:\OOD\main\Progranja-master\Final\src\pkgfinal\Game.java,pkgfinal.Game,clear/0,windows,2
E:\OOD\main\Progranja-master\Final\src\pkgfinal\Game.java,pkgfinal.Game,clear/0,win,1
E:\OOD\main\Progranja-master\Final\src\pkgfinal\Item.java,pkgfinal.Item,"Item/2[int,int]",x,4
E:\OOD\main\Progranja-master\Final\src\pkgfinal\Item.java,pkgfinal.Item,"Item/2[int,int]",y,4
E:\OOD\main\Progranja-master\Final\src\pkgfinal\Item.java,pkgfinal.Item,getY/0,y,1
E:\OOD\main\Progranja-master\Final\src\pkgfinal\Item.java,pkgfinal.Item,setX/1[int],x,4
E:\OOD\main\Progranja-master\Final\src\pkgfinal\Item.java,pkgfinal.Item,getX/0,x,1
E:\OOD\main\Progranja-master\Final\src\pkgfinal\Item.java,pkgfinal.Item,setY/1[int],y,4
E:\OOD\main\Progranja-master\Final\src\pkgfinal\SoundClip.java,pkgfinal.SoundClip,isLoaded/0,sample,1
E:\OOD\main\Progranja-master\Final\src\pkgfinal\SoundClip.java,pkgfinal.SoundClip,getFilename/0,filename,1
E:\OOD\main\Progranja-master\Final\src\pkgfinal\SoundClip.java,pkgfinal.SoundClip,SoundClip/0,clip,1
E:\OOD\main\Progranja-master\Final\src\pkgfinal\SoundClip.java,pkgfinal.SoundClip,stop/0,clip,1
E:\OOD\main\Progranja-master\Final\src\pkgfinal\SoundClip.java,pkgfinal.SoundClip,getClip/0,clip,1
E:\OOD\main\Progranja-master\Final\src\pkgfinal\SoundClip.java,pkgfinal.SoundClip,setLooping/1[boolean],looping,3
E:\OOD\main\Progranja-master\Final\src\pkgfinal\SoundClip.java,pkgfinal.SoundClip,getLooping/0,looping,1
E:\OOD\main\Progranja-master\Final\src\pkgfinal\SoundClip.java,pkgfinal.SoundClip,play/0,looping,1
E:\OOD\main\Progranja-master\Final\src\pkgfinal\SoundClip.java,pkgfinal.SoundClip,play/0,repeat,1
E:\OOD\main\Progranja-master\Final\src\pkgfinal\SoundClip.java,pkgfinal.SoundClip,play/0,clip,3
E:\OOD\main\Progranja-master\Final\src\pkgfinal\SoundClip.java,pkgfinal.SoundClip,getRepeat/0,repeat,1
E:\OOD\main\Progranja-master\Final\src\pkgfinal\SoundClip.java,pkgfinal.SoundClip,setRepeat/1[int],repeat,3
E:\OOD\main\Progranja-master\Final\src\pkgfinal\SoundClip.java,pkgfinal.SoundClip,getURL/1[java.lang.String],filename,4
E:\OOD\main\Progranja-master\Final\src\pkgfinal\SoundClip.java,pkgfinal.SoundClip,setFilename/1[java.lang.String],filename,3
E:\OOD\main\Progranja-master\Final\src\pkgfinal\SoundClip.java,pkgfinal.SoundClip,load/1[java.lang.String],filename,1
E:\OOD\main\Progranja-master\Final\src\pkgfinal\SoundClip.java,pkgfinal.SoundClip,load/1[java.lang.String],sample,2
E:\OOD\main\Progranja-master\Final\src\pkgfinal\SoundClip.java,pkgfinal.SoundClip,load/1[java.lang.String],clip,1
E:\OOD\main\Progranja-master\Final\src\pkgfinal\SoundClip.java,pkgfinal.SoundClip,SoundClip/1[java.lang.String],filename,3
E:\OOD\main\Progranja-master\Final\src\pkgfinal\Assets.java,pkgfinal.Assets,init/0,instrucciones,1
E:\OOD\main\Progranja-master\Final\src\pkgfinal\Assets.java,pkgfinal.Assets,init/0,play,1
E:\OOD\main\Progranja-master\Final\src\pkgfinal\Assets.java,pkgfinal.Assets,init/0,shield,1
E:\OOD\main\Progranja-master\Final\src\pkgfinal\Assets.java,pkgfinal.Assets,init/0,playerRight,2
E:\OOD\main\Progranja-master\Final\src\pkgfinal\Assets.java,pkgfinal.Assets,init/0,pasto,1
E:\OOD\main\Progranja-master\Final\src\pkgfinal\Assets.java,pkgfinal.Assets,init/0,playerDown,2
E:\OOD\main\Progranja-master\Final\src\pkgfinal\Assets.java,pkgfinal.Assets,init/0,instNivel1,1
E:\OOD\main\Progranja-master\Final\src\pkgfinal\Assets.java,pkgfinal.Assets,init/0,moo,1
E:\OOD\main\Progranja-master\Final\src\pkgfinal\Assets.java,pkgfinal.Assets,init/0,badDown,2
E:\OOD\main\Progranja-master\Final\src\pkgfinal\Assets.java,pkgfinal.Assets,init/0,instNivel2,1
E:\OOD\main\Progranja-master\Final\src\pkgfinal\Assets.java,pkgfinal.Assets,init/0,button,1
E:\OOD\main\Progranja-master\Final\src\pkgfinal\Assets.java,pkgfinal.Assets,init/0,badUp,2
E:\OOD\main\Progranja-master\Final\src\pkgfinal\Assets.java,pkgfinal.Assets,init/0,bar,1
E:\OOD\main\Progranja-master\Final\src\pkgfinal\Assets.java,pkgfinal.Assets,init/0,music,1
E:\OOD\main\Progranja-master\Final\src\pkgfinal\Assets.java,pkgfinal.Assets,init/0,hearth,1
E:\OOD\main\Progranja-master\Final\src\pkgfinal\Assets.java,pkgfinal.Assets,init/0,farm,1
E:\OOD\main\Progranja-master\Final\src\pkgfinal\Assets.java,pkgfinal.Assets,init/0,wood,1
E:\OOD\main\Progranja-master\Final\src\pkgfinal\Assets.java,pkgfinal.Assets,init/0,block,1
E:\OOD\main\Progranja-master\Final\src\pkgfinal\Assets.java,pkgfinal.Assets,init/0,win,1
E:\OOD\main\Progranja-master\Final\src\pkgfinal\Assets.java,pkgfinal.Assets,init/0,badRight,2
E:\OOD\main\Progranja-master\Final\src\pkgfinal\Assets.java,pkgfinal.Assets,init/0,fireball,1
E:\OOD\main\Progranja-master\Final\src\pkgfinal\Assets.java,pkgfinal.Assets,init/0,Badsprites,2
E:\OOD\main\Progranja-master\Final\src\pkgfinal\Assets.java,pkgfinal.Assets,init/0,playerUp,2
E:\OOD\main\Progranja-master\Final\src\pkgfinal\Assets.java,pkgfinal.Assets,init/0,playerLeft,2
E:\OOD\main\Progranja-master\Final\src\pkgfinal\Assets.java,pkgfinal.Assets,init/0,badLeft,2
E:\OOD\main\Progranja-master\Final\src\pkgfinal\Assets.java,pkgfinal.Assets,init/0,Playersprites,2
E:\OOD\main\Progranja-master\Final\src\pkgfinal\Assets.java,pkgfinal.Assets,init/0,lose,1
E:\OOD\main\Progranja-master\Final\src\pkgfinal\Assets.java,pkgfinal.Assets,init/0,clearGray,1
E:\OOD\main\Progranja-master\Final\src\pkgfinal\Assets.java,pkgfinal.Assets,init/0,winWin,1
E:\OOD\main\Progranja-master\Final\src\pkgfinal\Assets.java,pkgfinal.Assets,init/0,background,1
E:\OOD\main\Progranja-master\Final\src\pkgfinal\Button.java,pkgfinal.Button,getWidth/0,width,1
E:\OOD\main\Progranja-master\Final\src\pkgfinal\Button.java,pkgfinal.Button,setHeight/1[int],height,4
E:\OOD\main\Progranja-master\Final\src\pkgfinal\Button.java,pkgfinal.Button,"Button/5[int,int,int,int,pkgfinal.Game]",game,4
E:\OOD\main\Progranja-master\Final\src\pkgfinal\Button.java,pkgfinal.Button,"Button/5[int,int,int,int,pkgfinal.Game]",pressed,1
E:\OOD\main\Progranja-master\Final\src\pkgfinal\Button.java,pkgfinal.Button,"Button/5[int,int,int,int,pkgfinal.Game]",width,4
E:\OOD\main\Progranja-master\Final\src\pkgfinal\Button.java,pkgfinal.Button,"Button/5[int,int,int,int,pkgfinal.Game]",height,4
E:\OOD\main\Progranja-master\Final\src\pkgfinal\Button.java,pkgfinal.Button,setWidth/1[int],width,4
E:\OOD\main\Progranja-master\Final\src\pkgfinal\Button.java,pkgfinal.Button,tick/0,game,3
E:\OOD\main\Progranja-master\Final\src\pkgfinal\Button.java,pkgfinal.Button,getPressed/0,pressed,1
E:\OOD\main\Progranja-master\Final\src\pkgfinal\Button.java,pkgfinal.Button,getHeight/0,height,1
E:\OOD\main\Progranja-master\Final\src\pkgfinal\Button.java,pkgfinal.Button,setPressed/1[boolean],pressed,4
E:\OOD\main\Progranja-master\Final\src\pkgfinal\Casa.java,pkgfinal.Casa,getPrevY/0,prevY,1
E:\OOD\main\Progranja-master\Final\src\pkgfinal\Casa.java,pkgfinal.Casa,setWidth/1[int],width,4
E:\OOD\main\Progranja-master\Final\src\pkgfinal\Casa.java,pkgfinal.Casa,setPrevX/1[int],prevX,4
E:\OOD\main\Progranja-master\Final\src\pkgfinal\Casa.java,pkgfinal.Casa,"Casa/5[int,int,int,int,pkgfinal.Game]",game,4
E:\OOD\main\Progranja-master\Final\src\pkgfinal\Casa.java,pkgfinal.Casa,"Casa/5[int,int,int,int,pkgfinal.Game]",animationLeft,1
E:\OOD\main\Progranja-master\Final\src\pkgfinal\Casa.java,pkgfinal.Casa,"Casa/5[int,int,int,int,pkgfinal.Game]",width,4
E:\OOD\main\Progranja-master\Final\src\pkgfinal\Casa.java,pkgfinal.Casa,"Casa/5[int,int,int,int,pkgfinal.Game]",index,1
E:\OOD\main\Progranja-master\Final\src\pkgfinal\Casa.java,pkgfinal.Casa,"Casa/5[int,int,int,int,pkgfinal.Game]",prevY,1
E:\OOD\main\Progranja-master\Final\src\pkgfinal\Casa.java,pkgfinal.Casa,"Casa/5[int,int,int,int,pkgfinal.Game]",prevX,1
E:\OOD\main\Progranja-master\Final\src\pkgfinal\Casa.java,pkgfinal.Casa,"Casa/5[int,int,int,int,pkgfinal.Game]",animationRight,1
E:\OOD\main\Progranja-master\Final\src\pkgfinal\Casa.java,pkgfinal.Casa,"Casa/5[int,int,int,int,pkgfinal.Game]",animationDown,1
E:\OOD\main\Progranja-master\Final\src\pkgfinal\Casa.java,pkgfinal.Casa,"Casa/5[int,int,int,int,pkgfinal.Game]",animationUp,1
E:\OOD\main\Progranja-master\Final\src\pkgfinal\Casa.java,pkgfinal.Casa,"Casa/5[int,int,int,int,pkgfinal.Game]",height,4
E:\OOD\main\Progranja-master\Final\src\pkgfinal\Casa.java,pkgfinal.Casa,getWidth/0,width,1
E:\OOD\main\Progranja-master\Final\src\pkgfinal\Casa.java,pkgfinal.Casa,getHeight/0,height,1
E:\OOD\main\Progranja-master\Final\src\pkgfinal\Casa.java,pkgfinal.Casa,setHeight/1[int],height,4
E:\OOD\main\Progranja-master\Final\src\pkgfinal\Casa.java,pkgfinal.Casa,getPrevX/0,prevX,1
E:\OOD\main\Progranja-master\Final\src\pkgfinal\Casa.java,pkgfinal.Casa,setPrevY/1[int],prevY,4
E:\OOD\main\Progranja-master\Final\src\pkgfinal\Animation.java,pkgfinal.Animation,"Animation/2[java.awt.image.BufferedImage[],int]",lastTime,1
E:\OOD\main\Progranja-master\Final\src\pkgfinal\Animation.java,pkgfinal.Animation,"Animation/2[java.awt.image.BufferedImage[],int]",timer,1
E:\OOD\main\Progranja-master\Final\src\pkgfinal\Animation.java,pkgfinal.Animation,"Animation/2[java.awt.image.BufferedImage[],int]",frames,4
E:\OOD\main\Progranja-master\Final\src\pkgfinal\Animation.java,pkgfinal.Animation,"Animation/2[java.awt.image.BufferedImage[],int]",index,1
E:\OOD\main\Progranja-master\Final\src\pkgfinal\Animation.java,pkgfinal.Animation,"Animation/2[java.awt.image.BufferedImage[],int]",speed,4
E:\OOD\main\Progranja-master\Final\src\pkgfinal\Animation.java,pkgfinal.Animation,tick/0,lastTime,2
E:\OOD\main\Progranja-master\Final\src\pkgfinal\Animation.java,pkgfinal.Animation,tick/0,timer,3
E:\OOD\main\Progranja-master\Final\src\pkgfinal\Animation.java,pkgfinal.Animation,tick/0,index,3
E:\OOD\main\Progranja-master\Final\src\pkgfinal\Animation.java,pkgfinal.Animation,tick/0,speed,1
E:\OOD\main\Progranja-master\Final\src\pkgfinal\Animation.java,pkgfinal.Animation,getCurrentFrame/0,frames,1
E:\OOD\main\Progranja-master\Final\src\pkgfinal\Animation.java,pkgfinal.Animation,getCurrentFrame/0,index,1
E:\OOD\main\Progranja-master\Final\src\pkgfinal\Live.java,pkgfinal.Live,getHeight/0,height,1
E:\OOD\main\Progranja-master\Final\src\pkgfinal\Live.java,pkgfinal.Live,setWidth/1[int],width,4
E:\OOD\main\Progranja-master\Final\src\pkgfinal\Live.java,pkgfinal.Live,getWidth/0,width,1
E:\OOD\main\Progranja-master\Final\src\pkgfinal\Live.java,pkgfinal.Live,"Live/5[int,int,int,int,pkgfinal.Game]",game,4
E:\OOD\main\Progranja-master\Final\src\pkgfinal\Live.java,pkgfinal.Live,"Live/5[int,int,int,int,pkgfinal.Game]",width,4
E:\OOD\main\Progranja-master\Final\src\pkgfinal\Live.java,pkgfinal.Live,"Live/5[int,int,int,int,pkgfinal.Game]",height,4
E:\OOD\main\Progranja-master\Final\src\pkgfinal\Live.java,pkgfinal.Live,setHeight/1[int],height,4
E:\OOD\main\Progranja-master\Final\src\pkgfinal\SpriteSheet.java,pkgfinal.SpriteSheet,"crop/4[int,int,int,int]",sheet,1
E:\OOD\main\Progranja-master\Final\src\pkgfinal\SpriteSheet.java,pkgfinal.SpriteSheet,SpriteSheet/1[java.awt.image.BufferedImage],sheet,3
E:\OOD\main\Progranja-master\Final\src\pkgfinal\Instruction.java,pkgfinal.Instruction,getWidth/0,width,1
E:\OOD\main\Progranja-master\Final\src\pkgfinal\Instruction.java,pkgfinal.Instruction,tick/0,game,1
E:\OOD\main\Progranja-master\Final\src\pkgfinal\Instruction.java,pkgfinal.Instruction,setInstNo/1[int],instNo,4
E:\OOD\main\Progranja-master\Final\src\pkgfinal\Instruction.java,pkgfinal.Instruction,getHeight/0,height,1
E:\OOD\main\Progranja-master\Final\src\pkgfinal\Instruction.java,pkgfinal.Instruction,setHeight/1[int],height,4
E:\OOD\main\Progranja-master\Final\src\pkgfinal\Instruction.java,pkgfinal.Instruction,setVal/1[int],val,4
E:\OOD\main\Progranja-master\Final\src\pkgfinal\Instruction.java,pkgfinal.Instruction,getVal/0,val,1
E:\OOD\main\Progranja-master\Final\src\pkgfinal\Instruction.java,pkgfinal.Instruction,getInstNo/0,instNo,1
E:\OOD\main\Progranja-master\Final\src\pkgfinal\Instruction.java,pkgfinal.Instruction,setWidth/1[int],width,4
E:\OOD\main\Progranja-master\Final\src\pkgfinal\Instruction.java,pkgfinal.Instruction,render/1[java.awt.Graphics],val,1
E:\OOD\main\Progranja-master\Final\src\pkgfinal\Instruction.java,pkgfinal.Instruction,"Instruction/7[int,int,int,int,int,int,pkgfinal.Game]",val,3
E:\OOD\main\Progranja-master\Final\src\pkgfinal\Instruction.java,pkgfinal.Instruction,"Instruction/7[int,int,int,int,int,int,pkgfinal.Game]",game,4
E:\OOD\main\Progranja-master\Final\src\pkgfinal\Instruction.java,pkgfinal.Instruction,"Instruction/7[int,int,int,int,int,int,pkgfinal.Game]",instNo,3
E:\OOD\main\Progranja-master\Final\src\pkgfinal\Instruction.java,pkgfinal.Instruction,"Instruction/7[int,int,int,int,int,int,pkgfinal.Game]",width,4
E:\OOD\main\Progranja-master\Final\src\pkgfinal\Instruction.java,pkgfinal.Instruction,"Instruction/7[int,int,int,int,int,int,pkgfinal.Game]",height,4
E:\OOD\main\Progranja-master\Final\src\pkgfinal\Instruction.java,pkgfinal.Instruction,setPressed/1[boolean],val,1
E:\OOD\main\Progranja-master\Final\src\pkgfinal\Instruction.java,pkgfinal.Instruction,setPressed/1[boolean],game,1
E:\OOD\main\Progranja-master\Final\src\pkgfinal\Action.java,pkgfinal.Action,getPressed/0,pressed,1
E:\OOD\main\Progranja-master\Final\src\pkgfinal\Action.java,pkgfinal.Action,render/1[java.awt.Graphics],val,1
E:\OOD\main\Progranja-master\Final\src\pkgfinal\Action.java,pkgfinal.Action,getHeight/0,height,1
E:\OOD\main\Progranja-master\Final\src\pkgfinal\Action.java,pkgfinal.Action,getWidth/0,width,1
E:\OOD\main\Progranja-master\Final\src\pkgfinal\Action.java,pkgfinal.Action,setWidth/1[int],width,4
E:\OOD\main\Progranja-master\Final\src\pkgfinal\Action.java,pkgfinal.Action,setHeight/1[int],height,4
E:\OOD\main\Progranja-master\Final\src\pkgfinal\Action.java,pkgfinal.Action,getVal/0,val,1
E:\OOD\main\Progranja-master\Final\src\pkgfinal\Action.java,pkgfinal.Action,tick/0,game,3
E:\OOD\main\Progranja-master\Final\src\pkgfinal\Action.java,pkgfinal.Action,"Action/6[int,int,int,int,int,pkgfinal.Game]",val,3
E:\OOD\main\Progranja-master\Final\src\pkgfinal\Action.java,pkgfinal.Action,"Action/6[int,int,int,int,int,pkgfinal.Game]",game,4
E:\OOD\main\Progranja-master\Final\src\pkgfinal\Action.java,pkgfinal.Action,"Action/6[int,int,int,int,int,pkgfinal.Game]",pressed,1
E:\OOD\main\Progranja-master\Final\src\pkgfinal\Action.java,pkgfinal.Action,"Action/6[int,int,int,int,int,pkgfinal.Game]",width,4
E:\OOD\main\Progranja-master\Final\src\pkgfinal\Action.java,pkgfinal.Action,"Action/6[int,int,int,int,int,pkgfinal.Game]",height,4
E:\OOD\main\Progranja-master\Final\src\pkgfinal\Action.java,pkgfinal.Action,setPressed/1[boolean],pressed,4
E:\OOD\main\Progranja-master\Final\src\pkgfinal\Bad.java,pkgfinal.Bad,setFinish/1[boolean],finish,4
E:\OOD\main\Progranja-master\Final\src\pkgfinal\Bad.java,pkgfinal.Bad,getPrevY/0,prevY,1
E:\OOD\main\Progranja-master\Final\src\pkgfinal\Bad.java,pkgfinal.Bad,tick/0,game,4
E:\OOD\main\Progranja-master\Final\src\pkgfinal\Bad.java,pkgfinal.Bad,tick/0,delay,3
E:\OOD\main\Progranja-master\Final\src\pkgfinal\Bad.java,pkgfinal.Bad,tick/0,animationLeft,1
E:\OOD\main\Progranja-master\Final\src\pkgfinal\Bad.java,pkgfinal.Bad,tick/0,animationRight,1
E:\OOD\main\Progranja-master\Final\src\pkgfinal\Bad.java,pkgfinal.Bad,tick/0,animationDown,1
E:\OOD\main\Progranja-master\Final\src\pkgfinal\Bad.java,pkgfinal.Bad,tick/0,animationUp,1
E:\OOD\main\Progranja-master\Final\src\pkgfinal\Bad.java,pkgfinal.Bad,getWidth/0,width,1
E:\OOD\main\Progranja-master\Final\src\pkgfinal\Bad.java,pkgfinal.Bad,setHeight/1[int],height,4
E:\OOD\main\Progranja-master\Final\src\pkgfinal\Bad.java,pkgfinal.Bad,"Bad/5[int,int,int,int,pkgfinal.Game]",forInstructions,1
E:\OOD\main\Progranja-master\Final\src\pkgfinal\Bad.java,pkgfinal.Bad,"Bad/5[int,int,int,int,pkgfinal.Game]",game,4
E:\OOD\main\Progranja-master\Final\src\pkgfinal\Bad.java,pkgfinal.Bad,"Bad/5[int,int,int,int,pkgfinal.Game]",delay,1
E:\OOD\main\Progranja-master\Final\src\pkgfinal\Bad.java,pkgfinal.Bad,"Bad/5[int,int,int,int,pkgfinal.Game]",animationLeft,1
E:\OOD\main\Progranja-master\Final\src\pkgfinal\Bad.java,pkgfinal.Bad,"Bad/5[int,int,int,int,pkgfinal.Game]",width,4
E:\OOD\main\Progranja-master\Final\src\pkgfinal\Bad.java,pkgfinal.Bad,"Bad/5[int,int,int,int,pkgfinal.Game]",prevY,1
E:\OOD\main\Progranja-master\Final\src\pkgfinal\Bad.java,pkgfinal.Bad,"Bad/5[int,int,int,int,pkgfinal.Game]",prevX,1
E:\OOD\main\Progranja-master\Final\src\pkgfinal\Bad.java,pkgfinal.Bad,"Bad/5[int,int,int,int,pkgfinal.Game]",animationRight,1
E:\OOD\main\Progranja-master\Final\src\pkgfinal\Bad.java,pkgfinal.Bad,"Bad/5[int,int,int,int,pkgfinal.Game]",animationDown,1
E:\OOD\main\Progranja-master\Final\src\pkgfinal\Bad.java,pkgfinal.Bad,"Bad/5[int,int,int,int,pkgfinal.Game]",animationUp,1
E:\OOD\main\Progranja-master\Final\src\pkgfinal\Bad.java,pkgfinal.Bad,"Bad/5[int,int,int,int,pkgfinal.Game]",height,4
E:\OOD\main\Progranja-master\Final\src\pkgfinal\Bad.java,pkgfinal.Bad,"Bad/5[int,int,int,int,pkgfinal.Game]",direction,1
E:\OOD\main\Progranja-master\Final\src\pkgfinal\Bad.java,pkgfinal.Bad,setPrevY/1[int],prevY,4
E:\OOD\main\Progranja-master\Final\src\pkgfinal\Bad.java,pkgfinal.Bad,render/1[java.awt.Graphics],animationLeft,1
E:\OOD\main\Progranja-master\Final\src\pkgfinal\Bad.java,pkgfinal.Bad,render/1[java.awt.Graphics],animationRight,1
E:\OOD\main\Progranja-master\Final\src\pkgfinal\Bad.java,pkgfinal.Bad,render/1[java.awt.Graphics],animationDown,1
E:\OOD\main\Progranja-master\Final\src\pkgfinal\Bad.java,pkgfinal.Bad,render/1[java.awt.Graphics],animationUp,1
E:\OOD\main\Progranja-master\Final\src\pkgfinal\Bad.java,pkgfinal.Bad,setPrevX/1[int],prevX,4
E:\OOD\main\Progranja-master\Final\src\pkgfinal\Bad.java,pkgfinal.Bad,getHeight/0,height,1
E:\OOD\main\Progranja-master\Final\src\pkgfinal\Bad.java,pkgfinal.Bad,getPrevX/0,prevX,1
E:\OOD\main\Progranja-master\Final\src\pkgfinal\Bad.java,pkgfinal.Bad,getFinish/0,finish,1
E:\OOD\main\Progranja-master\Final\src\pkgfinal\Bad.java,pkgfinal.Bad,setWidth/1[int],width,4
E:\OOD\main\Progranja-master\Final\src\pkgfinal\Bad.java,pkgfinal.Bad,getDirection/0,direction,1
E:\OOD\main\Progranja-master\Final\src\pkgfinal\Bad.java,pkgfinal.Bad,setDirection/1[int],direction,4
E:\OOD\main\Progranja-master\Final\src\pkgfinal\Power.java,pkgfinal.Power,getWidth/0,width,1
E:\OOD\main\Progranja-master\Final\src\pkgfinal\Power.java,pkgfinal.Power,setHeight/1[int],height,4
E:\OOD\main\Progranja-master\Final\src\pkgfinal\Power.java,pkgfinal.Power,tick/0,game,2
E:\OOD\main\Progranja-master\Final\src\pkgfinal\Power.java,pkgfinal.Power,tick/0,index,3
E:\OOD\main\Progranja-master\Final\src\pkgfinal\Power.java,pkgfinal.Power,setWidth/1[int],width,4
E:\OOD\main\Progranja-master\Final\src\pkgfinal\Power.java,pkgfinal.Power,getHeight/0,height,1
E:\OOD\main\Progranja-master\Final\src\pkgfinal\Power.java,pkgfinal.Power,"Power/5[int,int,int,int,pkgfinal.Game]",game,4
E:\OOD\main\Progranja-master\Final\src\pkgfinal\Power.java,pkgfinal.Power,"Power/5[int,int,int,int,pkgfinal.Game]",width,4
E:\OOD\main\Progranja-master\Final\src\pkgfinal\Power.java,pkgfinal.Power,"Power/5[int,int,int,int,pkgfinal.Game]",index,1
E:\OOD\main\Progranja-master\Final\src\pkgfinal\Power.java,pkgfinal.Power,"Power/5[int,int,int,int,pkgfinal.Game]",height,4
E:\OOD\main\Progranja-master\Final\src\pkgfinal\Power.java,pkgfinal.Power,getPowerType/0,powerType,1
E:\OOD\main\Progranja-master\Final\src\pkgfinal\Bar.java,pkgfinal.Bar,getHeight/0,height,1
E:\OOD\main\Progranja-master\Final\src\pkgfinal\Bar.java,pkgfinal.Bar,setHeight/1[int],height,4
E:\OOD\main\Progranja-master\Final\src\pkgfinal\Bar.java,pkgfinal.Bar,"Bar/5[int,int,int,int,pkgfinal.Game]",game,4
E:\OOD\main\Progranja-master\Final\src\pkgfinal\Bar.java,pkgfinal.Bar,"Bar/5[int,int,int,int,pkgfinal.Game]",width,4
E:\OOD\main\Progranja-master\Final\src\pkgfinal\Bar.java,pkgfinal.Bar,"Bar/5[int,int,int,int,pkgfinal.Game]",speed,1
E:\OOD\main\Progranja-master\Final\src\pkgfinal\Bar.java,pkgfinal.Bar,"Bar/5[int,int,int,int,pkgfinal.Game]",direction,3
E:\OOD\main\Progranja-master\Final\src\pkgfinal\Bar.java,pkgfinal.Bar,"Bar/5[int,int,int,int,pkgfinal.Game]",height,4
E:\OOD\main\Progranja-master\Final\src\pkgfinal\Bar.java,pkgfinal.Bar,getWidth/0,width,1
E:\OOD\main\Progranja-master\Final\src\pkgfinal\Bar.java,pkgfinal.Bar,getDirection/0,direction,1
E:\OOD\main\Progranja-master\Final\src\pkgfinal\Bar.java,pkgfinal.Bar,setDirection/1[int],direction,4
E:\OOD\main\Progranja-master\Final\src\pkgfinal\Bar.java,pkgfinal.Bar,setWidth/1[int],width,4
E:\OOD\main\Progranja-master\Final\src\pkgfinal\MouseManager.java,pkgfinal.MouseManager,setIzquierdo/1[boolean],izquierdo,3
E:\OOD\main\Progranja-master\Final\src\pkgfinal\MouseManager.java,pkgfinal.MouseManager,mouseReleased/1[java.awt.event.MouseEvent],izquierdo,1
E:\OOD\main\Progranja-master\Final\src\pkgfinal\MouseManager.java,pkgfinal.MouseManager,mouseReleased/1[java.awt.event.MouseEvent],x,1
E:\OOD\main\Progranja-master\Final\src\pkgfinal\MouseManager.java,pkgfinal.MouseManager,mouseReleased/1[java.awt.event.MouseEvent],y,1
E:\OOD\main\Progranja-master\Final\src\pkgfinal\MouseManager.java,pkgfinal.MouseManager,isDerecho/0,derecho,1
E:\OOD\main\Progranja-master\Final\src\pkgfinal\MouseManager.java,pkgfinal.MouseManager,MouseManager/0,izquierdo,1
E:\OOD\main\Progranja-master\Final\src\pkgfinal\MouseManager.java,pkgfinal.MouseManager,MouseManager/0,derecho,1
E:\OOD\main\Progranja-master\Final\src\pkgfinal\MouseManager.java,pkgfinal.MouseManager,isIzquierdo/0,izquierdo,1
E:\OOD\main\Progranja-master\Final\src\pkgfinal\MouseManager.java,pkgfinal.MouseManager,getY/0,y,1
E:\OOD\main\Progranja-master\Final\src\pkgfinal\MouseManager.java,pkgfinal.MouseManager,mouseDragged/1[java.awt.event.MouseEvent],izquierdo,1
E:\OOD\main\Progranja-master\Final\src\pkgfinal\MouseManager.java,pkgfinal.MouseManager,mouseDragged/1[java.awt.event.MouseEvent],x,1
E:\OOD\main\Progranja-master\Final\src\pkgfinal\MouseManager.java,pkgfinal.MouseManager,mouseDragged/1[java.awt.event.MouseEvent],y,1
E:\OOD\main\Progranja-master\Final\src\pkgfinal\MouseManager.java,pkgfinal.MouseManager,getX/0,x,1
E:\OOD\main\Progranja-master\Final\src\pkgfinal\Player.java,pkgfinal.Player,getPrevX/0,prevX,1
E:\OOD\main\Progranja-master\Final\src\pkgfinal\Player.java,pkgfinal.Player,setWidth/1[int],width,4
E:\OOD\main\Progranja-master\Final\src\pkgfinal\Player.java,pkgfinal.Player,tick/0,game,9
E:\OOD\main\Progranja-master\Final\src\pkgfinal\Player.java,pkgfinal.Player,tick/0,forStart,11
E:\OOD\main\Progranja-master\Final\src\pkgfinal\Player.java,pkgfinal.Player,tick/0,forIndex,3
E:\OOD\main\Progranja-master\Final\src\pkgfinal\Player.java,pkgfinal.Player,tick/0,animationLeft,1
E:\OOD\main\Progranja-master\Final\src\pkgfinal\Player.java,pkgfinal.Player,tick/0,forLimit,11
E:\OOD\main\Progranja-master\Final\src\pkgfinal\Player.java,pkgfinal.Player,tick/0,index,16
E:\OOD\main\Progranja-master\Final\src\pkgfinal\Player.java,pkgfinal.Player,tick/0,animationRight,1
E:\OOD\main\Progranja-master\Final\src\pkgfinal\Player.java,pkgfinal.Player,tick/0,finish,1
E:\OOD\main\Progranja-master\Final\src\pkgfinal\Player.java,pkgfinal.Player,tick/0,counter,3
E:\OOD\main\Progranja-master\Final\src\pkgfinal\Player.java,pkgfinal.Player,tick/0,animationDown,1
E:\OOD\main\Progranja-master\Final\src\pkgfinal\Player.java,pkgfinal.Player,tick/0,smallIndex,3
E:\OOD\main\Progranja-master\Final\src\pkgfinal\Player.java,pkgfinal.Player,tick/0,animationUp,1
E:\OOD\main\Progranja-master\Final\src\pkgfinal\Player.java,pkgfinal.Player,getPrevY/0,prevY,1
E:\OOD\main\Progranja-master\Final\src\pkgfinal\Player.java,pkgfinal.Player,render/1[java.awt.Graphics],animationLeft,1
E:\OOD\main\Progranja-master\Final\src\pkgfinal\Player.java,pkgfinal.Player,render/1[java.awt.Graphics],animationRight,1
E:\OOD\main\Progranja-master\Final\src\pkgfinal\Player.java,pkgfinal.Player,render/1[java.awt.Graphics],animationDown,1
E:\OOD\main\Progranja-master\Final\src\pkgfinal\Player.java,pkgfinal.Player,render/1[java.awt.Graphics],animationUp,1
E:\OOD\main\Progranja-master\Final\src\pkgfinal\Player.java,pkgfinal.Player,setPrevX/1[int],prevX,4
E:\OOD\main\Progranja-master\Final\src\pkgfinal\Player.java,pkgfinal.Player,getDirection/0,direction,1
E:\OOD\main\Progranja-master\Final\src\pkgfinal\Player.java,pkgfinal.Player,"Player/6[int,int,int,int,int,pkgfinal.Game]",game,4
E:\OOD\main\Progranja-master\Final\src\pkgfinal\Player.java,pkgfinal.Player,"Player/6[int,int,int,int,int,pkgfinal.Game]",forStart,1
E:\OOD\main\Progranja-master\Final\src\pkgfinal\Player.java,pkgfinal.Player,"Player/6[int,int,int,int,int,pkgfinal.Game]",forIndex,1
E:\OOD\main\Progranja-master\Final\src\pkgfinal\Player.java,pkgfinal.Player,"Player/6[int,int,int,int,int,pkgfinal.Game]",animationLeft,1
E:\OOD\main\Progranja-master\Final\src\pkgfinal\Player.java,pkgfinal.Player,"Player/6[int,int,int,int,int,pkgfinal.Game]",index,1
E:\OOD\main\Progranja-master\Final\src\pkgfinal\Player.java,pkgfinal.Player,"Player/6[int,int,int,int,int,pkgfinal.Game]",counter,1
E:\OOD\main\Progranja-master\Final\src\pkgfinal\Player.java,pkgfinal.Player,"Player/6[int,int,int,int,int,pkgfinal.Game]",animationDown,1
E:\OOD\main\Progranja-master\Final\src\pkgfinal\Player.java,pkgfinal.Player,"Player/6[int,int,int,int,int,pkgfinal.Game]",animationUp,1
E:\OOD\main\Progranja-master\Final\src\pkgfinal\Player.java,pkgfinal.Player,"Player/6[int,int,int,int,int,pkgfinal.Game]",forInstructions,1
E:\OOD\main\Progranja-master\Final\src\pkgfinal\Player.java,pkgfinal.Player,"Player/6[int,int,int,int,int,pkgfinal.Game]",width,4
E:\OOD\main\Progranja-master\Final\src\pkgfinal\Player.java,pkgfinal.Player,"Player/6[int,int,int,int,int,pkgfinal.Game]",prevY,1
E:\OOD\main\Progranja-master\Final\src\pkgfinal\Player.java,pkgfinal.Player,"Player/6[int,int,int,int,int,pkgfinal.Game]",prevX,1
E:\OOD\main\Progranja-master\Final\src\pkgfinal\Player.java,pkgfinal.Player,"Player/6[int,int,int,int,int,pkgfinal.Game]",animationRight,1
E:\OOD\main\Progranja-master\Final\src\pkgfinal\Player.java,pkgfinal.Player,"Player/6[int,int,int,int,int,pkgfinal.Game]",smallIndex,1
E:\OOD\main\Progranja-master\Final\src\pkgfinal\Player.java,pkgfinal.Player,"Player/6[int,int,int,int,int,pkgfinal.Game]",height,4
E:\OOD\main\Progranja-master\Final\src\pkgfinal\Player.java,pkgfinal.Player,"Player/6[int,int,int,int,int,pkgfinal.Game]",direction,1
E:\OOD\main\Progranja-master\Final\src\pkgfinal\Player.java,pkgfinal.Player,getFinish/0,finish,1
E:\OOD\main\Progranja-master\Final\src\pkgfinal\Player.java,pkgfinal.Player,setFinish/1[boolean],finish,4
E:\OOD\main\Progranja-master\Final\src\pkgfinal\Player.java,pkgfinal.Player,setPrevY/1[int],prevY,4
E:\OOD\main\Progranja-master\Final\src\pkgfinal\Player.java,pkgfinal.Player,getHeight/0,height,1
E:\OOD\main\Progranja-master\Final\src\pkgfinal\Player.java,pkgfinal.Player,setHeight/1[int],height,4
E:\OOD\main\Progranja-master\Final\src\pkgfinal\Player.java,pkgfinal.Player,setDirection/1[int],direction,3
E:\OOD\main\Progranja-master\Final\src\pkgfinal\Player.java,pkgfinal.Player,getWidth/0,width,1
E:\OOD\main\Progranja-master\Final\src\pkgfinal\Block.java,pkgfinal.Block,"Block/5[int,int,int,int,pkgfinal.Game]",game,4
E:\OOD\main\Progranja-master\Final\src\pkgfinal\Block.java,pkgfinal.Block,"Block/5[int,int,int,int,pkgfinal.Game]",width,4
E:\OOD\main\Progranja-master\Final\src\pkgfinal\Block.java,pkgfinal.Block,"Block/5[int,int,int,int,pkgfinal.Game]",height,4
E:\OOD\main\Progranja-master\Final\src\pkgfinal\Block.java,pkgfinal.Block,getHeight/0,height,1
E:\OOD\main\Progranja-master\Final\src\pkgfinal\Block.java,pkgfinal.Block,getWidth/0,width,1
E:\OOD\main\Progranja-master\Final\src\pkgfinal\Block.java,pkgfinal.Block,setWidth/1[int],width,4
E:\OOD\main\Progranja-master\Final\src\pkgfinal\Block.java,pkgfinal.Block,setHeight/1[int],height,4
E:\OOD\main\Progranja-master\Final\src\pkgfinal\KeyManager.java,pkgfinal.KeyManager,tick/0,p,1
E:\OOD\main\Progranja-master\Final\src\pkgfinal\KeyManager.java,pkgfinal.KeyManager,tick/0,left,1
E:\OOD\main\Progranja-master\Final\src\pkgfinal\KeyManager.java,pkgfinal.KeyManager,tick/0,keys,6
E:\OOD\main\Progranja-master\Final\src\pkgfinal\KeyManager.java,pkgfinal.KeyManager,tick/0,up,1
E:\OOD\main\Progranja-master\Final\src\pkgfinal\KeyManager.java,pkgfinal.KeyManager,tick/0,right,1
E:\OOD\main\Progranja-master\Final\src\pkgfinal\KeyManager.java,pkgfinal.KeyManager,tick/0,enter,1
E:\OOD\main\Progranja-master\Final\src\pkgfinal\KeyManager.java,pkgfinal.KeyManager,tick/0,down,1
E:\OOD\main\Progranja-master\Final\src\pkgfinal\KeyManager.java,pkgfinal.KeyManager,KeyManager/0,keys,1
E:\OOD\main\Progranja-master\Final\src\pkgfinal\KeyManager.java,pkgfinal.KeyManager,keyPressed/1[java.awt.event.KeyEvent],keys,1
E:\OOD\main\Progranja-master\Final\src\pkgfinal\KeyManager.java,pkgfinal.KeyManager,keyReleased/1[java.awt.event.KeyEvent],keys,1
E:\OOD\main\Progranja-master\Final\src\pkgfinal\Window.java,pkgfinal.Window,setPressed/1[boolean],pressed,4
E:\OOD\main\Progranja-master\Final\src\pkgfinal\Window.java,pkgfinal.Window,tick/0,game,3
E:\OOD\main\Progranja-master\Final\src\pkgfinal\Window.java,pkgfinal.Window,getWidth/0,width,1
E:\OOD\main\Progranja-master\Final\src\pkgfinal\Window.java,pkgfinal.Window,getType/0,type,1
E:\OOD\main\Progranja-master\Final\src\pkgfinal\Window.java,pkgfinal.Window,setHeight/1[int],height,4
E:\OOD\main\Progranja-master\Final\src\pkgfinal\Window.java,pkgfinal.Window,getPressed/0,pressed,1
E:\OOD\main\Progranja-master\Final\src\pkgfinal\Window.java,pkgfinal.Window,getHeight/0,height,1
E:\OOD\main\Progranja-master\Final\src\pkgfinal\Window.java,pkgfinal.Window,setWidth/1[int],width,4
E:\OOD\main\Progranja-master\Final\src\pkgfinal\Window.java,pkgfinal.Window,render/1[java.awt.Graphics],type,1
E:\OOD\main\Progranja-master\Final\src\pkgfinal\Window.java,pkgfinal.Window,"Window/6[int,int,int,int,int,pkgfinal.Game]",game,4
E:\OOD\main\Progranja-master\Final\src\pkgfinal\Window.java,pkgfinal.Window,"Window/6[int,int,int,int,int,pkgfinal.Game]",pressed,1
E:\OOD\main\Progranja-master\Final\src\pkgfinal\Window.java,pkgfinal.Window,"Window/6[int,int,int,int,int,pkgfinal.Game]",width,4
E:\OOD\main\Progranja-master\Final\src\pkgfinal\Window.java,pkgfinal.Window,"Window/6[int,int,int,int,int,pkgfinal.Game]",type,3
E:\OOD\main\Progranja-master\Final\src\pkgfinal\Window.java,pkgfinal.Window,"Window/6[int,int,int,int,int,pkgfinal.Game]",height,4
E:\OOD\main\Progranja-master\Final\src\pkgfinal\SpreadSheet.java,pkgfinal.SpreadSheet,SpreadSheet/1[java.awt.image.BufferedImage],sheet,3
E:\OOD\main\Progranja-master\Final\src\pkgfinal\SpreadSheet.java,pkgfinal.SpreadSheet,"crop/4[int,int,int,int]",sheet,1
