file,class,method,constructor,line,cbo,cboModified,fanin,fanout,wmc,rfc,loc,returnsQty,variablesQty,parametersQty,methodsInvokedQty,methodsInvokedLocalQty,methodsInvokedIndirectLocalQty,loopQty,comparisonsQty,tryCatchQty,parenthesizedExpsQty,stringLiteralsQty,numbersQty,assignmentsQty,mathOperationsQty,maxNestedBlocksQty,anonymousClassesQty,innerClassesQty,lambdasQty,uniqueWordsQty,modifiers,logStatementsQty,hasJavaDoc
E:\OOD\main\Progranja-master\Final\src\pkgfinal\Display.java,pkgfinal.Display,setTitle/1[java.lang.String],false,56,0,0,0,0,1,0,3,0,0,1,0,0,0,0,0,0,0,0,0,1,0,0,0,0,0,5,1,0,true
E:\OOD\main\Progranja-master\Final\src\pkgfinal\Display.java,pkgfinal.Display,setEnter/1[boolean],false,72,0,1,1,0,1,0,3,0,0,1,0,0,0,0,0,0,0,0,0,1,0,0,0,0,0,7,1,0,true
E:\OOD\main\Progranja-master\Final\src\pkgfinal\Display.java,pkgfinal.Display,getInstruction/0,false,96,0,2,2,0,1,0,3,1,0,0,0,0,0,0,0,0,0,0,0,0,0,0,0,0,0,7,1,0,true
E:\OOD\main\Progranja-master\Final\src\pkgfinal\Display.java,pkgfinal.Display,getStart/0,false,64,0,0,0,0,1,0,3,1,0,0,0,0,0,0,0,0,0,0,0,0,0,0,0,0,0,7,1,0,true
E:\OOD\main\Progranja-master\Final\src\pkgfinal\Display.java,pkgfinal.Display,createDisplay/0,false,142,0,2,1,1,1,12,28,0,2,0,12,0,0,0,0,0,0,1,8,4,0,0,1,0,0,32,1,0,true
E:\OOD\main\Progranja-master\Final\src\pkgfinal\Display.java,pkgfinal.Display,"Display/3[java.lang.String,int,int]",true,41,1,2,1,1,1,1,10,0,0,3,1,1,1,0,0,0,0,1,0,7,0,0,0,0,0,16,1,0,true
E:\OOD\main\Progranja-master\Final\src\pkgfinal\Display.java,pkgfinal.Display,initTextField/0,false,203,0,1,1,0,1,2,5,0,1,0,2,0,0,0,0,0,0,0,4,1,0,0,0,0,0,5,1,0,false
E:\OOD\main\Progranja-master\Final\src\pkgfinal\Display.java,pkgfinal.Display,getJframe/0,false,191,0,1,1,0,1,0,3,1,0,0,0,0,0,0,0,0,0,0,0,0,0,0,0,0,0,9,1,0,true
E:\OOD\main\Progranja-master\Final\src\pkgfinal\Display.java,pkgfinal.Display,getCanvas/0,false,199,0,2,2,0,1,0,3,1,0,0,0,0,0,0,0,0,0,0,0,0,0,0,0,0,0,7,1,0,true
E:\OOD\main\Progranja-master\Final\src\pkgfinal\Display.java,pkgfinal.Display,tick/0,false,116,0,1,1,0,2,0,5,0,0,0,0,0,0,0,0,0,0,0,0,1,0,1,0,0,0,3,1,0,false
E:\OOD\main\Progranja-master\Final\src\pkgfinal\Display.java,pkgfinal.Display,setInstruction/1[java.lang.String],false,135,0,0,0,0,1,0,3,0,0,1,0,0,0,0,0,0,0,0,0,1,0,0,0,0,0,5,1,0,true
E:\OOD\main\Progranja-master\Final\src\pkgfinal\Display.java,pkgfinal.Display,setNewInstruction/1[boolean],false,127,0,0,0,0,1,0,3,0,0,1,0,0,0,0,0,0,0,0,0,1,0,0,0,0,0,6,1,0,true
E:\OOD\main\Progranja-master\Final\src\pkgfinal\Display.java,pkgfinal.Display,getNewInstruction/0,false,80,0,2,2,0,2,0,9,2,0,0,0,0,0,0,0,0,0,0,0,1,0,1,0,0,0,11,1,0,true
E:\OOD\main\Progranja-master\Final\src\pkgfinal\Display.java,pkgfinal.Display,setStart/1[boolean],false,104,1,1,0,1,3,1,9,0,1,1,1,1,1,0,1,0,0,0,0,2,0,2,0,0,0,11,1,0,true
E:\OOD\main\Progranja-master\Final\src\pkgfinal\ImageLoader.java,pkgfinal.ImageLoader,loadImage/1[java.lang.String],false,25,1,1,1,0,2,5,11,1,1,1,5,0,0,0,0,1,0,1,1,2,1,1,0,0,0,23,9,0,true
E:\OOD\main\Progranja-master\Final\src\pkgfinal\Game.java,pkgfinal.Game,getInstructions/0,false,132,0,2,2,0,1,1,3,1,0,0,1,0,0,0,0,0,0,0,0,0,0,0,0,0,0,6,1,0,true
E:\OOD\main\Progranja-master\Final\src\pkgfinal\Game.java,pkgfinal.Game,getKeyManager/0,false,348,1,1,1,0,1,0,3,1,0,0,0,0,0,0,0,0,0,0,0,0,0,0,0,0,0,8,1,0,true
E:\OOD\main\Progranja-master\Final\src\pkgfinal\Game.java,pkgfinal.Game,instructions/0,false,752,2,4,1,3,74,8,242,0,1,0,8,1,1,0,0,0,0,59,24,134,0,3,0,0,0,40,2,0,true
E:\OOD\main\Progranja-master\Final\src\pkgfinal\Game.java,pkgfinal.Game,getPlayerY/0,false,204,1,2,1,1,1,1,3,1,0,0,1,0,0,0,0,0,0,0,0,0,0,0,0,0,0,9,1,0,true
E:\OOD\main\Progranja-master\Final\src\pkgfinal\Game.java,pkgfinal.Game,getHeight/0,false,115,0,0,0,0,1,0,3,1,0,0,0,0,0,0,0,0,0,0,0,0,0,0,0,0,0,12,1,0,true
E:\OOD\main\Progranja-master\Final\src\pkgfinal\Game.java,pkgfinal.Game,setInstructions/1[int],false,156,0,0,0,0,1,0,3,0,0,1,0,0,0,0,0,0,0,0,0,1,0,0,0,0,0,6,1,0,true
E:\OOD\main\Progranja-master\Final\src\pkgfinal\Game.java,pkgfinal.Game,getMouseManager/0,false,356,1,4,4,0,1,0,3,1,0,0,0,0,0,0,0,0,0,0,0,0,0,0,0,0,0,7,1,0,true
E:\OOD\main\Progranja-master\Final\src\pkgfinal\Game.java,pkgfinal.Game,setShootShield/1[boolean],false,180,0,1,1,0,1,0,3,0,0,1,0,0,0,0,0,0,0,0,0,1,0,0,0,0,0,10,1,0,true
E:\OOD\main\Progranja-master\Final\src\pkgfinal\Game.java,pkgfinal.Game,stop/0,false,1342,0,1,1,0,3,2,11,0,0,0,2,0,0,0,0,1,0,0,0,1,0,2,0,0,0,9,33,0,true
E:\OOD\main\Progranja-master\Final\src\pkgfinal\Game.java,pkgfinal.Game,initLevel/1[int],false,360,3,3,1,2,14,5,87,0,11,1,5,0,0,8,0,0,0,0,65,17,12,2,0,0,0,12,2,0,false
E:\OOD\main\Progranja-master\Final\src\pkgfinal\Game.java,pkgfinal.Game,newInst/1[int],false,188,0,1,1,0,1,0,3,0,0,1,0,0,0,0,0,0,0,0,0,0,0,0,0,0,0,7,1,0,true
E:\OOD\main\Progranja-master\Final\src\pkgfinal\Game.java,pkgfinal.Game,tick/0,false,496,12,30,1,29,41,32,187,0,11,0,32,4,1,1,0,0,0,0,53,26,0,3,0,0,0,39,2,0,true
E:\OOD\main\Progranja-master\Final\src\pkgfinal\Game.java,pkgfinal.Game,getInstructionAt/1[int],false,124,0,2,2,0,1,1,3,1,0,1,1,0,0,0,0,0,0,0,0,0,0,0,0,0,0,9,1,0,true
E:\OOD\main\Progranja-master\Final\src\pkgfinal\Game.java,pkgfinal.Game,getShootShield/0,false,148,0,1,1,0,1,0,3,1,0,0,0,0,0,0,0,0,0,0,0,0,0,0,0,0,0,8,1,0,true
E:\OOD\main\Progranja-master\Final\src\pkgfinal\Game.java,pkgfinal.Game,render/0,false,1039,11,16,1,15,42,34,223,0,39,0,34,3,2,17,1,0,4,24,52,93,14,4,0,0,0,35,2,0,false
E:\OOD\main\Progranja-master\Final\src\pkgfinal\Game.java,pkgfinal.Game,"Game/3[java.lang.String,int,int]",true,68,5,3,1,2,1,0,31,0,0,3,0,0,0,0,0,0,0,0,4,29,0,0,0,0,0,29,1,0,true
E:\OOD\main\Progranja-master\Final\src\pkgfinal\Game.java,pkgfinal.Game,run/0,false,313,1,4,0,4,3,5,19,0,5,0,5,4,4,1,0,0,1,0,4,7,3,2,0,0,0,13,1,0,false
E:\OOD\main\Progranja-master\Final\src\pkgfinal\Game.java,pkgfinal.Game,getShootFire/0,false,140,0,2,2,0,1,0,3,1,0,0,0,0,0,0,0,0,0,0,0,0,0,0,0,0,0,9,1,0,true
E:\OOD\main\Progranja-master\Final\src\pkgfinal\Game.java,pkgfinal.Game,setShootFire/1[boolean],false,172,0,2,2,0,1,0,3,0,0,1,0,0,0,0,0,0,0,0,0,1,0,0,0,0,0,10,1,0,true
E:\OOD\main\Progranja-master\Final\src\pkgfinal\Game.java,pkgfinal.Game,start/0,false,1331,0,1,1,0,2,1,7,0,0,0,1,0,0,0,0,0,0,0,0,2,0,1,0,0,0,8,33,0,true
E:\OOD\main\Progranja-master\Final\src\pkgfinal\Game.java,pkgfinal.Game,getPlayerX/0,false,196,1,2,1,1,1,1,3,1,0,0,1,0,0,0,0,0,0,0,0,0,0,0,0,0,0,9,1,0,true
E:\OOD\main\Progranja-master\Final\src\pkgfinal\Game.java,pkgfinal.Game,getWidth/0,false,106,0,0,0,0,1,0,3,1,0,0,0,0,0,0,0,0,0,0,0,0,0,0,0,0,0,12,1,0,true
E:\OOD\main\Progranja-master\Final\src\pkgfinal\Game.java,pkgfinal.Game,setTitle/1[java.lang.String],false,164,0,0,0,0,1,0,3,0,0,1,0,0,0,0,0,0,0,0,0,1,0,0,0,0,0,7,1,0,true
E:\OOD\main\Progranja-master\Final\src\pkgfinal\Game.java,pkgfinal.Game,init/0,false,232,12,15,1,14,10,12,45,0,9,0,12,0,0,9,0,0,0,1,86,17,15,1,0,0,0,32,2,0,true
E:\OOD\main\Progranja-master\Final\src\pkgfinal\Game.java,pkgfinal.Game,clear/0,false,211,2,4,3,1,3,7,14,0,3,0,7,0,0,2,0,0,0,1,4,6,0,1,0,0,0,11,1,0,true
E:\OOD\main\Progranja-master\Final\src\pkgfinal\Item.java,pkgfinal.Item,"Item/2[int,int]",true,24,0,0,0,0,1,0,4,0,0,2,0,0,0,0,0,0,0,0,0,2,0,0,0,0,0,14,1,0,true
E:\OOD\main\Progranja-master\Final\src\pkgfinal\Item.java,pkgfinal.Item,getY/0,false,41,0,25,25,0,1,0,3,1,0,0,0,0,0,0,0,0,0,0,0,0,0,0,0,0,0,5,1,0,true
E:\OOD\main\Progranja-master\Final\src\pkgfinal\Item.java,pkgfinal.Item,render/1[java.awt.Graphics],false,66,0,0,0,0,1,0,1,0,0,1,0,0,0,0,0,0,0,0,0,0,0,0,0,0,0,10,1025,0,true
E:\OOD\main\Progranja-master\Final\src\pkgfinal\Item.java,pkgfinal.Item,setX/1[int],false,49,0,6,6,0,1,0,3,0,0,1,0,0,0,0,0,0,0,0,0,1,0,0,0,0,0,7,1,0,true
E:\OOD\main\Progranja-master\Final\src\pkgfinal\Item.java,pkgfinal.Item,tick/0,false,61,0,0,0,0,1,0,1,0,0,0,0,0,0,0,0,0,0,0,0,0,0,0,0,0,0,8,1025,0,true
E:\OOD\main\Progranja-master\Final\src\pkgfinal\Item.java,pkgfinal.Item,getX/0,false,33,0,25,25,0,1,0,3,1,0,0,0,0,0,0,0,0,0,0,0,0,0,0,0,0,0,5,1,0,true
E:\OOD\main\Progranja-master\Final\src\pkgfinal\Item.java,pkgfinal.Item,setY/1[int],false,57,0,5,5,0,1,0,3,0,0,1,0,0,0,0,0,0,0,0,0,1,0,0,0,0,0,7,1,0,true
E:\OOD\main\Progranja-master\Final\src\pkgfinal\SoundClip.java,pkgfinal.SoundClip,isLoaded/0,false,110,0,1,1,0,2,0,3,1,0,0,0,0,0,0,1,0,1,0,0,0,0,0,0,0,0,17,1,0,true
E:\OOD\main\Progranja-master\Final\src\pkgfinal\SoundClip.java,pkgfinal.SoundClip,getFilename/0,false,102,0,0,0,0,1,0,3,1,0,0,0,0,0,0,0,0,0,0,0,0,0,0,0,0,0,15,1,0,true
E:\OOD\main\Progranja-master\Final\src\pkgfinal\SoundClip.java,pkgfinal.SoundClip,SoundClip/0,true,30,0,0,0,0,2,1,7,0,0,0,1,0,0,0,0,1,0,0,0,1,0,1,0,0,0,8,1,0,true
E:\OOD\main\Progranja-master\Final\src\pkgfinal\SoundClip.java,pkgfinal.SoundClip,stop/0,false,169,0,0,0,0,1,1,3,0,0,0,1,0,0,0,0,0,0,0,0,0,0,0,0,0,0,5,1,0,true
E:\OOD\main\Progranja-master\Final\src\pkgfinal\SoundClip.java,pkgfinal.SoundClip,getClip/0,false,54,0,0,0,0,1,0,3,1,0,0,0,0,0,0,0,0,0,0,0,0,0,0,0,0,0,13,1,0,true
E:\OOD\main\Progranja-master\Final\src\pkgfinal\SoundClip.java,pkgfinal.SoundClip,setLooping/1[boolean],false,62,0,0,0,0,1,0,3,0,0,1,0,0,0,0,0,0,0,0,0,1,0,0,0,0,0,17,1,0,true
E:\OOD\main\Progranja-master\Final\src\pkgfinal\SoundClip.java,pkgfinal.SoundClip,getLooping/0,false,70,0,0,0,0,1,0,3,1,0,0,0,0,0,0,0,0,0,0,0,0,0,0,0,0,0,17,1,0,true
E:\OOD\main\Progranja-master\Final\src\pkgfinal\SoundClip.java,pkgfinal.SoundClip,play/0,false,152,1,3,2,1,3,3,6,1,0,0,3,1,1,0,0,0,0,0,1,0,0,1,0,0,0,9,1,0,true
E:\OOD\main\Progranja-master\Final\src\pkgfinal\SoundClip.java,pkgfinal.SoundClip,getRepeat/0,false,86,0,0,0,0,1,0,3,1,0,0,0,0,0,0,0,0,0,0,0,0,0,0,0,0,0,15,1,0,true
E:\OOD\main\Progranja-master\Final\src\pkgfinal\SoundClip.java,pkgfinal.SoundClip,setRepeat/1[int],false,78,0,0,0,0,1,0,3,0,0,1,0,0,0,0,0,0,0,0,0,1,0,0,0,0,0,16,1,0,true
E:\OOD\main\Progranja-master\Final\src\pkgfinal\SoundClip.java,pkgfinal.SoundClip,getURL/1[java.lang.String],false,118,0,1,1,0,2,3,10,1,1,1,3,0,0,0,0,1,0,2,0,2,1,1,0,0,0,23,2,0,true
E:\OOD\main\Progranja-master\Final\src\pkgfinal\SoundClip.java,pkgfinal.SoundClip,setFilename/1[java.lang.String],false,94,0,1,1,0,1,0,3,0,0,1,0,0,0,0,0,0,0,0,0,1,0,0,0,0,0,16,1,0,true
E:\OOD\main\Progranja-master\Final\src\pkgfinal\SoundClip.java,pkgfinal.SoundClip,load/1[java.lang.String],false,133,1,3,1,2,4,4,17,4,0,1,4,2,1,0,0,1,0,0,0,1,0,1,0,0,0,33,1,0,true
E:\OOD\main\Progranja-master\Final\src\pkgfinal\SoundClip.java,pkgfinal.SoundClip,SoundClip/1[java.lang.String],true,43,1,2,1,1,1,1,4,0,0,1,1,1,2,0,0,0,0,0,0,0,0,0,0,0,0,18,1,0,true
E:\OOD\main\Progranja-master\Final\src\pkgfinal\Assets.java,pkgfinal.Assets,init/0,false,53,3,5,1,4,3,2,46,0,4,0,2,0,0,2,0,0,0,22,44,42,8,1,0,0,0,45,9,0,true
E:\OOD\main\Progranja-master\Final\src\pkgfinal\Button.java,pkgfinal.Button,getWidth/0,false,43,0,2,2,0,1,0,3,1,0,0,0,0,0,0,0,0,0,0,0,0,0,0,0,0,0,10,1,0,true
E:\OOD\main\Progranja-master\Final\src\pkgfinal\Button.java,pkgfinal.Button,setHeight/1[int],false,75,0,0,0,0,1,0,3,0,0,1,0,0,0,0,0,0,0,0,0,1,0,0,0,0,0,5,1,0,true
E:\OOD\main\Progranja-master\Final\src\pkgfinal\Button.java,pkgfinal.Button,"Button/5[int,int,int,int,pkgfinal.Game]",true,31,1,1,1,0,1,0,7,0,0,5,0,0,0,0,0,0,0,0,0,4,0,0,0,0,0,9,1,0,true
E:\OOD\main\Progranja-master\Final\src\pkgfinal\Button.java,pkgfinal.Button,render/1[java.awt.Graphics],false,113,2,5,1,4,1,5,3,0,0,1,5,2,1,0,0,0,0,0,0,0,0,0,0,0,0,7,1,0,true
E:\OOD\main\Progranja-master\Final\src\pkgfinal\Button.java,pkgfinal.Button,setWidth/1[int],false,67,0,0,0,0,1,0,3,0,0,1,0,0,0,0,0,0,0,0,0,1,0,0,0,0,0,5,1,0,true
E:\OOD\main\Progranja-master\Final\src\pkgfinal\Button.java,pkgfinal.Button,tick/0,false,100,3,7,1,6,3,7,8,0,0,0,7,2,2,0,0,0,0,0,0,0,0,1,0,0,0,11,1,0,true
E:\OOD\main\Progranja-master\Final\src\pkgfinal\Button.java,pkgfinal.Button,getPressed/0,false,59,0,1,1,0,1,0,3,1,0,0,0,0,0,0,0,0,0,0,0,0,0,0,0,0,0,7,1,0,true
E:\OOD\main\Progranja-master\Final\src\pkgfinal\Button.java,pkgfinal.Button,getHeight/0,false,51,0,2,2,0,1,0,3,1,0,0,0,0,0,0,0,0,0,0,0,0,0,0,0,0,0,9,1,0,true
E:\OOD\main\Progranja-master\Final\src\pkgfinal\Button.java,pkgfinal.Button,setPressed/1[boolean],false,83,0,2,2,0,1,0,3,0,0,1,0,0,0,0,0,0,0,0,0,1,0,0,0,0,0,8,1,0,true
E:\OOD\main\Progranja-master\Final\src\pkgfinal\Button.java,pkgfinal.Button,getPerimetro/0,false,92,2,5,1,4,1,4,3,1,0,0,4,2,1,0,0,0,0,0,0,0,0,0,0,0,0,19,1,0,true
E:\OOD\main\Progranja-master\Final\src\pkgfinal\Casa.java,pkgfinal.Casa,getPrevY/0,false,81,0,0,0,0,1,0,3,1,0,0,0,0,0,0,0,0,0,0,0,0,0,0,0,0,0,10,1,0,true
E:\OOD\main\Progranja-master\Final\src\pkgfinal\Casa.java,pkgfinal.Casa,setWidth/1[int],false,89,0,0,0,0,1,0,3,0,0,1,0,0,0,0,0,0,0,0,0,1,0,0,0,0,0,5,1,0,true
E:\OOD\main\Progranja-master\Final\src\pkgfinal\Casa.java,pkgfinal.Casa,getPerimetro/0,false,129,2,5,1,4,1,4,3,1,0,0,4,2,1,0,0,0,0,0,2,0,2,0,0,0,0,9,1,0,true
E:\OOD\main\Progranja-master\Final\src\pkgfinal\Casa.java,pkgfinal.Casa,intersecta/1[java.lang.Object],false,138,2,3,1,2,1,3,3,1,0,1,3,1,2,0,0,0,1,0,0,0,0,0,0,0,0,11,1,0,true
E:\OOD\main\Progranja-master\Final\src\pkgfinal\Casa.java,pkgfinal.Casa,setPrevX/1[int],false,105,0,0,0,0,1,0,3,0,0,1,0,0,0,0,0,0,0,0,0,1,0,0,0,0,0,10,1,0,true
E:\OOD\main\Progranja-master\Final\src\pkgfinal\Casa.java,pkgfinal.Casa,"Casa/5[int,int,int,int,pkgfinal.Game]",true,36,2,2,1,1,1,0,13,0,0,5,0,0,0,0,0,0,0,0,5,10,0,0,0,0,0,9,1,0,true
E:\OOD\main\Progranja-master\Final\src\pkgfinal\Casa.java,pkgfinal.Casa,getWidth/0,false,55,0,2,2,0,1,0,3,1,0,0,0,0,0,0,0,0,0,0,0,0,0,0,0,0,0,10,1,0,true
E:\OOD\main\Progranja-master\Final\src\pkgfinal\Casa.java,pkgfinal.Casa,render/1[java.awt.Graphics],false,147,2,5,1,4,1,5,3,0,0,1,5,2,1,0,0,0,0,0,0,0,0,0,0,0,0,7,1,0,true
E:\OOD\main\Progranja-master\Final\src\pkgfinal\Casa.java,pkgfinal.Casa,getHeight/0,false,63,0,2,2,0,1,0,3,1,0,0,0,0,0,0,0,0,0,0,0,0,0,0,0,0,0,9,1,0,true
E:\OOD\main\Progranja-master\Final\src\pkgfinal\Casa.java,pkgfinal.Casa,tick/0,false,121,0,0,0,0,1,0,2,0,0,0,0,0,0,0,0,0,0,0,0,0,0,0,0,0,0,5,1,0,true
E:\OOD\main\Progranja-master\Final\src\pkgfinal\Casa.java,pkgfinal.Casa,setHeight/1[int],false,97,0,0,0,0,1,0,3,0,0,1,0,0,0,0,0,0,0,0,0,1,0,0,0,0,0,5,1,0,true
E:\OOD\main\Progranja-master\Final\src\pkgfinal\Casa.java,pkgfinal.Casa,getPrevX/0,false,73,0,0,0,0,1,0,3,1,0,0,0,0,0,0,0,0,0,0,0,0,0,0,0,0,0,10,1,0,true
E:\OOD\main\Progranja-master\Final\src\pkgfinal\Casa.java,pkgfinal.Casa,setPrevY/1[int],false,113,0,0,0,0,1,0,3,0,0,1,0,0,0,0,0,0,0,0,0,1,0,0,0,0,0,10,1,0,true
E:\OOD\main\Progranja-master\Final\src\pkgfinal\Animation.java,pkgfinal.Animation,"Animation/2[java.awt.image.BufferedImage[],int]",true,26,0,3,3,0,1,1,7,0,0,2,1,0,0,0,0,0,0,0,2,5,0,0,0,0,0,21,1,0,true
E:\OOD\main\Progranja-master\Final\src\pkgfinal\Animation.java,pkgfinal.Animation,tick/0,false,45,0,2,2,0,3,1,11,0,0,0,1,0,0,0,0,0,0,0,2,4,1,2,0,0,0,16,1,0,true
E:\OOD\main\Progranja-master\Final\src\pkgfinal\Animation.java,pkgfinal.Animation,getCurrentFrame/0,false,38,0,2,2,0,1,0,3,1,0,0,0,0,0,0,0,0,0,0,0,0,0,0,0,0,0,13,1,0,true
E:\OOD\main\Progranja-master\Final\src\pkgfinal\Live.java,pkgfinal.Live,getHeight/0,false,47,0,1,1,0,1,0,3,1,0,0,0,0,0,0,0,0,0,0,0,0,0,0,0,0,0,9,1,0,true
E:\OOD\main\Progranja-master\Final\src\pkgfinal\Live.java,pkgfinal.Live,setWidth/1[int],false,55,0,0,0,0,1,0,3,0,0,1,0,0,0,0,0,0,0,0,0,1,0,0,0,0,0,5,1,0,true
E:\OOD\main\Progranja-master\Final\src\pkgfinal\Live.java,pkgfinal.Live,getWidth/0,false,39,0,1,1,0,1,0,3,1,0,0,0,0,0,0,0,0,0,0,0,0,0,0,0,0,0,10,1,0,true
E:\OOD\main\Progranja-master\Final\src\pkgfinal\Live.java,pkgfinal.Live,render/1[java.awt.Graphics],false,79,2,5,1,4,1,5,3,0,0,1,5,2,1,0,0,0,0,0,0,0,0,0,0,0,0,7,1,0,true
E:\OOD\main\Progranja-master\Final\src\pkgfinal\Live.java,pkgfinal.Live,"Live/5[int,int,int,int,pkgfinal.Game]",true,28,1,1,1,0,1,0,6,0,0,5,0,0,0,0,0,0,0,0,0,3,0,0,0,0,0,8,1,0,true
E:\OOD\main\Progranja-master\Final\src\pkgfinal\Live.java,pkgfinal.Live,setHeight/1[int],false,63,0,0,0,0,1,0,3,0,0,1,0,0,0,0,0,0,0,0,0,1,0,0,0,0,0,5,1,0,true
E:\OOD\main\Progranja-master\Final\src\pkgfinal\Live.java,pkgfinal.Live,tick/0,false,71,0,0,0,0,1,0,2,0,0,0,0,0,0,0,0,0,0,0,0,0,0,0,0,0,0,5,1,0,true
E:\OOD\main\Progranja-master\Final\src\pkgfinal\SpriteSheet.java,pkgfinal.SpriteSheet,"crop/4[int,int,int,int]",false,32,0,0,0,0,1,1,3,1,0,4,1,0,0,0,0,0,0,0,0,0,0,0,0,0,0,19,1,0,true
E:\OOD\main\Progranja-master\Final\src\pkgfinal\SpriteSheet.java,pkgfinal.SpriteSheet,SpriteSheet/1[java.awt.image.BufferedImage],true,21,0,0,0,0,1,0,3,0,0,1,0,0,0,0,0,0,0,0,0,1,0,0,0,0,0,11,1,0,true
E:\OOD\main\Progranja-master\Final\src\pkgfinal\Instruction.java,pkgfinal.Instruction,getWidth/0,false,43,0,1,1,0,1,0,3,1,0,0,0,0,0,0,0,0,0,0,0,0,0,0,0,0,0,10,1,0,true
E:\OOD\main\Progranja-master\Final\src\pkgfinal\Instruction.java,pkgfinal.Instruction,tick/0,false,115,3,3,0,3,2,3,5,0,0,0,3,1,1,0,0,0,0,0,0,0,0,1,0,0,0,8,1,0,true
E:\OOD\main\Progranja-master\Final\src\pkgfinal\Instruction.java,pkgfinal.Instruction,setInstNo/1[int],false,91,0,0,0,0,1,0,3,0,0,1,0,0,0,0,0,0,0,0,0,1,0,0,0,0,0,10,1,0,true
E:\OOD\main\Progranja-master\Final\src\pkgfinal\Instruction.java,pkgfinal.Instruction,getHeight/0,false,51,0,1,1,0,1,0,3,1,0,0,0,0,0,0,0,0,0,0,0,0,0,0,0,0,0,9,1,0,true
E:\OOD\main\Progranja-master\Final\src\pkgfinal\Instruction.java,pkgfinal.Instruction,setHeight/1[int],false,83,0,0,0,0,1,0,3,0,0,1,0,0,0,0,0,0,0,0,0,1,0,0,0,0,0,5,1,0,true
E:\OOD\main\Progranja-master\Final\src\pkgfinal\Instruction.java,pkgfinal.Instruction,setVal/1[int],false,99,0,0,0,0,1,0,3,0,0,1,0,0,0,0,0,0,0,0,0,1,0,0,0,0,0,8,1,0,true
E:\OOD\main\Progranja-master\Final\src\pkgfinal\Instruction.java,pkgfinal.Instruction,getVal/0,false,59,0,0,0,0,1,0,3,1,0,0,0,0,0,0,0,0,0,0,0,0,0,0,0,0,0,8,1,0,true
E:\OOD\main\Progranja-master\Final\src\pkgfinal\Instruction.java,pkgfinal.Instruction,getInstNo/0,false,67,0,0,0,0,1,0,3,1,0,0,0,0,0,0,0,0,0,0,0,0,0,0,0,0,0,9,1,0,true
E:\OOD\main\Progranja-master\Final\src\pkgfinal\Instruction.java,pkgfinal.Instruction,setWidth/1[int],false,75,0,0,0,0,1,0,3,0,0,1,0,0,0,0,0,0,0,0,0,1,0,0,0,0,0,5,1,0,true
E:\OOD\main\Progranja-master\Final\src\pkgfinal\Instruction.java,pkgfinal.Instruction,render/1[java.awt.Graphics],false,126,2,4,0,4,7,5,18,0,0,1,5,2,1,0,0,0,0,0,6,0,0,1,0,0,0,8,1,0,true
E:\OOD\main\Progranja-master\Final\src\pkgfinal\Instruction.java,pkgfinal.Instruction,"Instruction/7[int,int,int,int,int,int,pkgfinal.Game]",true,30,1,0,0,0,1,0,8,0,0,7,0,0,0,0,0,0,0,0,0,5,0,0,0,0,0,11,1,0,true
E:\OOD\main\Progranja-master\Final\src\pkgfinal\Instruction.java,pkgfinal.Instruction,setPressed/1[boolean],false,107,1,2,1,1,1,1,3,0,0,1,1,0,0,0,0,0,0,0,0,0,0,0,0,0,0,9,1,0,true
E:\OOD\main\Progranja-master\Final\src\pkgfinal\Action.java,pkgfinal.Action,getPressed/0,false,68,0,0,0,0,1,0,3,1,0,0,0,0,0,0,0,0,0,0,0,0,0,0,0,0,0,7,1,0,true
E:\OOD\main\Progranja-master\Final\src\pkgfinal\Action.java,pkgfinal.Action,getPerimetro/0,false,100,2,5,1,4,1,4,3,1,0,0,4,2,1,0,0,0,0,0,0,0,0,0,0,0,0,19,1,0,true
E:\OOD\main\Progranja-master\Final\src\pkgfinal\Action.java,pkgfinal.Action,render/1[java.awt.Graphics],false,119,2,4,0,4,8,5,21,0,0,1,5,2,1,0,0,0,0,0,7,0,0,1,0,0,0,8,1,0,true
E:\OOD\main\Progranja-master\Final\src\pkgfinal\Action.java,pkgfinal.Action,getHeight/0,false,52,0,2,2,0,1,0,3,1,0,0,0,0,0,0,0,0,0,0,0,0,0,0,0,0,0,9,1,0,true
E:\OOD\main\Progranja-master\Final\src\pkgfinal\Action.java,pkgfinal.Action,getWidth/0,false,44,0,2,2,0,1,0,3,1,0,0,0,0,0,0,0,0,0,0,0,0,0,0,0,0,0,10,1,0,true
E:\OOD\main\Progranja-master\Final\src\pkgfinal\Action.java,pkgfinal.Action,setWidth/1[int],false,76,0,0,0,0,1,0,3,0,0,1,0,0,0,0,0,0,0,0,0,1,0,0,0,0,0,5,1,0,true
E:\OOD\main\Progranja-master\Final\src\pkgfinal\Action.java,pkgfinal.Action,setHeight/1[int],false,84,0,0,0,0,1,0,3,0,0,1,0,0,0,0,0,0,0,0,0,1,0,0,0,0,0,5,1,0,true
E:\OOD\main\Progranja-master\Final\src\pkgfinal\Action.java,pkgfinal.Action,getVal/0,false,60,0,0,0,0,1,0,3,1,0,0,0,0,0,0,0,0,0,0,0,0,0,0,0,0,0,8,1,0,true
E:\OOD\main\Progranja-master\Final\src\pkgfinal\Action.java,pkgfinal.Action,tick/0,false,108,3,6,0,6,3,7,5,0,0,0,7,2,2,0,0,0,0,0,0,0,0,1,0,0,0,10,1,0,true
E:\OOD\main\Progranja-master\Final\src\pkgfinal\Action.java,pkgfinal.Action,"Action/6[int,int,int,int,int,pkgfinal.Game]",true,31,1,0,0,0,1,0,8,0,0,6,0,0,0,0,0,0,0,0,0,5,0,0,0,0,0,11,1,0,true
E:\OOD\main\Progranja-master\Final\src\pkgfinal\Action.java,pkgfinal.Action,setPressed/1[boolean],false,92,0,1,1,0,1,0,3,0,0,1,0,0,0,0,0,0,0,0,0,1,0,0,0,0,0,8,1,0,true
E:\OOD\main\Progranja-master\Final\src\pkgfinal\Bad.java,pkgfinal.Bad,setFinish/1[boolean],false,100,0,0,0,0,1,0,3,0,0,1,0,0,0,0,0,0,0,0,0,1,0,0,0,0,0,5,1,0,true
E:\OOD\main\Progranja-master\Final\src\pkgfinal\Bad.java,pkgfinal.Bad,getPrevY/0,false,84,0,0,0,0,1,0,3,1,0,0,0,0,0,0,0,0,0,0,0,0,0,0,0,0,0,10,1,0,true
E:\OOD\main\Progranja-master\Final\src\pkgfinal\Bad.java,pkgfinal.Bad,getPerimetro/0,false,196,2,5,1,4,1,4,3,1,0,0,4,2,1,0,0,0,0,0,2,0,2,0,0,0,0,9,1,0,true
E:\OOD\main\Progranja-master\Final\src\pkgfinal\Bad.java,pkgfinal.Bad,tick/0,false,158,4,9,1,8,6,8,26,0,0,0,8,1,1,0,0,0,0,0,14,1,8,2,0,0,0,28,1,0,true
E:\OOD\main\Progranja-master\Final\src\pkgfinal\Bad.java,pkgfinal.Bad,getWidth/0,false,60,0,2,2,0,1,0,3,1,0,0,0,0,0,0,0,0,0,0,0,0,0,0,0,0,0,10,1,0,true
E:\OOD\main\Progranja-master\Final\src\pkgfinal\Bad.java,pkgfinal.Bad,setHeight/1[int],false,116,0,0,0,0,1,0,3,0,0,1,0,0,0,0,0,0,0,0,0,1,0,0,0,0,0,5,1,0,true
E:\OOD\main\Progranja-master\Final\src\pkgfinal\Bad.java,pkgfinal.Bad,"Bad/5[int,int,int,int,pkgfinal.Game]",true,40,2,2,1,1,1,0,15,0,0,5,0,0,0,0,0,0,0,0,6,12,0,0,0,0,0,11,1,0,true
E:\OOD\main\Progranja-master\Final\src\pkgfinal\Bad.java,pkgfinal.Bad,intersecta/1[java.lang.Object],false,205,2,3,1,2,1,3,3,1,0,1,3,1,2,0,0,0,1,0,0,0,0,0,0,0,0,11,1,0,true
E:\OOD\main\Progranja-master\Final\src\pkgfinal\Bad.java,pkgfinal.Bad,setPrevY/1[int],false,132,0,0,0,0,1,0,3,0,0,1,0,0,0,0,0,0,0,0,0,1,0,0,0,0,0,10,1,0,true
E:\OOD\main\Progranja-master\Final\src\pkgfinal\Bad.java,pkgfinal.Bad,render/1[java.awt.Graphics],false,215,3,7,1,6,5,7,14,0,0,1,7,3,1,0,4,0,0,0,4,0,0,1,0,0,0,9,1,0,true
E:\OOD\main\Progranja-master\Final\src\pkgfinal\Bad.java,pkgfinal.Bad,setPrevX/1[int],false,124,0,0,0,0,1,0,3,0,0,1,0,0,0,0,0,0,0,0,0,1,0,0,0,0,0,10,1,0,true
E:\OOD\main\Progranja-master\Final\src\pkgfinal\Bad.java,pkgfinal.Bad,getHeight/0,false,68,0,2,2,0,1,0,3,1,0,0,0,0,0,0,0,0,0,0,0,0,0,0,0,0,0,9,1,0,true
E:\OOD\main\Progranja-master\Final\src\pkgfinal\Bad.java,pkgfinal.Bad,getPrevX/0,false,76,0,0,0,0,1,0,3,1,0,0,0,0,0,0,0,0,0,0,0,0,0,0,0,0,0,10,1,0,true
E:\OOD\main\Progranja-master\Final\src\pkgfinal\Bad.java,pkgfinal.Bad,getFinish/0,false,92,0,0,0,0,1,0,3,1,0,0,0,0,0,0,0,0,0,0,0,0,0,0,0,0,0,12,1,0,true
E:\OOD\main\Progranja-master\Final\src\pkgfinal\Bad.java,pkgfinal.Bad,setWidth/1[int],false,108,0,0,0,0,1,0,3,0,0,1,0,0,0,0,0,0,0,0,0,1,0,0,0,0,0,5,1,0,true
E:\OOD\main\Progranja-master\Final\src\pkgfinal\Bad.java,pkgfinal.Bad,getDirection/0,false,140,0,1,1,0,1,0,3,1,0,0,0,0,0,0,0,0,0,0,0,0,0,0,0,0,0,7,1,0,true
E:\OOD\main\Progranja-master\Final\src\pkgfinal\Bad.java,pkgfinal.Bad,setDirection/1[int],false,148,0,1,1,0,1,0,3,0,0,1,0,0,0,0,0,0,0,0,0,1,0,0,0,0,0,7,1,0,true
E:\OOD\main\Progranja-master\Final\src\pkgfinal\Power.java,pkgfinal.Power,getWidth/0,false,43,0,2,2,0,1,0,3,1,0,0,0,0,0,0,0,0,0,0,0,0,0,0,0,0,0,10,1,0,true
E:\OOD\main\Progranja-master\Final\src\pkgfinal\Power.java,pkgfinal.Power,setHeight/1[int],false,75,0,0,0,0,1,0,3,0,0,1,0,0,0,0,0,0,0,0,0,1,0,0,0,0,0,5,1,0,true
E:\OOD\main\Progranja-master\Final\src\pkgfinal\Power.java,pkgfinal.Power,tick/0,false,83,2,6,0,6,6,6,19,0,0,0,6,0,0,0,0,0,0,0,9,0,5,2,0,0,0,10,1,0,true
E:\OOD\main\Progranja-master\Final\src\pkgfinal\Power.java,pkgfinal.Power,setWidth/1[int],false,67,0,0,0,0,1,0,3,0,0,1,0,0,0,0,0,0,0,0,0,1,0,0,0,0,0,5,1,0,true
E:\OOD\main\Progranja-master\Final\src\pkgfinal\Power.java,pkgfinal.Power,render/1[java.awt.Graphics],false,133,2,5,1,4,1,5,3,0,0,1,5,2,1,0,0,0,0,0,0,0,0,0,0,0,0,7,1,0,true
E:\OOD\main\Progranja-master\Final\src\pkgfinal\Power.java,pkgfinal.Power,getHeight/0,false,51,0,2,2,0,1,0,3,1,0,0,0,0,0,0,0,0,0,0,0,0,0,0,0,0,0,9,1,0,true
E:\OOD\main\Progranja-master\Final\src\pkgfinal\Power.java,pkgfinal.Power,getPerimetro/0,false,114,2,5,1,4,1,4,3,1,0,0,4,2,1,0,0,0,0,0,0,0,0,0,0,0,0,9,1,0,true
E:\OOD\main\Progranja-master\Final\src\pkgfinal\Power.java,pkgfinal.Power,intersecta/1[java.lang.Object],false,123,2,3,1,2,1,3,3,1,0,1,3,1,2,0,0,0,1,0,0,0,0,0,0,0,0,11,1,0,true
E:\OOD\main\Progranja-master\Final\src\pkgfinal\Power.java,pkgfinal.Power,"Power/5[int,int,int,int,pkgfinal.Game]",true,31,1,1,1,0,1,0,7,0,0,5,0,0,0,0,0,0,0,0,1,4,0,0,0,0,0,8,1,0,true
E:\OOD\main\Progranja-master\Final\src\pkgfinal\Power.java,pkgfinal.Power,getPowerType/0,false,59,0,0,0,0,1,0,3,1,0,0,0,0,0,0,0,0,0,0,0,0,0,0,0,0,0,9,1,0,true
E:\OOD\main\Progranja-master\Final\src\pkgfinal\Bar.java,pkgfinal.Bar,render/1[java.awt.Graphics],false,113,2,5,1,4,1,5,3,0,0,1,5,2,1,0,0,0,0,0,0,0,0,0,0,0,0,7,1,0,true
E:\OOD\main\Progranja-master\Final\src\pkgfinal\Bar.java,pkgfinal.Bar,getHeight/0,false,63,0,2,2,0,1,0,3,1,0,0,0,0,0,0,0,0,0,0,0,0,0,0,0,0,0,9,1,0,true
E:\OOD\main\Progranja-master\Final\src\pkgfinal\Bar.java,pkgfinal.Bar,setHeight/1[int],false,87,0,0,0,0,1,0,3,0,0,1,0,0,0,0,0,0,0,0,0,1,0,0,0,0,0,5,1,0,true
E:\OOD\main\Progranja-master\Final\src\pkgfinal\Bar.java,pkgfinal.Bar,tick/0,false,95,0,0,0,0,1,0,2,0,0,0,0,0,0,0,0,0,0,0,0,0,0,0,0,0,0,5,1,0,true
E:\OOD\main\Progranja-master\Final\src\pkgfinal\Bar.java,pkgfinal.Bar,"Bar/5[int,int,int,int,pkgfinal.Game]",true,34,1,1,1,0,1,0,8,0,0,5,0,0,0,0,0,0,0,0,1,5,0,0,0,0,0,9,1,0,true
E:\OOD\main\Progranja-master\Final\src\pkgfinal\Bar.java,pkgfinal.Bar,getWidth/0,false,55,0,2,2,0,1,0,3,1,0,0,0,0,0,0,0,0,0,0,0,0,0,0,0,0,0,10,1,0,true
E:\OOD\main\Progranja-master\Final\src\pkgfinal\Bar.java,pkgfinal.Bar,getDirection/0,false,47,0,0,0,0,1,0,3,1,0,0,0,0,0,0,0,0,0,0,0,0,0,0,0,0,0,9,1,0,true
E:\OOD\main\Progranja-master\Final\src\pkgfinal\Bar.java,pkgfinal.Bar,setDirection/1[int],false,71,0,0,0,0,1,0,3,0,0,1,0,0,0,0,0,0,0,0,0,1,0,0,0,0,0,5,1,0,true
E:\OOD\main\Progranja-master\Final\src\pkgfinal\Bar.java,pkgfinal.Bar,getPerimetro/0,false,104,2,4,0,4,1,4,3,1,0,0,4,2,1,0,0,0,0,0,0,0,0,0,0,0,0,14,1,0,true
E:\OOD\main\Progranja-master\Final\src\pkgfinal\Bar.java,pkgfinal.Bar,setWidth/1[int],false,79,0,0,0,0,1,0,3,0,0,1,0,0,0,0,0,0,0,0,0,1,0,0,0,0,0,5,1,0,true
E:\OOD\main\Progranja-master\Final\src\pkgfinal\MouseManager.java,pkgfinal.MouseManager,mouseClicked/1[java.awt.event.MouseEvent],false,48,0,0,0,0,1,0,2,0,0,1,0,0,0,0,0,0,0,0,0,0,0,0,0,0,0,5,1,0,false
E:\OOD\main\Progranja-master\Final\src\pkgfinal\MouseManager.java,pkgfinal.MouseManager,setIzquierdo/1[boolean],false,43,0,0,0,0,1,0,3,0,0,1,0,0,0,0,0,0,0,0,0,1,0,0,0,0,0,3,1,0,false
E:\OOD\main\Progranja-master\Final\src\pkgfinal\MouseManager.java,pkgfinal.MouseManager,mouseEntered/1[java.awt.event.MouseEvent],false,65,0,0,0,0,1,0,2,0,0,1,0,0,0,0,0,0,0,0,0,0,0,0,0,0,0,5,1,0,false
E:\OOD\main\Progranja-master\Final\src\pkgfinal\MouseManager.java,pkgfinal.MouseManager,mouseMoved/1[java.awt.event.MouseEvent],false,82,0,0,0,0,1,0,2,0,0,1,0,0,0,0,0,0,0,0,0,0,0,0,0,0,0,5,1,0,false
E:\OOD\main\Progranja-master\Final\src\pkgfinal\MouseManager.java,pkgfinal.MouseManager,mouseReleased/1[java.awt.event.MouseEvent],false,56,0,0,0,0,2,3,7,0,0,1,3,0,0,0,1,0,0,0,0,3,0,1,0,0,0,9,1,0,false
E:\OOD\main\Progranja-master\Final\src\pkgfinal\MouseManager.java,pkgfinal.MouseManager,isDerecho/0,false,39,0,0,0,0,1,0,3,1,0,0,0,0,0,0,0,0,0,0,0,0,0,0,0,0,0,3,1,0,false
E:\OOD\main\Progranja-master\Final\src\pkgfinal\MouseManager.java,pkgfinal.MouseManager,MouseManager/0,true,22,0,1,1,0,1,0,4,0,0,0,0,0,0,0,0,0,0,0,0,2,0,0,0,0,0,5,1,0,false
E:\OOD\main\Progranja-master\Final\src\pkgfinal\MouseManager.java,pkgfinal.MouseManager,isIzquierdo/0,false,35,0,4,4,0,1,0,3,1,0,0,0,0,0,0,0,0,0,0,0,0,0,0,0,0,0,3,1,0,false
E:\OOD\main\Progranja-master\Final\src\pkgfinal\MouseManager.java,pkgfinal.MouseManager,mousePressed/1[java.awt.event.MouseEvent],false,52,0,0,0,0,1,0,2,0,0,1,0,0,0,0,0,0,0,0,0,0,0,0,0,0,0,5,1,0,false
E:\OOD\main\Progranja-master\Final\src\pkgfinal\MouseManager.java,pkgfinal.MouseManager,getY/0,false,31,0,3,3,0,1,0,3,1,0,0,0,0,0,0,0,0,0,0,0,0,0,0,0,0,0,3,1,0,false
E:\OOD\main\Progranja-master\Final\src\pkgfinal\MouseManager.java,pkgfinal.MouseManager,mouseDragged/1[java.awt.event.MouseEvent],false,73,0,0,0,0,2,3,7,0,0,1,3,0,0,0,1,0,0,0,0,3,0,1,0,0,0,9,1,0,false
E:\OOD\main\Progranja-master\Final\src\pkgfinal\MouseManager.java,pkgfinal.MouseManager,mouseExited/1[java.awt.event.MouseEvent],false,69,0,0,0,0,1,0,2,0,0,1,0,0,0,0,0,0,0,0,0,0,0,0,0,0,0,5,1,0,false
E:\OOD\main\Progranja-master\Final\src\pkgfinal\MouseManager.java,pkgfinal.MouseManager,getX/0,false,27,0,3,3,0,1,0,3,1,0,0,0,0,0,0,0,0,0,0,0,0,0,0,0,0,0,3,1,0,false
E:\OOD\main\Progranja-master\Final\src\pkgfinal\Player.java,pkgfinal.Player,getPrevX/0,false,86,0,1,1,0,1,0,3,1,0,0,0,0,0,0,0,0,0,0,0,0,0,0,0,0,0,10,1,0,true
E:\OOD\main\Progranja-master\Final\src\pkgfinal\Player.java,pkgfinal.Player,getPerimetro/0,false,294,2,8,4,4,1,4,3,1,0,0,4,2,1,0,0,0,0,0,2,0,2,0,0,0,0,9,1,0,true
E:\OOD\main\Progranja-master\Final\src\pkgfinal\Player.java,pkgfinal.Player,setWidth/1[int],false,118,0,0,0,0,1,0,3,0,0,1,0,0,0,0,0,0,0,0,0,1,0,0,0,0,0,5,1,0,true
E:\OOD\main\Progranja-master\Final\src\pkgfinal\Player.java,pkgfinal.Player,tick/0,false,160,4,15,1,14,25,14,106,0,0,0,14,3,1,0,1,0,0,0,51,26,14,5,0,0,0,36,1,0,true
E:\OOD\main\Progranja-master\Final\src\pkgfinal\Player.java,pkgfinal.Player,getPrevY/0,false,94,0,1,1,0,1,0,3,1,0,0,0,0,0,0,0,0,0,0,0,0,0,0,0,0,0,10,1,0,true
E:\OOD\main\Progranja-master\Final\src\pkgfinal\Player.java,pkgfinal.Player,intersecta/1[java.lang.Object],false,303,2,3,1,2,1,3,3,1,0,1,3,1,2,0,0,0,1,0,0,0,0,0,0,0,0,11,1,0,true
E:\OOD\main\Progranja-master\Final\src\pkgfinal\Player.java,pkgfinal.Player,render/1[java.awt.Graphics],false,313,3,7,1,6,5,7,14,0,0,1,7,3,1,0,4,0,0,0,4,0,0,1,0,0,0,9,1,0,true
E:\OOD\main\Progranja-master\Final\src\pkgfinal\Player.java,pkgfinal.Player,setPrevX/1[int],false,134,0,1,1,0,1,0,3,0,0,1,0,0,0,0,0,0,0,0,0,1,0,0,0,0,0,10,1,0,true
E:\OOD\main\Progranja-master\Final\src\pkgfinal\Player.java,pkgfinal.Player,getDirection/0,false,146,0,1,1,0,1,0,3,1,0,0,0,0,0,0,0,0,0,0,0,0,0,0,0,0,0,3,1,0,false
E:\OOD\main\Progranja-master\Final\src\pkgfinal\Player.java,pkgfinal.Player,"Player/6[int,int,int,int,int,pkgfinal.Game]",true,45,2,2,1,1,1,0,18,0,0,6,0,0,0,0,0,0,0,0,9,15,0,0,0,0,0,11,1,0,true
E:\OOD\main\Progranja-master\Final\src\pkgfinal\Player.java,pkgfinal.Player,getFinish/0,false,102,0,1,1,0,1,0,3,1,0,0,0,0,0,0,0,0,0,0,0,0,0,0,0,0,0,12,1,0,true
E:\OOD\main\Progranja-master\Final\src\pkgfinal\Player.java,pkgfinal.Player,setFinish/1[boolean],false,110,0,1,1,0,1,0,3,0,0,1,0,0,0,0,0,0,0,0,0,1,0,0,0,0,0,5,1,0,true
E:\OOD\main\Progranja-master\Final\src\pkgfinal\Player.java,pkgfinal.Player,setPrevY/1[int],false,142,0,1,1,0,1,0,3,0,0,1,0,0,0,0,0,0,0,0,0,1,0,0,0,0,0,10,1,0,true
E:\OOD\main\Progranja-master\Final\src\pkgfinal\Player.java,pkgfinal.Player,getHeight/0,false,76,0,2,2,0,1,0,3,1,0,0,0,0,0,0,0,0,0,0,0,0,0,0,0,0,0,9,1,0,true
E:\OOD\main\Progranja-master\Final\src\pkgfinal\Player.java,pkgfinal.Player,setHeight/1[int],false,126,0,0,0,0,1,0,3,0,0,1,0,0,0,0,0,0,0,0,0,1,0,0,0,0,0,5,1,0,true
E:\OOD\main\Progranja-master\Final\src\pkgfinal\Player.java,pkgfinal.Player,setDirection/1[int],false,150,0,1,1,0,1,0,3,0,0,1,0,0,0,0,0,0,0,0,0,1,0,0,0,0,0,3,1,0,false
E:\OOD\main\Progranja-master\Final\src\pkgfinal\Player.java,pkgfinal.Player,getWidth/0,false,68,0,2,2,0,1,0,3,1,0,0,0,0,0,0,0,0,0,0,0,0,0,0,0,0,0,10,1,0,true
E:\OOD\main\Progranja-master\Final\src\pkgfinal\Block.java,pkgfinal.Block,"Block/5[int,int,int,int,pkgfinal.Game]",true,29,1,1,1,0,1,0,6,0,0,5,0,0,0,0,0,0,0,0,0,3,0,0,0,0,0,8,1,0,true
E:\OOD\main\Progranja-master\Final\src\pkgfinal\Block.java,pkgfinal.Block,getHeight/0,false,48,0,2,2,0,1,0,3,1,0,0,0,0,0,0,0,0,0,0,0,0,0,0,0,0,0,9,1,0,true
E:\OOD\main\Progranja-master\Final\src\pkgfinal\Block.java,pkgfinal.Block,getWidth/0,false,40,0,2,2,0,1,0,3,1,0,0,0,0,0,0,0,0,0,0,0,0,0,0,0,0,0,10,1,0,true
E:\OOD\main\Progranja-master\Final\src\pkgfinal\Block.java,pkgfinal.Block,setWidth/1[int],false,56,0,0,0,0,1,0,3,0,0,1,0,0,0,0,0,0,0,0,0,1,0,0,0,0,0,5,1,0,true
E:\OOD\main\Progranja-master\Final\src\pkgfinal\Block.java,pkgfinal.Block,getPerimetro/0,false,79,2,5,1,4,1,4,3,1,0,0,4,2,1,0,0,0,0,0,2,0,2,0,0,0,0,9,1,0,true
E:\OOD\main\Progranja-master\Final\src\pkgfinal\Block.java,pkgfinal.Block,render/1[java.awt.Graphics],false,88,2,5,1,4,1,5,3,0,0,1,5,2,1,0,0,0,0,0,0,0,0,0,0,0,0,7,1,0,true
E:\OOD\main\Progranja-master\Final\src\pkgfinal\Block.java,pkgfinal.Block,setHeight/1[int],false,64,0,0,0,0,1,0,3,0,0,1,0,0,0,0,0,0,0,0,0,1,0,0,0,0,0,5,1,0,true
E:\OOD\main\Progranja-master\Final\src\pkgfinal\Block.java,pkgfinal.Block,tick/0,false,72,0,1,1,0,1,0,2,0,0,0,0,0,0,0,0,0,0,0,0,0,0,0,0,0,0,5,1,0,true
E:\OOD\main\Progranja-master\Final\src\pkgfinal\Final.java,pkgfinal.Final,main/1[java.lang.String[]],false,17,1,2,0,2,1,1,4,0,1,1,1,0,0,0,0,0,0,1,2,1,0,0,0,0,0,8,9,0,true
E:\OOD\main\Progranja-master\Final\src\pkgfinal\KeyManager.java,pkgfinal.KeyManager,tick/0,false,49,0,1,1,0,1,0,8,0,0,0,0,0,0,0,0,0,0,0,0,6,0,0,0,0,0,14,1,0,true
E:\OOD\main\Progranja-master\Final\src\pkgfinal\KeyManager.java,pkgfinal.KeyManager,keyTyped/1[java.awt.event.KeyEvent],false,31,0,0,0,0,1,0,2,0,0,1,0,0,0,0,0,0,0,0,0,0,0,0,0,0,0,5,1,0,false
E:\OOD\main\Progranja-master\Final\src\pkgfinal\KeyManager.java,pkgfinal.KeyManager,KeyManager/0,true,26,1,1,1,0,1,0,3,0,0,0,0,0,0,0,0,0,0,0,1,1,0,0,0,0,0,3,1,0,false
E:\OOD\main\Progranja-master\Final\src\pkgfinal\KeyManager.java,pkgfinal.KeyManager,keyPressed/1[java.awt.event.KeyEvent],false,35,0,0,0,0,1,1,3,0,0,1,1,0,0,0,0,0,0,0,0,1,0,0,0,0,0,6,1,0,false
E:\OOD\main\Progranja-master\Final\src\pkgfinal\KeyManager.java,pkgfinal.KeyManager,keyReleased/1[java.awt.event.KeyEvent],false,41,0,0,0,0,1,1,3,0,0,1,1,0,0,0,0,0,0,0,0,1,0,0,0,0,0,6,1,0,false
E:\OOD\main\Progranja-master\Final\src\pkgfinal\Display.java,pkgfinal.Display$Anonymous1,actionPerformed/1[java.awt.event.ActionEvent],false,174,0,0,0,0,1,2,5,0,0,1,2,0,0,0,0,0,0,1,0,2,0,0,0,0,0,9,1,0,false
E:\OOD\main\Progranja-master\Final\src\pkgfinal\Window.java,pkgfinal.Window,setPressed/1[boolean],false,93,0,2,2,0,1,0,3,0,0,1,0,0,0,0,0,0,0,0,0,1,0,0,0,0,0,8,1,0,true
E:\OOD\main\Progranja-master\Final\src\pkgfinal\Window.java,pkgfinal.Window,getPerimetro/0,false,101,2,5,1,4,1,4,3,1,0,0,4,2,1,0,0,0,0,0,0,0,0,0,0,0,0,19,1,0,true
E:\OOD\main\Progranja-master\Final\src\pkgfinal\Window.java,pkgfinal.Window,tick/0,false,109,3,7,1,6,3,7,5,0,0,0,7,2,2,0,0,0,0,0,0,0,0,1,0,0,0,10,1,0,true
E:\OOD\main\Progranja-master\Final\src\pkgfinal\Window.java,pkgfinal.Window,getWidth/0,false,45,0,2,2,0,1,0,3,1,0,0,0,0,0,0,0,0,0,0,0,0,0,0,0,0,0,10,1,0,true
E:\OOD\main\Progranja-master\Final\src\pkgfinal\Window.java,pkgfinal.Window,getType/0,false,69,0,0,0,0,1,0,3,1,0,0,0,0,0,0,0,0,0,0,0,0,0,0,0,0,0,11,1,0,true
E:\OOD\main\Progranja-master\Final\src\pkgfinal\Window.java,pkgfinal.Window,setHeight/1[int],false,85,0,0,0,0,1,0,3,0,0,1,0,0,0,0,0,0,0,0,0,1,0,0,0,0,0,5,1,0,true
E:\OOD\main\Progranja-master\Final\src\pkgfinal\Window.java,pkgfinal.Window,getPressed/0,false,61,0,1,1,0,1,0,3,1,0,0,0,0,0,0,0,0,0,0,0,0,0,0,0,0,0,13,1,0,true
E:\OOD\main\Progranja-master\Final\src\pkgfinal\Window.java,pkgfinal.Window,getHeight/0,false,53,0,2,2,0,1,0,3,1,0,0,0,0,0,0,0,0,0,0,0,0,0,0,0,0,0,9,1,0,true
E:\OOD\main\Progranja-master\Final\src\pkgfinal\Window.java,pkgfinal.Window,setWidth/1[int],false,77,0,0,0,0,1,0,3,0,0,1,0,0,0,0,0,0,0,0,0,1,0,0,0,0,0,5,1,0,true
E:\OOD\main\Progranja-master\Final\src\pkgfinal\Window.java,pkgfinal.Window,render/1[java.awt.Graphics],false,120,2,5,1,4,6,5,19,0,0,1,5,2,1,0,0,0,0,0,5,0,0,1,0,0,0,8,1,0,true
E:\OOD\main\Progranja-master\Final\src\pkgfinal\Window.java,pkgfinal.Window,"Window/6[int,int,int,int,int,pkgfinal.Game]",true,32,1,1,1,0,1,0,8,0,0,6,0,0,0,0,0,0,0,0,0,5,0,0,0,0,0,10,1,0,true
E:\OOD\main\Progranja-master\Final\src\pkgfinal\SpreadSheet.java,pkgfinal.SpreadSheet,SpreadSheet/1[java.awt.image.BufferedImage],true,21,0,1,1,0,1,0,3,0,0,1,0,0,0,0,0,0,0,0,0,1,0,0,0,0,0,12,1,0,true
E:\OOD\main\Progranja-master\Final\src\pkgfinal\SpreadSheet.java,pkgfinal.SpreadSheet,"crop/4[int,int,int,int]",false,32,0,1,1,0,1,1,3,1,0,4,1,0,0,0,0,0,0,0,0,0,0,0,0,0,0,19,1,0,true
