file,class,method,variable,usage
E:\OOD\main\Progranja-master\Final\src\pkgfinal\Display.java,pkgfinal.Display,setTitle/1[java.lang.String],title,2
E:\OOD\main\Progranja-master\Final\src\pkgfinal\Display.java,pkgfinal.Display,setEnter/1[boolean],enter,2
E:\OOD\main\Progranja-master\Final\src\pkgfinal\Display.java,pkgfinal.Display,createDisplay/0,button,3
E:\OOD\main\Progranja-master\Final\src\pkgfinal\Display.java,pkgfinal.Display,createDisplay/0,textField,2
E:\OOD\main\Progranja-master\Final\src\pkgfinal\Display.java,pkgfinal.Display,"Display/3[java.lang.String,int,int]",width,2
E:\OOD\main\Progranja-master\Final\src\pkgfinal\Display.java,pkgfinal.Display,"Display/3[java.lang.String,int,int]",title,2
E:\OOD\main\Progranja-master\Final\src\pkgfinal\Display.java,pkgfinal.Display,"Display/3[java.lang.String,int,int]",height,2
E:\OOD\main\Progranja-master\Final\src\pkgfinal\Display.java,pkgfinal.Display,initTextField/0,textField,2
E:\OOD\main\Progranja-master\Final\src\pkgfinal\Display.java,pkgfinal.Display,setInstruction/1[java.lang.String],instruction,2
E:\OOD\main\Progranja-master\Final\src\pkgfinal\Display.java,pkgfinal.Display,setNewInstruction/1[boolean],newInstruction,2
E:\OOD\main\Progranja-master\Final\src\pkgfinal\Display.java,pkgfinal.Display,setStart/1[boolean],prev,1
E:\OOD\main\Progranja-master\Final\src\pkgfinal\Display.java,pkgfinal.Display,setStart/1[boolean],start,5
E:\OOD\main\Progranja-master\Final\src\pkgfinal\ImageLoader.java,pkgfinal.ImageLoader,loadImage/1[java.lang.String],path,2
E:\OOD\main\Progranja-master\Final\src\pkgfinal\ImageLoader.java,pkgfinal.ImageLoader,loadImage/1[java.lang.String],bi,2
E:\OOD\main\Progranja-master\Final\src\pkgfinal\ImageLoader.java,pkgfinal.ImageLoader,loadImage/1[java.lang.String],ioe,1
E:\OOD\main\Progranja-master\Final\src\pkgfinal\Game.java,pkgfinal.Game,instructions/0,newInst,60
E:\OOD\main\Progranja-master\Final\src\pkgfinal\Game.java,pkgfinal.Game,setInstructions/1[int],instructions,2
E:\OOD\main\Progranja-master\Final\src\pkgfinal\Game.java,pkgfinal.Game,setShootShield/1[boolean],shootFire,0
E:\OOD\main\Progranja-master\Final\src\pkgfinal\Game.java,pkgfinal.Game,stop/0,ie,1
E:\OOD\main\Progranja-master\Final\src\pkgfinal\Game.java,pkgfinal.Game,initLevel/1[int],level,1
E:\OOD\main\Progranja-master\Final\src\pkgfinal\Game.java,pkgfinal.Game,initLevel/1[int],i,31
E:\OOD\main\Progranja-master\Final\src\pkgfinal\Game.java,pkgfinal.Game,initLevel/1[int],block,22
E:\OOD\main\Progranja-master\Final\src\pkgfinal\Game.java,pkgfinal.Game,initLevel/1[int],window,6
E:\OOD\main\Progranja-master\Final\src\pkgfinal\Game.java,pkgfinal.Game,newInst/1[int],val,0
E:\OOD\main\Progranja-master\Final\src\pkgfinal\Game.java,pkgfinal.Game,tick/0,loseWindow,2
E:\OOD\main\Progranja-master\Final\src\pkgfinal\Game.java,pkgfinal.Game,tick/0,winWindow,11
E:\OOD\main\Progranja-master\Final\src\pkgfinal\Game.java,pkgfinal.Game,tick/0,i,3
E:\OOD\main\Progranja-master\Final\src\pkgfinal\Game.java,pkgfinal.Game,tick/0,block,2
E:\OOD\main\Progranja-master\Final\src\pkgfinal\Game.java,pkgfinal.Game,tick/0,window,40
E:\OOD\main\Progranja-master\Final\src\pkgfinal\Game.java,pkgfinal.Game,getInstructionAt/1[int],i,1
E:\OOD\main\Progranja-master\Final\src\pkgfinal\Game.java,pkgfinal.Game,render/0,newInst,12
E:\OOD\main\Progranja-master\Final\src\pkgfinal\Game.java,pkgfinal.Game,render/0,instruction,9
E:\OOD\main\Progranja-master\Final\src\pkgfinal\Game.java,pkgfinal.Game,render/0,i,76
E:\OOD\main\Progranja-master\Final\src\pkgfinal\Game.java,pkgfinal.Game,render/0,block,7
E:\OOD\main\Progranja-master\Final\src\pkgfinal\Game.java,pkgfinal.Game,render/0,window,7
E:\OOD\main\Progranja-master\Final\src\pkgfinal\Game.java,pkgfinal.Game,render/0,live,7
E:\OOD\main\Progranja-master\Final\src\pkgfinal\Game.java,pkgfinal.Game,render/0,space,7
E:\OOD\main\Progranja-master\Final\src\pkgfinal\Game.java,pkgfinal.Game,"Game/3[java.lang.String,int,int]",width,2
E:\OOD\main\Progranja-master\Final\src\pkgfinal\Game.java,pkgfinal.Game,"Game/3[java.lang.String,int,int]",title,2
E:\OOD\main\Progranja-master\Final\src\pkgfinal\Game.java,pkgfinal.Game,"Game/3[java.lang.String,int,int]",height,2
E:\OOD\main\Progranja-master\Final\src\pkgfinal\Game.java,pkgfinal.Game,run/0,lastTime,2
E:\OOD\main\Progranja-master\Final\src\pkgfinal\Game.java,pkgfinal.Game,run/0,timeTick,1
E:\OOD\main\Progranja-master\Final\src\pkgfinal\Game.java,pkgfinal.Game,run/0,now,3
E:\OOD\main\Progranja-master\Final\src\pkgfinal\Game.java,pkgfinal.Game,run/0,fps,1
E:\OOD\main\Progranja-master\Final\src\pkgfinal\Game.java,pkgfinal.Game,run/0,delta,3
E:\OOD\main\Progranja-master\Final\src\pkgfinal\Game.java,pkgfinal.Game,setShootFire/1[boolean],shootFire,2
E:\OOD\main\Progranja-master\Final\src\pkgfinal\Game.java,pkgfinal.Game,setTitle/1[java.lang.String],title,2
E:\OOD\main\Progranja-master\Final\src\pkgfinal\Game.java,pkgfinal.Game,init/0,i,34
E:\OOD\main\Progranja-master\Final\src\pkgfinal\Game.java,pkgfinal.Game,clear/0,i,8
E:\OOD\main\Progranja-master\Final\src\pkgfinal\Game.java,pkgfinal.Game,clear/0,window,1
E:\OOD\main\Progranja-master\Final\src\pkgfinal\Item.java,pkgfinal.Item,"Item/2[int,int]",x,2
E:\OOD\main\Progranja-master\Final\src\pkgfinal\Item.java,pkgfinal.Item,"Item/2[int,int]",y,2
E:\OOD\main\Progranja-master\Final\src\pkgfinal\Item.java,pkgfinal.Item,render/1[java.awt.Graphics],g,0
E:\OOD\main\Progranja-master\Final\src\pkgfinal\Item.java,pkgfinal.Item,setX/1[int],x,2
E:\OOD\main\Progranja-master\Final\src\pkgfinal\Item.java,pkgfinal.Item,setY/1[int],y,2
E:\OOD\main\Progranja-master\Final\src\pkgfinal\SoundClip.java,pkgfinal.SoundClip,SoundClip/0,e,0
E:\OOD\main\Progranja-master\Final\src\pkgfinal\SoundClip.java,pkgfinal.SoundClip,setLooping/1[boolean],looping,2
E:\OOD\main\Progranja-master\Final\src\pkgfinal\SoundClip.java,pkgfinal.SoundClip,setRepeat/1[int],repeat,2
E:\OOD\main\Progranja-master\Final\src\pkgfinal\SoundClip.java,pkgfinal.SoundClip,getURL/1[java.lang.String],filename,2
E:\OOD\main\Progranja-master\Final\src\pkgfinal\SoundClip.java,pkgfinal.SoundClip,getURL/1[java.lang.String],e,0
E:\OOD\main\Progranja-master\Final\src\pkgfinal\SoundClip.java,pkgfinal.SoundClip,getURL/1[java.lang.String],url,2
E:\OOD\main\Progranja-master\Final\src\pkgfinal\SoundClip.java,pkgfinal.SoundClip,setFilename/1[java.lang.String],filename,2
E:\OOD\main\Progranja-master\Final\src\pkgfinal\SoundClip.java,pkgfinal.SoundClip,load/1[java.lang.String],e,2
E:\OOD\main\Progranja-master\Final\src\pkgfinal\SoundClip.java,pkgfinal.SoundClip,load/1[java.lang.String],audiofile,1
E:\OOD\main\Progranja-master\Final\src\pkgfinal\SoundClip.java,pkgfinal.SoundClip,SoundClip/1[java.lang.String],filename,1
E:\OOD\main\Progranja-master\Final\src\pkgfinal\Assets.java,pkgfinal.Assets,init/0,i,21
E:\OOD\main\Progranja-master\Final\src\pkgfinal\Assets.java,pkgfinal.Assets,init/0,spritesheet2,4
E:\OOD\main\Progranja-master\Final\src\pkgfinal\Assets.java,pkgfinal.Assets,init/0,spritesheet,4
E:\OOD\main\Progranja-master\Final\src\pkgfinal\Button.java,pkgfinal.Button,setHeight/1[int],height,2
E:\OOD\main\Progranja-master\Final\src\pkgfinal\Button.java,pkgfinal.Button,"Button/5[int,int,int,int,pkgfinal.Game]",game,2
E:\OOD\main\Progranja-master\Final\src\pkgfinal\Button.java,pkgfinal.Button,"Button/5[int,int,int,int,pkgfinal.Game]",x,1
E:\OOD\main\Progranja-master\Final\src\pkgfinal\Button.java,pkgfinal.Button,"Button/5[int,int,int,int,pkgfinal.Game]",width,2
E:\OOD\main\Progranja-master\Final\src\pkgfinal\Button.java,pkgfinal.Button,"Button/5[int,int,int,int,pkgfinal.Game]",y,1
E:\OOD\main\Progranja-master\Final\src\pkgfinal\Button.java,pkgfinal.Button,"Button/5[int,int,int,int,pkgfinal.Game]",height,2
E:\OOD\main\Progranja-master\Final\src\pkgfinal\Button.java,pkgfinal.Button,render/1[java.awt.Graphics],g,1
E:\OOD\main\Progranja-master\Final\src\pkgfinal\Button.java,pkgfinal.Button,setWidth/1[int],width,2
E:\OOD\main\Progranja-master\Final\src\pkgfinal\Button.java,pkgfinal.Button,setPressed/1[boolean],pressed,2
E:\OOD\main\Progranja-master\Final\src\pkgfinal\Casa.java,pkgfinal.Casa,setWidth/1[int],width,2
E:\OOD\main\Progranja-master\Final\src\pkgfinal\Casa.java,pkgfinal.Casa,intersecta/1[java.lang.Object],obj,2
E:\OOD\main\Progranja-master\Final\src\pkgfinal\Casa.java,pkgfinal.Casa,setPrevX/1[int],prevX,2
E:\OOD\main\Progranja-master\Final\src\pkgfinal\Casa.java,pkgfinal.Casa,"Casa/5[int,int,int,int,pkgfinal.Game]",game,2
E:\OOD\main\Progranja-master\Final\src\pkgfinal\Casa.java,pkgfinal.Casa,"Casa/5[int,int,int,int,pkgfinal.Game]",x,2
E:\OOD\main\Progranja-master\Final\src\pkgfinal\Casa.java,pkgfinal.Casa,"Casa/5[int,int,int,int,pkgfinal.Game]",width,2
E:\OOD\main\Progranja-master\Final\src\pkgfinal\Casa.java,pkgfinal.Casa,"Casa/5[int,int,int,int,pkgfinal.Game]",y,2
E:\OOD\main\Progranja-master\Final\src\pkgfinal\Casa.java,pkgfinal.Casa,"Casa/5[int,int,int,int,pkgfinal.Game]",height,2
E:\OOD\main\Progranja-master\Final\src\pkgfinal\Casa.java,pkgfinal.Casa,render/1[java.awt.Graphics],g,1
E:\OOD\main\Progranja-master\Final\src\pkgfinal\Casa.java,pkgfinal.Casa,setHeight/1[int],height,2
E:\OOD\main\Progranja-master\Final\src\pkgfinal\Casa.java,pkgfinal.Casa,setPrevY/1[int],prevY,2
E:\OOD\main\Progranja-master\Final\src\pkgfinal\Animation.java,pkgfinal.Animation,"Animation/2[java.awt.image.BufferedImage[],int]",frames,2
E:\OOD\main\Progranja-master\Final\src\pkgfinal\Animation.java,pkgfinal.Animation,"Animation/2[java.awt.image.BufferedImage[],int]",speed,2
E:\OOD\main\Progranja-master\Final\src\pkgfinal\Live.java,pkgfinal.Live,setWidth/1[int],width,2
E:\OOD\main\Progranja-master\Final\src\pkgfinal\Live.java,pkgfinal.Live,render/1[java.awt.Graphics],g,1
E:\OOD\main\Progranja-master\Final\src\pkgfinal\Live.java,pkgfinal.Live,"Live/5[int,int,int,int,pkgfinal.Game]",game,2
E:\OOD\main\Progranja-master\Final\src\pkgfinal\Live.java,pkgfinal.Live,"Live/5[int,int,int,int,pkgfinal.Game]",x,1
E:\OOD\main\Progranja-master\Final\src\pkgfinal\Live.java,pkgfinal.Live,"Live/5[int,int,int,int,pkgfinal.Game]",width,2
E:\OOD\main\Progranja-master\Final\src\pkgfinal\Live.java,pkgfinal.Live,"Live/5[int,int,int,int,pkgfinal.Game]",y,1
E:\OOD\main\Progranja-master\Final\src\pkgfinal\Live.java,pkgfinal.Live,"Live/5[int,int,int,int,pkgfinal.Game]",height,2
E:\OOD\main\Progranja-master\Final\src\pkgfinal\Live.java,pkgfinal.Live,setHeight/1[int],height,2
E:\OOD\main\Progranja-master\Final\src\pkgfinal\SpriteSheet.java,pkgfinal.SpriteSheet,"crop/4[int,int,int,int]",x,1
E:\OOD\main\Progranja-master\Final\src\pkgfinal\SpriteSheet.java,pkgfinal.SpriteSheet,"crop/4[int,int,int,int]",width,1
E:\OOD\main\Progranja-master\Final\src\pkgfinal\SpriteSheet.java,pkgfinal.SpriteSheet,"crop/4[int,int,int,int]",y,1
E:\OOD\main\Progranja-master\Final\src\pkgfinal\SpriteSheet.java,pkgfinal.SpriteSheet,"crop/4[int,int,int,int]",height,1
E:\OOD\main\Progranja-master\Final\src\pkgfinal\SpriteSheet.java,pkgfinal.SpriteSheet,SpriteSheet/1[java.awt.image.BufferedImage],sheet,2
E:\OOD\main\Progranja-master\Final\src\pkgfinal\Instruction.java,pkgfinal.Instruction,setInstNo/1[int],instNo,2
E:\OOD\main\Progranja-master\Final\src\pkgfinal\Instruction.java,pkgfinal.Instruction,setHeight/1[int],height,2
E:\OOD\main\Progranja-master\Final\src\pkgfinal\Instruction.java,pkgfinal.Instruction,setVal/1[int],val,2
E:\OOD\main\Progranja-master\Final\src\pkgfinal\Instruction.java,pkgfinal.Instruction,setWidth/1[int],width,2
E:\OOD\main\Progranja-master\Final\src\pkgfinal\Instruction.java,pkgfinal.Instruction,render/1[java.awt.Graphics],g,2
E:\OOD\main\Progranja-master\Final\src\pkgfinal\Instruction.java,pkgfinal.Instruction,"Instruction/7[int,int,int,int,int,int,pkgfinal.Game]",val,2
E:\OOD\main\Progranja-master\Final\src\pkgfinal\Instruction.java,pkgfinal.Instruction,"Instruction/7[int,int,int,int,int,int,pkgfinal.Game]",game,2
E:\OOD\main\Progranja-master\Final\src\pkgfinal\Instruction.java,pkgfinal.Instruction,"Instruction/7[int,int,int,int,int,int,pkgfinal.Game]",instNo,2
E:\OOD\main\Progranja-master\Final\src\pkgfinal\Instruction.java,pkgfinal.Instruction,"Instruction/7[int,int,int,int,int,int,pkgfinal.Game]",x,1
E:\OOD\main\Progranja-master\Final\src\pkgfinal\Instruction.java,pkgfinal.Instruction,"Instruction/7[int,int,int,int,int,int,pkgfinal.Game]",width,2
E:\OOD\main\Progranja-master\Final\src\pkgfinal\Instruction.java,pkgfinal.Instruction,"Instruction/7[int,int,int,int,int,int,pkgfinal.Game]",y,1
E:\OOD\main\Progranja-master\Final\src\pkgfinal\Instruction.java,pkgfinal.Instruction,"Instruction/7[int,int,int,int,int,int,pkgfinal.Game]",height,2
E:\OOD\main\Progranja-master\Final\src\pkgfinal\Instruction.java,pkgfinal.Instruction,setPressed/1[boolean],pressed,0
E:\OOD\main\Progranja-master\Final\src\pkgfinal\Action.java,pkgfinal.Action,render/1[java.awt.Graphics],g,3
E:\OOD\main\Progranja-master\Final\src\pkgfinal\Action.java,pkgfinal.Action,setWidth/1[int],width,2
E:\OOD\main\Progranja-master\Final\src\pkgfinal\Action.java,pkgfinal.Action,setHeight/1[int],height,2
E:\OOD\main\Progranja-master\Final\src\pkgfinal\Action.java,pkgfinal.Action,"Action/6[int,int,int,int,int,pkgfinal.Game]",val,2
E:\OOD\main\Progranja-master\Final\src\pkgfinal\Action.java,pkgfinal.Action,"Action/6[int,int,int,int,int,pkgfinal.Game]",game,2
E:\OOD\main\Progranja-master\Final\src\pkgfinal\Action.java,pkgfinal.Action,"Action/6[int,int,int,int,int,pkgfinal.Game]",x,1
E:\OOD\main\Progranja-master\Final\src\pkgfinal\Action.java,pkgfinal.Action,"Action/6[int,int,int,int,int,pkgfinal.Game]",width,2
E:\OOD\main\Progranja-master\Final\src\pkgfinal\Action.java,pkgfinal.Action,"Action/6[int,int,int,int,int,pkgfinal.Game]",y,1
E:\OOD\main\Progranja-master\Final\src\pkgfinal\Action.java,pkgfinal.Action,"Action/6[int,int,int,int,int,pkgfinal.Game]",height,2
E:\OOD\main\Progranja-master\Final\src\pkgfinal\Action.java,pkgfinal.Action,setPressed/1[boolean],pressed,2
E:\OOD\main\Progranja-master\Final\src\pkgfinal\Bad.java,pkgfinal.Bad,setFinish/1[boolean],finish,2
E:\OOD\main\Progranja-master\Final\src\pkgfinal\Bad.java,pkgfinal.Bad,setHeight/1[int],height,2
E:\OOD\main\Progranja-master\Final\src\pkgfinal\Bad.java,pkgfinal.Bad,"Bad/5[int,int,int,int,pkgfinal.Game]",game,2
E:\OOD\main\Progranja-master\Final\src\pkgfinal\Bad.java,pkgfinal.Bad,"Bad/5[int,int,int,int,pkgfinal.Game]",x,2
E:\OOD\main\Progranja-master\Final\src\pkgfinal\Bad.java,pkgfinal.Bad,"Bad/5[int,int,int,int,pkgfinal.Game]",width,2
E:\OOD\main\Progranja-master\Final\src\pkgfinal\Bad.java,pkgfinal.Bad,"Bad/5[int,int,int,int,pkgfinal.Game]",y,2
E:\OOD\main\Progranja-master\Final\src\pkgfinal\Bad.java,pkgfinal.Bad,"Bad/5[int,int,int,int,pkgfinal.Game]",height,2
E:\OOD\main\Progranja-master\Final\src\pkgfinal\Bad.java,pkgfinal.Bad,intersecta/1[java.lang.Object],obj,2
E:\OOD\main\Progranja-master\Final\src\pkgfinal\Bad.java,pkgfinal.Bad,setPrevY/1[int],prevY,2
E:\OOD\main\Progranja-master\Final\src\pkgfinal\Bad.java,pkgfinal.Bad,render/1[java.awt.Graphics],g,4
E:\OOD\main\Progranja-master\Final\src\pkgfinal\Bad.java,pkgfinal.Bad,setPrevX/1[int],prevX,2
E:\OOD\main\Progranja-master\Final\src\pkgfinal\Bad.java,pkgfinal.Bad,setWidth/1[int],width,2
E:\OOD\main\Progranja-master\Final\src\pkgfinal\Bad.java,pkgfinal.Bad,setDirection/1[int],direction,2
E:\OOD\main\Progranja-master\Final\src\pkgfinal\Power.java,pkgfinal.Power,setHeight/1[int],height,2
E:\OOD\main\Progranja-master\Final\src\pkgfinal\Power.java,pkgfinal.Power,setWidth/1[int],width,2
E:\OOD\main\Progranja-master\Final\src\pkgfinal\Power.java,pkgfinal.Power,render/1[java.awt.Graphics],g,1
E:\OOD\main\Progranja-master\Final\src\pkgfinal\Power.java,pkgfinal.Power,intersecta/1[java.lang.Object],obj,2
E:\OOD\main\Progranja-master\Final\src\pkgfinal\Power.java,pkgfinal.Power,"Power/5[int,int,int,int,pkgfinal.Game]",game,2
E:\OOD\main\Progranja-master\Final\src\pkgfinal\Power.java,pkgfinal.Power,"Power/5[int,int,int,int,pkgfinal.Game]",x,1
E:\OOD\main\Progranja-master\Final\src\pkgfinal\Power.java,pkgfinal.Power,"Power/5[int,int,int,int,pkgfinal.Game]",width,2
E:\OOD\main\Progranja-master\Final\src\pkgfinal\Power.java,pkgfinal.Power,"Power/5[int,int,int,int,pkgfinal.Game]",y,1
E:\OOD\main\Progranja-master\Final\src\pkgfinal\Power.java,pkgfinal.Power,"Power/5[int,int,int,int,pkgfinal.Game]",height,2
E:\OOD\main\Progranja-master\Final\src\pkgfinal\Bar.java,pkgfinal.Bar,render/1[java.awt.Graphics],g,1
E:\OOD\main\Progranja-master\Final\src\pkgfinal\Bar.java,pkgfinal.Bar,setHeight/1[int],height,2
E:\OOD\main\Progranja-master\Final\src\pkgfinal\Bar.java,pkgfinal.Bar,"Bar/5[int,int,int,int,pkgfinal.Game]",game,2
E:\OOD\main\Progranja-master\Final\src\pkgfinal\Bar.java,pkgfinal.Bar,"Bar/5[int,int,int,int,pkgfinal.Game]",x,1
E:\OOD\main\Progranja-master\Final\src\pkgfinal\Bar.java,pkgfinal.Bar,"Bar/5[int,int,int,int,pkgfinal.Game]",width,2
E:\OOD\main\Progranja-master\Final\src\pkgfinal\Bar.java,pkgfinal.Bar,"Bar/5[int,int,int,int,pkgfinal.Game]",y,1
E:\OOD\main\Progranja-master\Final\src\pkgfinal\Bar.java,pkgfinal.Bar,"Bar/5[int,int,int,int,pkgfinal.Game]",height,2
E:\OOD\main\Progranja-master\Final\src\pkgfinal\Bar.java,pkgfinal.Bar,setDirection/1[int],direction,2
E:\OOD\main\Progranja-master\Final\src\pkgfinal\Bar.java,pkgfinal.Bar,setWidth/1[int],width,2
E:\OOD\main\Progranja-master\Final\src\pkgfinal\MouseManager.java,pkgfinal.MouseManager,mouseClicked/1[java.awt.event.MouseEvent],e,0
E:\OOD\main\Progranja-master\Final\src\pkgfinal\MouseManager.java,pkgfinal.MouseManager,setIzquierdo/1[boolean],izquierdo,2
E:\OOD\main\Progranja-master\Final\src\pkgfinal\MouseManager.java,pkgfinal.MouseManager,mouseEntered/1[java.awt.event.MouseEvent],e,0
E:\OOD\main\Progranja-master\Final\src\pkgfinal\MouseManager.java,pkgfinal.MouseManager,mouseMoved/1[java.awt.event.MouseEvent],e,0
E:\OOD\main\Progranja-master\Final\src\pkgfinal\MouseManager.java,pkgfinal.MouseManager,mouseReleased/1[java.awt.event.MouseEvent],e,3
E:\OOD\main\Progranja-master\Final\src\pkgfinal\MouseManager.java,pkgfinal.MouseManager,mousePressed/1[java.awt.event.MouseEvent],e,0
E:\OOD\main\Progranja-master\Final\src\pkgfinal\MouseManager.java,pkgfinal.MouseManager,mouseDragged/1[java.awt.event.MouseEvent],e,3
E:\OOD\main\Progranja-master\Final\src\pkgfinal\MouseManager.java,pkgfinal.MouseManager,mouseExited/1[java.awt.event.MouseEvent],e,0
E:\OOD\main\Progranja-master\Final\src\pkgfinal\Player.java,pkgfinal.Player,setWidth/1[int],width,2
E:\OOD\main\Progranja-master\Final\src\pkgfinal\Player.java,pkgfinal.Player,intersecta/1[java.lang.Object],obj,2
E:\OOD\main\Progranja-master\Final\src\pkgfinal\Player.java,pkgfinal.Player,render/1[java.awt.Graphics],g,4
E:\OOD\main\Progranja-master\Final\src\pkgfinal\Player.java,pkgfinal.Player,setPrevX/1[int],prevX,2
E:\OOD\main\Progranja-master\Final\src\pkgfinal\Player.java,pkgfinal.Player,"Player/6[int,int,int,int,int,pkgfinal.Game]",game,2
E:\OOD\main\Progranja-master\Final\src\pkgfinal\Player.java,pkgfinal.Player,"Player/6[int,int,int,int,int,pkgfinal.Game]",x,2
E:\OOD\main\Progranja-master\Final\src\pkgfinal\Player.java,pkgfinal.Player,"Player/6[int,int,int,int,int,pkgfinal.Game]",width,2
E:\OOD\main\Progranja-master\Final\src\pkgfinal\Player.java,pkgfinal.Player,"Player/6[int,int,int,int,int,pkgfinal.Game]",y,2
E:\OOD\main\Progranja-master\Final\src\pkgfinal\Player.java,pkgfinal.Player,"Player/6[int,int,int,int,int,pkgfinal.Game]",height,2
E:\OOD\main\Progranja-master\Final\src\pkgfinal\Player.java,pkgfinal.Player,"Player/6[int,int,int,int,int,pkgfinal.Game]",direction,0
E:\OOD\main\Progranja-master\Final\src\pkgfinal\Player.java,pkgfinal.Player,setFinish/1[boolean],finish,2
E:\OOD\main\Progranja-master\Final\src\pkgfinal\Player.java,pkgfinal.Player,setPrevY/1[int],prevY,2
E:\OOD\main\Progranja-master\Final\src\pkgfinal\Player.java,pkgfinal.Player,setHeight/1[int],height,2
E:\OOD\main\Progranja-master\Final\src\pkgfinal\Player.java,pkgfinal.Player,setDirection/1[int],direction,2
E:\OOD\main\Progranja-master\Final\src\pkgfinal\Block.java,pkgfinal.Block,"Block/5[int,int,int,int,pkgfinal.Game]",game,2
E:\OOD\main\Progranja-master\Final\src\pkgfinal\Block.java,pkgfinal.Block,"Block/5[int,int,int,int,pkgfinal.Game]",x,1
E:\OOD\main\Progranja-master\Final\src\pkgfinal\Block.java,pkgfinal.Block,"Block/5[int,int,int,int,pkgfinal.Game]",width,2
E:\OOD\main\Progranja-master\Final\src\pkgfinal\Block.java,pkgfinal.Block,"Block/5[int,int,int,int,pkgfinal.Game]",y,1
E:\OOD\main\Progranja-master\Final\src\pkgfinal\Block.java,pkgfinal.Block,"Block/5[int,int,int,int,pkgfinal.Game]",height,2
E:\OOD\main\Progranja-master\Final\src\pkgfinal\Block.java,pkgfinal.Block,setWidth/1[int],width,2
E:\OOD\main\Progranja-master\Final\src\pkgfinal\Block.java,pkgfinal.Block,render/1[java.awt.Graphics],g,1
E:\OOD\main\Progranja-master\Final\src\pkgfinal\Block.java,pkgfinal.Block,setHeight/1[int],height,2
E:\OOD\main\Progranja-master\Final\src\pkgfinal\Final.java,pkgfinal.Final,main/1[java.lang.String[]],args,0
E:\OOD\main\Progranja-master\Final\src\pkgfinal\Final.java,pkgfinal.Final,main/1[java.lang.String[]],g,1
E:\OOD\main\Progranja-master\Final\src\pkgfinal\KeyManager.java,pkgfinal.KeyManager,keyTyped/1[java.awt.event.KeyEvent],e,0
E:\OOD\main\Progranja-master\Final\src\pkgfinal\KeyManager.java,pkgfinal.KeyManager,keyPressed/1[java.awt.event.KeyEvent],e,1
E:\OOD\main\Progranja-master\Final\src\pkgfinal\KeyManager.java,pkgfinal.KeyManager,keyReleased/1[java.awt.event.KeyEvent],e,1
E:\OOD\main\Progranja-master\Final\src\pkgfinal\Display.java,pkgfinal.Display$Anonymous1,actionPerformed/1[java.awt.event.ActionEvent],arg0,0
E:\OOD\main\Progranja-master\Final\src\pkgfinal\Window.java,pkgfinal.Window,setPressed/1[boolean],pressed,2
E:\OOD\main\Progranja-master\Final\src\pkgfinal\Window.java,pkgfinal.Window,setHeight/1[int],height,2
E:\OOD\main\Progranja-master\Final\src\pkgfinal\Window.java,pkgfinal.Window,setWidth/1[int],width,2
E:\OOD\main\Progranja-master\Final\src\pkgfinal\Window.java,pkgfinal.Window,render/1[java.awt.Graphics],g,5
E:\OOD\main\Progranja-master\Final\src\pkgfinal\Window.java,pkgfinal.Window,"Window/6[int,int,int,int,int,pkgfinal.Game]",game,2
E:\OOD\main\Progranja-master\Final\src\pkgfinal\Window.java,pkgfinal.Window,"Window/6[int,int,int,int,int,pkgfinal.Game]",x,1
E:\OOD\main\Progranja-master\Final\src\pkgfinal\Window.java,pkgfinal.Window,"Window/6[int,int,int,int,int,pkgfinal.Game]",width,2
E:\OOD\main\Progranja-master\Final\src\pkgfinal\Window.java,pkgfinal.Window,"Window/6[int,int,int,int,int,pkgfinal.Game]",y,1
E:\OOD\main\Progranja-master\Final\src\pkgfinal\Window.java,pkgfinal.Window,"Window/6[int,int,int,int,int,pkgfinal.Game]",type,2
E:\OOD\main\Progranja-master\Final\src\pkgfinal\Window.java,pkgfinal.Window,"Window/6[int,int,int,int,int,pkgfinal.Game]",height,2
E:\OOD\main\Progranja-master\Final\src\pkgfinal\SpreadSheet.java,pkgfinal.SpreadSheet,SpreadSheet/1[java.awt.image.BufferedImage],sheet,2
E:\OOD\main\Progranja-master\Final\src\pkgfinal\SpreadSheet.java,pkgfinal.SpreadSheet,"crop/4[int,int,int,int]",x,1
E:\OOD\main\Progranja-master\Final\src\pkgfinal\SpreadSheet.java,pkgfinal.SpreadSheet,"crop/4[int,int,int,int]",width,1
E:\OOD\main\Progranja-master\Final\src\pkgfinal\SpreadSheet.java,pkgfinal.SpreadSheet,"crop/4[int,int,int,int]",y,1
E:\OOD\main\Progranja-master\Final\src\pkgfinal\SpreadSheet.java,pkgfinal.SpreadSheet,"crop/4[int,int,int,int]",height,1
