file,class,type,cbo,cboModified,fanin,fanout,wmc,dit,noc,rfc,lcom,lcom*,tcc,lcc,totalMethodsQty,staticMethodsQty,publicMethodsQty,privateMethodsQty,protectedMethodsQty,defaultMethodsQty,visibleMethodsQty,abstractMethodsQty,finalMethodsQty,synchronizedMethodsQty,totalFieldsQty,staticFieldsQty,publicFieldsQty,privateFieldsQty,protectedFieldsQty,defaultFieldsQty,finalFieldsQty,synchronizedFieldsQty,nosi,loc,returnQty,loopQty,comparisonsQty,tryCatchQty,parenthesizedExpsQty,stringLiteralsQty,numbersQty,assignmentsQty,mathOperationsQty,variablesQty,maxNestedBlocksQty,anonymousClassesQty,innerClassesQty,lambdasQty,uniqueWordsQty,modifiers,logStatementsQty
E:\OOD\dummy\Football-master\Football-master\src\futbol\Mutator.java,futbol.Mutator,class,5,8,3,5,11,3,0,5,4,0.75,0.16666667,0.16666667,4,1,0,0,0,4,4,0,0,0,4,0,0,0,0,4,2,0,0,85,3,0,2,0,0,0,13,18,4,5,1,2,0,0,24,0,0
E:\OOD\dummy\Football-master\Football-master\src\Engine\Map.java,Engine.Map,class,1,2,1,1,0,1,0,0,0,NaN,-1,-1,0,0,0,0,0,0,0,0,0,0,2,0,0,0,0,2,0,0,0,4,0,0,0,0,0,0,2,2,0,3,0,0,0,0,5,1,0
E:\OOD\dummy\Football-master\Football-master\src\futbol\Player.java,futbol.Player,class,5,11,6,5,46,2,0,8,6,0.80000013,0.2,0.3,5,0,2,0,0,3,5,0,0,0,17,2,0,2,0,15,3,0,25,127,3,2,2,0,10,0,71,70,93,17,7,0,0,0,41,0,0
E:\OOD\dummy\Football-master\Football-master\src\futbol\Circly.java,futbol.Circly,class,1,5,4,1,1,1,3,6,0,0.2857143,NaN,NaN,1,0,0,0,0,1,1,0,0,0,7,0,0,0,0,7,0,0,0,13,0,0,0,0,0,0,4,5,2,7,0,0,0,0,12,0,0
E:\OOD\dummy\Football-master\Football-master\src\futbol\Direk.java,futbol.Direk,class,2,5,3,2,11,2,0,1,0,0.33333334,0.6666667,1,3,0,0,0,0,3,3,0,0,0,5,2,1,0,0,4,0,0,0,41,0,0,0,0,4,0,21,22,12,5,1,0,0,0,17,0,0
E:\OOD\dummy\Football-master\Football-master\src\futbol\Mutator.java,futbol.MutatorT,enum,0,1,1,0,0,1,0,0,0,0,-1,-1,0,0,0,0,0,0,0,0,0,0,0,0,0,0,0,0,0,0,0,1,0,0,0,0,0,0,0,0,0,0,0,0,0,0,14,0,0
E:\OOD\dummy\Football-master\Football-master\src\Engine\Engine.java,Engine.Engine,class,5,11,6,5,75,5,1,79,351,0.9311826,0.11231884,0.5543478,31,2,20,7,4,0,24,5,0,0,44,18,8,26,6,4,5,0,17,373,8,8,17,9,18,53,65,81,53,56,6,2,0,0,172,1025,0
E:\OOD\dummy\Football-master\Football-master\src\futbol\Mutator.java,futbol.Mutator$Anonymous2,anonymous,1,1,0,1,2,1,0,3,0,0,NaN,NaN,1,0,1,0,0,0,1,0,0,0,0,0,0,0,0,0,0,0,0,6,0,0,0,0,0,0,1,0,1,0,1,0,0,0,1,-1,0
E:\OOD\dummy\Football-master\Football-master\src\futbol\Mutator.java,futbol.Mutator$Anonymous1,anonymous,1,1,0,1,2,1,0,3,0,0,NaN,NaN,1,0,1,0,0,0,1,0,0,0,0,0,0,0,0,0,0,0,0,6,0,0,0,0,0,0,1,0,1,0,1,0,0,0,1,-1,0
E:\OOD\dummy\Football-master\Football-master\src\futbol\Main.java,futbol.Main$Anonymous5,anonymous,1,1,0,1,1,1,0,2,0,0,NaN,NaN,1,0,1,0,0,0,1,0,0,0,0,0,0,0,0,0,0,0,0,6,0,0,0,0,0,0,0,0,0,0,0,0,0,0,2,-1,0
E:\OOD\dummy\Football-master\Football-master\src\futbol\Shapes.java,futbol.Shapes,class,1,2,1,1,2,4,0,6,1,0,0,0,2,0,0,0,0,2,2,0,0,0,0,0,0,0,0,0,0,0,0,12,0,0,0,0,0,0,0,4,0,0,0,0,0,0,9,0,0
E:\OOD\dummy\Football-master\Football-master\src\futbol\Main.java,futbol.Main$Anonymous4,anonymous,0,0,0,0,1,1,0,1,0,0,NaN,NaN,1,0,1,0,0,0,1,0,0,0,0,0,0,0,0,0,0,0,0,6,0,0,0,0,0,0,0,1,0,0,0,0,0,0,2,-1,0
E:\OOD\dummy\Football-master\Football-master\src\futbol\Main.java,futbol.Main$Anonymous3,anonymous,0,0,0,0,1,1,0,1,0,0,NaN,NaN,1,0,1,0,0,0,1,0,0,0,0,0,0,0,0,0,0,0,0,6,0,0,0,0,0,0,0,1,0,0,0,0,0,0,2,-1,0
E:\OOD\dummy\Football-master\Football-master\src\futbol\Main.java,futbol.Main$Anonymous2,anonymous,0,0,0,0,2,1,0,1,0,0,NaN,NaN,1,0,1,0,0,0,1,0,0,0,0,0,0,0,0,0,0,0,0,6,0,0,0,0,0,0,0,1,0,0,1,0,0,0,2,-1,0
E:\OOD\dummy\Football-master\Football-master\src\Engine\Text.java,Engine.Text,class,0,1,1,0,3,1,0,3,0,0.3333333,1,1,3,0,3,0,0,0,3,0,0,0,6,0,0,0,0,6,1,0,0,23,0,0,0,0,0,1,1,8,0,7,0,0,0,0,13,1,0
E:\OOD\dummy\Football-master\Football-master\src\futbol\Main.java,futbol.Main$Anonymous1,anonymous,1,1,0,1,2,1,0,4,0,0,NaN,NaN,1,0,1,0,0,0,1,0,0,0,0,0,0,0,0,0,0,0,1,8,0,1,0,0,0,0,1,0,0,0,1,0,0,0,1,-1,0
E:\OOD\dummy\Football-master\Football-master\src\Engine\Camera.java,Engine.Camera,class,1,2,1,1,4,1,0,1,0,0.41666666,0.5,0.5,4,0,3,0,0,1,4,0,0,0,2,0,0,0,0,2,0,0,0,22,0,0,0,0,0,0,1,8,0,3,0,0,0,0,11,1,0
E:\OOD\dummy\Football-master\Football-master\src\futbol\Ai.java,futbol.Ai,class,2,5,3,2,33,2,0,18,0,0.7916667,0.058333334,0.058333334,16,0,1,0,0,15,16,0,0,0,9,0,0,0,0,9,0,0,18,113,5,4,0,0,4,3,18,36,31,17,5,0,0,0,32,1,0
E:\OOD\dummy\Football-master\Football-master\src\Engine\Engine.java,Engine.Engine$Anonymous2,anonymous,0,0,0,0,2,1,0,3,0,0,NaN,NaN,1,0,1,0,0,0,1,0,0,0,0,0,0,0,0,0,0,0,0,12,0,1,0,0,0,0,4,4,2,0,1,0,0,0,8,-1,0
E:\OOD\dummy\Football-master\Football-master\src\Engine\TimedEvent.java,Engine.TimedEvent,class,0,3,3,0,3,2,0,3,0,0,1,1,2,0,2,0,0,0,2,0,0,0,1,0,0,0,0,1,0,0,1,16,0,0,0,1,0,0,0,1,0,1,1,0,0,0,9,1,0
E:\OOD\dummy\Football-master\Football-master\src\Engine\Engine.java,Engine.Engine$Anonymous1,anonymous,0,0,0,0,1,1,0,1,0,0,NaN,NaN,1,0,1,0,0,0,1,0,0,0,0,0,0,0,0,0,0,0,1,6,0,0,0,0,0,0,1,1,0,0,0,0,0,0,5,-1,0
E:\OOD\dummy\Football-master\Football-master\src\futbol\Main.java,futbol.Main,class,10,13,3,10,73,6,0,47,36,0.7828052,0.16363636,0.27272728,13,3,8,2,1,2,11,0,0,0,34,23,2,11,0,21,0,0,28,351,2,10,14,0,18,64,113,83,50,43,3,5,0,0,106,1,0
E:\OOD\dummy\Football-master\Football-master\src\Engine\Unit.java,Engine.Unit,class,1,2,1,1,1,1,0,5,0,0.5,NaN,NaN,1,0,1,0,0,0,1,0,0,0,6,0,0,0,0,6,0,0,0,11,0,0,0,0,0,0,5,5,0,6,0,0,0,0,15,1,0
E:\OOD\dummy\Football-master\Football-master\src\futbol\Ball.java,futbol.Ball,class,2,5,3,2,21,2,1,7,10,0.8000001,0,0,5,0,0,0,0,5,5,0,0,0,8,4,0,0,0,8,0,0,9,67,2,0,0,0,6,0,35,40,36,12,2,0,0,0,24,0,0
