file,class,method,variable,usage
E:\OOD\dummy\Football-master\Football-master\src\futbol\Mutator.java,futbol.Mutator,activate/1[boolean],type,2
E:\OOD\dummy\Football-master\Football-master\src\futbol\Mutator.java,futbol.Mutator,Mutator/1[futbol.MutatorT],secColor,3
E:\OOD\dummy\Football-master\Football-master\src\futbol\Mutator.java,futbol.Mutator,Mutator/1[futbol.MutatorT],firColor,3
E:\OOD\dummy\Football-master\Football-master\src\futbol\Mutator.java,futbol.Mutator,Mutator/1[futbol.MutatorT],type,4
E:\OOD\dummy\Football-master\Football-master\src\futbol\Player.java,futbol.Player,setColor/1[java.awt.Color],leftT,1
E:\OOD\dummy\Football-master\Football-master\src\futbol\Player.java,futbol.Player,setGoalSize/1[int],direkler,1
E:\OOD\dummy\Football-master\Football-master\src\futbol\Player.java,futbol.Player,setGoalSize/1[int],goalsize,13
E:\OOD\dummy\Football-master\Football-master\src\futbol\Player.java,futbol.Player,"Player/4[java.lang.String,int,int,boolean]",left,2
E:\OOD\dummy\Football-master\Football-master\src\futbol\Player.java,futbol.Player,"Player/4[java.lang.String,int,int,boolean]",name,3
E:\OOD\dummy\Football-master\Football-master\src\futbol\Player.java,futbol.Player,"Player/4[java.lang.String,int,int,boolean]",leftT,1
E:\OOD\dummy\Football-master\Football-master\src\futbol\Player.java,futbol.Player,move/0,SPEED,2
E:\OOD\dummy\Football-master\Football-master\src\futbol\Player.java,futbol.Player,move/0,left,2
E:\OOD\dummy\Football-master\Football-master\src\futbol\Player.java,futbol.Player,move/0,decrement,7
E:\OOD\dummy\Football-master\Football-master\src\futbol\Player.java,futbol.Player,move/0,i,14
E:\OOD\dummy\Football-master\Football-master\src\futbol\Player.java,futbol.Player,move/0,j,13
E:\OOD\dummy\Football-master\Football-master\src\futbol\Player.java,futbol.Player,move/0,up,2
E:\OOD\dummy\Football-master\Football-master\src\futbol\Player.java,futbol.Player,move/0,right,2
E:\OOD\dummy\Football-master\Football-master\src\futbol\Player.java,futbol.Player,move/0,angel,10
E:\OOD\dummy\Football-master\Football-master\src\futbol\Player.java,futbol.Player,move/0,down,2
E:\OOD\dummy\Football-master\Football-master\src\futbol\Circly.java,futbol.Circly,draw/1[java.awt.Graphics],yPos,1
E:\OOD\dummy\Football-master\Football-master\src\futbol\Circly.java,futbol.Circly,draw/1[java.awt.Graphics],color,1
E:\OOD\dummy\Football-master\Football-master\src\futbol\Circly.java,futbol.Circly,draw/1[java.awt.Graphics],size,2
E:\OOD\dummy\Football-master\Football-master\src\futbol\Circly.java,futbol.Circly,draw/1[java.awt.Graphics],xPos,1
E:\OOD\dummy\Football-master\Football-master\src\futbol\Circly.java,futbol.Circly,draw/1[java.awt.Graphics],radius,2
E:\OOD\dummy\Football-master\Football-master\src\futbol\Direk.java,futbol.Direk,"Direk/2[boolean,boolean]",defColor,1
E:\OOD\dummy\Football-master\Football-master\src\futbol\Direk.java,futbol.Direk,"Direk/2[boolean,boolean]",top,4
E:\OOD\dummy\Football-master\Football-master\src\futbol\Direk.java,futbol.Direk,"Direk/2[boolean,boolean]",left,6
E:\OOD\dummy\Football-master\Football-master\src\futbol\Direk.java,futbol.Direk,"Direk/2[boolean,boolean]",direkler,3
E:\OOD\dummy\Football-master\Football-master\src\futbol\Direk.java,futbol.Direk,"Direk/2[boolean,boolean]",teamColor,2
E:\OOD\dummy\Football-master\Football-master\src\futbol\Direk.java,futbol.Direk,"Direk/2[int,int]",defColor,1
E:\OOD\dummy\Football-master\Football-master\src\futbol\Direk.java,futbol.Direk,"Direk/2[int,int]",direkler,1
E:\OOD\dummy\Football-master\Football-master\src\futbol\Direk.java,futbol.Direk,"Direk/2[int,int]",teamColor,2
E:\OOD\dummy\Football-master\Football-master\src\futbol\Direk.java,futbol.Direk,updateGoalSize/0,top,1
E:\OOD\dummy\Football-master\Football-master\src\futbol\Direk.java,futbol.Direk,updateGoalSize/0,left,2
E:\OOD\dummy\Football-master\Football-master\src\Engine\Engine.java,Engine.Engine,setFps/1[int],TARGET_TIME_BETWEEN_RENDERS,1
E:\OOD\dummy\Football-master\Football-master\src\Engine\Engine.java,Engine.Engine,setFps/1[int],fps,3
E:\OOD\dummy\Football-master\Football-master\src\Engine\Engine.java,Engine.Engine,setFps/1[int],target_fps,2
E:\OOD\dummy\Football-master\Football-master\src\Engine\Engine.java,Engine.Engine,paintComponent/1[java.awt.Graphics],texts,1
E:\OOD\dummy\Football-master\Football-master\src\Engine\Engine.java,Engine.Engine,paintComponent/1[java.awt.Graphics],showStats,1
E:\OOD\dummy\Football-master\Football-master\src\Engine\Engine.java,Engine.Engine,paintComponent/1[java.awt.Graphics],fps,1
E:\OOD\dummy\Football-master\Football-master\src\Engine\Engine.java,Engine.Engine,paintComponent/1[java.awt.Graphics],ups,1
E:\OOD\dummy\Football-master\Football-master\src\Engine\Engine.java,Engine.Engine,scaleX/1[double],scaleX,2
E:\OOD\dummy\Football-master\Football-master\src\Engine\Engine.java,Engine.Engine,saveConf/0,variables,1
E:\OOD\dummy\Football-master\Football-master\src\Engine\Engine.java,Engine.Engine,initialize/0,res,3
E:\OOD\dummy\Football-master\Football-master\src\Engine\Engine.java,Engine.Engine,initialize/0,resolutionObjs,1
E:\OOD\dummy\Football-master\Football-master\src\Engine\Engine.java,Engine.Engine,scaleY/0,scaleY,2
E:\OOD\dummy\Football-master\Football-master\src\Engine\Engine.java,Engine.Engine,scaleSizeY/1[double],scaleY,1
E:\OOD\dummy\Football-master\Football-master\src\Engine\Engine.java,Engine.Engine,menuBar/0,menuBar,1
E:\OOD\dummy\Football-master\Football-master\src\Engine\Engine.java,Engine.Engine,Engine/0,res,3
E:\OOD\dummy\Football-master\Football-master\src\Engine\Engine.java,Engine.Engine,Engine/0,variables,1
E:\OOD\dummy\Football-master\Football-master\src\Engine\Engine.java,Engine.Engine,Engine/0,resolutions,3
E:\OOD\dummy\Football-master\Football-master\src\Engine\Engine.java,Engine.Engine,Engine/0,resolutionObjs,1
E:\OOD\dummy\Football-master\Football-master\src\Engine\Engine.java,Engine.Engine,Engine/0,firstW,3
E:\OOD\dummy\Football-master\Football-master\src\Engine\Engine.java,Engine.Engine,Engine/0,rightInset,1
E:\OOD\dummy\Football-master\Football-master\src\Engine\Engine.java,Engine.Engine,Engine/0,scaleX,1
E:\OOD\dummy\Football-master\Football-master\src\Engine\Engine.java,Engine.Engine,Engine/0,menuBar,1
E:\OOD\dummy\Football-master\Football-master\src\Engine\Engine.java,Engine.Engine,Engine/0,scaleY,1
E:\OOD\dummy\Football-master\Football-master\src\Engine\Engine.java,Engine.Engine,Engine/0,firstH,3
E:\OOD\dummy\Football-master\Football-master\src\Engine\Engine.java,Engine.Engine,Engine/0,engine,1
E:\OOD\dummy\Football-master\Football-master\src\Engine\Engine.java,Engine.Engine,Engine/0,width,3
E:\OOD\dummy\Football-master\Football-master\src\Engine\Engine.java,Engine.Engine,Engine/0,topInset,1
E:\OOD\dummy\Football-master\Football-master\src\Engine\Engine.java,Engine.Engine,Engine/0,frame,14
E:\OOD\dummy\Football-master\Football-master\src\Engine\Engine.java,Engine.Engine,Engine/0,height,3
E:\OOD\dummy\Football-master\Football-master\src\Engine\Engine.java,Engine.Engine,resolutions/0,resolutions,1
E:\OOD\dummy\Football-master\Football-master\src\Engine\Engine.java,Engine.Engine,run/0,frameCount,1
E:\OOD\dummy\Football-master\Football-master\src\Engine\Engine.java,Engine.Engine,run/0,updateCount,1
E:\OOD\dummy\Football-master\Football-master\src\Engine\Engine.java,Engine.Engine,run/0,TARGET_TIME_BETWEEN_RENDERS,1
E:\OOD\dummy\Football-master\Football-master\src\Engine\Engine.java,Engine.Engine,run/0,previousUpdateTime,2
E:\OOD\dummy\Football-master\Football-master\src\Engine\Engine.java,Engine.Engine,run/0,delta,5
E:\OOD\dummy\Football-master\Football-master\src\Engine\Engine.java,Engine.Engine,run/0,sleepTime,4
E:\OOD\dummy\Football-master\Football-master\src\Engine\Engine.java,Engine.Engine,run/0,run,2
E:\OOD\dummy\Football-master\Football-master\src\Engine\Engine.java,Engine.Engine,run/0,maxDelta,2
E:\OOD\dummy\Football-master\Football-master\src\Engine\Engine.java,Engine.Engine,run/0,lastRenderTime,2
E:\OOD\dummy\Football-master\Football-master\src\Engine\Engine.java,Engine.Engine,run/0,TIME_BETWEEN_UPDATES,2
E:\OOD\dummy\Football-master\Football-master\src\Engine\Engine.java,Engine.Engine,run/0,frame,3
E:\OOD\dummy\Football-master\Football-master\src\Engine\Engine.java,Engine.Engine,run/0,lastUpdateTime,4
E:\OOD\dummy\Football-master\Football-master\src\Engine\Engine.java,Engine.Engine,scaleX/0,scaleX,1
E:\OOD\dummy\Football-master\Football-master\src\Engine\Engine.java,Engine.Engine,keyReleased/1[java.awt.event.KeyEvent],pressed,1
E:\OOD\dummy\Football-master\Football-master\src\Engine\Engine.java,Engine.Engine,scaleSizeX/1[double],scaleX,1
E:\OOD\dummy\Football-master\Football-master\src\Engine\Engine.java,Engine.Engine,actionPerformed/1[java.awt.event.ActionEvent],m2f3,1
E:\OOD\dummy\Football-master\Football-master\src\Engine\Engine.java,Engine.Engine,actionPerformed/1[java.awt.event.ActionEvent],m2s1,1
E:\OOD\dummy\Football-master\Football-master\src\Engine\Engine.java,Engine.Engine,actionPerformed/1[java.awt.event.ActionEvent],m2f1,1
E:\OOD\dummy\Football-master\Football-master\src\Engine\Engine.java,Engine.Engine,actionPerformed/1[java.awt.event.ActionEvent],m2f2,1
E:\OOD\dummy\Football-master\Football-master\src\Engine\Engine.java,Engine.Engine,actionPerformed/1[java.awt.event.ActionEvent],showStats,2
E:\OOD\dummy\Football-master\Football-master\src\Engine\Engine.java,Engine.Engine,actionPerformed/1[java.awt.event.ActionEvent],m2s2,1
E:\OOD\dummy\Football-master\Football-master\src\Engine\Engine.java,Engine.Engine,actionPerformed/1[java.awt.event.ActionEvent],m2s3,1
E:\OOD\dummy\Football-master\Football-master\src\Engine\Engine.java,Engine.Engine,actionPerformed/1[java.awt.event.ActionEvent],resolutionObjs,1
E:\OOD\dummy\Football-master\Football-master\src\Engine\Engine.java,Engine.Engine,actionPerformed/1[java.awt.event.ActionEvent],m11,1
E:\OOD\dummy\Football-master\Football-master\src\Engine\Engine.java,Engine.Engine,actionPerformed/1[java.awt.event.ActionEvent],m21,1
E:\OOD\dummy\Football-master\Football-master\src\Engine\Engine.java,Engine.Engine,removeText/1[java.lang.String],texts,2
E:\OOD\dummy\Football-master\Football-master\src\Engine\Engine.java,Engine.Engine,"addText/3[java.lang.String,int,int]",texts,1
E:\OOD\dummy\Football-master\Football-master\src\Engine\Engine.java,Engine.Engine,"setFrame/2[int,int]",rightInset,1
E:\OOD\dummy\Football-master\Football-master\src\Engine\Engine.java,Engine.Engine,"setFrame/2[int,int]",width,2
E:\OOD\dummy\Football-master\Football-master\src\Engine\Engine.java,Engine.Engine,"setFrame/2[int,int]",topInset,1
E:\OOD\dummy\Football-master\Football-master\src\Engine\Engine.java,Engine.Engine,"setFrame/2[int,int]",height,2
E:\OOD\dummy\Football-master\Football-master\src\Engine\Engine.java,Engine.Engine,"setFrame/2[int,int]",frame,1
E:\OOD\dummy\Football-master\Football-master\src\Engine\Engine.java,Engine.Engine,updateScales/0,menuBar,3
E:\OOD\dummy\Football-master\Football-master\src\Engine\Engine.java,Engine.Engine,updateScales/0,scaleX,2
E:\OOD\dummy\Football-master\Football-master\src\Engine\Engine.java,Engine.Engine,updateScales/0,scaleY,2
E:\OOD\dummy\Football-master\Football-master\src\Engine\Engine.java,Engine.Engine,updateScales/0,firstH,2
E:\OOD\dummy\Football-master\Football-master\src\Engine\Engine.java,Engine.Engine,updateScales/0,width,2
E:\OOD\dummy\Football-master\Football-master\src\Engine\Engine.java,Engine.Engine,updateScales/0,topInset,1
E:\OOD\dummy\Football-master\Football-master\src\Engine\Engine.java,Engine.Engine,updateScales/0,firstW,2
E:\OOD\dummy\Football-master\Football-master\src\Engine\Engine.java,Engine.Engine,updateScales/0,height,2
E:\OOD\dummy\Football-master\Football-master\src\Engine\Engine.java,Engine.Engine,setUps/1[int],GAME_HERTZ,2
E:\OOD\dummy\Football-master\Football-master\src\Engine\Engine.java,Engine.Engine,setUps/1[int],ups,3
E:\OOD\dummy\Football-master\Football-master\src\Engine\Engine.java,Engine.Engine,setUps/1[int],TIME_BETWEEN_UPDATES,2
E:\OOD\dummy\Football-master\Football-master\src\Engine\Engine.java,Engine.Engine,menuBarimiz/0,menuBar,5
E:\OOD\dummy\Football-master\Football-master\src\Engine\Engine.java,Engine.Engine,menuBarimiz/0,m2f3,3
E:\OOD\dummy\Football-master\Football-master\src\Engine\Engine.java,Engine.Engine,menuBarimiz/0,m2s1,3
E:\OOD\dummy\Football-master\Football-master\src\Engine\Engine.java,Engine.Engine,menuBarimiz/0,m2f1,3
E:\OOD\dummy\Football-master\Football-master\src\Engine\Engine.java,Engine.Engine,menuBarimiz/0,m2f2,3
E:\OOD\dummy\Football-master\Football-master\src\Engine\Engine.java,Engine.Engine,menuBarimiz/0,m2s2,3
E:\OOD\dummy\Football-master\Football-master\src\Engine\Engine.java,Engine.Engine,menuBarimiz/0,m2s3,3
E:\OOD\dummy\Football-master\Football-master\src\Engine\Engine.java,Engine.Engine,menuBarimiz/0,resolutionObjs,1
E:\OOD\dummy\Football-master\Football-master\src\Engine\Engine.java,Engine.Engine,menuBarimiz/0,m11,3
E:\OOD\dummy\Football-master\Football-master\src\Engine\Engine.java,Engine.Engine,menuBarimiz/0,menu1,3
E:\OOD\dummy\Football-master\Football-master\src\Engine\Engine.java,Engine.Engine,menuBarimiz/0,m21,3
E:\OOD\dummy\Football-master\Football-master\src\Engine\Engine.java,Engine.Engine,scaleSize/0,scaleX,1
E:\OOD\dummy\Football-master\Football-master\src\Engine\Engine.java,Engine.Engine,scaleY/1[double],scaleY,2
E:\OOD\dummy\Football-master\Football-master\src\Engine\Engine.java,Engine.Engine,keyPressed/1[java.awt.event.KeyEvent],menuBar,6
E:\OOD\dummy\Football-master\Football-master\src\Engine\Engine.java,Engine.Engine,keyPressed/1[java.awt.event.KeyEvent],pressed,1
E:\OOD\dummy\Football-master\Football-master\src\Engine\Engine.java,Engine.Engine,keyPressed/1[java.awt.event.KeyEvent],width,2
E:\OOD\dummy\Football-master\Football-master\src\Engine\Engine.java,Engine.Engine,keyPressed/1[java.awt.event.KeyEvent],camera,6
E:\OOD\dummy\Football-master\Football-master\src\Engine\Engine.java,Engine.Engine,keyPressed/1[java.awt.event.KeyEvent],height,2
E:\OOD\dummy\Football-master\Football-master\src\Engine\Text.java,Engine.Text,"Text/3[java.lang.String,int,int]",ypos,3
E:\OOD\dummy\Football-master\Football-master\src\Engine\Text.java,Engine.Text,"Text/3[java.lang.String,int,int]",xpos,3
E:\OOD\dummy\Football-master\Football-master\src\Engine\Text.java,Engine.Text,"Text/3[java.lang.String,int,int]",identity,3
E:\OOD\dummy\Football-master\Football-master\src\Engine\Text.java,Engine.Text,render/1[java.awt.Graphics],ypos,1
E:\OOD\dummy\Football-master\Football-master\src\Engine\Text.java,Engine.Text,render/1[java.awt.Graphics],color,1
E:\OOD\dummy\Football-master\Football-master\src\Engine\Text.java,Engine.Text,render/1[java.awt.Graphics],size,1
E:\OOD\dummy\Football-master\Football-master\src\Engine\Text.java,Engine.Text,render/1[java.awt.Graphics],xpos,1
E:\OOD\dummy\Football-master\Football-master\src\Engine\Text.java,Engine.Text,render/1[java.awt.Graphics],text,1
E:\OOD\dummy\Football-master\Football-master\src\Engine\Text.java,Engine.Text,render/1[java.awt.Graphics],font,1
E:\OOD\dummy\Football-master\Football-master\src\Engine\Text.java,Engine.Text,"Text/5[java.lang.String,int,int,int,int]",ypos,2
E:\OOD\dummy\Football-master\Football-master\src\Engine\Text.java,Engine.Text,"Text/5[java.lang.String,int,int,int,int]",xpos,2
E:\OOD\dummy\Football-master\Football-master\src\Engine\Text.java,Engine.Text,"Text/5[java.lang.String,int,int,int,int]",size,3
E:\OOD\dummy\Football-master\Football-master\src\Engine\Text.java,Engine.Text,"Text/5[java.lang.String,int,int,int,int]",identity,2
E:\OOD\dummy\Football-master\Football-master\src\Engine\Text.java,Engine.Text,"Text/5[java.lang.String,int,int,int,int]",font,3
E:\OOD\dummy\Football-master\Football-master\src\Engine\Camera.java,Engine.Camera,"moveTo/2[long,long]",yPos,1
E:\OOD\dummy\Football-master\Football-master\src\Engine\Camera.java,Engine.Camera,"moveTo/2[long,long]",xPos,1
E:\OOD\dummy\Football-master\Football-master\src\Engine\Camera.java,Engine.Camera,"move/2[long,long]",yPos,1
E:\OOD\dummy\Football-master\Football-master\src\Engine\Camera.java,Engine.Camera,"move/2[long,long]",xPos,1
E:\OOD\dummy\Football-master\Football-master\src\Engine\Camera.java,Engine.Camera,chanceScale/1[float],viewScale,1
E:\OOD\dummy\Football-master\Football-master\src\Engine\Camera.java,Engine.Camera,"Camera/2[long,long]",yPos,3
E:\OOD\dummy\Football-master\Football-master\src\Engine\Camera.java,Engine.Camera,"Camera/2[long,long]",xPos,3
E:\OOD\dummy\Football-master\Football-master\src\futbol\Ai.java,futbol.Ai,run/0,yDes,2
E:\OOD\dummy\Football-master\Football-master\src\futbol\Ai.java,futbol.Ai,run/0,movingY,3
E:\OOD\dummy\Football-master\Football-master\src\futbol\Ai.java,futbol.Ai,run/0,movingX,3
E:\OOD\dummy\Football-master\Football-master\src\futbol\Ai.java,futbol.Ai,run/0,moving,2
E:\OOD\dummy\Football-master\Football-master\src\futbol\Ai.java,futbol.Ai,run/0,xDes,2
E:\OOD\dummy\Football-master\Football-master\src\futbol\Ai.java,futbol.Ai,Ai/1[byte],team,4
E:\OOD\dummy\Football-master\Football-master\src\futbol\Ai.java,futbol.Ai,Ai/1[byte],player,1
E:\OOD\dummy\Football-master\Football-master\src\futbol\Ai.java,futbol.Ai,getPlayer/0,team,1
E:\OOD\dummy\Football-master\Football-master\src\futbol\Ai.java,futbol.Ai,surplusY/0,yDes,1
E:\OOD\dummy\Football-master\Football-master\src\futbol\Ai.java,futbol.Ai,surplusY/0,xDes,1
E:\OOD\dummy\Football-master\Football-master\src\futbol\Ai.java,futbol.Ai,"goTo/2[int,int]",yDes,1
E:\OOD\dummy\Football-master\Football-master\src\futbol\Ai.java,futbol.Ai,"goTo/2[int,int]",movingY,1
E:\OOD\dummy\Football-master\Football-master\src\futbol\Ai.java,futbol.Ai,"goTo/2[int,int]",movingX,1
E:\OOD\dummy\Football-master\Football-master\src\futbol\Ai.java,futbol.Ai,"goTo/2[int,int]",xDes,1
E:\OOD\dummy\Football-master\Football-master\src\futbol\Ai.java,futbol.Ai,"goTo/2[int,int]",moving,1
E:\OOD\dummy\Football-master\Football-master\src\futbol\Ai.java,futbol.Ai,surplusX/0,yDes,1
E:\OOD\dummy\Football-master\Football-master\src\futbol\Ai.java,futbol.Ai,surplusX/0,xDes,1
E:\OOD\dummy\Football-master\Football-master\src\Engine\TimedEvent.java,Engine.TimedEvent,TimedEvent/1[int],time,1
E:\OOD\dummy\Football-master\Football-master\src\Engine\TimedEvent.java,Engine.TimedEvent,run/0,time,1
E:\OOD\dummy\Football-master\Football-master\src\futbol\Main.java,futbol.Main,reset/0,goal,1
E:\OOD\dummy\Football-master\Football-master\src\futbol\Main.java,futbol.Main,reset/0,players,1
E:\OOD\dummy\Football-master\Football-master\src\futbol\Main.java,futbol.Main,reset/0,mutators,1
E:\OOD\dummy\Football-master\Football-master\src\futbol\Main.java,futbol.Main,reset/0,arti2t,1
E:\OOD\dummy\Football-master\Football-master\src\futbol\Main.java,futbol.Main,reset/0,arti1t,1
E:\OOD\dummy\Football-master\Football-master\src\futbol\Main.java,futbol.Main,gameCodes/0,arti2,1
E:\OOD\dummy\Football-master\Football-master\src\futbol\Main.java,futbol.Main,gameCodes/0,ball,5
E:\OOD\dummy\Football-master\Football-master\src\futbol\Main.java,futbol.Main,gameCodes/0,goal,4
E:\OOD\dummy\Football-master\Football-master\src\futbol\Main.java,futbol.Main,gameCodes/0,players,1
E:\OOD\dummy\Football-master\Football-master\src\futbol\Main.java,futbol.Main,gameCodes/0,arti1,1
E:\OOD\dummy\Football-master\Football-master\src\futbol\Main.java,futbol.Main,gameCodes/0,mutatorsToRemove,1
E:\OOD\dummy\Football-master\Football-master\src\futbol\Main.java,futbol.Main,gameCodes/0,mutators,4
E:\OOD\dummy\Football-master\Football-master\src\futbol\Main.java,futbol.Main,gameCodes/0,arti2t,1
E:\OOD\dummy\Football-master\Football-master\src\futbol\Main.java,futbol.Main,gameCodes/0,arti1t,1
E:\OOD\dummy\Football-master\Football-master\src\futbol\Main.java,futbol.Main,menuBar/0,m15,3
E:\OOD\dummy\Football-master\Football-master\src\futbol\Main.java,futbol.Main,menuBar/0,m14,3
E:\OOD\dummy\Football-master\Football-master\src\futbol\Main.java,futbol.Main,menuBar/0,m110,3
E:\OOD\dummy\Football-master\Football-master\src\futbol\Main.java,futbol.Main,menuBar/0,m17,3
E:\OOD\dummy\Football-master\Football-master\src\futbol\Main.java,futbol.Main,menuBar/0,m16,3
E:\OOD\dummy\Football-master\Football-master\src\futbol\Main.java,futbol.Main,menuBar/0,m19,3
E:\OOD\dummy\Football-master\Football-master\src\futbol\Main.java,futbol.Main,menuBar/0,m18,3
E:\OOD\dummy\Football-master\Football-master\src\futbol\Main.java,futbol.Main,menuBar/0,m13,3
E:\OOD\dummy\Football-master\Football-master\src\futbol\Main.java,futbol.Main,menuBar/0,m12,3
E:\OOD\dummy\Football-master\Football-master\src\futbol\Main.java,futbol.Main,score/1[boolean],t2Score,1
E:\OOD\dummy\Football-master\Football-master\src\futbol\Main.java,futbol.Main,score/1[boolean],goal,1
E:\OOD\dummy\Football-master\Football-master\src\futbol\Main.java,futbol.Main,score/1[boolean],t1Score,1
E:\OOD\dummy\Football-master\Football-master\src\futbol\Main.java,futbol.Main,score/1[boolean],players,4
E:\OOD\dummy\Football-master\Football-master\src\futbol\Main.java,futbol.Main,actions/1[java.awt.event.ActionEvent],player1,1
E:\OOD\dummy\Football-master\Football-master\src\futbol\Main.java,futbol.Main,actions/1[java.awt.event.ActionEvent],player2,1
E:\OOD\dummy\Football-master\Football-master\src\futbol\Main.java,futbol.Main,actions/1[java.awt.event.ActionEvent],players,6
E:\OOD\dummy\Football-master\Football-master\src\futbol\Main.java,futbol.Main,actions/1[java.awt.event.ActionEvent],arti1,3
E:\OOD\dummy\Football-master\Football-master\src\futbol\Main.java,futbol.Main,actions/1[java.awt.event.ActionEvent],m13,1
E:\OOD\dummy\Football-master\Football-master\src\futbol\Main.java,futbol.Main,actions/1[java.awt.event.ActionEvent],m12,1
E:\OOD\dummy\Football-master\Football-master\src\futbol\Main.java,futbol.Main,actions/1[java.awt.event.ActionEvent],m15,1
E:\OOD\dummy\Football-master\Football-master\src\futbol\Main.java,futbol.Main,actions/1[java.awt.event.ActionEvent],m14,1
E:\OOD\dummy\Football-master\Football-master\src\futbol\Main.java,futbol.Main,actions/1[java.awt.event.ActionEvent],m110,1
E:\OOD\dummy\Football-master\Football-master\src\futbol\Main.java,futbol.Main,actions/1[java.awt.event.ActionEvent],m17,1
E:\OOD\dummy\Football-master\Football-master\src\futbol\Main.java,futbol.Main,actions/1[java.awt.event.ActionEvent],m16,1
E:\OOD\dummy\Football-master\Football-master\src\futbol\Main.java,futbol.Main,actions/1[java.awt.event.ActionEvent],m19,1
E:\OOD\dummy\Football-master\Football-master\src\futbol\Main.java,futbol.Main,actions/1[java.awt.event.ActionEvent],m18,1
E:\OOD\dummy\Football-master\Football-master\src\futbol\Main.java,futbol.Main,actions/1[java.awt.event.ActionEvent],name2,2
E:\OOD\dummy\Football-master\Football-master\src\futbol\Main.java,futbol.Main,actions/1[java.awt.event.ActionEvent],name1,4
E:\OOD\dummy\Football-master\Football-master\src\futbol\Main.java,futbol.Main,paintComponent/1[java.awt.Graphics],leftBound2,1
E:\OOD\dummy\Football-master\Football-master\src\futbol\Main.java,futbol.Main,paintComponent/1[java.awt.Graphics],leftBound1,1
E:\OOD\dummy\Football-master\Football-master\src\futbol\Main.java,futbol.Main,paintComponent/1[java.awt.Graphics],player1,1
E:\OOD\dummy\Football-master\Football-master\src\futbol\Main.java,futbol.Main,paintComponent/1[java.awt.Graphics],player2,1
E:\OOD\dummy\Football-master\Football-master\src\futbol\Main.java,futbol.Main,paintComponent/1[java.awt.Graphics],t1Score,1
E:\OOD\dummy\Football-master\Football-master\src\futbol\Main.java,futbol.Main,paintComponent/1[java.awt.Graphics],players,10
E:\OOD\dummy\Football-master\Football-master\src\futbol\Main.java,futbol.Main,paintComponent/1[java.awt.Graphics],mutators,1
E:\OOD\dummy\Football-master\Football-master\src\futbol\Main.java,futbol.Main,paintComponent/1[java.awt.Graphics],rightBound2,1
E:\OOD\dummy\Football-master\Football-master\src\futbol\Main.java,futbol.Main,paintComponent/1[java.awt.Graphics],rightBound1,1
E:\OOD\dummy\Football-master\Football-master\src\futbol\Main.java,futbol.Main,paintComponent/1[java.awt.Graphics],ball,1
E:\OOD\dummy\Football-master\Football-master\src\futbol\Main.java,futbol.Main,paintComponent/1[java.awt.Graphics],t2Score,1
E:\OOD\dummy\Football-master\Football-master\src\futbol\Main.java,futbol.Main,paintComponent/1[java.awt.Graphics],blDirek,1
E:\OOD\dummy\Football-master\Football-master\src\futbol\Main.java,futbol.Main,paintComponent/1[java.awt.Graphics],tlDirek,1
E:\OOD\dummy\Football-master\Football-master\src\futbol\Main.java,futbol.Main,paintComponent/1[java.awt.Graphics],topBound,1
E:\OOD\dummy\Football-master\Football-master\src\futbol\Main.java,futbol.Main,paintComponent/1[java.awt.Graphics],botBound,1
E:\OOD\dummy\Football-master\Football-master\src\futbol\Main.java,futbol.Main,paintComponent/1[java.awt.Graphics],brDirek,1
E:\OOD\dummy\Football-master\Football-master\src\futbol\Main.java,futbol.Main,paintComponent/1[java.awt.Graphics],name2,1
E:\OOD\dummy\Football-master\Football-master\src\futbol\Main.java,futbol.Main,paintComponent/1[java.awt.Graphics],name1,1
E:\OOD\dummy\Football-master\Football-master\src\futbol\Main.java,futbol.Main,paintComponent/1[java.awt.Graphics],trDirek,1
E:\OOD\dummy\Football-master\Football-master\src\futbol\Main.java,futbol.Main,Main/0,arti2,1
E:\OOD\dummy\Football-master\Football-master\src\futbol\Main.java,futbol.Main,Main/0,leftBound2,1
E:\OOD\dummy\Football-master\Football-master\src\futbol\Main.java,futbol.Main,Main/0,leftBound1,1
E:\OOD\dummy\Football-master\Football-master\src\futbol\Main.java,futbol.Main,Main/0,player1,2
E:\OOD\dummy\Football-master\Football-master\src\futbol\Main.java,futbol.Main,Main/0,player2,2
E:\OOD\dummy\Football-master\Football-master\src\futbol\Main.java,futbol.Main,Main/0,players,6
E:\OOD\dummy\Football-master\Football-master\src\futbol\Main.java,futbol.Main,Main/0,arti1,1
E:\OOD\dummy\Football-master\Football-master\src\futbol\Main.java,futbol.Main,Main/0,arti2t,2
E:\OOD\dummy\Football-master\Football-master\src\futbol\Main.java,futbol.Main,Main/0,arti1t,2
E:\OOD\dummy\Football-master\Football-master\src\futbol\Main.java,futbol.Main,Main/0,rightBound2,1
E:\OOD\dummy\Football-master\Football-master\src\futbol\Main.java,futbol.Main,Main/0,rightBound1,1
E:\OOD\dummy\Football-master\Football-master\src\futbol\Main.java,futbol.Main,Main/0,ball,1
E:\OOD\dummy\Football-master\Football-master\src\futbol\Main.java,futbol.Main,Main/0,blDirek,1
E:\OOD\dummy\Football-master\Football-master\src\futbol\Main.java,futbol.Main,Main/0,tlDirek,1
E:\OOD\dummy\Football-master\Football-master\src\futbol\Main.java,futbol.Main,Main/0,topBound,1
E:\OOD\dummy\Football-master\Football-master\src\futbol\Main.java,futbol.Main,Main/0,botBound,1
E:\OOD\dummy\Football-master\Football-master\src\futbol\Main.java,futbol.Main,Main/0,brDirek,1
E:\OOD\dummy\Football-master\Football-master\src\futbol\Main.java,futbol.Main,Main/0,name2,1
E:\OOD\dummy\Football-master\Football-master\src\futbol\Main.java,futbol.Main,Main/0,name1,1
E:\OOD\dummy\Football-master\Football-master\src\futbol\Main.java,futbol.Main,Main/0,trDirek,1
E:\OOD\dummy\Football-master\Football-master\src\futbol\Main.java,futbol.Main,keyPressed/1[java.awt.event.KeyEvent],arti2,2
E:\OOD\dummy\Football-master\Football-master\src\futbol\Main.java,futbol.Main,keyPressed/1[java.awt.event.KeyEvent],arti1,2
E:\OOD\dummy\Football-master\Football-master\src\Engine\Unit.java,Engine.Unit,render/1[java.awt.Graphics],image,3
E:\OOD\dummy\Football-master\Football-master\src\Engine\Unit.java,Engine.Unit,render/1[java.awt.Graphics],yPos,1
E:\OOD\dummy\Football-master\Football-master\src\Engine\Unit.java,Engine.Unit,render/1[java.awt.Graphics],xPos,1
E:\OOD\dummy\Football-master\Football-master\src\futbol\Ball.java,futbol.Ball,move/0,lbg,1
E:\OOD\dummy\Football-master\Football-master\src\futbol\Ball.java,futbol.Ball,move/0,slowX,5
E:\OOD\dummy\Football-master\Football-master\src\futbol\Ball.java,futbol.Ball,move/0,rtg,1
E:\OOD\dummy\Football-master\Football-master\src\futbol\Ball.java,futbol.Ball,move/0,moveAngle,3
E:\OOD\dummy\Football-master\Football-master\src\futbol\Ball.java,futbol.Ball,move/0,slow,2
E:\OOD\dummy\Football-master\Football-master\src\futbol\Ball.java,futbol.Ball,move/0,rbg,1
E:\OOD\dummy\Football-master\Football-master\src\futbol\Ball.java,futbol.Ball,move/0,ltg,1
E:\OOD\dummy\Football-master\Football-master\src\futbol\Ball.java,futbol.Ball,move/0,slowY,5
