file,class,method,constructor,line,cbo,cboModified,fanin,fanout,wmc,rfc,loc,returnsQty,variablesQty,parametersQty,methodsInvokedQty,methodsInvokedLocalQty,methodsInvokedIndirectLocalQty,loopQty,comparisonsQty,tryCatchQty,parenthesizedExpsQty,stringLiteralsQty,numbersQty,assignmentsQty,mathOperationsQty,maxNestedBlocksQty,anonymousClassesQty,innerClassesQty,lambdasQty,uniqueWordsQty,modifiers,logStatementsQty,hasJavaDoc
E:\OOD\dummy\Football-master\Football-master\src\futbol\Mutator.java,futbol.Mutator,move/0,false,40,0,1,1,0,1,1,3,0,0,0,1,0,0,0,0,0,0,0,0,0,0,0,0,0,0,1,0,0,false
E:\OOD\dummy\Football-master\Football-master\src\futbol\Mutator.java,futbol.Mutator,activate/1[boolean],false,48,2,3,1,2,4,3,30,0,1,1,3,0,0,0,2,0,0,0,4,2,2,1,2,0,0,8,0,0,false
E:\OOD\dummy\Football-master\Football-master\src\futbol\Mutator.java,futbol.Mutator,Mutator/1[futbol.MutatorT],true,13,1,1,1,0,3,1,30,0,0,1,1,0,0,0,0,0,0,0,6,15,2,1,0,0,0,12,0,0,false
E:\OOD\dummy\Football-master\Football-master\src\futbol\Mutator.java,futbol.Mutator,createMutator/1[int],false,72,1,2,1,1,3,0,16,3,0,1,0,0,0,0,0,0,0,0,2,0,0,1,0,0,0,4,8,0,false
E:\OOD\dummy\Football-master\Football-master\src\futbol\Player.java,futbol.Player,enemy/0,false,109,1,1,1,0,3,0,4,2,0,0,0,0,0,1,1,0,0,0,0,0,0,2,0,0,0,4,1,0,false
E:\OOD\dummy\Football-master\Football-master\src\futbol\Player.java,futbol.Player,setColor/1[java.awt.Color],false,113,0,1,1,0,2,0,11,0,0,1,0,0,0,0,0,0,0,0,0,5,0,1,0,0,0,6,1,0,false
E:\OOD\dummy\Football-master\Football-master\src\futbol\Player.java,futbol.Player,setGoalSize/1[int],false,122,1,6,5,1,3,1,18,0,0,1,1,0,0,1,1,0,0,0,24,11,24,1,0,0,0,7,0,0,false
E:\OOD\dummy\Football-master\Football-master\src\futbol\Player.java,futbol.Player,"Player/4[java.lang.String,int,int,boolean]",true,25,0,1,1,0,1,0,9,0,0,4,0,0,0,0,0,0,0,0,2,6,0,0,0,0,0,8,0,0,false
E:\OOD\dummy\Football-master\Football-master\src\futbol\Player.java,futbol.Player,move/0,false,35,1,3,1,2,37,7,66,1,0,0,7,0,0,0,0,0,10,0,36,41,66,7,0,0,0,18,0,0,false
E:\OOD\dummy\Football-master\Football-master\src\futbol\Circly.java,futbol.Circly,draw/1[java.awt.Graphics],false,14,1,5,1,4,1,6,4,0,0,1,6,0,0,0,0,0,0,0,0,0,2,0,0,0,0,9,0,0,false
E:\OOD\dummy\Football-master\Football-master\src\futbol\Direk.java,futbol.Direk,"Direk/2[boolean,boolean]",true,23,0,1,1,0,5,1,20,0,0,2,1,0,0,0,0,0,2,0,10,11,6,1,0,0,0,12,0,0,false
E:\OOD\dummy\Football-master\Football-master\src\futbol\Direk.java,futbol.Direk,"Direk/2[int,int]",true,13,0,0,0,0,2,1,10,0,0,2,1,0,0,0,0,0,0,0,5,7,0,1,0,0,0,10,0,0,false
E:\OOD\dummy\Football-master\Football-master\src\futbol\Direk.java,futbol.Direk,updateGoalSize/0,false,43,0,1,1,0,4,0,4,0,0,0,0,0,0,0,0,0,2,0,6,2,6,1,0,0,0,7,0,0,false
E:\OOD\dummy\Football-master\Football-master\src\Engine\Engine.java,Engine.Engine,setFps/1[int],false,421,0,1,1,0,1,1,5,0,0,1,1,0,0,0,0,0,0,1,1,2,2,0,0,0,0,17,2,0,false
E:\OOD\dummy\Football-master\Football-master\src\Engine\Engine.java,Engine.Engine,paintComponent/1[java.awt.Graphics],false,213,1,1,0,1,3,3,7,0,0,1,3,0,0,1,0,0,0,2,2,0,1,1,0,0,0,10,1,0,false
E:\OOD\dummy\Football-master\Football-master\src\Engine\Engine.java,Engine.Engine,scaleX/1[double],false,406,0,4,4,0,1,0,3,1,0,1,0,0,0,0,0,0,2,0,0,0,2,0,0,0,0,3,1,0,false
E:\OOD\dummy\Football-master\Football-master\src\Engine\Engine.java,Engine.Engine,gameCodes/0,false,169,0,1,1,0,1,0,1,0,0,0,0,0,0,0,0,0,0,0,0,0,0,0,0,0,0,2,1028,0,false
E:\OOD\dummy\Football-master\Football-master\src\Engine\Engine.java,Engine.Engine,saveConf/0,false,189,0,1,1,0,5,8,25,0,2,0,8,0,0,1,0,3,0,8,0,5,3,3,0,0,0,20,1,0,false
E:\OOD\dummy\Football-master\Football-master\src\Engine\Engine.java,Engine.Engine,readSett/0,false,139,0,1,1,0,6,9,33,0,4,0,9,0,0,1,0,4,0,10,2,4,2,4,0,0,0,24,2,0,false
E:\OOD\dummy\Football-master\Football-master\src\Engine\Engine.java,Engine.Engine,initialize/0,false,133,1,3,1,2,1,6,5,0,0,0,6,2,2,0,0,0,0,1,3,1,0,0,0,0,0,6,1,0,false
E:\OOD\dummy\Football-master\Football-master\src\Engine\Engine.java,Engine.Engine,scaleY/0,false,392,0,0,0,0,1,0,3,1,0,0,0,0,0,0,0,0,0,0,0,0,0,0,0,0,0,2,2,0,false
E:\OOD\dummy\Football-master\Football-master\src\Engine\Engine.java,Engine.Engine,scaleSizeY/1[double],false,403,0,2,2,0,1,0,3,1,0,1,0,0,0,0,0,0,1,0,0,0,1,0,0,0,0,4,1,0,false
E:\OOD\dummy\Football-master\Football-master\src\Engine\Engine.java,Engine.Engine,menuBar/0,false,173,0,1,1,0,1,0,1,0,0,0,0,0,0,0,0,0,0,0,0,0,0,0,0,0,0,5,1028,0,true
E:\OOD\dummy\Football-master\Football-master\src\Engine\Engine.java,Engine.Engine,itemStateChanged/1[java.awt.event.ItemEvent],false,309,0,0,0,0,1,1,3,0,1,1,1,0,0,0,0,0,1,0,0,1,0,0,0,0,0,9,1,0,false
E:\OOD\dummy\Football-master\Football-master\src\Engine\Engine.java,Engine.Engine,Engine/0,true,71,1,3,0,3,2,31,43,0,1,0,31,2,2,1,0,0,0,9,9,10,7,1,1,0,0,47,1,0,false
E:\OOD\dummy\Football-master\Football-master\src\Engine\Engine.java,Engine.Engine,actions/1[java.awt.event.ActionEvent],false,180,0,1,1,0,1,0,1,0,0,1,0,0,0,0,0,0,0,0,0,0,0,0,0,0,0,4,1028,0,false
E:\OOD\dummy\Football-master\Football-master\src\Engine\Engine.java,Engine.Engine,resolutions/0,false,182,0,1,1,0,1,0,1,0,0,0,0,0,0,0,0,0,0,0,0,0,0,0,0,0,0,9,1025,0,true
E:\OOD\dummy\Football-master\Football-master\src\Engine\Engine.java,Engine.Engine,run/0,false,223,2,5,1,4,8,11,49,0,0,0,11,3,3,1,0,2,2,1,8,7,9,3,1,0,0,46,1,0,false
E:\OOD\dummy\Football-master\Football-master\src\Engine\Engine.java,Engine.Engine,scaleX/0,false,129,0,0,0,0,1,0,3,1,0,0,0,0,0,0,0,0,0,0,0,0,0,0,0,0,0,2,10,0,false
E:\OOD\dummy\Football-master\Football-master\src\Engine\Engine.java,Engine.Engine,reset/0,false,171,0,1,1,0,1,0,1,0,0,0,0,0,0,0,0,0,0,0,0,0,0,0,0,0,0,1,1028,0,false
E:\OOD\dummy\Football-master\Football-master\src\Engine\Engine.java,Engine.Engine,keyReleased/1[java.awt.event.KeyEvent],false,305,0,0,0,0,1,2,3,0,0,1,2,0,0,0,0,0,0,0,0,0,0,0,0,0,0,5,1,0,false
E:\OOD\dummy\Football-master\Football-master\src\Engine\Engine.java,Engine.Engine,scaleSizeX/1[double],false,400,0,2,2,0,1,0,3,1,0,1,0,0,0,0,0,0,1,0,0,0,1,0,0,0,0,4,1,0,false
E:\OOD\dummy\Football-master\Football-master\src\Engine\Engine.java,Engine.Engine,actionPerformed/1[java.awt.event.ActionEvent],false,317,1,5,0,5,11,10,35,0,1,1,10,5,2,1,9,0,3,3,8,2,0,2,0,0,0,28,1,0,false
E:\OOD\dummy\Football-master\Football-master\src\Engine\Engine.java,Engine.Engine,main/0,false,313,0,0,0,0,1,1,3,0,0,0,1,0,0,0,0,0,0,1,0,0,0,0,0,0,0,4,9,0,false
E:\OOD\dummy\Football-master\Football-master\src\Engine\Engine.java,Engine.Engine,removeText/1[java.lang.String],false,445,0,0,0,0,3,2,3,0,0,1,2,0,0,1,0,0,0,0,0,0,0,2,0,0,0,5,1,0,false
E:\OOD\dummy\Football-master\Football-master\src\Engine\Engine.java,Engine.Engine,"addText/3[java.lang.String,int,int]",false,442,1,1,0,1,1,1,3,0,0,3,1,0,0,0,0,0,0,0,0,0,0,0,0,0,0,3,1,0,false
E:\OOD\dummy\Football-master\Football-master\src\Engine\Engine.java,Engine.Engine,keyTyped/1[java.awt.event.KeyEvent],false,221,0,0,0,0,1,0,2,0,0,1,0,0,0,0,0,0,0,0,0,0,0,0,0,0,0,5,1,0,false
E:\OOD\dummy\Football-master\Football-master\src\Engine\Engine.java,Engine.Engine,"setFrame/2[int,int]",false,434,1,4,3,1,1,2,6,0,0,2,2,1,1,0,0,0,0,0,0,2,2,0,0,0,0,10,2,0,false
E:\OOD\dummy\Football-master\Football-master\src\Engine\Engine.java,Engine.Engine,updateScales/0,false,413,0,4,4,0,3,2,6,0,0,0,2,0,0,0,0,0,6,0,1,4,10,1,0,0,0,12,1,0,false
E:\OOD\dummy\Football-master\Football-master\src\Engine\Engine.java,Engine.Engine,setUps/1[int],false,427,0,1,1,0,1,1,6,0,0,1,1,0,0,0,0,0,0,2,1,2,3,0,0,0,0,20,2,0,false
E:\OOD\dummy\Football-master\Football-master\src\Engine\Engine.java,Engine.Engine,menuBarimiz/0,false,349,1,2,1,1,2,6,42,1,1,0,6,1,1,1,0,0,0,13,0,11,0,1,0,0,0,19,2,0,false
E:\OOD\dummy\Football-master\Football-master\src\Engine\Engine.java,Engine.Engine,scaleSize/0,false,396,0,0,0,0,1,0,3,1,0,0,0,0,0,0,0,0,0,0,0,0,0,0,0,0,0,3,1,0,false
E:\OOD\dummy\Football-master\Football-master\src\Engine\Engine.java,Engine.Engine,scaleY/1[double],false,409,0,4,4,0,1,0,3,1,0,1,0,0,0,0,0,0,2,0,0,0,2,0,0,0,0,3,1,0,false
E:\OOD\dummy\Football-master\Football-master\src\Engine\Engine.java,Engine.Engine,keyPressed/1[java.awt.event.KeyEvent],false,283,2,3,0,3,11,8,22,0,1,1,8,1,2,0,8,0,0,0,12,1,4,6,0,0,0,12,1,0,false
E:\OOD\dummy\Football-master\Football-master\src\futbol\Mutator.java,futbol.Mutator$Anonymous2,run/0,false,65,1,3,0,3,2,3,4,0,0,0,3,0,0,0,0,0,0,0,1,0,1,1,0,0,0,1,1,0,false
E:\OOD\dummy\Football-master\Football-master\src\futbol\Mutator.java,futbol.Mutator$Anonymous1,run/0,false,58,1,3,0,3,2,3,4,0,0,0,3,0,0,0,0,0,0,0,1,0,1,1,0,0,0,1,1,0,false
E:\OOD\dummy\Football-master\Football-master\src\futbol\Main.java,futbol.Main$Anonymous5,run/0,false,400,1,3,0,3,1,2,4,0,0,0,2,0,0,0,0,0,0,0,0,0,0,0,0,0,0,2,1,0,false
E:\OOD\dummy\Football-master\Football-master\src\futbol\Shapes.java,futbol.Shapes,draw/1[java.awt.Graphics],false,13,1,5,1,4,1,6,4,0,0,1,6,0,0,0,0,0,0,0,0,0,0,0,0,0,0,7,0,0,false
E:\OOD\dummy\Football-master\Football-master\src\futbol\Shapes.java,futbol.Shapes,"Shapes/4[int,int,int,int]",true,6,0,1,1,0,1,0,6,0,0,4,0,0,0,0,0,0,0,0,0,4,0,0,0,0,0,5,0,0,false
E:\OOD\dummy\Football-master\Football-master\src\futbol\Main.java,futbol.Main$Anonymous4,run/0,false,328,0,3,0,3,1,1,4,0,0,0,1,0,0,0,0,0,0,0,0,1,0,0,0,0,0,2,1,0,false
E:\OOD\dummy\Football-master\Football-master\src\futbol\Main.java,futbol.Main$Anonymous3,run/0,false,323,0,3,0,3,1,1,4,0,0,0,1,0,0,0,0,0,0,0,0,1,0,0,0,0,0,2,1,0,false
E:\OOD\dummy\Football-master\Football-master\src\futbol\Main.java,futbol.Main$Anonymous2,run/0,false,147,0,3,0,3,2,1,4,0,0,0,1,0,0,0,0,0,0,0,0,1,0,1,0,0,0,2,1,0,false
E:\OOD\dummy\Football-master\Football-master\src\Engine\Text.java,Engine.Text,"Text/3[java.lang.String,int,int]",true,12,0,1,1,0,1,0,5,0,0,3,0,0,0,0,0,0,0,0,0,3,0,0,0,0,0,4,1,0,false
E:\OOD\dummy\Football-master\Football-master\src\Engine\Text.java,Engine.Text,render/1[java.awt.Graphics],false,22,0,1,1,0,1,3,5,0,0,1,3,0,0,0,0,0,0,1,0,0,0,0,0,0,0,5,1,0,false
E:\OOD\dummy\Football-master\Football-master\src\Engine\Text.java,Engine.Text,"Text/5[java.lang.String,int,int,int,int]",true,17,0,0,0,0,1,0,5,0,0,5,0,0,0,0,0,0,0,0,0,2,0,0,0,0,0,3,1,0,false
E:\OOD\dummy\Football-master\Football-master\src\futbol\Main.java,futbol.Main$Anonymous1,run/0,false,133,1,3,0,3,2,4,6,0,0,0,4,0,0,1,0,0,0,0,1,0,0,1,0,0,0,1,1,0,false
E:\OOD\dummy\Football-master\Football-master\src\Engine\Camera.java,Engine.Camera,"moveTo/2[long,long]",false,12,1,1,0,1,1,1,5,0,0,2,1,0,0,0,0,0,0,0,0,2,0,0,0,0,0,4,1,0,false
E:\OOD\dummy\Football-master\Football-master\src\Engine\Camera.java,Engine.Camera,"move/2[long,long]",false,18,1,2,1,1,1,1,5,0,0,2,1,0,0,0,0,0,0,0,0,2,0,0,0,0,0,4,1,0,false
E:\OOD\dummy\Football-master\Football-master\src\Engine\Camera.java,Engine.Camera,chanceScale/1[float],false,24,1,2,1,1,1,1,4,0,0,1,1,0,0,0,0,0,0,0,0,1,0,0,0,0,0,4,1,0,false
E:\OOD\dummy\Football-master\Football-master\src\Engine\Camera.java,Engine.Camera,"Camera/2[long,long]",true,7,0,0,0,0,1,0,4,0,0,2,0,0,0,0,0,0,0,0,0,2,0,0,0,0,0,4,0,0,false
E:\OOD\dummy\Football-master\Football-master\src\futbol\Ai.java,futbol.Ai,run/0,false,21,1,11,1,10,10,11,24,0,0,0,11,10,5,0,0,0,4,0,0,3,4,5,0,0,0,15,1,0,false
E:\OOD\dummy\Football-master\Football-master\src\futbol\Ai.java,futbol.Ai,releaseDown/0,false,67,0,2,2,0,1,1,3,0,0,0,1,0,0,0,0,0,0,0,0,0,0,0,0,0,0,2,0,0,false
E:\OOD\dummy\Football-master\Football-master\src\futbol\Ai.java,futbol.Ai,pressDown/0,false,63,1,2,1,1,1,2,4,0,0,0,2,1,1,0,0,0,0,0,0,0,0,0,0,0,0,4,0,0,false
E:\OOD\dummy\Football-master\Football-master\src\futbol\Ai.java,futbol.Ai,releaseRight/0,false,81,0,2,2,0,1,1,3,0,0,0,1,0,0,0,0,0,0,0,0,0,0,0,0,0,0,2,0,0,false
E:\OOD\dummy\Football-master\Football-master\src\futbol\Ai.java,futbol.Ai,pressUp/0,false,56,1,2,1,1,1,2,4,0,0,0,2,1,1,0,0,0,0,0,0,0,0,0,0,0,0,4,0,0,false
E:\OOD\dummy\Football-master\Football-master\src\futbol\Ai.java,futbol.Ai,getXSpeed/0,false,122,0,0,0,0,1,0,3,1,0,0,0,0,0,0,0,0,0,0,0,0,0,0,0,0,0,3,0,0,false
E:\OOD\dummy\Football-master\Football-master\src\futbol\Ai.java,futbol.Ai,Ai/1[byte],true,14,1,2,1,1,1,2,7,0,0,1,2,1,1,0,0,0,0,1,0,4,1,0,0,0,0,7,0,0,false
E:\OOD\dummy\Football-master\Football-master\src\futbol\Ai.java,futbol.Ai,pressLeft/0,false,70,1,2,1,1,1,2,4,0,0,0,2,1,1,0,0,0,0,0,0,0,0,0,0,0,0,4,0,0,false
E:\OOD\dummy\Football-master\Football-master\src\futbol\Ai.java,futbol.Ai,getPlayer/0,false,53,1,1,1,0,1,0,3,1,0,0,0,0,0,0,0,0,0,0,1,0,1,0,0,0,0,2,0,0,false
E:\OOD\dummy\Football-master\Football-master\src\futbol\Ai.java,futbol.Ai,surplusY/0,false,84,0,1,1,0,5,3,13,1,4,0,3,0,0,2,0,0,0,0,8,10,12,3,0,0,0,8,0,0,false
E:\OOD\dummy\Football-master\Football-master\src\futbol\Ai.java,futbol.Ai,getYSpeed/0,false,119,0,0,0,0,1,0,3,1,0,0,0,0,0,0,0,0,0,0,0,0,0,0,0,0,0,3,0,0,false
E:\OOD\dummy\Football-master\Football-master\src\futbol\Ai.java,futbol.Ai,"goTo/2[int,int]",false,45,0,2,2,0,1,1,8,0,0,2,1,0,0,0,0,0,0,2,0,5,1,0,0,0,0,10,0,0,false
E:\OOD\dummy\Football-master\Football-master\src\futbol\Ai.java,futbol.Ai,releaseUp/0,false,60,0,2,2,0,1,1,3,0,0,0,1,0,0,0,0,0,0,0,0,0,0,0,0,0,0,2,0,0,false
E:\OOD\dummy\Football-master\Football-master\src\futbol\Ai.java,futbol.Ai,pressRight/0,false,77,1,2,1,1,1,2,4,0,0,0,2,1,1,0,0,0,0,0,0,0,0,0,0,0,0,4,0,0,false
E:\OOD\dummy\Football-master\Football-master\src\futbol\Ai.java,futbol.Ai,releaseLeft/0,false,74,0,2,2,0,1,1,3,0,0,0,1,0,0,0,0,0,0,0,0,0,0,0,0,0,0,2,0,0,false
E:\OOD\dummy\Football-master\Football-master\src\futbol\Ai.java,futbol.Ai,surplusX/0,false,102,0,1,1,0,5,3,13,1,4,0,3,0,0,2,0,0,0,0,8,10,12,3,0,0,0,8,0,0,false
E:\OOD\dummy\Football-master\Football-master\src\Engine\Engine.java,Engine.Engine$Anonymous2,run/0,false,235,0,3,0,3,2,3,10,0,0,0,3,0,0,1,0,0,0,0,4,4,2,1,0,0,0,8,1,0,false
E:\OOD\dummy\Football-master\Football-master\src\Engine\TimedEvent.java,Engine.TimedEvent,TimedEvent/1[int],true,5,0,0,0,0,1,0,4,0,0,1,0,0,0,0,0,0,0,0,0,1,0,0,0,0,0,3,1,0,false
E:\OOD\dummy\Football-master\Football-master\src\Engine\TimedEvent.java,Engine.TimedEvent,run/0,false,11,0,0,0,0,2,3,9,0,0,0,3,0,0,0,0,1,0,0,0,0,0,1,0,0,0,5,1,0,false
E:\OOD\dummy\Football-master\Football-master\src\Engine\Engine.java,Engine.Engine$Anonymous1,windowClosing/1[java.awt.event.WindowEvent],false,83,0,0,0,0,1,1,4,0,0,1,1,0,0,0,0,0,0,0,1,1,0,0,0,0,0,5,1,0,false
E:\OOD\dummy\Football-master\Football-master\src\futbol\Main.java,futbol.Main,main/1[java.lang.String[]],false,113,2,2,0,2,1,2,5,0,0,1,2,0,0,0,0,0,0,1,0,1,0,0,0,0,0,4,9,0,false
E:\OOD\dummy\Football-master\Football-master\src\futbol\Main.java,futbol.Main,reset/0,false,362,1,3,2,1,4,2,25,0,1,0,2,0,0,1,0,0,0,0,14,18,1,1,0,0,0,10,1,0,false
E:\OOD\dummy\Football-master\Football-master\src\futbol\Main.java,futbol.Main,"distance/4[double,double,double,double]",false,119,0,1,1,0,1,2,3,1,0,4,2,0,0,0,0,0,4,0,0,0,7,0,0,0,0,5,8,0,false
E:\OOD\dummy\Football-master\Football-master\src\futbol\Main.java,futbol.Main,gameCodes/0,false,142,6,9,0,9,21,10,48,0,0,0,10,2,1,6,0,0,4,0,7,1,4,3,1,0,0,22,1,0,false
E:\OOD\dummy\Football-master\Football-master\src\futbol\Main.java,futbol.Main,menuBar/0,false,187,0,0,0,0,1,2,29,0,0,0,2,0,0,0,0,0,0,9,0,9,0,0,0,0,0,22,1,0,false
E:\OOD\dummy\Football-master\Football-master\src\futbol\Main.java,futbol.Main,initialize/0,false,127,2,2,0,2,2,4,14,0,0,0,4,1,1,1,0,0,0,0,1,0,0,1,1,0,0,7,1,0,false
E:\OOD\dummy\Football-master\Football-master\src\futbol\Main.java,futbol.Main,score/1[boolean],false,388,1,2,1,1,2,1,20,0,0,1,1,0,0,0,0,0,0,0,5,5,0,1,1,0,0,11,2,0,false
E:\OOD\dummy\Football-master\Football-master\src\futbol\Main.java,futbol.Main,resolutions/0,false,108,0,0,0,0,1,1,4,0,0,0,1,0,0,0,0,0,0,2,0,0,0,0,0,0,0,1,1,0,false
E:\OOD\dummy\Football-master\Football-master\src\futbol\Main.java,futbol.Main,actions/1[java.awt.event.ActionEvent],false,217,2,3,0,3,21,16,66,0,8,1,16,0,0,0,10,0,4,29,15,10,2,2,0,0,0,29,4,0,false
E:\OOD\dummy\Football-master\Football-master\src\futbol\Main.java,futbol.Main,paintComponent/1[java.awt.Graphics],false,332,3,4,0,4,7,9,27,0,0,1,9,0,0,1,0,0,2,17,23,0,24,1,0,0,0,14,1,0,false
E:\OOD\dummy\Football-master\Football-master\src\futbol\Main.java,futbol.Main,Main/0,true,50,5,8,1,7,4,5,42,0,0,0,5,0,0,1,0,0,0,4,38,30,5,1,0,0,0,26,2,0,false
E:\OOD\dummy\Football-master\Football-master\src\futbol\Main.java,futbol.Main,keyPressed/1[java.awt.event.KeyEvent],false,317,2,2,0,2,7,5,29,0,0,1,5,0,0,0,4,0,0,0,6,0,0,2,2,0,0,8,1,0,false
E:\OOD\dummy\Football-master\Football-master\src\futbol\Main.java,futbol.Main,"distance/2[futbol.Circly,futbol.Circly]",false,123,1,2,2,0,1,2,3,1,0,2,2,0,0,0,0,0,4,0,0,0,7,0,0,0,0,3,8,0,false
E:\OOD\dummy\Football-master\Football-master\src\Engine\Unit.java,Engine.Unit,render/1[java.awt.Graphics],false,14,1,2,0,2,1,5,3,0,0,1,5,0,0,0,0,0,0,0,0,0,0,0,0,0,0,6,1,0,false
E:\OOD\dummy\Football-master\Football-master\src\futbol\Ball.java,futbol.Ball,getXSpeed/0,false,76,0,1,1,0,1,0,3,1,0,0,0,0,0,0,0,0,0,0,0,0,1,0,0,0,0,4,0,0,false
E:\OOD\dummy\Football-master\Football-master\src\futbol\Ball.java,futbol.Ball,move/0,false,41,1,3,1,2,17,6,29,0,0,0,6,2,1,0,0,0,6,0,14,19,15,2,0,0,0,15,0,0,false
E:\OOD\dummy\Football-master\Football-master\src\futbol\Ball.java,futbol.Ball,Ball/0,true,13,0,1,1,0,1,0,6,0,0,0,0,0,0,0,0,0,0,0,4,4,2,0,0,0,0,6,0,0,false
E:\OOD\dummy\Football-master\Football-master\src\futbol\Ball.java,futbol.Ball,getYSpeed/0,false,72,0,1,1,0,1,0,3,1,0,0,0,0,0,0,0,0,0,0,0,0,1,0,0,0,0,4,0,0,false
E:\OOD\dummy\Football-master\Football-master\src\futbol\Ball.java,futbol.Ball,hit/1[futbol.Circly],false,20,1,1,1,0,1,4,16,0,4,1,4,0,0,0,0,0,0,0,13,14,16,0,0,0,0,7,0,0,false
