file,class,type,cbo,cboModified,fanin,fanout,wmc,dit,noc,rfc,lcom,lcom*,tcc,lcc,totalMethodsQty,staticMethodsQty,publicMethodsQty,privateMethodsQty,protectedMethodsQty,defaultMethodsQty,visibleMethodsQty,abstractMethodsQty,finalMethodsQty,synchronizedMethodsQty,totalFieldsQty,staticFieldsQty,publicFieldsQty,privateFieldsQty,protectedFieldsQty,defaultFieldsQty,finalFieldsQty,synchronizedFieldsQty,nosi,loc,returnQty,loopQty,comparisonsQty,tryCatchQty,parenthesizedExpsQty,stringLiteralsQty,numbersQty,assignmentsQty,mathOperationsQty,variablesQty,maxNestedBlocksQty,anonymousClassesQty,innerClassesQty,lambdasQty,uniqueWordsQty,modifiers,logStatementsQty
E:\OOD\main\AGameOfRandomness-master\AGameOfRandomness-master\src\com\java_final_project\Game.java,com.java_final_project.Game,class,3,5,2,3,13,1,0,3,3,0.8333334,0.0,0.0,3,0,2,0,0,1,3,0,0,0,2,0,2,0,0,0,0,0,1,43,0,2,6,0,0,3,5,14,0,4,2,0,0,0,31,1,0
E:\OOD\main\AGameOfRandomness-master\AGameOfRandomness-master\src\com\java_final_project\Board.java,com.java_final_project.Board,class,3,7,4,3,10,1,0,4,1,0.75,0.0,0.0,2,2,2,0,0,0,2,0,0,0,6,3,3,0,0,3,1,0,1,37,0,2,6,0,0,6,7,6,2,10,3,0,0,0,36,1,0
E:\OOD\main\AGameOfRandomness-master\AGameOfRandomness-master\src\com\java_final_project\PlayerMove.java,com.java_final_project.PlayerMove,class,4,7,3,4,37,1,0,7,0,0.5192308,0.16666667,0.16666667,4,0,3,0,0,1,4,0,0,0,13,2,5,0,0,8,0,0,6,153,5,7,21,0,2,15,22,69,8,27,5,0,0,0,66,1,0
E:\OOD\main\AGameOfRandomness-master\AGameOfRandomness-master\src\com\java_final_project\Main.java,com.java_final_project.Main,class,4,4,0,4,8,1,0,14,0,0.0,NaN,NaN,1,1,1,0,0,0,1,0,0,0,0,0,0,0,0,0,0,0,3,49,0,3,2,1,2,14,8,9,6,7,6,0,0,0,31,1,0
E:\OOD\main\AGameOfRandomness-master\AGameOfRandomness-master\src\com\java_final_project\Players.java,com.java_final_project.Players,class,0,4,4,0,11,1,0,10,1,0.7,0.0,0.0,2,1,1,0,0,1,2,0,0,0,10,3,6,0,0,4,2,0,4,48,4,2,6,1,0,5,11,12,0,12,2,0,0,0,54,1,0
