file,class,method,variable,usage
E:\OOD\main\AGameOfRandomness-master\AGameOfRandomness-master\src\com\java_final_project\Game.java,com.java_final_project.Game,"Game/3[com.java_final_project.Board,com.java_final_project.Players,com.java_final_project.PlayerMove]",KEEP_PLAYING,1
E:\OOD\main\AGameOfRandomness-master\AGameOfRandomness-master\src\com\java_final_project\Board.java,com.java_final_project.Board,"PrintCell/2[com.java_final_project.Players,int]",EMPTY,1
E:\OOD\main\AGameOfRandomness-master\AGameOfRandomness-master\src\com\java_final_project\Board.java,com.java_final_project.Board,PrintBoard/1[com.java_final_project.Players],grid,1
E:\OOD\main\AGameOfRandomness-master\AGameOfRandomness-master\src\com\java_final_project\Board.java,com.java_final_project.Board,PrintBoard/1[com.java_final_project.Players],COLS,2
E:\OOD\main\AGameOfRandomness-master\AGameOfRandomness-master\src\com\java_final_project\Board.java,com.java_final_project.Board,PrintBoard/1[com.java_final_project.Players],ROWS,2
E:\OOD\main\AGameOfRandomness-master\AGameOfRandomness-master\src\com\java_final_project\PlayerMove.java,com.java_final_project.PlayerMove,"Move/4[com.java_final_project.PlayerMove,com.java_final_project.Board,int,int]",listIndex,4
E:\OOD\main\AGameOfRandomness-master\AGameOfRandomness-master\src\com\java_final_project\PlayerMove.java,com.java_final_project.PlayerMove,"Move/4[com.java_final_project.PlayerMove,com.java_final_project.Board,int,int]",tracedList_Player,1
E:\OOD\main\AGameOfRandomness-master\AGameOfRandomness-master\src\com\java_final_project\PlayerMove.java,com.java_final_project.PlayerMove,"Move/4[com.java_final_project.PlayerMove,com.java_final_project.Board,int,int]",tracedList_Row,1
E:\OOD\main\AGameOfRandomness-master\AGameOfRandomness-master\src\com\java_final_project\PlayerMove.java,com.java_final_project.PlayerMove,"Move/4[com.java_final_project.PlayerMove,com.java_final_project.Board,int,int]",EMPTY,1
E:\OOD\main\AGameOfRandomness-master\AGameOfRandomness-master\src\com\java_final_project\PlayerMove.java,com.java_final_project.PlayerMove,"Move/4[com.java_final_project.PlayerMove,com.java_final_project.Board,int,int]",tracedList_Col,1
E:\OOD\main\AGameOfRandomness-master\AGameOfRandomness-master\src\com\java_final_project\PlayerMove.java,com.java_final_project.PlayerMove,"Move/4[com.java_final_project.Board,com.java_final_project.Players,com.java_final_project.PlayerMove,com.java_final_project.Game]",random,2
E:\OOD\main\AGameOfRandomness-master\AGameOfRandomness-master\src\com\java_final_project\PlayerMove.java,com.java_final_project.PlayerMove,"Move/4[com.java_final_project.Board,com.java_final_project.Players,com.java_final_project.PlayerMove,com.java_final_project.Game]",listIndex,4
E:\OOD\main\AGameOfRandomness-master\AGameOfRandomness-master\src\com\java_final_project\PlayerMove.java,com.java_final_project.PlayerMove,"Move/4[com.java_final_project.Board,com.java_final_project.Players,com.java_final_project.PlayerMove,com.java_final_project.Game]",tracedList_Player,1
E:\OOD\main\AGameOfRandomness-master\AGameOfRandomness-master\src\com\java_final_project\PlayerMove.java,com.java_final_project.PlayerMove,"Move/4[com.java_final_project.Board,com.java_final_project.Players,com.java_final_project.PlayerMove,com.java_final_project.Game]",tracedList_Row,1
E:\OOD\main\AGameOfRandomness-master\AGameOfRandomness-master\src\com\java_final_project\PlayerMove.java,com.java_final_project.PlayerMove,"Move/4[com.java_final_project.Board,com.java_final_project.Players,com.java_final_project.PlayerMove,com.java_final_project.Game]",EMPTY,2
E:\OOD\main\AGameOfRandomness-master\AGameOfRandomness-master\src\com\java_final_project\PlayerMove.java,com.java_final_project.PlayerMove,"Move/4[com.java_final_project.Board,com.java_final_project.Players,com.java_final_project.PlayerMove,com.java_final_project.Game]",tracedList_Col,1
E:\OOD\main\AGameOfRandomness-master\AGameOfRandomness-master\src\com\java_final_project\Players.java,com.java_final_project.Players,"HasWon/2[int,int]",winRow,1
E:\OOD\main\AGameOfRandomness-master\AGameOfRandomness-master\src\com\java_final_project\Players.java,com.java_final_project.Players,"HasWon/2[int,int]",winCol,1
E:\OOD\main\AGameOfRandomness-master\AGameOfRandomness-master\src\com\java_final_project\Players.java,com.java_final_project.Players,PlayerWon/1[int],DRAW_STATUS,1
E:\OOD\main\AGameOfRandomness-master\AGameOfRandomness-master\src\com\java_final_project\Players.java,com.java_final_project.Players,PlayerWon/1[int],BOX_WON_STATUS,1
E:\OOD\main\AGameOfRandomness-master\AGameOfRandomness-master\src\com\java_final_project\Players.java,com.java_final_project.Players,PlayerWon/1[int],TRIANGLE_WON_STATUS,1
E:\OOD\main\AGameOfRandomness-master\AGameOfRandomness-master\src\com\java_final_project\Players.java,com.java_final_project.Players,PlayerWon/1[int],CIRCLE_WON_STATUS,1
