file,class,method,constructor,line,cbo,cboModified,fanin,fanout,wmc,rfc,loc,returnsQty,variablesQty,parametersQty,methodsInvokedQty,methodsInvokedLocalQty,methodsInvokedIndirectLocalQty,loopQty,comparisonsQty,tryCatchQty,parenthesizedExpsQty,stringLiteralsQty,numbersQty,assignmentsQty,mathOperationsQty,maxNestedBlocksQty,anonymousClassesQty,innerClassesQty,lambdasQty,uniqueWordsQty,modifiers,logStatementsQty,hasJavaDoc
E:\OOD\main\AGameOfRandomness-master\AGameOfRandomness-master\src\com\java_final_project\Game.java,com.java_final_project.Game,"SwitchPlayer/2[com.java_final_project.Board,com.java_final_project.Players]",false,23,2,1,1,0,4,1,14,0,0,2,1,0,0,0,3,0,0,3,0,3,0,1,0,0,0,5,1,0,false
E:\OOD\main\AGameOfRandomness-master\AGameOfRandomness-master\src\com\java_final_project\Game.java,com.java_final_project.Game,"UpdateStatus/6[com.java_final_project.Board,com.java_final_project.Players,com.java_final_project.PlayerMove,int,int,int]",false,40,3,3,1,2,6,2,16,0,0,6,2,0,0,0,3,0,0,0,0,4,0,2,0,0,0,7,1,0,true
E:\OOD\main\AGameOfRandomness-master\AGameOfRandomness-master\src\com\java_final_project\Game.java,com.java_final_project.Game,"Game/3[com.java_final_project.Board,com.java_final_project.Players,com.java_final_project.PlayerMove]",true,12,3,1,1,0,3,0,9,0,2,3,0,0,0,2,0,0,0,0,3,5,0,2,0,0,0,16,0,0,false
E:\OOD\main\AGameOfRandomness-master\AGameOfRandomness-master\src\com\java_final_project\Board.java,com.java_final_project.Board,"PrintCell/2[com.java_final_project.Players,int]",false,40,1,1,1,0,5,1,14,0,0,2,1,0,0,0,4,0,0,4,0,0,0,1,0,0,0,16,9,0,true
E:\OOD\main\AGameOfRandomness-master\AGameOfRandomness-master\src\com\java_final_project\Board.java,com.java_final_project.Board,PrintBoard/1[com.java_final_project.Players],false,23,2,2,1,1,5,4,15,0,2,1,4,1,1,2,2,0,0,2,4,2,2,3,0,0,0,16,9,0,true
E:\OOD\main\AGameOfRandomness-master\AGameOfRandomness-master\src\com\java_final_project\PlayerMove.java,com.java_final_project.PlayerMove,"Move/4[com.java_final_project.PlayerMove,com.java_final_project.Board,int,int]",false,37,2,1,1,0,1,1,16,0,0,4,1,0,0,0,0,0,0,0,1,11,0,0,0,0,0,11,1,0,false
E:\OOD\main\AGameOfRandomness-master\AGameOfRandomness-master\src\com\java_final_project\PlayerMove.java,com.java_final_project.PlayerMove,isDraw/0,false,33,0,1,1,0,1,0,3,1,0,0,0,0,0,0,0,0,0,0,0,0,0,0,0,0,0,8,1,0,true
E:\OOD\main\AGameOfRandomness-master\AGameOfRandomness-master\src\com\java_final_project\PlayerMove.java,com.java_final_project.PlayerMove,"Move/4[com.java_final_project.Board,com.java_final_project.Players,com.java_final_project.PlayerMove,com.java_final_project.Game]",false,67,4,2,1,1,11,5,41,0,3,4,5,1,1,1,4,0,2,9,6,16,2,3,0,0,0,37,1,0,true
E:\OOD\main\AGameOfRandomness-master\AGameOfRandomness-master\src\com\java_final_project\PlayerMove.java,com.java_final_project.PlayerMove,"checkMoveAbility/3[com.java_final_project.Board,com.java_final_project.Players,com.java_final_project.PlayerMove]",false,130,3,1,1,0,24,2,78,4,11,3,2,0,0,6,17,0,0,6,13,29,6,5,0,0,0,12,0,0,false
E:\OOD\main\AGameOfRandomness-master\AGameOfRandomness-master\src\com\java_final_project\Main.java,com.java_final_project.Main,main/1[java.lang.String[]],false,11,4,10,0,10,8,14,47,0,7,1,14,0,0,3,2,1,2,14,8,9,6,6,0,0,0,26,9,0,false
E:\OOD\main\AGameOfRandomness-master\AGameOfRandomness-master\src\com\java_final_project\Players.java,com.java_final_project.Players,"HasWon/2[int,int]",false,31,0,1,1,0,3,0,6,2,0,2,0,0,0,0,2,0,0,0,0,0,0,1,0,0,0,17,9,0,true
E:\OOD\main\AGameOfRandomness-master\AGameOfRandomness-master\src\com\java_final_project\Players.java,com.java_final_project.Players,PlayerWon/1[int],false,38,0,1,1,0,8,9,30,2,2,1,9,0,0,2,4,1,0,5,2,2,0,2,0,0,0,35,0,0,false
