file,class,method,variable,usage
E:\OOD\main\AGameOfRandomness-master\AGameOfRandomness-master\src\com\java_final_project\Game.java,com.java_final_project.Game,"SwitchPlayer/2[com.java_final_project.Board,com.java_final_project.Players]",board,6
E:\OOD\main\AGameOfRandomness-master\AGameOfRandomness-master\src\com\java_final_project\Game.java,com.java_final_project.Game,"SwitchPlayer/2[com.java_final_project.Board,com.java_final_project.Players]",player,6
E:\OOD\main\AGameOfRandomness-master\AGameOfRandomness-master\src\com\java_final_project\Game.java,com.java_final_project.Game,"UpdateStatus/6[com.java_final_project.Board,com.java_final_project.Players,com.java_final_project.PlayerMove,int,int,int]",currentCol,1
E:\OOD\main\AGameOfRandomness-master\AGameOfRandomness-master\src\com\java_final_project\Game.java,com.java_final_project.Game,"UpdateStatus/6[com.java_final_project.Board,com.java_final_project.Players,com.java_final_project.PlayerMove,int,int,int]",theSeed,3
E:\OOD\main\AGameOfRandomness-master\AGameOfRandomness-master\src\com\java_final_project\Game.java,com.java_final_project.Game,"UpdateStatus/6[com.java_final_project.Board,com.java_final_project.Players,com.java_final_project.PlayerMove,int,int,int]",currentRow,1
E:\OOD\main\AGameOfRandomness-master\AGameOfRandomness-master\src\com\java_final_project\Game.java,com.java_final_project.Game,"UpdateStatus/6[com.java_final_project.Board,com.java_final_project.Players,com.java_final_project.PlayerMove,int,int,int]",playerMove,1
E:\OOD\main\AGameOfRandomness-master\AGameOfRandomness-master\src\com\java_final_project\Game.java,com.java_final_project.Game,"UpdateStatus/6[com.java_final_project.Board,com.java_final_project.Players,com.java_final_project.PlayerMove,int,int,int]",board,4
E:\OOD\main\AGameOfRandomness-master\AGameOfRandomness-master\src\com\java_final_project\Game.java,com.java_final_project.Game,"UpdateStatus/6[com.java_final_project.Board,com.java_final_project.Players,com.java_final_project.PlayerMove,int,int,int]",player,8
E:\OOD\main\AGameOfRandomness-master\AGameOfRandomness-master\src\com\java_final_project\Game.java,com.java_final_project.Game,"Game/3[com.java_final_project.Board,com.java_final_project.Players,com.java_final_project.PlayerMove]",col,3
E:\OOD\main\AGameOfRandomness-master\AGameOfRandomness-master\src\com\java_final_project\Game.java,com.java_final_project.Game,"Game/3[com.java_final_project.Board,com.java_final_project.Players,com.java_final_project.PlayerMove]",playerMove,0
E:\OOD\main\AGameOfRandomness-master\AGameOfRandomness-master\src\com\java_final_project\Game.java,com.java_final_project.Game,"Game/3[com.java_final_project.Board,com.java_final_project.Players,com.java_final_project.PlayerMove]",row,3
E:\OOD\main\AGameOfRandomness-master\AGameOfRandomness-master\src\com\java_final_project\Game.java,com.java_final_project.Game,"Game/3[com.java_final_project.Board,com.java_final_project.Players,com.java_final_project.PlayerMove]",board,5
E:\OOD\main\AGameOfRandomness-master\AGameOfRandomness-master\src\com\java_final_project\Game.java,com.java_final_project.Game,"Game/3[com.java_final_project.Board,com.java_final_project.Players,com.java_final_project.PlayerMove]",player,1
E:\OOD\main\AGameOfRandomness-master\AGameOfRandomness-master\src\com\java_final_project\Board.java,com.java_final_project.Board,"PrintCell/2[com.java_final_project.Players,int]",symbol,4
E:\OOD\main\AGameOfRandomness-master\AGameOfRandomness-master\src\com\java_final_project\Board.java,com.java_final_project.Board,"PrintCell/2[com.java_final_project.Players,int]",player,3
E:\OOD\main\AGameOfRandomness-master\AGameOfRandomness-master\src\com\java_final_project\Board.java,com.java_final_project.Board,PrintBoard/1[com.java_final_project.Players],col,4
E:\OOD\main\AGameOfRandomness-master\AGameOfRandomness-master\src\com\java_final_project\Board.java,com.java_final_project.Board,PrintBoard/1[com.java_final_project.Players],row,4
E:\OOD\main\AGameOfRandomness-master\AGameOfRandomness-master\src\com\java_final_project\Board.java,com.java_final_project.Board,PrintBoard/1[com.java_final_project.Players],player,1
E:\OOD\main\AGameOfRandomness-master\AGameOfRandomness-master\src\com\java_final_project\PlayerMove.java,com.java_final_project.PlayerMove,"Move/4[com.java_final_project.PlayerMove,com.java_final_project.Board,int,int]",col,1
E:\OOD\main\AGameOfRandomness-master\AGameOfRandomness-master\src\com\java_final_project\PlayerMove.java,com.java_final_project.PlayerMove,"Move/4[com.java_final_project.PlayerMove,com.java_final_project.Board,int,int]",playerMove,12
E:\OOD\main\AGameOfRandomness-master\AGameOfRandomness-master\src\com\java_final_project\PlayerMove.java,com.java_final_project.PlayerMove,"Move/4[com.java_final_project.PlayerMove,com.java_final_project.Board,int,int]",row,1
E:\OOD\main\AGameOfRandomness-master\AGameOfRandomness-master\src\com\java_final_project\PlayerMove.java,com.java_final_project.PlayerMove,"Move/4[com.java_final_project.PlayerMove,com.java_final_project.Board,int,int]",board,12
E:\OOD\main\AGameOfRandomness-master\AGameOfRandomness-master\src\com\java_final_project\PlayerMove.java,com.java_final_project.PlayerMove,"Move/4[com.java_final_project.Board,com.java_final_project.Players,com.java_final_project.PlayerMove,com.java_final_project.Game]",col,6
E:\OOD\main\AGameOfRandomness-master\AGameOfRandomness-master\src\com\java_final_project\PlayerMove.java,com.java_final_project.PlayerMove,"Move/4[com.java_final_project.Board,com.java_final_project.Players,com.java_final_project.PlayerMove,com.java_final_project.Game]",game,1
E:\OOD\main\AGameOfRandomness-master\AGameOfRandomness-master\src\com\java_final_project\PlayerMove.java,com.java_final_project.PlayerMove,"Move/4[com.java_final_project.Board,com.java_final_project.Players,com.java_final_project.PlayerMove,com.java_final_project.Game]",playerMove,13
E:\OOD\main\AGameOfRandomness-master\AGameOfRandomness-master\src\com\java_final_project\PlayerMove.java,com.java_final_project.PlayerMove,"Move/4[com.java_final_project.Board,com.java_final_project.Players,com.java_final_project.PlayerMove,com.java_final_project.Game]",row,6
E:\OOD\main\AGameOfRandomness-master\AGameOfRandomness-master\src\com\java_final_project\PlayerMove.java,com.java_final_project.PlayerMove,"Move/4[com.java_final_project.Board,com.java_final_project.Players,com.java_final_project.PlayerMove,com.java_final_project.Game]",validInput,2
E:\OOD\main\AGameOfRandomness-master\AGameOfRandomness-master\src\com\java_final_project\PlayerMove.java,com.java_final_project.PlayerMove,"Move/4[com.java_final_project.Board,com.java_final_project.Players,com.java_final_project.PlayerMove,com.java_final_project.Game]",board,19
E:\OOD\main\AGameOfRandomness-master\AGameOfRandomness-master\src\com\java_final_project\PlayerMove.java,com.java_final_project.PlayerMove,"Move/4[com.java_final_project.Board,com.java_final_project.Players,com.java_final_project.PlayerMove,com.java_final_project.Game]",player,4
E:\OOD\main\AGameOfRandomness-master\AGameOfRandomness-master\src\com\java_final_project\PlayerMove.java,com.java_final_project.PlayerMove,"checkMoveAbility/3[com.java_final_project.Board,com.java_final_project.Players,com.java_final_project.PlayerMove]",nextNumber,7
E:\OOD\main\AGameOfRandomness-master\AGameOfRandomness-master\src\com\java_final_project\PlayerMove.java,com.java_final_project.PlayerMove,"checkMoveAbility/3[com.java_final_project.Board,com.java_final_project.Players,com.java_final_project.PlayerMove]",previousNumber,4
E:\OOD\main\AGameOfRandomness-master\AGameOfRandomness-master\src\com\java_final_project\PlayerMove.java,com.java_final_project.PlayerMove,"checkMoveAbility/3[com.java_final_project.Board,com.java_final_project.Players,com.java_final_project.PlayerMove]",flag,24
E:\OOD\main\AGameOfRandomness-master\AGameOfRandomness-master\src\com\java_final_project\PlayerMove.java,com.java_final_project.PlayerMove,"checkMoveAbility/3[com.java_final_project.Board,com.java_final_project.Players,com.java_final_project.PlayerMove]",i,23
E:\OOD\main\AGameOfRandomness-master\AGameOfRandomness-master\src\com\java_final_project\PlayerMove.java,com.java_final_project.PlayerMove,"checkMoveAbility/3[com.java_final_project.Board,com.java_final_project.Players,com.java_final_project.PlayerMove]",playerMove,6
E:\OOD\main\AGameOfRandomness-master\AGameOfRandomness-master\src\com\java_final_project\PlayerMove.java,com.java_final_project.PlayerMove,"checkMoveAbility/3[com.java_final_project.Board,com.java_final_project.Players,com.java_final_project.PlayerMove]",board,7
E:\OOD\main\AGameOfRandomness-master\AGameOfRandomness-master\src\com\java_final_project\PlayerMove.java,com.java_final_project.PlayerMove,"checkMoveAbility/3[com.java_final_project.Board,com.java_final_project.Players,com.java_final_project.PlayerMove]",player,3
E:\OOD\main\AGameOfRandomness-master\AGameOfRandomness-master\src\com\java_final_project\Main.java,com.java_final_project.Main,main/1[java.lang.String[]],args,0
E:\OOD\main\AGameOfRandomness-master\AGameOfRandomness-master\src\com\java_final_project\Main.java,com.java_final_project.Main,main/1[java.lang.String[]],traceCommand,3
E:\OOD\main\AGameOfRandomness-master\AGameOfRandomness-master\src\com\java_final_project\Main.java,com.java_final_project.Main,main/1[java.lang.String[]],input,1
E:\OOD\main\AGameOfRandomness-master\AGameOfRandomness-master\src\com\java_final_project\Main.java,com.java_final_project.Main,main/1[java.lang.String[]],game,9
E:\OOD\main\AGameOfRandomness-master\AGameOfRandomness-master\src\com\java_final_project\Main.java,com.java_final_project.Main,main/1[java.lang.String[]],ex,0
E:\OOD\main\AGameOfRandomness-master\AGameOfRandomness-master\src\com\java_final_project\Main.java,com.java_final_project.Main,main/1[java.lang.String[]],i,4
E:\OOD\main\AGameOfRandomness-master\AGameOfRandomness-master\src\com\java_final_project\Main.java,com.java_final_project.Main,main/1[java.lang.String[]],playerMove,9
E:\OOD\main\AGameOfRandomness-master\AGameOfRandomness-master\src\com\java_final_project\Main.java,com.java_final_project.Main,main/1[java.lang.String[]],board,13
E:\OOD\main\AGameOfRandomness-master\AGameOfRandomness-master\src\com\java_final_project\Main.java,com.java_final_project.Main,main/1[java.lang.String[]],player,9
E:\OOD\main\AGameOfRandomness-master\AGameOfRandomness-master\src\com\java_final_project\Players.java,com.java_final_project.Players,"HasWon/2[int,int]",currentCol,1
E:\OOD\main\AGameOfRandomness-master\AGameOfRandomness-master\src\com\java_final_project\Players.java,com.java_final_project.Players,"HasWon/2[int,int]",currentRow,1
E:\OOD\main\AGameOfRandomness-master\AGameOfRandomness-master\src\com\java_final_project\Players.java,com.java_final_project.Players,PlayerWon/1[int],ex,1
E:\OOD\main\AGameOfRandomness-master\AGameOfRandomness-master\src\com\java_final_project\Players.java,com.java_final_project.Players,PlayerWon/1[int],testAudio,5
E:\OOD\main\AGameOfRandomness-master\AGameOfRandomness-master\src\com\java_final_project\Players.java,com.java_final_project.Players,PlayerWon/1[int],inputStream,1
E:\OOD\main\AGameOfRandomness-master\AGameOfRandomness-master\src\com\java_final_project\Players.java,com.java_final_project.Players,PlayerWon/1[int],currentState,4
