file,class,type,cbo,cboModified,fanin,fanout,wmc,dit,noc,rfc,lcom,lcom*,tcc,lcc,totalMethodsQty,staticMethodsQty,publicMethodsQty,privateMethodsQty,protectedMethodsQty,defaultMethodsQty,visibleMethodsQty,abstractMethodsQty,finalMethodsQty,synchronizedMethodsQty,totalFieldsQty,staticFieldsQty,publicFieldsQty,privateFieldsQty,protectedFieldsQty,defaultFieldsQty,finalFieldsQty,synchronizedFieldsQty,nosi,loc,returnQty,loopQty,comparisonsQty,tryCatchQty,parenthesizedExpsQty,stringLiteralsQty,numbersQty,assignmentsQty,mathOperationsQty,variablesQty,maxNestedBlocksQty,anonymousClassesQty,innerClassesQty,lambdasQty,uniqueWordsQty,modifiers,logStatementsQty
E:\OOD\main\tankwar-master\tankwar-master\src\org\lionsoul\tankwar\Battlefield.java,org.lionsoul.tankwar.Battlefield,class,16,31,15,16,44,7,0,87,137,0.9147727,0.14035088,0.40350878,22,1,19,3,0,0,19,0,0,0,40,20,21,19,0,0,10,0,105,332,7,5,5,0,7,99,40,103,20,63,3,2,1,0,182,1,0
E:\OOD\main\tankwar-master\tankwar-master\src\org\lionsoul\tankwar\map\RandomWordsMap.java,org.lionsoul.tankwar.map.RandomWordsMap,class,3,4,1,3,6,1,0,3,0,0.0,NaN,NaN,1,1,1,0,0,0,1,0,0,0,1,1,1,0,0,0,1,0,3,29,1,4,1,0,4,32,12,17,16,17,5,0,0,0,41,1,0
E:\OOD\main\tankwar-master\tankwar-master\src\org\lionsoul\tankwar\GameHelp.java,org.lionsoul.tankwar.GameHelp,class,0,3,3,0,8,1,0,9,3,0.6666666,0.4,0.46666667,6,0,6,0,0,0,6,0,0,0,5,1,1,4,0,0,1,0,0,44,4,1,1,0,1,9,13,14,3,11,2,0,0,0,42,1,0
E:\OOD\main\tankwar-master\tankwar-master\src\org\lionsoul\tankwar\util\IConstants.java,org.lionsoul.tankwar.util.IConstants,class,0,0,0,0,0,1,0,0,0,NaN,-1.0,-1.0,0,0,0,0,0,0,0,0,0,0,14,14,14,0,0,0,14,0,0,16,0,0,0,0,0,1,21,14,8,14,0,0,0,0,23,1,0
E:\OOD\main\tankwar-master\tankwar-master\src\org\lionsoul\tankwar\util\AudioLoader.java,org.lionsoul.tankwar.util.AudioLoader,class,1,3,2,1,2,1,0,3,1,0.0,0.0,0.0,2,2,2,0,0,0,2,0,0,0,0,0,0,0,0,0,0,0,1,8,2,0,0,0,0,2,0,0,2,0,0,0,0,0,14,1,0
E:\OOD\main\tankwar-master\tankwar-master\src\org\lionsoul\tankwar\map\WordsToRGB.java,org.lionsoul.tankwar.map.WordsToRGB,class,1,2,1,1,11,1,0,10,0,0.0,NaN,NaN,1,1,1,0,0,0,1,0,0,0,0,0,0,0,0,0,0,0,0,38,1,4,2,0,1,1,16,20,9,15,4,0,0,0,28,1,0
E:\OOD\main\tankwar-master\tankwar-master\src\org\lionsoul\tankwar\util\Util.java,org.lionsoul.tankwar.util.Util,class,0,0,0,0,1,1,0,0,0,0.0,NaN,NaN,1,1,1,0,0,0,1,0,0,0,0,0,0,0,0,0,0,0,0,5,1,0,0,0,0,0,2,0,4,0,0,0,0,0,16,1,0
E:\OOD\main\tankwar-master\tankwar-master\src\org\lionsoul\tankwar\tank\HeroTank.java,org.lionsoul.tankwar.tank.HeroTank,class,4,7,3,4,22,2,0,9,6,0.0,0.0,0.0,4,0,4,0,0,0,4,0,0,0,0,0,0,0,0,0,0,0,3,73,2,0,0,0,6,2,15,13,18,3,1,0,0,0,30,1,0
E:\OOD\main\tankwar-master\tankwar-master\src\org\lionsoul\tankwar\BattleCanvas.java,org.lionsoul.tankwar.BattleCanvas,class,0,1,1,0,4,5,0,11,1,0.6666667,0.33333334,0.33333334,3,0,3,0,0,0,3,0,0,0,2,1,0,2,0,0,1,0,0,24,1,0,1,0,1,2,8,5,3,4,1,0,0,0,31,1,0
E:\OOD\main\tankwar-master\tankwar-master\src\org\lionsoul\tankwar\LionBarriers.java,org.lionsoul.tankwar.LionBarriers,class,3,3,0,3,0,1,0,0,0,NaN,-1.0,-1.0,0,0,0,0,0,0,0,0,0,0,1,1,1,0,0,0,1,0,0,3,0,0,0,0,0,0,138,1,0,1,0,0,0,0,12,1,0
E:\OOD\main\tankwar-master\tankwar-master\src\org\lionsoul\tankwar\util\ImageLoader.java,org.lionsoul.tankwar.util.ImageLoader,class,1,3,2,1,1,1,0,2,0,1.0,NaN,NaN,1,1,1,0,0,0,1,0,0,0,1,1,0,0,0,1,0,0,1,6,1,0,0,0,0,1,0,1,1,1,0,0,0,0,15,1,0
E:\OOD\main\tankwar-master\tankwar-master\src\org\lionsoul\tankwar\tank\WichTank.java,org.lionsoul.tankwar.tank.WichTank,class,4,5,1,4,20,3,0,11,1,0.5555556,0.33333334,0.33333334,3,0,3,0,0,0,3,0,0,0,3,0,0,3,0,0,0,0,0,64,0,2,3,0,0,2,12,36,11,16,4,0,0,0,76,1,0
E:\OOD\main\tankwar-master\tankwar-master\src\org\lionsoul\tankwar\model\Tank.java,org.lionsoul.tankwar.model.Tank,class,5,15,10,5,111,1,4,37,306,0.8697918,0.24603175,0.6968254,40,0,30,4,6,0,36,0,0,0,24,5,3,1,20,0,3,0,2,312,23,0,28,0,25,4,76,95,65,41,3,0,0,0,110,1,0
E:\OOD\main\tankwar-master\tankwar-master\src\org\lionsoul\tankwar\TankFactory.java,org.lionsoul.tankwar.TankFactory,class,7,8,1,7,8,1,0,12,0,0.6875,0.8333333,1.0,4,4,4,0,0,0,4,0,0,0,8,8,6,2,0,0,6,0,2,54,3,0,0,0,10,0,29,20,11,16,1,0,0,0,51,1,0
E:\OOD\main\tankwar-master\tankwar-master\src\org\lionsoul\tankwar\BulletFactory.java,org.lionsoul.tankwar.BulletFactory,class,4,6,2,4,2,1,0,2,0,0.33333334,1.0,1.0,2,2,2,0,0,0,2,0,0,0,3,3,2,1,0,0,0,0,0,17,2,0,0,0,0,0,26,5,0,5,0,0,0,0,21,1,0
E:\OOD\main\tankwar-master\tankwar-master\src\org\lionsoul\tankwar\tank\RandomTank.java,org.lionsoul.tankwar.tank.RandomTank,class,3,5,2,3,7,2,1,4,4,0.6666667,0.16666667,0.16666667,4,0,4,0,0,0,4,0,0,0,3,0,0,3,0,0,0,0,3,30,0,0,2,0,7,2,14,10,8,4,2,0,0,0,31,1,0
E:\OOD\main\tankwar-master\tankwar-master\src\org\lionsoul\tankwar\tank\TrackTank.java,org.lionsoul.tankwar.tank.TrackTank,class,2,2,0,2,7,2,0,3,4,0.4,0.3,0.3,5,0,5,0,0,0,5,0,0,0,1,0,0,1,0,0,0,0,0,28,1,0,0,0,0,2,1,5,3,3,1,0,0,0,34,1,0
E:\OOD\main\tankwar-master\tankwar-master\src\org\lionsoul\tankwar\Battlefield.java,org.lionsoul.tankwar.Battlefield$TankKeyListener,innerclass,4,4,0,4,18,2,0,11,1,0.0,0.0,0.0,2,0,2,0,0,0,2,0,0,0,0,0,0,0,0,0,0,0,0,57,2,0,7,0,0,0,2,4,2,0,3,0,0,0,33,2,0
E:\OOD\main\tankwar-master\tankwar-master\src\org\lionsoul\tankwar\model\Explosion.java,org.lionsoul.tankwar.model.Explosion,class,3,7,4,3,18,1,0,5,49,0.8476191,0.26666668,0.75238097,15,0,15,0,0,0,15,0,0,0,14,4,4,10,0,0,2,0,0,78,7,0,1,0,2,0,6,23,6,14,2,0,0,0,52,1,0
E:\OOD\main\tankwar-master\tankwar-master\src\org\lionsoul\tankwar\tank\CircleTank.java,org.lionsoul.tankwar.tank.CircleTank,class,2,2,0,2,2,2,0,0,1,0.0,0.0,0.0,2,0,2,0,0,0,2,0,0,0,0,0,0,0,0,0,0,0,0,10,0,0,0,0,0,2,0,2,0,0,0,0,0,0,26,1,0
E:\OOD\main\tankwar-master\tankwar-master\src\org\lionsoul\tankwar\barriers\Barriers.java,org.lionsoul.tankwar.barriers.Barriers,class,2,4,2,2,6,1,0,0,5,0.6666667,0.33333334,1.0,6,0,6,0,0,0,6,0,0,0,5,0,0,5,0,0,0,0,0,29,5,0,0,0,0,0,0,5,0,5,0,0,0,0,15,1,0
E:\OOD\main\tankwar-master\tankwar-master\src\org\lionsoul\tankwar\ExplosionFactory.java,org.lionsoul.tankwar.ExplosionFactory,class,3,4,1,3,1,1,0,0,0,0.0,NaN,NaN,1,1,1,0,0,0,1,0,0,0,1,1,0,1,0,0,0,0,0,6,1,0,0,0,0,0,9,1,0,1,0,0,0,0,12,1,0
E:\OOD\main\tankwar-master\tankwar-master\src\org\lionsoul\tankwar\barriers\BarriersSelector.java,org.lionsoul.tankwar.barriers.BarriersSelector,class,1,4,3,1,21,1,0,17,0,0.7152778,0.8214286,1.0,8,0,8,0,0,0,8,0,0,0,18,0,0,18,0,0,0,0,0,115,4,2,1,0,8,8,48,39,37,25,2,0,0,0,71,1,0
E:\OOD\main\tankwar-master\tankwar-master\src\org\lionsoul\tankwar\Battlefield.java,org.lionsoul.tankwar.Battlefield$Anonymous1,anonymous,4,4,0,4,13,1,0,11,0,0.0,NaN,NaN,1,0,1,0,0,0,1,0,0,0,0,0,0,0,0,0,0,0,1,39,0,1,3,2,2,0,3,0,4,0,4,0,0,0,26,-1,0
E:\OOD\main\tankwar-master\tankwar-master\src\org\lionsoul\tankwar\map\TMap.java,org.lionsoul.tankwar.map.TMap,class,3,10,7,3,31,1,0,19,56,0.8125,0.26666668,1.0,16,0,16,0,0,0,16,0,0,0,10,2,2,0,8,0,2,0,0,102,11,8,6,0,1,0,11,26,9,22,4,0,0,0,63,1,0
E:\OOD\main\tankwar-master\tankwar-master\src\org\lionsoul\tankwar\model\Wall.java,org.lionsoul.tankwar.model.Wall,class,1,4,3,1,22,1,0,1,90,0.867647,0.16911764,0.7794118,17,0,17,0,0,0,17,0,0,0,12,4,4,8,0,0,4,0,0,81,13,0,1,0,0,0,4,20,0,12,2,0,0,0,51,1,0
E:\OOD\main\tankwar-master\tankwar-master\src\org\lionsoul\tankwar\model\Bullet.java,org.lionsoul.tankwar.model.Bullet,class,6,12,6,6,40,1,0,22,61,0.8300653,0.24264705,0.6764706,18,0,17,1,0,0,17,0,0,0,17,5,5,12,0,0,3,0,1,149,12,0,6,0,6,0,15,41,9,20,3,0,0,0,62,1,0
E:\OOD\main\tankwar-master\tankwar-master\src\org\lionsoul\tankwar\Battlefield.java,org.lionsoul.tankwar.Battlefield$Anonymous2,anonymous,1,1,0,1,1,1,0,2,0,0.0,NaN,NaN,1,0,1,0,0,0,1,0,0,0,0,0,0,0,0,0,0,0,0,5,0,0,0,0,0,0,0,0,0,0,0,0,0,0,1,-1,0
E:\OOD\main\tankwar-master\tankwar-master\src\org\lionsoul\tankwar\GameResult.java,org.lionsoul.tankwar.GameResult,class,0,2,2,0,6,1,0,10,0,0.18181819,1.0,1.0,2,0,2,0,0,0,2,0,0,0,11,0,0,11,0,0,0,0,0,50,0,1,2,0,2,6,19,21,15,17,2,0,0,0,46,1,0
