file,class,method,variable,usage
E:\OOD\main\tankwar-master\tankwar-master\src\org\lionsoul\tankwar\Battlefield.java,org.lionsoul.tankwar.Battlefield,getTankBySerial/1[int],tanks,1
E:\OOD\main\tankwar-master\tankwar-master\src\org\lionsoul\tankwar\Battlefield.java,org.lionsoul.tankwar.Battlefield,addExplosion/1[org.lionsoul.tankwar.model.Explosion],tpool,1
E:\OOD\main\tankwar-master\tankwar-master\src\org\lionsoul\tankwar\Battlefield.java,org.lionsoul.tankwar.Battlefield,addExplosion/1[org.lionsoul.tankwar.model.Explosion],explosions,1
E:\OOD\main\tankwar-master\tankwar-master\src\org\lionsoul\tankwar\Battlefield.java,org.lionsoul.tankwar.Battlefield,setSound/1[boolean],sound,4
E:\OOD\main\tankwar-master\tankwar-master\src\org\lionsoul\tankwar\Battlefield.java,org.lionsoul.tankwar.Battlefield,isSoundOpen/0,sound,1
E:\OOD\main\tankwar-master\tankwar-master\src\org\lionsoul\tankwar\Battlefield.java,org.lionsoul.tankwar.Battlefield,loadResource/0,bgWidth,1
E:\OOD\main\tankwar-master\tankwar-master\src\org\lionsoul\tankwar\Battlefield.java,org.lionsoul.tankwar.Battlefield,loadResource/0,canvas,1
E:\OOD\main\tankwar-master\tankwar-master\src\org\lionsoul\tankwar\Battlefield.java,org.lionsoul.tankwar.Battlefield,loadResource/0,tankmap,1
E:\OOD\main\tankwar-master\tankwar-master\src\org\lionsoul\tankwar\Battlefield.java,org.lionsoul.tankwar.Battlefield,loadResource/0,bulletImages,1
E:\OOD\main\tankwar-master\tankwar-master\src\org\lionsoul\tankwar\Battlefield.java,org.lionsoul.tankwar.Battlefield,loadResource/0,wallImages,1
E:\OOD\main\tankwar-master\tankwar-master\src\org\lionsoul\tankwar\Battlefield.java,org.lionsoul.tankwar.Battlefield,loadResource/0,gameHelp,1
E:\OOD\main\tankwar-master\tankwar-master\src\org\lionsoul\tankwar\Battlefield.java,org.lionsoul.tankwar.Battlefield,loadResource/0,bufferImage,3
E:\OOD\main\tankwar-master\tankwar-master\src\org\lionsoul\tankwar\Battlefield.java,org.lionsoul.tankwar.Battlefield,loadResource/0,background,1
E:\OOD\main\tankwar-master\tankwar-master\src\org\lionsoul\tankwar\Battlefield.java,org.lionsoul.tankwar.Battlefield,loadResource/0,explosionImages,1
E:\OOD\main\tankwar-master\tankwar-master\src\org\lionsoul\tankwar\Battlefield.java,org.lionsoul.tankwar.Battlefield,loadResource/0,bselector,1
E:\OOD\main\tankwar-master\tankwar-master\src\org\lionsoul\tankwar\Battlefield.java,org.lionsoul.tankwar.Battlefield,loadResource/0,bufferScreen,1
E:\OOD\main\tankwar-master\tankwar-master\src\org\lionsoul\tankwar\Battlefield.java,org.lionsoul.tankwar.Battlefield,loadResource/0,enemyImages,1
E:\OOD\main\tankwar-master\tankwar-master\src\org\lionsoul\tankwar\Battlefield.java,org.lionsoul.tankwar.Battlefield,loadResource/0,heroImages,1
E:\OOD\main\tankwar-master\tankwar-master\src\org\lionsoul\tankwar\Battlefield.java,org.lionsoul.tankwar.Battlefield,loadResource/0,bgHeight,1
E:\OOD\main\tankwar-master\tankwar-master\src\org\lionsoul\tankwar\Battlefield.java,org.lionsoul.tankwar.Battlefield,loadResource/0,explosionClip,1
E:\OOD\main\tankwar-master\tankwar-master\src\org\lionsoul\tankwar\Battlefield.java,org.lionsoul.tankwar.Battlefield,getBarriers/0,barriers,1
E:\OOD\main\tankwar-master\tankwar-master\src\org\lionsoul\tankwar\Battlefield.java,org.lionsoul.tankwar.Battlefield,getGameMode/0,mode,1
E:\OOD\main\tankwar-master\tankwar-master\src\org\lionsoul\tankwar\Battlefield.java,org.lionsoul.tankwar.Battlefield,drawGameInfo/1[java.awt.Graphics],mode,1
E:\OOD\main\tankwar-master\tankwar-master\src\org\lionsoul\tankwar\Battlefield.java,org.lionsoul.tankwar.Battlefield,drawGameInfo/1[java.awt.Graphics],bselector,1
E:\OOD\main\tankwar-master\tankwar-master\src\org\lionsoul\tankwar\Battlefield.java,org.lionsoul.tankwar.Battlefield,drawGameInfo/1[java.awt.Graphics],tanks,1
E:\OOD\main\tankwar-master\tankwar-master\src\org\lionsoul\tankwar\Battlefield.java,org.lionsoul.tankwar.Battlefield,drawGameInfo/1[java.awt.Graphics],barriersSetting,1
E:\OOD\main\tankwar-master\tankwar-master\src\org\lionsoul\tankwar\Battlefield.java,org.lionsoul.tankwar.Battlefield,Battlefield/0,canvas,2
E:\OOD\main\tankwar-master\tankwar-master\src\org\lionsoul\tankwar\Battlefield.java,org.lionsoul.tankwar.Battlefield,addBullet/1[org.lionsoul.tankwar.model.Bullet],bullets,1
E:\OOD\main\tankwar-master\tankwar-master\src\org\lionsoul\tankwar\Battlefield.java,org.lionsoul.tankwar.Battlefield,getMap/0,tankmap,1
E:\OOD\main\tankwar-master\tankwar-master\src\org\lionsoul\tankwar\Battlefield.java,org.lionsoul.tankwar.Battlefield,create/1[org.lionsoul.tankwar.barriers.Barriers],wallImages,1
E:\OOD\main\tankwar-master\tankwar-master\src\org\lionsoul\tankwar\Battlefield.java,org.lionsoul.tankwar.Battlefield,create/1[org.lionsoul.tankwar.barriers.Barriers],bg,1
E:\OOD\main\tankwar-master\tankwar-master\src\org\lionsoul\tankwar\Battlefield.java,org.lionsoul.tankwar.Battlefield,create/1[org.lionsoul.tankwar.barriers.Barriers],tanks,3
E:\OOD\main\tankwar-master\tankwar-master\src\org\lionsoul\tankwar\Battlefield.java,org.lionsoul.tankwar.Battlefield,create/1[org.lionsoul.tankwar.barriers.Barriers],hero,7
E:\OOD\main\tankwar-master\tankwar-master\src\org\lionsoul\tankwar\Battlefield.java,org.lionsoul.tankwar.Battlefield,create/1[org.lionsoul.tankwar.barriers.Barriers],tankmap,3
E:\OOD\main\tankwar-master\tankwar-master\src\org\lionsoul\tankwar\Battlefield.java,org.lionsoul.tankwar.Battlefield,create/1[org.lionsoul.tankwar.barriers.Barriers],explosions,1
E:\OOD\main\tankwar-master\tankwar-master\src\org\lionsoul\tankwar\Battlefield.java,org.lionsoul.tankwar.Battlefield,create/1[org.lionsoul.tankwar.barriers.Barriers],bullets,1
E:\OOD\main\tankwar-master\tankwar-master\src\org\lionsoul\tankwar\Battlefield.java,org.lionsoul.tankwar.Battlefield,runningDraw/0,GAME_FAILED,2
E:\OOD\main\tankwar-master\tankwar-master\src\org\lionsoul\tankwar\Battlefield.java,org.lionsoul.tankwar.Battlefield,runningDraw/0,tanks,3
E:\OOD\main\tankwar-master\tankwar-master\src\org\lionsoul\tankwar\Battlefield.java,org.lionsoul.tankwar.Battlefield,runningDraw/0,bselector,2
E:\OOD\main\tankwar-master\tankwar-master\src\org\lionsoul\tankwar\Battlefield.java,org.lionsoul.tankwar.Battlefield,runningDraw/0,bufferScreen,7
E:\OOD\main\tankwar-master\tankwar-master\src\org\lionsoul\tankwar\Battlefield.java,org.lionsoul.tankwar.Battlefield,runningDraw/0,hero,2
E:\OOD\main\tankwar-master\tankwar-master\src\org\lionsoul\tankwar\Battlefield.java,org.lionsoul.tankwar.Battlefield,runningDraw/0,GAME_SUCCEED,2
E:\OOD\main\tankwar-master\tankwar-master\src\org\lionsoul\tankwar\Battlefield.java,org.lionsoul.tankwar.Battlefield,runningDraw/0,state,2
E:\OOD\main\tankwar-master\tankwar-master\src\org\lionsoul\tankwar\Battlefield.java,org.lionsoul.tankwar.Battlefield,runningDraw/0,gresult,2
E:\OOD\main\tankwar-master\tankwar-master\src\org\lionsoul\tankwar\Battlefield.java,org.lionsoul.tankwar.Battlefield,runningDraw/0,tankmap,1
E:\OOD\main\tankwar-master\tankwar-master\src\org\lionsoul\tankwar\Battlefield.java,org.lionsoul.tankwar.Battlefield,runningDraw/0,explosions,1
E:\OOD\main\tankwar-master\tankwar-master\src\org\lionsoul\tankwar\Battlefield.java,org.lionsoul.tankwar.Battlefield,runningDraw/0,barriersSetting,2
E:\OOD\main\tankwar-master\tankwar-master\src\org\lionsoul\tankwar\Battlefield.java,org.lionsoul.tankwar.Battlefield,runningDraw/0,bullets,2
E:\OOD\main\tankwar-master\tankwar-master\src\org\lionsoul\tankwar\Battlefield.java,org.lionsoul.tankwar.Battlefield,addSynBullet/1[org.lionsoul.tankwar.model.Bullet],bullets,2
E:\OOD\main\tankwar-master\tankwar-master\src\org\lionsoul\tankwar\Battlefield.java,org.lionsoul.tankwar.Battlefield,setBarriers/1[int],barriers,5
E:\OOD\main\tankwar-master\tankwar-master\src\org\lionsoul\tankwar\Battlefield.java,org.lionsoul.tankwar.Battlefield,createGR/1[int],GAME_SUCCEED,1
E:\OOD\main\tankwar-master\tankwar-master\src\org\lionsoul\tankwar\Battlefield.java,org.lionsoul.tankwar.Battlefield,setGameMode/1[int],mode,3
E:\OOD\main\tankwar-master\tankwar-master\src\org\lionsoul\tankwar\Battlefield.java,org.lionsoul.tankwar.Battlefield,drawBackground/1[java.awt.Graphics],bgWidth,1
E:\OOD\main\tankwar-master\tankwar-master\src\org\lionsoul\tankwar\Battlefield.java,org.lionsoul.tankwar.Battlefield,drawBackground/1[java.awt.Graphics],bg,1
E:\OOD\main\tankwar-master\tankwar-master\src\org\lionsoul\tankwar\Battlefield.java,org.lionsoul.tankwar.Battlefield,drawBackground/1[java.awt.Graphics],background,1
E:\OOD\main\tankwar-master\tankwar-master\src\org\lionsoul\tankwar\Battlefield.java,org.lionsoul.tankwar.Battlefield,drawBackground/1[java.awt.Graphics],bufferScreen,1
E:\OOD\main\tankwar-master\tankwar-master\src\org\lionsoul\tankwar\Battlefield.java,org.lionsoul.tankwar.Battlefield,drawBackground/1[java.awt.Graphics],bgHeight,1
E:\OOD\main\tankwar-master\tankwar-master\src\org\lionsoul\tankwar\Battlefield.java,org.lionsoul.tankwar.Battlefield,play/1[int],tanks,2
E:\OOD\main\tankwar-master\tankwar-master\src\org\lionsoul\tankwar\Battlefield.java,org.lionsoul.tankwar.Battlefield,play/1[int],bselector,1
E:\OOD\main\tankwar-master\tankwar-master\src\org\lionsoul\tankwar\Battlefield.java,org.lionsoul.tankwar.Battlefield,play/1[int],hero,1
E:\OOD\main\tankwar-master\tankwar-master\src\org\lionsoul\tankwar\Battlefield.java,org.lionsoul.tankwar.Battlefield,play/1[int],gresult,1
E:\OOD\main\tankwar-master\tankwar-master\src\org\lionsoul\tankwar\Battlefield.java,org.lionsoul.tankwar.Battlefield,play/1[int],tankmap,1
E:\OOD\main\tankwar-master\tankwar-master\src\org\lionsoul\tankwar\Battlefield.java,org.lionsoul.tankwar.Battlefield,play/1[int],state,1
E:\OOD\main\tankwar-master\tankwar-master\src\org\lionsoul\tankwar\Battlefield.java,org.lionsoul.tankwar.Battlefield,play/1[int],explosions,2
E:\OOD\main\tankwar-master\tankwar-master\src\org\lionsoul\tankwar\Battlefield.java,org.lionsoul.tankwar.Battlefield,play/1[int],GAME_RUNING,1
E:\OOD\main\tankwar-master\tankwar-master\src\org\lionsoul\tankwar\Battlefield.java,org.lionsoul.tankwar.Battlefield,play/1[int],bullets,2
E:\OOD\main\tankwar-master\tankwar-master\src\org\lionsoul\tankwar\Battlefield.java,org.lionsoul.tankwar.Battlefield,play/1[int],barriersSetting,1
E:\OOD\main\tankwar-master\tankwar-master\src\org\lionsoul\tankwar\Battlefield.java,org.lionsoul.tankwar.Battlefield,getHeroTank/0,hero,1
E:\OOD\main\tankwar-master\tankwar-master\src\org\lionsoul\tankwar\map\RandomWordsMap.java,org.lionsoul.tankwar.map.RandomWordsMap,"generate/7[java.awt.Image[],int,int,int,int,int,int]",WORDS,1
E:\OOD\main\tankwar-master\tankwar-master\src\org\lionsoul\tankwar\GameHelp.java,org.lionsoul.tankwar.GameHelp,setVisible/1[boolean],show,3
E:\OOD\main\tankwar-master\tankwar-master\src\org\lionsoul\tankwar\GameHelp.java,org.lionsoul.tankwar.GameHelp,getHelpImage/0,HELP,1
E:\OOD\main\tankwar-master\tankwar-master\src\org\lionsoul\tankwar\GameHelp.java,org.lionsoul.tankwar.GameHelp,getHelpImage/0,image,3
E:\OOD\main\tankwar-master\tankwar-master\src\org\lionsoul\tankwar\GameHelp.java,org.lionsoul.tankwar.GameHelp,getHelpImage/0,w,3
E:\OOD\main\tankwar-master\tankwar-master\src\org\lionsoul\tankwar\GameHelp.java,org.lionsoul.tankwar.GameHelp,getHelpImage/0,h,3
E:\OOD\main\tankwar-master\tankwar-master\src\org\lionsoul\tankwar\GameHelp.java,org.lionsoul.tankwar.GameHelp,"GameHelp/2[int,int]",w,3
E:\OOD\main\tankwar-master\tankwar-master\src\org\lionsoul\tankwar\GameHelp.java,org.lionsoul.tankwar.GameHelp,"GameHelp/2[int,int]",h,3
E:\OOD\main\tankwar-master\tankwar-master\src\org\lionsoul\tankwar\GameHelp.java,org.lionsoul.tankwar.GameHelp,getWidth/0,w,1
E:\OOD\main\tankwar-master\tankwar-master\src\org\lionsoul\tankwar\GameHelp.java,org.lionsoul.tankwar.GameHelp,isVisible/0,show,1
E:\OOD\main\tankwar-master\tankwar-master\src\org\lionsoul\tankwar\GameHelp.java,org.lionsoul.tankwar.GameHelp,getHeight/0,h,1
E:\OOD\main\tankwar-master\tankwar-master\src\org\lionsoul\tankwar\BattleCanvas.java,org.lionsoul.tankwar.BattleCanvas,paintComponent/1[java.awt.Graphics],bufferImage,2
E:\OOD\main\tankwar-master\tankwar-master\src\org\lionsoul\tankwar\BattleCanvas.java,org.lionsoul.tankwar.BattleCanvas,setBufferImage/1[java.awt.Image],bufferImage,1
E:\OOD\main\tankwar-master\tankwar-master\src\org\lionsoul\tankwar\tank\WichTank.java,org.lionsoul.tankwar.tank.WichTank,"WichTank/8[org.lionsoul.tankwar.Battlefield,java.awt.Image[],int,int,int,int,int,int]",radius,1
E:\OOD\main\tankwar-master\tankwar-master\src\org\lionsoul\tankwar\tank\WichTank.java,org.lionsoul.tankwar.tank.WichTank,draw/1[java.awt.Graphics],cbfactor,3
E:\OOD\main\tankwar-master\tankwar-master\src\org\lionsoul\tankwar\tank\WichTank.java,org.lionsoul.tankwar.tank.WichTank,draw/1[java.awt.Graphics],radius,4
E:\OOD\main\tankwar-master\tankwar-master\src\org\lionsoul\tankwar\tank\WichTank.java,org.lionsoul.tankwar.tank.WichTank,draw/1[java.awt.Graphics],SHOT_TIMEOUT_FACOTR_CS,1
E:\OOD\main\tankwar-master\tankwar-master\src\org\lionsoul\tankwar\model\Tank.java,org.lionsoul.tankwar.model.Tank,getHeight/0,height,1
E:\OOD\main\tankwar-master\tankwar-master\src\org\lionsoul\tankwar\model\Tank.java,org.lionsoul.tankwar.model.Tank,"Tank/8[org.lionsoul.tankwar.Battlefield,java.awt.Image[],int,int,int,int,int,int]",images,2
E:\OOD\main\tankwar-master\tankwar-master\src\org\lionsoul\tankwar\model\Tank.java,org.lionsoul.tankwar.model.Tank,"Tank/8[org.lionsoul.tankwar.Battlefield,java.awt.Image[],int,int,int,int,int,int]",t,2
E:\OOD\main\tankwar-master\tankwar-master\src\org\lionsoul\tankwar\model\Tank.java,org.lionsoul.tankwar.model.Tank,"Tank/8[org.lionsoul.tankwar.Battlefield,java.awt.Image[],int,int,int,int,int,int]",serial,2
E:\OOD\main\tankwar-master\tankwar-master\src\org\lionsoul\tankwar\model\Tank.java,org.lionsoul.tankwar.model.Tank,"Tank/8[org.lionsoul.tankwar.Battlefield,java.awt.Image[],int,int,int,int,int,int]",x,2
E:\OOD\main\tankwar-master\tankwar-master\src\org\lionsoul\tankwar\model\Tank.java,org.lionsoul.tankwar.model.Tank,"Tank/8[org.lionsoul.tankwar.Battlefield,java.awt.Image[],int,int,int,int,int,int]",y,2
E:\OOD\main\tankwar-master\tankwar-master\src\org\lionsoul\tankwar\model\Tank.java,org.lionsoul.tankwar.model.Tank,"Tank/8[org.lionsoul.tankwar.Battlefield,java.awt.Image[],int,int,int,int,int,int]",rows,2
E:\OOD\main\tankwar-master\tankwar-master\src\org\lionsoul\tankwar\model\Tank.java,org.lionsoul.tankwar.model.Tank,"Tank/8[org.lionsoul.tankwar.Battlefield,java.awt.Image[],int,int,int,int,int,int]",cols,2
E:\OOD\main\tankwar-master\tankwar-master\src\org\lionsoul\tankwar\model\Tank.java,org.lionsoul.tankwar.model.Tank,reduceMovingBullets/0,movingBullets,1
E:\OOD\main\tankwar-master\tankwar-master\src\org\lionsoul\tankwar\model\Tank.java,org.lionsoul.tankwar.model.Tank,getMovingBullets/0,movingBullets,1
E:\OOD\main\tankwar-master\tankwar-master\src\org\lionsoul\tankwar\model\Tank.java,org.lionsoul.tankwar.model.Tank,setMissile/1[int],missile,3
E:\OOD\main\tankwar-master\tankwar-master\src\org\lionsoul\tankwar\model\Tank.java,org.lionsoul.tankwar.model.Tank,setType/1[int],t,3
E:\OOD\main\tankwar-master\tankwar-master\src\org\lionsoul\tankwar\model\Tank.java,org.lionsoul.tankwar.model.Tank,getWidth/0,width,1
E:\OOD\main\tankwar-master\tankwar-master\src\org\lionsoul\tankwar\model\Tank.java,org.lionsoul.tankwar.model.Tank,getBlood/0,blood,1
E:\OOD\main\tankwar-master\tankwar-master\src\org\lionsoul\tankwar\model\Tank.java,org.lionsoul.tankwar.model.Tank,draw/1[java.awt.Graphics],images,8
E:\OOD\main\tankwar-master\tankwar-master\src\org\lionsoul\tankwar\model\Tank.java,org.lionsoul.tankwar.model.Tank,draw/1[java.awt.Graphics],alive,1
E:\OOD\main\tankwar-master\tankwar-master\src\org\lionsoul\tankwar\model\Tank.java,org.lionsoul.tankwar.model.Tank,draw/1[java.awt.Graphics],infokey,1
E:\OOD\main\tankwar-master\tankwar-master\src\org\lionsoul\tankwar\model\Tank.java,org.lionsoul.tankwar.model.Tank,draw/1[java.awt.Graphics],rows,2
E:\OOD\main\tankwar-master\tankwar-master\src\org\lionsoul\tankwar\model\Tank.java,org.lionsoul.tankwar.model.Tank,draw/1[java.awt.Graphics],blood,3
E:\OOD\main\tankwar-master\tankwar-master\src\org\lionsoul\tankwar\model\Tank.java,org.lionsoul.tankwar.model.Tank,draw/1[java.awt.Graphics],life,4
E:\OOD\main\tankwar-master\tankwar-master\src\org\lionsoul\tankwar\model\Tank.java,org.lionsoul.tankwar.model.Tank,draw/1[java.awt.Graphics],head,1
E:\OOD\main\tankwar-master\tankwar-master\src\org\lionsoul\tankwar\model\Tank.java,org.lionsoul.tankwar.model.Tank,draw/1[java.awt.Graphics],x,1
E:\OOD\main\tankwar-master\tankwar-master\src\org\lionsoul\tankwar\model\Tank.java,org.lionsoul.tankwar.model.Tank,draw/1[java.awt.Graphics],missile,1
E:\OOD\main\tankwar-master\tankwar-master\src\org\lionsoul\tankwar\model\Tank.java,org.lionsoul.tankwar.model.Tank,draw/1[java.awt.Graphics],y,1
E:\OOD\main\tankwar-master\tankwar-master\src\org\lionsoul\tankwar\model\Tank.java,org.lionsoul.tankwar.model.Tank,draw/1[java.awt.Graphics],MAP,9
E:\OOD\main\tankwar-master\tankwar-master\src\org\lionsoul\tankwar\model\Tank.java,org.lionsoul.tankwar.model.Tank,draw/1[java.awt.Graphics],cols,1
E:\OOD\main\tankwar-master\tankwar-master\src\org\lionsoul\tankwar\model\Tank.java,org.lionsoul.tankwar.model.Tank,draw/1[java.awt.Graphics],height,1
E:\OOD\main\tankwar-master\tankwar-master\src\org\lionsoul\tankwar\model\Tank.java,org.lionsoul.tankwar.model.Tank,draw/1[java.awt.Graphics],font,3
E:\OOD\main\tankwar-master\tankwar-master\src\org\lionsoul\tankwar\model\Tank.java,org.lionsoul.tankwar.model.Tank,move/0,head,1
E:\OOD\main\tankwar-master\tankwar-master\src\org\lionsoul\tankwar\model\Tank.java,org.lionsoul.tankwar.model.Tank,move/0,x,12
E:\OOD\main\tankwar-master\tankwar-master\src\org\lionsoul\tankwar\model\Tank.java,org.lionsoul.tankwar.model.Tank,move/0,y,12
E:\OOD\main\tankwar-master\tankwar-master\src\org\lionsoul\tankwar\model\Tank.java,org.lionsoul.tankwar.model.Tank,getRows/0,rows,1
E:\OOD\main\tankwar-master\tankwar-master\src\org\lionsoul\tankwar\model\Tank.java,org.lionsoul.tankwar.model.Tank,"getLeftMoveOffset/2[int,int]",offset,2
E:\OOD\main\tankwar-master\tankwar-master\src\org\lionsoul\tankwar\model\Tank.java,org.lionsoul.tankwar.model.Tank,"getLeftMoveOffset/2[int,int]",x,5
E:\OOD\main\tankwar-master\tankwar-master\src\org\lionsoul\tankwar\model\Tank.java,org.lionsoul.tankwar.model.Tank,"getLeftMoveOffset/2[int,int]",y,3
E:\OOD\main\tankwar-master\tankwar-master\src\org\lionsoul\tankwar\model\Tank.java,org.lionsoul.tankwar.model.Tank,"getLeftMoveOffset/2[int,int]",rows,1
E:\OOD\main\tankwar-master\tankwar-master\src\org\lionsoul\tankwar\model\Tank.java,org.lionsoul.tankwar.model.Tank,"getLeftMoveOffset/2[int,int]",MAP,1
E:\OOD\main\tankwar-master\tankwar-master\src\org\lionsoul\tankwar\model\Tank.java,org.lionsoul.tankwar.model.Tank,setSerial/1[int],serial,3
E:\OOD\main\tankwar-master\tankwar-master\src\org\lionsoul\tankwar\model\Tank.java,org.lionsoul.tankwar.model.Tank,"Tank/10[org.lionsoul.tankwar.Battlefield,java.awt.Image[],int,int,int,int,int,int,int,int]",head,4
E:\OOD\main\tankwar-master\tankwar-master\src\org\lionsoul\tankwar\model\Tank.java,org.lionsoul.tankwar.model.Tank,"Tank/10[org.lionsoul.tankwar.Battlefield,java.awt.Image[],int,int,int,int,int,int,int,int]",images,3
E:\OOD\main\tankwar-master\tankwar-master\src\org\lionsoul\tankwar\model\Tank.java,org.lionsoul.tankwar.model.Tank,"Tank/10[org.lionsoul.tankwar.Battlefield,java.awt.Image[],int,int,int,int,int,int,int,int]",t,3
E:\OOD\main\tankwar-master\tankwar-master\src\org\lionsoul\tankwar\model\Tank.java,org.lionsoul.tankwar.model.Tank,"Tank/10[org.lionsoul.tankwar.Battlefield,java.awt.Image[],int,int,int,int,int,int,int,int]",BF,2
E:\OOD\main\tankwar-master\tankwar-master\src\org\lionsoul\tankwar\model\Tank.java,org.lionsoul.tankwar.model.Tank,"Tank/10[org.lionsoul.tankwar.Battlefield,java.awt.Image[],int,int,int,int,int,int,int,int]",serial,3
E:\OOD\main\tankwar-master\tankwar-master\src\org\lionsoul\tankwar\model\Tank.java,org.lionsoul.tankwar.model.Tank,"Tank/10[org.lionsoul.tankwar.Battlefield,java.awt.Image[],int,int,int,int,int,int,int,int]",x,4
E:\OOD\main\tankwar-master\tankwar-master\src\org\lionsoul\tankwar\model\Tank.java,org.lionsoul.tankwar.model.Tank,"Tank/10[org.lionsoul.tankwar.Battlefield,java.awt.Image[],int,int,int,int,int,int,int,int]",width,1
E:\OOD\main\tankwar-master\tankwar-master\src\org\lionsoul\tankwar\model\Tank.java,org.lionsoul.tankwar.model.Tank,"Tank/10[org.lionsoul.tankwar.Battlefield,java.awt.Image[],int,int,int,int,int,int,int,int]",y,4
E:\OOD\main\tankwar-master\tankwar-master\src\org\lionsoul\tankwar\model\Tank.java,org.lionsoul.tankwar.model.Tank,"Tank/10[org.lionsoul.tankwar.Battlefield,java.awt.Image[],int,int,int,int,int,int,int,int]",rows,4
E:\OOD\main\tankwar-master\tankwar-master\src\org\lionsoul\tankwar\model\Tank.java,org.lionsoul.tankwar.model.Tank,"Tank/10[org.lionsoul.tankwar.Battlefield,java.awt.Image[],int,int,int,int,int,int,int,int]",blood,4
E:\OOD\main\tankwar-master\tankwar-master\src\org\lionsoul\tankwar\model\Tank.java,org.lionsoul.tankwar.model.Tank,"Tank/10[org.lionsoul.tankwar.Battlefield,java.awt.Image[],int,int,int,int,int,int,int,int]",cols,4
E:\OOD\main\tankwar-master\tankwar-master\src\org\lionsoul\tankwar\model\Tank.java,org.lionsoul.tankwar.model.Tank,"Tank/10[org.lionsoul.tankwar.Battlefield,java.awt.Image[],int,int,int,int,int,int,int,int]",MAP,1
E:\OOD\main\tankwar-master\tankwar-master\src\org\lionsoul\tankwar\model\Tank.java,org.lionsoul.tankwar.model.Tank,getType/0,t,1
E:\OOD\main\tankwar-master\tankwar-master\src\org\lionsoul\tankwar\model\Tank.java,org.lionsoul.tankwar.model.Tank,getDirectionMask/0,direction,1
E:\OOD\main\tankwar-master\tankwar-master\src\org\lionsoul\tankwar\model\Tank.java,org.lionsoul.tankwar.model.Tank,getX/0,x,1
E:\OOD\main\tankwar-master\tankwar-master\src\org\lionsoul\tankwar\model\Tank.java,org.lionsoul.tankwar.model.Tank,moveLeft/1[int],serial,1
E:\OOD\main\tankwar-master\tankwar-master\src\org\lionsoul\tankwar\model\Tank.java,org.lionsoul.tankwar.model.Tank,moveLeft/1[int],x,3
E:\OOD\main\tankwar-master\tankwar-master\src\org\lionsoul\tankwar\model\Tank.java,org.lionsoul.tankwar.model.Tank,moveLeft/1[int],y,2
E:\OOD\main\tankwar-master\tankwar-master\src\org\lionsoul\tankwar\model\Tank.java,org.lionsoul.tankwar.model.Tank,moveLeft/1[int],rows,2
E:\OOD\main\tankwar-master\tankwar-master\src\org\lionsoul\tankwar\model\Tank.java,org.lionsoul.tankwar.model.Tank,moveLeft/1[int],MAP,2
E:\OOD\main\tankwar-master\tankwar-master\src\org\lionsoul\tankwar\model\Tank.java,org.lionsoul.tankwar.model.Tank,moveLeft/1[int],cols,1
E:\OOD\main\tankwar-master\tankwar-master\src\org\lionsoul\tankwar\model\Tank.java,org.lionsoul.tankwar.model.Tank,addBullets/0,head,1
E:\OOD\main\tankwar-master\tankwar-master\src\org\lionsoul\tankwar\model\Tank.java,org.lionsoul.tankwar.model.Tank,addBullets/0,BF,2
E:\OOD\main\tankwar-master\tankwar-master\src\org\lionsoul\tankwar\model\Tank.java,org.lionsoul.tankwar.model.Tank,addBullets/0,x,1
E:\OOD\main\tankwar-master\tankwar-master\src\org\lionsoul\tankwar\model\Tank.java,org.lionsoul.tankwar.model.Tank,addBullets/0,y,1
E:\OOD\main\tankwar-master\tankwar-master\src\org\lionsoul\tankwar\model\Tank.java,org.lionsoul.tankwar.model.Tank,addBullets/0,rows,1
E:\OOD\main\tankwar-master\tankwar-master\src\org\lionsoul\tankwar\model\Tank.java,org.lionsoul.tankwar.model.Tank,addBullets/0,cols,1
E:\OOD\main\tankwar-master\tankwar-master\src\org\lionsoul\tankwar\model\Tank.java,org.lionsoul.tankwar.model.Tank,getSerial/0,serial,1
E:\OOD\main\tankwar-master\tankwar-master\src\org\lionsoul\tankwar\model\Tank.java,org.lionsoul.tankwar.model.Tank,"getRightMoveOffset/2[int,int]",offset,2
E:\OOD\main\tankwar-master\tankwar-master\src\org\lionsoul\tankwar\model\Tank.java,org.lionsoul.tankwar.model.Tank,"getRightMoveOffset/2[int,int]",x,5
E:\OOD\main\tankwar-master\tankwar-master\src\org\lionsoul\tankwar\model\Tank.java,org.lionsoul.tankwar.model.Tank,"getRightMoveOffset/2[int,int]",y,3
E:\OOD\main\tankwar-master\tankwar-master\src\org\lionsoul\tankwar\model\Tank.java,org.lionsoul.tankwar.model.Tank,"getRightMoveOffset/2[int,int]",rows,1
E:\OOD\main\tankwar-master\tankwar-master\src\org\lionsoul\tankwar\model\Tank.java,org.lionsoul.tankwar.model.Tank,"getRightMoveOffset/2[int,int]",MAP,3
E:\OOD\main\tankwar-master\tankwar-master\src\org\lionsoul\tankwar\model\Tank.java,org.lionsoul.tankwar.model.Tank,"getRightMoveOffset/2[int,int]",cols,3
E:\OOD\main\tankwar-master\tankwar-master\src\org\lionsoul\tankwar\model\Tank.java,org.lionsoul.tankwar.model.Tank,isAlive/0,alive,1
E:\OOD\main\tankwar-master\tankwar-master\src\org\lionsoul\tankwar\model\Tank.java,org.lionsoul.tankwar.model.Tank,setX/1[int],x,3
E:\OOD\main\tankwar-master\tankwar-master\src\org\lionsoul\tankwar\model\Tank.java,org.lionsoul.tankwar.model.Tank,"getUpMoveOffset/2[int,int]",offset,2
E:\OOD\main\tankwar-master\tankwar-master\src\org\lionsoul\tankwar\model\Tank.java,org.lionsoul.tankwar.model.Tank,"getUpMoveOffset/2[int,int]",x,3
E:\OOD\main\tankwar-master\tankwar-master\src\org\lionsoul\tankwar\model\Tank.java,org.lionsoul.tankwar.model.Tank,"getUpMoveOffset/2[int,int]",y,5
E:\OOD\main\tankwar-master\tankwar-master\src\org\lionsoul\tankwar\model\Tank.java,org.lionsoul.tankwar.model.Tank,"getUpMoveOffset/2[int,int]",MAP,1
E:\OOD\main\tankwar-master\tankwar-master\src\org\lionsoul\tankwar\model\Tank.java,org.lionsoul.tankwar.model.Tank,"getUpMoveOffset/2[int,int]",cols,1
E:\OOD\main\tankwar-master\tankwar-master\src\org\lionsoul\tankwar\model\Tank.java,org.lionsoul.tankwar.model.Tank,moveDown/1[int],serial,1
E:\OOD\main\tankwar-master\tankwar-master\src\org\lionsoul\tankwar\model\Tank.java,org.lionsoul.tankwar.model.Tank,moveDown/1[int],x,2
E:\OOD\main\tankwar-master\tankwar-master\src\org\lionsoul\tankwar\model\Tank.java,org.lionsoul.tankwar.model.Tank,moveDown/1[int],y,3
E:\OOD\main\tankwar-master\tankwar-master\src\org\lionsoul\tankwar\model\Tank.java,org.lionsoul.tankwar.model.Tank,moveDown/1[int],rows,1
E:\OOD\main\tankwar-master\tankwar-master\src\org\lionsoul\tankwar\model\Tank.java,org.lionsoul.tankwar.model.Tank,moveDown/1[int],MAP,2
E:\OOD\main\tankwar-master\tankwar-master\src\org\lionsoul\tankwar\model\Tank.java,org.lionsoul.tankwar.model.Tank,moveDown/1[int],cols,2
E:\OOD\main\tankwar-master\tankwar-master\src\org\lionsoul\tankwar\model\Tank.java,org.lionsoul.tankwar.model.Tank,setAlive/1[boolean],alive,4
E:\OOD\main\tankwar-master\tankwar-master\src\org\lionsoul\tankwar\model\Tank.java,org.lionsoul.tankwar.model.Tank,setAlive/1[boolean],x,1
E:\OOD\main\tankwar-master\tankwar-master\src\org\lionsoul\tankwar\model\Tank.java,org.lionsoul.tankwar.model.Tank,setAlive/1[boolean],y,1
E:\OOD\main\tankwar-master\tankwar-master\src\org\lionsoul\tankwar\model\Tank.java,org.lionsoul.tankwar.model.Tank,setAlive/1[boolean],rows,1
E:\OOD\main\tankwar-master\tankwar-master\src\org\lionsoul\tankwar\model\Tank.java,org.lionsoul.tankwar.model.Tank,setAlive/1[boolean],MAP,1
E:\OOD\main\tankwar-master\tankwar-master\src\org\lionsoul\tankwar\model\Tank.java,org.lionsoul.tankwar.model.Tank,setAlive/1[boolean],cols,1
E:\OOD\main\tankwar-master\tankwar-master\src\org\lionsoul\tankwar\model\Tank.java,org.lionsoul.tankwar.model.Tank,moveRight/1[int],serial,1
E:\OOD\main\tankwar-master\tankwar-master\src\org\lionsoul\tankwar\model\Tank.java,org.lionsoul.tankwar.model.Tank,moveRight/1[int],x,3
E:\OOD\main\tankwar-master\tankwar-master\src\org\lionsoul\tankwar\model\Tank.java,org.lionsoul.tankwar.model.Tank,moveRight/1[int],y,2
E:\OOD\main\tankwar-master\tankwar-master\src\org\lionsoul\tankwar\model\Tank.java,org.lionsoul.tankwar.model.Tank,moveRight/1[int],rows,2
E:\OOD\main\tankwar-master\tankwar-master\src\org\lionsoul\tankwar\model\Tank.java,org.lionsoul.tankwar.model.Tank,moveRight/1[int],MAP,2
E:\OOD\main\tankwar-master\tankwar-master\src\org\lionsoul\tankwar\model\Tank.java,org.lionsoul.tankwar.model.Tank,moveRight/1[int],cols,1
E:\OOD\main\tankwar-master\tankwar-master\src\org\lionsoul\tankwar\model\Tank.java,org.lionsoul.tankwar.model.Tank,addSynBullets/0,head,1
E:\OOD\main\tankwar-master\tankwar-master\src\org\lionsoul\tankwar\model\Tank.java,org.lionsoul.tankwar.model.Tank,addSynBullets/0,BF,2
E:\OOD\main\tankwar-master\tankwar-master\src\org\lionsoul\tankwar\model\Tank.java,org.lionsoul.tankwar.model.Tank,addSynBullets/0,x,1
E:\OOD\main\tankwar-master\tankwar-master\src\org\lionsoul\tankwar\model\Tank.java,org.lionsoul.tankwar.model.Tank,addSynBullets/0,y,1
E:\OOD\main\tankwar-master\tankwar-master\src\org\lionsoul\tankwar\model\Tank.java,org.lionsoul.tankwar.model.Tank,addSynBullets/0,rows,1
E:\OOD\main\tankwar-master\tankwar-master\src\org\lionsoul\tankwar\model\Tank.java,org.lionsoul.tankwar.model.Tank,addSynBullets/0,cols,1
E:\OOD\main\tankwar-master\tankwar-master\src\org\lionsoul\tankwar\model\Tank.java,org.lionsoul.tankwar.model.Tank,setOffset/1[int],offset,3
E:\OOD\main\tankwar-master\tankwar-master\src\org\lionsoul\tankwar\model\Tank.java,org.lionsoul.tankwar.model.Tank,setY/1[int],y,3
E:\OOD\main\tankwar-master\tankwar-master\src\org\lionsoul\tankwar\model\Tank.java,org.lionsoul.tankwar.model.Tank,setHead/1[int],head,3
E:\OOD\main\tankwar-master\tankwar-master\src\org\lionsoul\tankwar\model\Tank.java,org.lionsoul.tankwar.model.Tank,increaseMovingBullets/0,movingBullets,1
E:\OOD\main\tankwar-master\tankwar-master\src\org\lionsoul\tankwar\model\Tank.java,org.lionsoul.tankwar.model.Tank,getCols/0,cols,1
E:\OOD\main\tankwar-master\tankwar-master\src\org\lionsoul\tankwar\model\Tank.java,org.lionsoul.tankwar.model.Tank,couldShot/0,BF,2
E:\OOD\main\tankwar-master\tankwar-master\src\org\lionsoul\tankwar\model\Tank.java,org.lionsoul.tankwar.model.Tank,setBomb/1[int],bomb,3
E:\OOD\main\tankwar-master\tankwar-master\src\org\lionsoul\tankwar\model\Tank.java,org.lionsoul.tankwar.model.Tank,getMoveDirection/0,direction,1
E:\OOD\main\tankwar-master\tankwar-master\src\org\lionsoul\tankwar\model\Tank.java,org.lionsoul.tankwar.model.Tank,moveUp/1[int],serial,1
E:\OOD\main\tankwar-master\tankwar-master\src\org\lionsoul\tankwar\model\Tank.java,org.lionsoul.tankwar.model.Tank,moveUp/1[int],x,2
E:\OOD\main\tankwar-master\tankwar-master\src\org\lionsoul\tankwar\model\Tank.java,org.lionsoul.tankwar.model.Tank,moveUp/1[int],y,3
E:\OOD\main\tankwar-master\tankwar-master\src\org\lionsoul\tankwar\model\Tank.java,org.lionsoul.tankwar.model.Tank,moveUp/1[int],rows,1
E:\OOD\main\tankwar-master\tankwar-master\src\org\lionsoul\tankwar\model\Tank.java,org.lionsoul.tankwar.model.Tank,moveUp/1[int],MAP,2
E:\OOD\main\tankwar-master\tankwar-master\src\org\lionsoul\tankwar\model\Tank.java,org.lionsoul.tankwar.model.Tank,moveUp/1[int],cols,2
E:\OOD\main\tankwar-master\tankwar-master\src\org\lionsoul\tankwar\model\Tank.java,org.lionsoul.tankwar.model.Tank,"getDownMoveOffset/2[int,int]",offset,2
E:\OOD\main\tankwar-master\tankwar-master\src\org\lionsoul\tankwar\model\Tank.java,org.lionsoul.tankwar.model.Tank,"getDownMoveOffset/2[int,int]",x,3
E:\OOD\main\tankwar-master\tankwar-master\src\org\lionsoul\tankwar\model\Tank.java,org.lionsoul.tankwar.model.Tank,"getDownMoveOffset/2[int,int]",y,5
E:\OOD\main\tankwar-master\tankwar-master\src\org\lionsoul\tankwar\model\Tank.java,org.lionsoul.tankwar.model.Tank,"getDownMoveOffset/2[int,int]",rows,3
E:\OOD\main\tankwar-master\tankwar-master\src\org\lionsoul\tankwar\model\Tank.java,org.lionsoul.tankwar.model.Tank,"getDownMoveOffset/2[int,int]",MAP,3
E:\OOD\main\tankwar-master\tankwar-master\src\org\lionsoul\tankwar\model\Tank.java,org.lionsoul.tankwar.model.Tank,"getDownMoveOffset/2[int,int]",cols,1
E:\OOD\main\tankwar-master\tankwar-master\src\org\lionsoul\tankwar\model\Tank.java,org.lionsoul.tankwar.model.Tank,getY/0,y,1
E:\OOD\main\tankwar-master\tankwar-master\src\org\lionsoul\tankwar\model\Tank.java,org.lionsoul.tankwar.model.Tank,setBlood/1[int],blood,3
E:\OOD\main\tankwar-master\tankwar-master\src\org\lionsoul\tankwar\TankFactory.java,org.lionsoul.tankwar.TankFactory,reset/0,serial,1
E:\OOD\main\tankwar-master\tankwar-master\src\org\lionsoul\tankwar\TankFactory.java,org.lionsoul.tankwar.TankFactory,reset/0,tanknum,1
E:\OOD\main\tankwar-master\tankwar-master\src\org\lionsoul\tankwar\TankFactory.java,org.lionsoul.tankwar.TankFactory,getTankOutput/0,tanknum,1
E:\OOD\main\tankwar-master\tankwar-master\src\org\lionsoul\tankwar\TankFactory.java,org.lionsoul.tankwar.TankFactory,"createEnemyTank/5[org.lionsoul.tankwar.Battlefield,int,int,int[],int]",RANDOM_ENEMY_TANK,1
E:\OOD\main\tankwar-master\tankwar-master\src\org\lionsoul\tankwar\TankFactory.java,org.lionsoul.tankwar.TankFactory,"createEnemyTank/5[org.lionsoul.tankwar.Battlefield,int,int,int[],int]",TRACK_ENEMY_TANK,1
E:\OOD\main\tankwar-master\tankwar-master\src\org\lionsoul\tankwar\TankFactory.java,org.lionsoul.tankwar.TankFactory,"createEnemyTank/5[org.lionsoul.tankwar.Battlefield,int,int,int[],int]",serial,2
E:\OOD\main\tankwar-master\tankwar-master\src\org\lionsoul\tankwar\TankFactory.java,org.lionsoul.tankwar.TankFactory,"createEnemyTank/5[org.lionsoul.tankwar.Battlefield,int,int,int[],int]",tanknum,1
E:\OOD\main\tankwar-master\tankwar-master\src\org\lionsoul\tankwar\TankFactory.java,org.lionsoul.tankwar.TankFactory,"createEnemyTank/5[org.lionsoul.tankwar.Battlefield,int,int,int[],int]",CIRCLE_ENEMY_TANK,1
E:\OOD\main\tankwar-master\tankwar-master\src\org\lionsoul\tankwar\TankFactory.java,org.lionsoul.tankwar.TankFactory,"createEnemyTank/5[org.lionsoul.tankwar.Battlefield,int,int,int[],int]",WICH_ENEMY_TANK,1
E:\OOD\main\tankwar-master\tankwar-master\src\org\lionsoul\tankwar\TankFactory.java,org.lionsoul.tankwar.TankFactory,"createCenterHeroTank/4[org.lionsoul.tankwar.Battlefield,int,int,int[]]",serial,1
E:\OOD\main\tankwar-master\tankwar-master\src\org\lionsoul\tankwar\BulletFactory.java,org.lionsoul.tankwar.BulletFactory,"createHeroBullet/6[org.lionsoul.tankwar.Battlefield,org.lionsoul.tankwar.model.Tank,short,int,int,int]",rect,2
E:\OOD\main\tankwar-master\tankwar-master\src\org\lionsoul\tankwar\BulletFactory.java,org.lionsoul.tankwar.BulletFactory,"createHeroBullet/6[org.lionsoul.tankwar.Battlefield,org.lionsoul.tankwar.model.Tank,short,int,int,int]",heroDamage,2
E:\OOD\main\tankwar-master\tankwar-master\src\org\lionsoul\tankwar\BulletFactory.java,org.lionsoul.tankwar.BulletFactory,"createEnemyBullet/6[org.lionsoul.tankwar.Battlefield,org.lionsoul.tankwar.model.Tank,short,int,int,int]",rect,2
E:\OOD\main\tankwar-master\tankwar-master\src\org\lionsoul\tankwar\BulletFactory.java,org.lionsoul.tankwar.BulletFactory,"createEnemyBullet/6[org.lionsoul.tankwar.Battlefield,org.lionsoul.tankwar.model.Tank,short,int,int,int]",enemyDamage,2
E:\OOD\main\tankwar-master\tankwar-master\src\org\lionsoul\tankwar\tank\RandomTank.java,org.lionsoul.tankwar.tank.RandomTank,setSeeds/1[int[]],seeds,4
E:\OOD\main\tankwar-master\tankwar-master\src\org\lionsoul\tankwar\tank\RandomTank.java,org.lionsoul.tankwar.tank.RandomTank,draw/1[java.awt.Graphics],shotInterval,2
E:\OOD\main\tankwar-master\tankwar-master\src\org\lionsoul\tankwar\tank\RandomTank.java,org.lionsoul.tankwar.tank.RandomTank,draw/1[java.awt.Graphics],seeds,2
E:\OOD\main\tankwar-master\tankwar-master\src\org\lionsoul\tankwar\tank\RandomTank.java,org.lionsoul.tankwar.tank.RandomTank,draw/1[java.awt.Graphics],moveInterval,2
E:\OOD\main\tankwar-master\tankwar-master\src\org\lionsoul\tankwar\tank\TrackTank.java,org.lionsoul.tankwar.tank.TrackTank,draw/1[java.awt.Graphics],aimTank,3
E:\OOD\main\tankwar-master\tankwar-master\src\org\lionsoul\tankwar\tank\TrackTank.java,org.lionsoul.tankwar.tank.TrackTank,getAimTank/0,aimTank,1
E:\OOD\main\tankwar-master\tankwar-master\src\org\lionsoul\tankwar\tank\TrackTank.java,org.lionsoul.tankwar.tank.TrackTank,setAimTank/1[org.lionsoul.tankwar.model.Tank],aimTank,4
E:\OOD\main\tankwar-master\tankwar-master\src\org\lionsoul\tankwar\model\Explosion.java,org.lionsoul.tankwar.model.Explosion,setOffset/1[short],offset,3
E:\OOD\main\tankwar-master\tankwar-master\src\org\lionsoul\tankwar\model\Explosion.java,org.lionsoul.tankwar.model.Explosion,setCols/1[short],cols,3
E:\OOD\main\tankwar-master\tankwar-master\src\org\lionsoul\tankwar\model\Explosion.java,org.lionsoul.tankwar.model.Explosion,draw/1[java.awt.Graphics],images,1
E:\OOD\main\tankwar-master\tankwar-master\src\org\lionsoul\tankwar\model\Explosion.java,org.lionsoul.tankwar.model.Explosion,draw/1[java.awt.Graphics],offset,1
E:\OOD\main\tankwar-master\tankwar-master\src\org\lionsoul\tankwar\model\Explosion.java,org.lionsoul.tankwar.model.Explosion,draw/1[java.awt.Graphics],x,1
E:\OOD\main\tankwar-master\tankwar-master\src\org\lionsoul\tankwar\model\Explosion.java,org.lionsoul.tankwar.model.Explosion,draw/1[java.awt.Graphics],y,1
E:\OOD\main\tankwar-master\tankwar-master\src\org\lionsoul\tankwar\model\Explosion.java,org.lionsoul.tankwar.model.Explosion,draw/1[java.awt.Graphics],counter,2
E:\OOD\main\tankwar-master\tankwar-master\src\org\lionsoul\tankwar\model\Explosion.java,org.lionsoul.tankwar.model.Explosion,draw/1[java.awt.Graphics],idx,2
E:\OOD\main\tankwar-master\tankwar-master\src\org\lionsoul\tankwar\model\Explosion.java,org.lionsoul.tankwar.model.Explosion,draw/1[java.awt.Graphics],rows,1
E:\OOD\main\tankwar-master\tankwar-master\src\org\lionsoul\tankwar\model\Explosion.java,org.lionsoul.tankwar.model.Explosion,draw/1[java.awt.Graphics],cols,1
E:\OOD\main\tankwar-master\tankwar-master\src\org\lionsoul\tankwar\model\Explosion.java,org.lionsoul.tankwar.model.Explosion,draw/1[java.awt.Graphics],MAP,2
E:\OOD\main\tankwar-master\tankwar-master\src\org\lionsoul\tankwar\model\Explosion.java,org.lionsoul.tankwar.model.Explosion,setRows/1[short],rows,3
E:\OOD\main\tankwar-master\tankwar-master\src\org\lionsoul\tankwar\model\Explosion.java,org.lionsoul.tankwar.model.Explosion,getOffset/0,offset,1
E:\OOD\main\tankwar-master\tankwar-master\src\org\lionsoul\tankwar\model\Explosion.java,org.lionsoul.tankwar.model.Explosion,setY/1[int],y,3
E:\OOD\main\tankwar-master\tankwar-master\src\org\lionsoul\tankwar\model\Explosion.java,org.lionsoul.tankwar.model.Explosion,getX/0,x,1
E:\OOD\main\tankwar-master\tankwar-master\src\org\lionsoul\tankwar\model\Explosion.java,org.lionsoul.tankwar.model.Explosion,getRows/0,rows,1
E:\OOD\main\tankwar-master\tankwar-master\src\org\lionsoul\tankwar\model\Explosion.java,org.lionsoul.tankwar.model.Explosion,isAlive/0,alive,1
E:\OOD\main\tankwar-master\tankwar-master\src\org\lionsoul\tankwar\model\Explosion.java,org.lionsoul.tankwar.model.Explosion,getY/0,y,1
E:\OOD\main\tankwar-master\tankwar-master\src\org\lionsoul\tankwar\model\Explosion.java,org.lionsoul.tankwar.model.Explosion,getType/0,t,1
E:\OOD\main\tankwar-master\tankwar-master\src\org\lionsoul\tankwar\model\Explosion.java,org.lionsoul.tankwar.model.Explosion,setAlive/1[boolean],alive,3
E:\OOD\main\tankwar-master\tankwar-master\src\org\lionsoul\tankwar\model\Explosion.java,org.lionsoul.tankwar.model.Explosion,getCols/0,cols,1
E:\OOD\main\tankwar-master\tankwar-master\src\org\lionsoul\tankwar\model\Explosion.java,org.lionsoul.tankwar.model.Explosion,"Explosion/8[org.lionsoul.tankwar.Battlefield,java.awt.Image[],int,int,int,short,short,short]",images,1
E:\OOD\main\tankwar-master\tankwar-master\src\org\lionsoul\tankwar\model\Explosion.java,org.lionsoul.tankwar.model.Explosion,"Explosion/8[org.lionsoul.tankwar.Battlefield,java.awt.Image[],int,int,int,short,short,short]",offset,5
E:\OOD\main\tankwar-master\tankwar-master\src\org\lionsoul\tankwar\model\Explosion.java,org.lionsoul.tankwar.model.Explosion,"Explosion/8[org.lionsoul.tankwar.Battlefield,java.awt.Image[],int,int,int,short,short,short]",t,3
E:\OOD\main\tankwar-master\tankwar-master\src\org\lionsoul\tankwar\model\Explosion.java,org.lionsoul.tankwar.model.Explosion,"Explosion/8[org.lionsoul.tankwar.Battlefield,java.awt.Image[],int,int,int,short,short,short]",BF,2
E:\OOD\main\tankwar-master\tankwar-master\src\org\lionsoul\tankwar\model\Explosion.java,org.lionsoul.tankwar.model.Explosion,"Explosion/8[org.lionsoul.tankwar.Battlefield,java.awt.Image[],int,int,int,short,short,short]",x,4
E:\OOD\main\tankwar-master\tankwar-master\src\org\lionsoul\tankwar\model\Explosion.java,org.lionsoul.tankwar.model.Explosion,"Explosion/8[org.lionsoul.tankwar.Battlefield,java.awt.Image[],int,int,int,short,short,short]",y,4
E:\OOD\main\tankwar-master\tankwar-master\src\org\lionsoul\tankwar\model\Explosion.java,org.lionsoul.tankwar.model.Explosion,"Explosion/8[org.lionsoul.tankwar.Battlefield,java.awt.Image[],int,int,int,short,short,short]",counter,1
E:\OOD\main\tankwar-master\tankwar-master\src\org\lionsoul\tankwar\model\Explosion.java,org.lionsoul.tankwar.model.Explosion,"Explosion/8[org.lionsoul.tankwar.Battlefield,java.awt.Image[],int,int,int,short,short,short]",rows,4
E:\OOD\main\tankwar-master\tankwar-master\src\org\lionsoul\tankwar\model\Explosion.java,org.lionsoul.tankwar.model.Explosion,"Explosion/8[org.lionsoul.tankwar.Battlefield,java.awt.Image[],int,int,int,short,short,short]",cols,4
E:\OOD\main\tankwar-master\tankwar-master\src\org\lionsoul\tankwar\model\Explosion.java,org.lionsoul.tankwar.model.Explosion,"Explosion/8[org.lionsoul.tankwar.Battlefield,java.awt.Image[],int,int,int,short,short,short]",MAP,1
E:\OOD\main\tankwar-master\tankwar-master\src\org\lionsoul\tankwar\model\Explosion.java,org.lionsoul.tankwar.model.Explosion,setX/1[int],x,3
E:\OOD\main\tankwar-master\tankwar-master\src\org\lionsoul\tankwar\barriers\Barriers.java,org.lionsoul.tankwar.barriers.Barriers,getHeroArgs/0,heroArgs,1
E:\OOD\main\tankwar-master\tankwar-master\src\org\lionsoul\tankwar\barriers\Barriers.java,org.lionsoul.tankwar.barriers.Barriers,getHeroBulletArgs/0,heroBulletArgs,1
E:\OOD\main\tankwar-master\tankwar-master\src\org\lionsoul\tankwar\barriers\Barriers.java,org.lionsoul.tankwar.barriers.Barriers,getEnemyBulletArgs/0,enemyBulletArgs,1
E:\OOD\main\tankwar-master\tankwar-master\src\org\lionsoul\tankwar\barriers\Barriers.java,org.lionsoul.tankwar.barriers.Barriers,"Barriers/5[int,int[],int[],short[][],short[][]]",heroArgs,3
E:\OOD\main\tankwar-master\tankwar-master\src\org\lionsoul\tankwar\barriers\Barriers.java,org.lionsoul.tankwar.barriers.Barriers,"Barriers/5[int,int[],int[],short[][],short[][]]",heroBulletArgs,3
E:\OOD\main\tankwar-master\tankwar-master\src\org\lionsoul\tankwar\barriers\Barriers.java,org.lionsoul.tankwar.barriers.Barriers,"Barriers/5[int,int[],int[],short[][],short[][]]",enemy,3
E:\OOD\main\tankwar-master\tankwar-master\src\org\lionsoul\tankwar\barriers\Barriers.java,org.lionsoul.tankwar.barriers.Barriers,"Barriers/5[int,int[],int[],short[][],short[][]]",enemyArgs,3
E:\OOD\main\tankwar-master\tankwar-master\src\org\lionsoul\tankwar\barriers\Barriers.java,org.lionsoul.tankwar.barriers.Barriers,"Barriers/5[int,int[],int[],short[][],short[][]]",enemyBulletArgs,3
E:\OOD\main\tankwar-master\tankwar-master\src\org\lionsoul\tankwar\barriers\Barriers.java,org.lionsoul.tankwar.barriers.Barriers,getEnemyArgs/0,enemyArgs,1
E:\OOD\main\tankwar-master\tankwar-master\src\org\lionsoul\tankwar\barriers\Barriers.java,org.lionsoul.tankwar.barriers.Barriers,getEnemyNumber/0,enemy,1
E:\OOD\main\tankwar-master\tankwar-master\src\org\lionsoul\tankwar\ExplosionFactory.java,org.lionsoul.tankwar.ExplosionFactory,"createExplosion/4[org.lionsoul.tankwar.Battlefield,int,int,int]",exp,3
E:\OOD\main\tankwar-master\tankwar-master\src\org\lionsoul\tankwar\barriers\BarriersSelector.java,org.lionsoul.tankwar.barriers.BarriersSelector,setBarriers/1[int],barriers,5
E:\OOD\main\tankwar-master\tankwar-master\src\org\lionsoul\tankwar\barriers\BarriersSelector.java,org.lionsoul.tankwar.barriers.BarriersSelector,setBarriers/1[int],max,1
E:\OOD\main\tankwar-master\tankwar-master\src\org\lionsoul\tankwar\barriers\BarriersSelector.java,org.lionsoul.tankwar.barriers.BarriersSelector,"BarriersSelector/8[org.lionsoul.tankwar.Battlefield,int,int,int,int,int,javax.swing.ImageIcon[],java.applet.AudioClip]",offset,5
E:\OOD\main\tankwar-master\tankwar-master\src\org\lionsoul\tankwar\barriers\BarriersSelector.java,org.lionsoul.tankwar.barriers.BarriersSelector,"BarriersSelector/8[org.lionsoul.tankwar.Battlefield,int,int,int,int,int,javax.swing.ImageIcon[],java.applet.AudioClip]",BF,1
E:\OOD\main\tankwar-master\tankwar-master\src\org\lionsoul\tankwar\barriers\BarriersSelector.java,org.lionsoul.tankwar.barriers.BarriersSelector,"BarriersSelector/8[org.lionsoul.tankwar.Battlefield,int,int,int,int,int,javax.swing.ImageIcon[],java.applet.AudioClip]",max,5
E:\OOD\main\tankwar-master\tankwar-master\src\org\lionsoul\tankwar\barriers\BarriersSelector.java,org.lionsoul.tankwar.barriers.BarriersSelector,"BarriersSelector/8[org.lionsoul.tankwar.Battlefield,int,int,int,int,int,javax.swing.ImageIcon[],java.applet.AudioClip]",h,4
E:\OOD\main\tankwar-master\tankwar-master\src\org\lionsoul\tankwar\barriers\BarriersSelector.java,org.lionsoul.tankwar.barriers.BarriersSelector,"BarriersSelector/8[org.lionsoul.tankwar.Battlefield,int,int,int,int,int,javax.swing.ImageIcon[],java.applet.AudioClip]",pImages,1
E:\OOD\main\tankwar-master\tankwar-master\src\org\lionsoul\tankwar\barriers\BarriersSelector.java,org.lionsoul.tankwar.barriers.BarriersSelector,"BarriersSelector/8[org.lionsoul.tankwar.Battlefield,int,int,int,int,int,javax.swing.ImageIcon[],java.applet.AudioClip]",barriers,1
E:\OOD\main\tankwar-master\tankwar-master\src\org\lionsoul\tankwar\barriers\BarriersSelector.java,org.lionsoul.tankwar.barriers.BarriersSelector,"BarriersSelector/8[org.lionsoul.tankwar.Battlefield,int,int,int,int,int,javax.swing.ImageIcon[],java.applet.AudioClip]",buttonClip,3
E:\OOD\main\tankwar-master\tankwar-master\src\org\lionsoul\tankwar\barriers\BarriersSelector.java,org.lionsoul.tankwar.barriers.BarriersSelector,"BarriersSelector/8[org.lionsoul.tankwar.Battlefield,int,int,int,int,int,javax.swing.ImageIcon[],java.applet.AudioClip]",grass,1
E:\OOD\main\tankwar-master\tankwar-master\src\org\lionsoul\tankwar\barriers\BarriersSelector.java,org.lionsoul.tankwar.barriers.BarriersSelector,"BarriersSelector/8[org.lionsoul.tankwar.Battlefield,int,int,int,int,int,javax.swing.ImageIcon[],java.applet.AudioClip]",w,4
E:\OOD\main\tankwar-master\tankwar-master\src\org\lionsoul\tankwar\barriers\BarriersSelector.java,org.lionsoul.tankwar.barriers.BarriersSelector,"BarriersSelector/8[org.lionsoul.tankwar.Battlefield,int,int,int,int,int,javax.swing.ImageIcon[],java.applet.AudioClip]",i_width,1
E:\OOD\main\tankwar-master\tankwar-master\src\org\lionsoul\tankwar\barriers\BarriersSelector.java,org.lionsoul.tankwar.barriers.BarriersSelector,"BarriersSelector/8[org.lionsoul.tankwar.Battlefield,int,int,int,int,int,javax.swing.ImageIcon[],java.applet.AudioClip]",tImages,1
E:\OOD\main\tankwar-master\tankwar-master\src\org\lionsoul\tankwar\barriers\BarriersSelector.java,org.lionsoul.tankwar.barriers.BarriersSelector,"BarriersSelector/8[org.lionsoul.tankwar.Battlefield,int,int,int,int,int,javax.swing.ImageIcon[],java.applet.AudioClip]",i_height,1
E:\OOD\main\tankwar-master\tankwar-master\src\org\lionsoul\tankwar\barriers\BarriersSelector.java,org.lionsoul.tankwar.barriers.BarriersSelector,"BarriersSelector/8[org.lionsoul.tankwar.Battlefield,int,int,int,int,int,javax.swing.ImageIcon[],java.applet.AudioClip]",str_width,1
E:\OOD\main\tankwar-master\tankwar-master\src\org\lionsoul\tankwar\barriers\BarriersSelector.java,org.lionsoul.tankwar.barriers.BarriersSelector,stopAudio/0,buttonClip,1
E:\OOD\main\tankwar-master\tankwar-master\src\org\lionsoul\tankwar\barriers\BarriersSelector.java,org.lionsoul.tankwar.barriers.BarriersSelector,draw/1[java.awt.Graphics],numFont,3
E:\OOD\main\tankwar-master\tankwar-master\src\org\lionsoul\tankwar\barriers\BarriersSelector.java,org.lionsoul.tankwar.barriers.BarriersSelector,draw/1[java.awt.Graphics],offset,1
E:\OOD\main\tankwar-master\tankwar-master\src\org\lionsoul\tankwar\barriers\BarriersSelector.java,org.lionsoul.tankwar.barriers.BarriersSelector,draw/1[java.awt.Graphics],color,2
E:\OOD\main\tankwar-master\tankwar-master\src\org\lionsoul\tankwar\barriers\BarriersSelector.java,org.lionsoul.tankwar.barriers.BarriersSelector,draw/1[java.awt.Graphics],max,1
E:\OOD\main\tankwar-master\tankwar-master\src\org\lionsoul\tankwar\barriers\BarriersSelector.java,org.lionsoul.tankwar.barriers.BarriersSelector,draw/1[java.awt.Graphics],cFont,3
E:\OOD\main\tankwar-master\tankwar-master\src\org\lionsoul\tankwar\barriers\BarriersSelector.java,org.lionsoul.tankwar.barriers.BarriersSelector,draw/1[java.awt.Graphics],h,4
E:\OOD\main\tankwar-master\tankwar-master\src\org\lionsoul\tankwar\barriers\BarriersSelector.java,org.lionsoul.tankwar.barriers.BarriersSelector,draw/1[java.awt.Graphics],titleFont,2
E:\OOD\main\tankwar-master\tankwar-master\src\org\lionsoul\tankwar\barriers\BarriersSelector.java,org.lionsoul.tankwar.barriers.BarriersSelector,draw/1[java.awt.Graphics],sColor,2
E:\OOD\main\tankwar-master\tankwar-master\src\org\lionsoul\tankwar\barriers\BarriersSelector.java,org.lionsoul.tankwar.barriers.BarriersSelector,draw/1[java.awt.Graphics],pImages,1
E:\OOD\main\tankwar-master\tankwar-master\src\org\lionsoul\tankwar\barriers\BarriersSelector.java,org.lionsoul.tankwar.barriers.BarriersSelector,draw/1[java.awt.Graphics],barriers,1
E:\OOD\main\tankwar-master\tankwar-master\src\org\lionsoul\tankwar\barriers\BarriersSelector.java,org.lionsoul.tankwar.barriers.BarriersSelector,draw/1[java.awt.Graphics],grass,2
E:\OOD\main\tankwar-master\tankwar-master\src\org\lionsoul\tankwar\barriers\BarriersSelector.java,org.lionsoul.tankwar.barriers.BarriersSelector,draw/1[java.awt.Graphics],w,5
E:\OOD\main\tankwar-master\tankwar-master\src\org\lionsoul\tankwar\barriers\BarriersSelector.java,org.lionsoul.tankwar.barriers.BarriersSelector,draw/1[java.awt.Graphics],i_width,3
E:\OOD\main\tankwar-master\tankwar-master\src\org\lionsoul\tankwar\barriers\BarriersSelector.java,org.lionsoul.tankwar.barriers.BarriersSelector,draw/1[java.awt.Graphics],tImages,1
E:\OOD\main\tankwar-master\tankwar-master\src\org\lionsoul\tankwar\barriers\BarriersSelector.java,org.lionsoul.tankwar.barriers.BarriersSelector,draw/1[java.awt.Graphics],i_height,1
E:\OOD\main\tankwar-master\tankwar-master\src\org\lionsoul\tankwar\barriers\BarriersSelector.java,org.lionsoul.tankwar.barriers.BarriersSelector,draw/1[java.awt.Graphics],str_width,1
E:\OOD\main\tankwar-master\tankwar-master\src\org\lionsoul\tankwar\barriers\BarriersSelector.java,org.lionsoul.tankwar.barriers.BarriersSelector,hasNext/0,barriers,1
E:\OOD\main\tankwar-master\tankwar-master\src\org\lionsoul\tankwar\barriers\BarriersSelector.java,org.lionsoul.tankwar.barriers.BarriersSelector,hasNext/0,max,1
E:\OOD\main\tankwar-master\tankwar-master\src\org\lionsoul\tankwar\barriers\BarriersSelector.java,org.lionsoul.tankwar.barriers.BarriersSelector,getBarriers/0,barriers,1
E:\OOD\main\tankwar-master\tankwar-master\src\org\lionsoul\tankwar\barriers\BarriersSelector.java,org.lionsoul.tankwar.barriers.BarriersSelector,next/0,barriers,2
E:\OOD\main\tankwar-master\tankwar-master\src\org\lionsoul\tankwar\barriers\BarriersSelector.java,org.lionsoul.tankwar.barriers.BarriersSelector,next/0,max,1
E:\OOD\main\tankwar-master\tankwar-master\src\org\lionsoul\tankwar\barriers\BarriersSelector.java,org.lionsoul.tankwar.barriers.BarriersSelector,keyPress/1[java.awt.event.KeyEvent],barriers,5
E:\OOD\main\tankwar-master\tankwar-master\src\org\lionsoul\tankwar\barriers\BarriersSelector.java,org.lionsoul.tankwar.barriers.BarriersSelector,keyPress/1[java.awt.event.KeyEvent],BF,1
E:\OOD\main\tankwar-master\tankwar-master\src\org\lionsoul\tankwar\barriers\BarriersSelector.java,org.lionsoul.tankwar.barriers.BarriersSelector,keyPress/1[java.awt.event.KeyEvent],buttonClip,6
E:\OOD\main\tankwar-master\tankwar-master\src\org\lionsoul\tankwar\barriers\BarriersSelector.java,org.lionsoul.tankwar.barriers.BarriersSelector,keyPress/1[java.awt.event.KeyEvent],max,1
E:\OOD\main\tankwar-master\tankwar-master\src\org\lionsoul\tankwar\map\TMap.java,org.lionsoul.tankwar.map.TMap,"getBit/2[int,int]",maps,1
E:\OOD\main\tankwar-master\tankwar-master\src\org\lionsoul\tankwar\map\TMap.java,org.lionsoul.tankwar.map.TMap,"checkMapBit/5[int,int,int,int,int]",rows,2
E:\OOD\main\tankwar-master\tankwar-master\src\org\lionsoul\tankwar\map\TMap.java,org.lionsoul.tankwar.map.TMap,"checkMapBit/5[int,int,int,int,int]",cols,2
E:\OOD\main\tankwar-master\tankwar-master\src\org\lionsoul\tankwar\map\TMap.java,org.lionsoul.tankwar.map.TMap,getXoffset/0,x_offset,1
E:\OOD\main\tankwar-master\tankwar-master\src\org\lionsoul\tankwar\map\TMap.java,org.lionsoul.tankwar.map.TMap,clear/0,maps,1
E:\OOD\main\tankwar-master\tankwar-master\src\org\lionsoul\tankwar\map\TMap.java,org.lionsoul.tankwar.map.TMap,clear/0,BIT_BLANK,1
E:\OOD\main\tankwar-master\tankwar-master\src\org\lionsoul\tankwar\map\TMap.java,org.lionsoul.tankwar.map.TMap,clear/0,rows,1
E:\OOD\main\tankwar-master\tankwar-master\src\org\lionsoul\tankwar\map\TMap.java,org.lionsoul.tankwar.map.TMap,clear/0,cols,1
E:\OOD\main\tankwar-master\tankwar-master\src\org\lionsoul\tankwar\map\TMap.java,org.lionsoul.tankwar.map.TMap,getWall/1[int],wallmap,2
E:\OOD\main\tankwar-master\tankwar-master\src\org\lionsoul\tankwar\map\TMap.java,org.lionsoul.tankwar.map.TMap,"TMap/5[int,int,int,int,java.util.HashMap<java.lang.Integer,org.lionsoul.tankwar.model.Wall>]",wallmap,3
E:\OOD\main\tankwar-master\tankwar-master\src\org\lionsoul\tankwar\map\TMap.java,org.lionsoul.tankwar.map.TMap,"TMap/5[int,int,int,int,java.util.HashMap<java.lang.Integer,org.lionsoul.tankwar.model.Wall>]",maps,1
E:\OOD\main\tankwar-master\tankwar-master\src\org\lionsoul\tankwar\map\TMap.java,org.lionsoul.tankwar.map.TMap,"TMap/5[int,int,int,int,java.util.HashMap<java.lang.Integer,org.lionsoul.tankwar.model.Wall>]",width,1
E:\OOD\main\tankwar-master\tankwar-master\src\org\lionsoul\tankwar\map\TMap.java,org.lionsoul.tankwar.map.TMap,"TMap/5[int,int,int,int,java.util.HashMap<java.lang.Integer,org.lionsoul.tankwar.model.Wall>]",rows,5
E:\OOD\main\tankwar-master\tankwar-master\src\org\lionsoul\tankwar\map\TMap.java,org.lionsoul.tankwar.map.TMap,"TMap/5[int,int,int,int,java.util.HashMap<java.lang.Integer,org.lionsoul.tankwar.model.Wall>]",y_offset,4
E:\OOD\main\tankwar-master\tankwar-master\src\org\lionsoul\tankwar\map\TMap.java,org.lionsoul.tankwar.map.TMap,"TMap/5[int,int,int,int,java.util.HashMap<java.lang.Integer,org.lionsoul.tankwar.model.Wall>]",cols,5
E:\OOD\main\tankwar-master\tankwar-master\src\org\lionsoul\tankwar\map\TMap.java,org.lionsoul.tankwar.map.TMap,"TMap/5[int,int,int,int,java.util.HashMap<java.lang.Integer,org.lionsoul.tankwar.model.Wall>]",x_offset,4
E:\OOD\main\tankwar-master\tankwar-master\src\org\lionsoul\tankwar\map\TMap.java,org.lionsoul.tankwar.map.TMap,"TMap/5[int,int,int,int,java.util.HashMap<java.lang.Integer,org.lionsoul.tankwar.model.Wall>]",height,1
E:\OOD\main\tankwar-master\tankwar-master\src\org\lionsoul\tankwar\map\TMap.java,org.lionsoul.tankwar.map.TMap,getCols/0,cols,1
E:\OOD\main\tankwar-master\tankwar-master\src\org\lionsoul\tankwar\map\TMap.java,org.lionsoul.tankwar.map.TMap,"setMapBit/5[int,int,int,int,int]",rows,3
E:\OOD\main\tankwar-master\tankwar-master\src\org\lionsoul\tankwar\map\TMap.java,org.lionsoul.tankwar.map.TMap,"setMapBit/5[int,int,int,int,int]",cols,3
E:\OOD\main\tankwar-master\tankwar-master\src\org\lionsoul\tankwar\map\TMap.java,org.lionsoul.tankwar.map.TMap,"setBit/3[int,int,int]",maps,1
E:\OOD\main\tankwar-master\tankwar-master\src\org\lionsoul\tankwar\map\TMap.java,org.lionsoul.tankwar.map.TMap,getWidth/0,width,1
E:\OOD\main\tankwar-master\tankwar-master\src\org\lionsoul\tankwar\map\TMap.java,org.lionsoul.tankwar.map.TMap,getYoffset/0,y_offset,1
E:\OOD\main\tankwar-master\tankwar-master\src\org\lionsoul\tankwar\map\TMap.java,org.lionsoul.tankwar.map.TMap,getHeight/0,height,1
E:\OOD\main\tankwar-master\tankwar-master\src\org\lionsoul\tankwar\map\TMap.java,org.lionsoul.tankwar.map.TMap,"setWalls/1[java.util.HashMap<java.lang.Integer,org.lionsoul.tankwar.model.Wall>]",wallmap,5
E:\OOD\main\tankwar-master\tankwar-master\src\org\lionsoul\tankwar\map\TMap.java,org.lionsoul.tankwar.map.TMap,draw/1[java.awt.Graphics],wallmap,2
E:\OOD\main\tankwar-master\tankwar-master\src\org\lionsoul\tankwar\map\TMap.java,org.lionsoul.tankwar.map.TMap,draw/1[java.awt.Graphics],y_offset,1
E:\OOD\main\tankwar-master\tankwar-master\src\org\lionsoul\tankwar\map\TMap.java,org.lionsoul.tankwar.map.TMap,draw/1[java.awt.Graphics],x_offset,1
E:\OOD\main\tankwar-master\tankwar-master\src\org\lionsoul\tankwar\map\TMap.java,org.lionsoul.tankwar.map.TMap,getRows/0,rows,1
E:\OOD\main\tankwar-master\tankwar-master\src\org\lionsoul\tankwar\map\TMap.java,org.lionsoul.tankwar.map.TMap,clearWall/1[org.lionsoul.tankwar.model.Wall],BIT_BLANK,1
E:\OOD\main\tankwar-master\tankwar-master\src\org\lionsoul\tankwar\model\Wall.java,org.lionsoul.tankwar.model.Wall,getSerial/0,serial,1
E:\OOD\main\tankwar-master\tankwar-master\src\org\lionsoul\tankwar\model\Wall.java,org.lionsoul.tankwar.model.Wall,getRows/0,rows,1
E:\OOD\main\tankwar-master\tankwar-master\src\org\lionsoul\tankwar\model\Wall.java,org.lionsoul.tankwar.model.Wall,setX/1[int],x,3
E:\OOD\main\tankwar-master\tankwar-master\src\org\lionsoul\tankwar\model\Wall.java,org.lionsoul.tankwar.model.Wall,setRows/1[int],rows,3
E:\OOD\main\tankwar-master\tankwar-master\src\org\lionsoul\tankwar\model\Wall.java,org.lionsoul.tankwar.model.Wall,setType/1[int],t,3
E:\OOD\main\tankwar-master\tankwar-master\src\org\lionsoul\tankwar\model\Wall.java,org.lionsoul.tankwar.model.Wall,getCols/0,cols,1
E:\OOD\main\tankwar-master\tankwar-master\src\org\lionsoul\tankwar\model\Wall.java,org.lionsoul.tankwar.model.Wall,setAlive/1[boolean],alive,3
E:\OOD\main\tankwar-master\tankwar-master\src\org\lionsoul\tankwar\model\Wall.java,org.lionsoul.tankwar.model.Wall,couldSmash/1[org.lionsoul.tankwar.model.Bullet],GRASS_WALL,1
E:\OOD\main\tankwar-master\tankwar-master\src\org\lionsoul\tankwar\model\Wall.java,org.lionsoul.tankwar.model.Wall,couldSmash/1[org.lionsoul.tankwar.model.Bullet],t,1
E:\OOD\main\tankwar-master\tankwar-master\src\org\lionsoul\tankwar\model\Wall.java,org.lionsoul.tankwar.model.Wall,couldSmash/1[org.lionsoul.tankwar.model.Bullet],BRICK_WALL,1
E:\OOD\main\tankwar-master\tankwar-master\src\org\lionsoul\tankwar\model\Wall.java,org.lionsoul.tankwar.model.Wall,couldSmash/1[org.lionsoul.tankwar.model.Bullet],WOOD_WALL,1
E:\OOD\main\tankwar-master\tankwar-master\src\org\lionsoul\tankwar\model\Wall.java,org.lionsoul.tankwar.model.Wall,couldSmash/1[org.lionsoul.tankwar.model.Bullet],IRON_WALL,1
E:\OOD\main\tankwar-master\tankwar-master\src\org\lionsoul\tankwar\model\Wall.java,org.lionsoul.tankwar.model.Wall,"Wall/7[java.awt.Image,int,int,int,int,int,int]",image,4
E:\OOD\main\tankwar-master\tankwar-master\src\org\lionsoul\tankwar\model\Wall.java,org.lionsoul.tankwar.model.Wall,"Wall/7[java.awt.Image,int,int,int,int,int,int]",t,4
E:\OOD\main\tankwar-master\tankwar-master\src\org\lionsoul\tankwar\model\Wall.java,org.lionsoul.tankwar.model.Wall,"Wall/7[java.awt.Image,int,int,int,int,int,int]",serial,3
E:\OOD\main\tankwar-master\tankwar-master\src\org\lionsoul\tankwar\model\Wall.java,org.lionsoul.tankwar.model.Wall,"Wall/7[java.awt.Image,int,int,int,int,int,int]",x,4
E:\OOD\main\tankwar-master\tankwar-master\src\org\lionsoul\tankwar\model\Wall.java,org.lionsoul.tankwar.model.Wall,"Wall/7[java.awt.Image,int,int,int,int,int,int]",y,4
E:\OOD\main\tankwar-master\tankwar-master\src\org\lionsoul\tankwar\model\Wall.java,org.lionsoul.tankwar.model.Wall,"Wall/7[java.awt.Image,int,int,int,int,int,int]",rows,4
E:\OOD\main\tankwar-master\tankwar-master\src\org\lionsoul\tankwar\model\Wall.java,org.lionsoul.tankwar.model.Wall,"Wall/7[java.awt.Image,int,int,int,int,int,int]",cols,4
E:\OOD\main\tankwar-master\tankwar-master\src\org\lionsoul\tankwar\model\Wall.java,org.lionsoul.tankwar.model.Wall,getType/0,t,1
E:\OOD\main\tankwar-master\tankwar-master\src\org\lionsoul\tankwar\model\Wall.java,org.lionsoul.tankwar.model.Wall,setY/1[int],y,3
E:\OOD\main\tankwar-master\tankwar-master\src\org\lionsoul\tankwar\model\Wall.java,org.lionsoul.tankwar.model.Wall,isAlive/0,alive,1
E:\OOD\main\tankwar-master\tankwar-master\src\org\lionsoul\tankwar\model\Wall.java,org.lionsoul.tankwar.model.Wall,getImage/0,image,1
E:\OOD\main\tankwar-master\tankwar-master\src\org\lionsoul\tankwar\model\Wall.java,org.lionsoul.tankwar.model.Wall,getY/0,y,1
E:\OOD\main\tankwar-master\tankwar-master\src\org\lionsoul\tankwar\model\Wall.java,org.lionsoul.tankwar.model.Wall,setCols/1[int],cols,3
E:\OOD\main\tankwar-master\tankwar-master\src\org\lionsoul\tankwar\model\Wall.java,org.lionsoul.tankwar.model.Wall,setSerial/1[int],serial,3
E:\OOD\main\tankwar-master\tankwar-master\src\org\lionsoul\tankwar\model\Wall.java,org.lionsoul.tankwar.model.Wall,getX/0,x,1
E:\OOD\main\tankwar-master\tankwar-master\src\org\lionsoul\tankwar\model\Bullet.java,org.lionsoul.tankwar.model.Bullet,getCols/0,cols,1
E:\OOD\main\tankwar-master\tankwar-master\src\org\lionsoul\tankwar\model\Bullet.java,org.lionsoul.tankwar.model.Bullet,getRows/0,rows,1
E:\OOD\main\tankwar-master\tankwar-master\src\org\lionsoul\tankwar\model\Bullet.java,org.lionsoul.tankwar.model.Bullet,"Bullet/10[org.lionsoul.tankwar.Battlefield,java.awt.Image,short,org.lionsoul.tankwar.model.Tank,int,int,int,short,short,int]",tt,2
E:\OOD\main\tankwar-master\tankwar-master\src\org\lionsoul\tankwar\model\Bullet.java,org.lionsoul.tankwar.model.Bullet,"Bullet/10[org.lionsoul.tankwar.Battlefield,java.awt.Image,short,org.lionsoul.tankwar.model.Tank,int,int,int,short,short,int]",image,3
E:\OOD\main\tankwar-master\tankwar-master\src\org\lionsoul\tankwar\model\Bullet.java,org.lionsoul.tankwar.model.Bullet,"Bullet/10[org.lionsoul.tankwar.Battlefield,java.awt.Image,short,org.lionsoul.tankwar.model.Tank,int,int,int,short,short,int]",mtank,2
E:\OOD\main\tankwar-master\tankwar-master\src\org\lionsoul\tankwar\model\Bullet.java,org.lionsoul.tankwar.model.Bullet,"Bullet/10[org.lionsoul.tankwar.Battlefield,java.awt.Image,short,org.lionsoul.tankwar.model.Tank,int,int,int,short,short,int]",t,2
E:\OOD\main\tankwar-master\tankwar-master\src\org\lionsoul\tankwar\model\Bullet.java,org.lionsoul.tankwar.model.Bullet,"Bullet/10[org.lionsoul.tankwar.Battlefield,java.awt.Image,short,org.lionsoul.tankwar.model.Tank,int,int,int,short,short,int]",x,2
E:\OOD\main\tankwar-master\tankwar-master\src\org\lionsoul\tankwar\model\Bullet.java,org.lionsoul.tankwar.model.Bullet,"Bullet/10[org.lionsoul.tankwar.Battlefield,java.awt.Image,short,org.lionsoul.tankwar.model.Tank,int,int,int,short,short,int]",y,2
E:\OOD\main\tankwar-master\tankwar-master\src\org\lionsoul\tankwar\model\Bullet.java,org.lionsoul.tankwar.model.Bullet,"Bullet/10[org.lionsoul.tankwar.Battlefield,java.awt.Image,short,org.lionsoul.tankwar.model.Tank,int,int,int,short,short,int]",rows,2
E:\OOD\main\tankwar-master\tankwar-master\src\org\lionsoul\tankwar\model\Bullet.java,org.lionsoul.tankwar.model.Bullet,"Bullet/10[org.lionsoul.tankwar.Battlefield,java.awt.Image,short,org.lionsoul.tankwar.model.Tank,int,int,int,short,short,int]",cols,2
E:\OOD\main\tankwar-master\tankwar-master\src\org\lionsoul\tankwar\model\Bullet.java,org.lionsoul.tankwar.model.Bullet,"Bullet/10[org.lionsoul.tankwar.Battlefield,java.awt.Image,short,org.lionsoul.tankwar.model.Tank,int,int,int,short,short,int]",direction,2
E:\OOD\main\tankwar-master\tankwar-master\src\org\lionsoul\tankwar\model\Bullet.java,org.lionsoul.tankwar.model.Bullet,getType/0,t,1
E:\OOD\main\tankwar-master\tankwar-master\src\org\lionsoul\tankwar\model\Bullet.java,org.lionsoul.tankwar.model.Bullet,setX/1[int],x,3
E:\OOD\main\tankwar-master\tankwar-master\src\org\lionsoul\tankwar\model\Bullet.java,org.lionsoul.tankwar.model.Bullet,getBlood/0,blood,1
E:\OOD\main\tankwar-master\tankwar-master\src\org\lionsoul\tankwar\model\Bullet.java,org.lionsoul.tankwar.model.Bullet,getX/0,x,1
E:\OOD\main\tankwar-master\tankwar-master\src\org\lionsoul\tankwar\model\Bullet.java,org.lionsoul.tankwar.model.Bullet,getMasterTank/0,mtank,1
E:\OOD\main\tankwar-master\tankwar-master\src\org\lionsoul\tankwar\model\Bullet.java,org.lionsoul.tankwar.model.Bullet,setAlive/1[boolean],alive,3
E:\OOD\main\tankwar-master\tankwar-master\src\org\lionsoul\tankwar\model\Bullet.java,org.lionsoul.tankwar.model.Bullet,"Bullet/11[org.lionsoul.tankwar.Battlefield,java.awt.Image,short,org.lionsoul.tankwar.model.Tank,int,int,int,short,short,int,int]",tt,3
E:\OOD\main\tankwar-master\tankwar-master\src\org\lionsoul\tankwar\model\Bullet.java,org.lionsoul.tankwar.model.Bullet,"Bullet/11[org.lionsoul.tankwar.Battlefield,java.awt.Image,short,org.lionsoul.tankwar.model.Tank,int,int,int,short,short,int,int]",image,4
E:\OOD\main\tankwar-master\tankwar-master\src\org\lionsoul\tankwar\model\Bullet.java,org.lionsoul.tankwar.model.Bullet,"Bullet/11[org.lionsoul.tankwar.Battlefield,java.awt.Image,short,org.lionsoul.tankwar.model.Tank,int,int,int,short,short,int,int]",mtank,3
E:\OOD\main\tankwar-master\tankwar-master\src\org\lionsoul\tankwar\model\Bullet.java,org.lionsoul.tankwar.model.Bullet,"Bullet/11[org.lionsoul.tankwar.Battlefield,java.awt.Image,short,org.lionsoul.tankwar.model.Tank,int,int,int,short,short,int,int]",t,4
E:\OOD\main\tankwar-master\tankwar-master\src\org\lionsoul\tankwar\model\Bullet.java,org.lionsoul.tankwar.model.Bullet,"Bullet/11[org.lionsoul.tankwar.Battlefield,java.awt.Image,short,org.lionsoul.tankwar.model.Tank,int,int,int,short,short,int,int]",BF,1
E:\OOD\main\tankwar-master\tankwar-master\src\org\lionsoul\tankwar\model\Bullet.java,org.lionsoul.tankwar.model.Bullet,"Bullet/11[org.lionsoul.tankwar.Battlefield,java.awt.Image,short,org.lionsoul.tankwar.model.Tank,int,int,int,short,short,int,int]",x,4
E:\OOD\main\tankwar-master\tankwar-master\src\org\lionsoul\tankwar\model\Bullet.java,org.lionsoul.tankwar.model.Bullet,"Bullet/11[org.lionsoul.tankwar.Battlefield,java.awt.Image,short,org.lionsoul.tankwar.model.Tank,int,int,int,short,short,int,int]",y,4
E:\OOD\main\tankwar-master\tankwar-master\src\org\lionsoul\tankwar\model\Bullet.java,org.lionsoul.tankwar.model.Bullet,"Bullet/11[org.lionsoul.tankwar.Battlefield,java.awt.Image,short,org.lionsoul.tankwar.model.Tank,int,int,int,short,short,int,int]",rows,3
E:\OOD\main\tankwar-master\tankwar-master\src\org\lionsoul\tankwar\model\Bullet.java,org.lionsoul.tankwar.model.Bullet,"Bullet/11[org.lionsoul.tankwar.Battlefield,java.awt.Image,short,org.lionsoul.tankwar.model.Tank,int,int,int,short,short,int,int]",cols,3
E:\OOD\main\tankwar-master\tankwar-master\src\org\lionsoul\tankwar\model\Bullet.java,org.lionsoul.tankwar.model.Bullet,"Bullet/11[org.lionsoul.tankwar.Battlefield,java.awt.Image,short,org.lionsoul.tankwar.model.Tank,int,int,int,short,short,int,int]",blood,3
E:\OOD\main\tankwar-master\tankwar-master\src\org\lionsoul\tankwar\model\Bullet.java,org.lionsoul.tankwar.model.Bullet,"Bullet/11[org.lionsoul.tankwar.Battlefield,java.awt.Image,short,org.lionsoul.tankwar.model.Tank,int,int,int,short,short,int,int]",MAP,1
E:\OOD\main\tankwar-master\tankwar-master\src\org\lionsoul\tankwar\model\Bullet.java,org.lionsoul.tankwar.model.Bullet,"Bullet/11[org.lionsoul.tankwar.Battlefield,java.awt.Image,short,org.lionsoul.tankwar.model.Tank,int,int,int,short,short,int,int]",direction,3
E:\OOD\main\tankwar-master\tankwar-master\src\org\lionsoul\tankwar\model\Bullet.java,org.lionsoul.tankwar.model.Bullet,setY/1[int],y,3
E:\OOD\main\tankwar-master\tankwar-master\src\org\lionsoul\tankwar\model\Bullet.java,org.lionsoul.tankwar.model.Bullet,move/0,tt,1
E:\OOD\main\tankwar-master\tankwar-master\src\org\lionsoul\tankwar\model\Bullet.java,org.lionsoul.tankwar.model.Bullet,move/0,mtank,4
E:\OOD\main\tankwar-master\tankwar-master\src\org\lionsoul\tankwar\model\Bullet.java,org.lionsoul.tankwar.model.Bullet,move/0,offset,12
E:\OOD\main\tankwar-master\tankwar-master\src\org\lionsoul\tankwar\model\Bullet.java,org.lionsoul.tankwar.model.Bullet,move/0,BF,3
E:\OOD\main\tankwar-master\tankwar-master\src\org\lionsoul\tankwar\model\Bullet.java,org.lionsoul.tankwar.model.Bullet,move/0,t,1
E:\OOD\main\tankwar-master\tankwar-master\src\org\lionsoul\tankwar\model\Bullet.java,org.lionsoul.tankwar.model.Bullet,move/0,x,10
E:\OOD\main\tankwar-master\tankwar-master\src\org\lionsoul\tankwar\model\Bullet.java,org.lionsoul.tankwar.model.Bullet,move/0,y,10
E:\OOD\main\tankwar-master\tankwar-master\src\org\lionsoul\tankwar\model\Bullet.java,org.lionsoul.tankwar.model.Bullet,move/0,MAP,5
E:\OOD\main\tankwar-master\tankwar-master\src\org\lionsoul\tankwar\model\Bullet.java,org.lionsoul.tankwar.model.Bullet,move/0,blood,2
E:\OOD\main\tankwar-master\tankwar-master\src\org\lionsoul\tankwar\model\Bullet.java,org.lionsoul.tankwar.model.Bullet,move/0,MISSILE_BULLET,1
E:\OOD\main\tankwar-master\tankwar-master\src\org\lionsoul\tankwar\model\Bullet.java,org.lionsoul.tankwar.model.Bullet,move/0,direction,1
E:\OOD\main\tankwar-master\tankwar-master\src\org\lionsoul\tankwar\model\Bullet.java,org.lionsoul.tankwar.model.Bullet,draw/1[java.awt.Graphics],image,1
E:\OOD\main\tankwar-master\tankwar-master\src\org\lionsoul\tankwar\model\Bullet.java,org.lionsoul.tankwar.model.Bullet,draw/1[java.awt.Graphics],x,1
E:\OOD\main\tankwar-master\tankwar-master\src\org\lionsoul\tankwar\model\Bullet.java,org.lionsoul.tankwar.model.Bullet,draw/1[java.awt.Graphics],y,1
E:\OOD\main\tankwar-master\tankwar-master\src\org\lionsoul\tankwar\model\Bullet.java,org.lionsoul.tankwar.model.Bullet,draw/1[java.awt.Graphics],rows,1
E:\OOD\main\tankwar-master\tankwar-master\src\org\lionsoul\tankwar\model\Bullet.java,org.lionsoul.tankwar.model.Bullet,draw/1[java.awt.Graphics],cols,1
E:\OOD\main\tankwar-master\tankwar-master\src\org\lionsoul\tankwar\model\Bullet.java,org.lionsoul.tankwar.model.Bullet,draw/1[java.awt.Graphics],MAP,2
E:\OOD\main\tankwar-master\tankwar-master\src\org\lionsoul\tankwar\model\Bullet.java,org.lionsoul.tankwar.model.Bullet,getY/0,y,1
E:\OOD\main\tankwar-master\tankwar-master\src\org\lionsoul\tankwar\model\Bullet.java,org.lionsoul.tankwar.model.Bullet,setBlood/1[int],blood,3
E:\OOD\main\tankwar-master\tankwar-master\src\org\lionsoul\tankwar\model\Bullet.java,org.lionsoul.tankwar.model.Bullet,setOffset/1[int],offset,3
E:\OOD\main\tankwar-master\tankwar-master\src\org\lionsoul\tankwar\model\Bullet.java,org.lionsoul.tankwar.model.Bullet,isAlive/0,alive,1
E:\OOD\main\tankwar-master\tankwar-master\src\org\lionsoul\tankwar\model\Bullet.java,org.lionsoul.tankwar.model.Bullet,getTankType/0,tt,1
E:\OOD\main\tankwar-master\tankwar-master\src\org\lionsoul\tankwar\GameResult.java,org.lionsoul.tankwar.GameResult,draw/1[java.awt.Graphics],ret,1
E:\OOD\main\tankwar-master\tankwar-master\src\org\lionsoul\tankwar\GameResult.java,org.lionsoul.tankwar.GameResult,draw/1[java.awt.Graphics],sColor,1
E:\OOD\main\tankwar-master\tankwar-master\src\org\lionsoul\tankwar\GameResult.java,org.lionsoul.tankwar.GameResult,draw/1[java.awt.Graphics],image,1
E:\OOD\main\tankwar-master\tankwar-master\src\org\lionsoul\tankwar\GameResult.java,org.lionsoul.tankwar.GameResult,draw/1[java.awt.Graphics],offset,1
E:\OOD\main\tankwar-master\tankwar-master\src\org\lionsoul\tankwar\GameResult.java,org.lionsoul.tankwar.GameResult,draw/1[java.awt.Graphics],w,3
E:\OOD\main\tankwar-master\tankwar-master\src\org\lionsoul\tankwar\GameResult.java,org.lionsoul.tankwar.GameResult,draw/1[java.awt.Graphics],tFont,2
E:\OOD\main\tankwar-master\tankwar-master\src\org\lionsoul\tankwar\GameResult.java,org.lionsoul.tankwar.GameResult,draw/1[java.awt.Graphics],h,3
E:\OOD\main\tankwar-master\tankwar-master\src\org\lionsoul\tankwar\GameResult.java,org.lionsoul.tankwar.GameResult,draw/1[java.awt.Graphics],i_width,2
E:\OOD\main\tankwar-master\tankwar-master\src\org\lionsoul\tankwar\GameResult.java,org.lionsoul.tankwar.GameResult,draw/1[java.awt.Graphics],fFont,2
E:\OOD\main\tankwar-master\tankwar-master\src\org\lionsoul\tankwar\GameResult.java,org.lionsoul.tankwar.GameResult,draw/1[java.awt.Graphics],counter,2
E:\OOD\main\tankwar-master\tankwar-master\src\org\lionsoul\tankwar\GameResult.java,org.lionsoul.tankwar.GameResult,draw/1[java.awt.Graphics],idx,3
E:\OOD\main\tankwar-master\tankwar-master\src\org\lionsoul\tankwar\GameResult.java,org.lionsoul.tankwar.GameResult,"GameResult/5[int,int,int,int,javax.swing.ImageIcon]",ret,3
E:\OOD\main\tankwar-master\tankwar-master\src\org\lionsoul\tankwar\GameResult.java,org.lionsoul.tankwar.GameResult,"GameResult/5[int,int,int,int,javax.swing.ImageIcon]",image,1
E:\OOD\main\tankwar-master\tankwar-master\src\org\lionsoul\tankwar\GameResult.java,org.lionsoul.tankwar.GameResult,"GameResult/5[int,int,int,int,javax.swing.ImageIcon]",offset,4
E:\OOD\main\tankwar-master\tankwar-master\src\org\lionsoul\tankwar\GameResult.java,org.lionsoul.tankwar.GameResult,"GameResult/5[int,int,int,int,javax.swing.ImageIcon]",w,3
E:\OOD\main\tankwar-master\tankwar-master\src\org\lionsoul\tankwar\GameResult.java,org.lionsoul.tankwar.GameResult,"GameResult/5[int,int,int,int,javax.swing.ImageIcon]",h,3
E:\OOD\main\tankwar-master\tankwar-master\src\org\lionsoul\tankwar\GameResult.java,org.lionsoul.tankwar.GameResult,"GameResult/5[int,int,int,int,javax.swing.ImageIcon]",i_width,1
E:\OOD\main\tankwar-master\tankwar-master\src\org\lionsoul\tankwar\GameResult.java,org.lionsoul.tankwar.GameResult,"GameResult/5[int,int,int,int,javax.swing.ImageIcon]",counter,1
