file,class,method,constructor,line,cbo,cboModified,fanin,fanout,wmc,rfc,loc,returnsQty,variablesQty,parametersQty,methodsInvokedQty,methodsInvokedLocalQty,methodsInvokedIndirectLocalQty,loopQty,comparisonsQty,tryCatchQty,parenthesizedExpsQty,stringLiteralsQty,numbersQty,assignmentsQty,mathOperationsQty,maxNestedBlocksQty,anonymousClassesQty,innerClassesQty,lambdasQty,uniqueWordsQty,modifiers,logStatementsQty,hasJavaDoc
E:\OOD\main\tankwar-master\tankwar-master\src\org\lionsoul\tankwar\Battlefield.java,org.lionsoul.tankwar.Battlefield,getTankBySerial/1[int],false,526,1,1,1,0,1,1,3,1,0,1,1,0,0,0,0,0,0,0,0,0,0,0,0,0,0,9,1,0,true
E:\OOD\main\tankwar-master\tankwar-master\src\org\lionsoul\tankwar\Battlefield.java,org.lionsoul.tankwar.Battlefield,addExplosion/1[org.lionsoul.tankwar.model.Explosion],false,578,2,3,1,2,2,3,11,0,0,1,3,1,1,0,0,0,0,0,0,0,0,1,1,0,0,12,1,0,true
E:\OOD\main\tankwar-master\tankwar-master\src\org\lionsoul\tankwar\Battlefield.java,org.lionsoul.tankwar.Battlefield,setSound/1[boolean],false,686,0,0,0,0,1,0,3,0,0,1,0,0,0,0,0,0,0,0,0,1,0,0,0,0,0,6,1,0,true
E:\OOD\main\tankwar-master\tankwar-master\src\org\lionsoul\tankwar\Battlefield.java,org.lionsoul.tankwar.Battlefield,isSoundOpen/0,false,677,0,1,1,0,1,0,3,1,0,0,0,0,0,0,0,0,0,0,0,0,0,0,0,0,0,8,1,0,true
E:\OOD\main\tankwar-master\tankwar-master\src\org\lionsoul\tankwar\Battlefield.java,org.lionsoul.tankwar.Battlefield,loadResource/0,false,120,8,9,1,8,1,10,21,0,3,0,10,1,1,0,0,0,0,92,4,17,2,0,0,0,0,39,1,0,true
E:\OOD\main\tankwar-master\tankwar-master\src\org\lionsoul\tankwar\Battlefield.java,org.lionsoul.tankwar.Battlefield,getBarriers/0,false,707,0,0,0,0,1,0,3,1,0,0,0,0,0,0,0,0,0,0,0,0,0,0,0,0,0,3,1,0,false
E:\OOD\main\tankwar-master\tankwar-master\src\org\lionsoul\tankwar\Battlefield.java,org.lionsoul.tankwar.Battlefield,getGameMode/0,false,691,0,1,1,0,1,0,3,1,0,0,0,0,0,0,0,0,0,0,0,0,0,0,0,0,0,7,1,0,true
E:\OOD\main\tankwar-master\tankwar-master\src\org\lionsoul\tankwar\Battlefield.java,org.lionsoul.tankwar.Battlefield,drawGameInfo/1[java.awt.Graphics],false,508,3,4,1,3,2,10,6,0,1,1,10,0,0,0,0,0,2,4,4,1,7,0,0,0,0,12,2,0,true
E:\OOD\main\tankwar-master\tankwar-master\src\org\lionsoul\tankwar\Battlefield.java,org.lionsoul.tankwar.Battlefield,Battlefield/0,true,98,1,2,1,1,1,9,12,0,1,0,9,0,0,0,0,0,0,1,0,2,0,0,0,0,0,26,1,0,false
E:\OOD\main\tankwar-master\tankwar-master\src\org\lionsoul\tankwar\Battlefield.java,org.lionsoul.tankwar.Battlefield,main/1[java.lang.String[]],false,715,1,2,0,2,1,2,5,0,1,1,2,1,2,0,0,0,0,0,0,1,0,0,0,0,0,5,9,0,true
E:\OOD\main\tankwar-master\tankwar-master\src\org\lionsoul\tankwar\Battlefield.java,org.lionsoul.tankwar.Battlefield,start/0,false,366,0,2,1,1,1,1,42,0,0,0,1,0,0,0,0,0,0,0,0,0,0,0,1,0,0,35,2,0,true
E:\OOD\main\tankwar-master\tankwar-master\src\org\lionsoul\tankwar\Battlefield.java,org.lionsoul.tankwar.Battlefield,addBullet/1[org.lionsoul.tankwar.model.Bullet],false,568,1,1,1,0,1,1,3,0,0,1,1,0,0,0,0,0,0,0,0,0,0,0,0,0,0,8,1,0,true
E:\OOD\main\tankwar-master\tankwar-master\src\org\lionsoul\tankwar\Battlefield.java,org.lionsoul.tankwar.Battlefield,getMap/0,false,283,1,5,5,0,1,0,3,1,0,0,0,0,0,0,0,0,0,0,0,0,0,0,0,0,0,4,1,0,false
E:\OOD\main\tankwar-master\tankwar-master\src\org\lionsoul\tankwar\Battlefield.java,org.lionsoul.tankwar.Battlefield,create/1[org.lionsoul.tankwar.barriers.Barriers],false,318,7,16,1,15,3,17,24,0,6,1,17,0,0,1,0,0,4,0,10,16,9,1,0,0,0,22,2,0,true
E:\OOD\main\tankwar-master\tankwar-master\src\org\lionsoul\tankwar\Battlefield.java,org.lionsoul.tankwar.Battlefield,runningDraw/0,false,427,8,17,1,16,11,32,48,0,8,0,32,3,1,3,1,0,0,0,3,14,2,3,0,0,0,40,1,0,true
E:\OOD\main\tankwar-master\tankwar-master\src\org\lionsoul\tankwar\Battlefield.java,org.lionsoul.tankwar.Battlefield,addSynBullet/1[org.lionsoul.tankwar.model.Bullet],false,546,1,2,2,0,1,1,5,0,0,1,1,0,0,0,0,0,0,0,0,0,0,1,0,0,0,11,1,0,true
E:\OOD\main\tankwar-master\tankwar-master\src\org\lionsoul\tankwar\Battlefield.java,org.lionsoul.tankwar.Battlefield,setBarriers/1[int],false,703,0,0,0,0,2,0,3,0,0,1,0,0,0,0,0,0,0,0,0,1,0,1,0,0,0,6,1,0,true
E:\OOD\main\tankwar-master\tankwar-master\src\org\lionsoul\tankwar\Battlefield.java,org.lionsoul.tankwar.Battlefield,createGR/1[int],false,417,2,3,1,2,2,1,4,1,1,1,1,0,0,0,1,0,1,2,1,1,0,0,0,0,0,22,1,0,true
E:\OOD\main\tankwar-master\tankwar-master\src\org\lionsoul\tankwar\Battlefield.java,org.lionsoul.tankwar.Battlefield,setGameMode/1[int],false,694,0,0,0,0,1,0,3,0,0,1,0,0,0,0,0,0,0,0,0,1,0,0,0,0,0,4,1,0,false
E:\OOD\main\tankwar-master\tankwar-master\src\org\lionsoul\tankwar\Battlefield.java,org.lionsoul.tankwar.Battlefield,drawBackground/1[java.awt.Graphics],false,594,0,1,1,0,4,3,13,0,2,1,3,0,0,1,0,0,0,0,3,5,0,2,0,0,0,13,1,0,true
E:\OOD\main\tankwar-master\tankwar-master\src\org\lionsoul\tankwar\Battlefield.java,org.lionsoul.tankwar.Battlefield,play/1[int],false,296,3,5,2,3,4,7,12,0,0,1,7,1,1,0,3,0,0,0,0,3,0,1,0,0,0,34,1,0,true
E:\OOD\main\tankwar-master\tankwar-master\src\org\lionsoul\tankwar\Battlefield.java,org.lionsoul.tankwar.Battlefield,getHeroTank/0,false,536,2,1,1,0,1,0,3,1,0,0,0,0,0,0,0,0,0,0,0,0,0,0,0,0,0,8,1,0,true
E:\OOD\main\tankwar-master\tankwar-master\src\org\lionsoul\tankwar\map\RandomWordsMap.java,org.lionsoul.tankwar.map.RandomWordsMap,"generate/7[java.awt.Image[],int,int,int,int,int,int]",false,30,3,3,1,2,6,3,26,1,16,7,3,0,0,4,1,0,4,0,12,16,16,5,0,0,0,32,9,0,true
E:\OOD\main\tankwar-master\tankwar-master\src\org\lionsoul\tankwar\GameHelp.java,org.lionsoul.tankwar.GameHelp,setVisible/1[boolean],false,47,0,1,1,0,1,0,3,0,0,1,0,0,0,0,0,0,0,0,0,1,0,0,0,0,0,3,1,0,false
E:\OOD\main\tankwar-master\tankwar-master\src\org\lionsoul\tankwar\GameHelp.java,org.lionsoul.tankwar.GameHelp,getHelpImage/0,false,61,0,1,1,0,3,9,21,1,6,0,9,0,0,1,1,0,1,1,13,9,3,2,0,0,0,20,1,0,true
E:\OOD\main\tankwar-master\tankwar-master\src\org\lionsoul\tankwar\GameHelp.java,org.lionsoul.tankwar.GameHelp,"GameHelp/2[int,int]",true,34,0,1,1,0,1,0,4,0,0,2,0,0,0,0,0,0,0,0,0,2,0,0,0,0,0,4,1,0,false
E:\OOD\main\tankwar-master\tankwar-master\src\org\lionsoul\tankwar\GameHelp.java,org.lionsoul.tankwar.GameHelp,getWidth/0,false,39,0,1,1,0,1,0,3,1,0,0,0,0,0,0,0,0,0,0,0,0,0,0,0,0,0,3,1,0,false
E:\OOD\main\tankwar-master\tankwar-master\src\org\lionsoul\tankwar\GameHelp.java,org.lionsoul.tankwar.GameHelp,isVisible/0,false,51,0,2,2,0,1,0,3,1,0,0,0,0,0,0,0,0,0,0,0,0,0,0,0,0,0,3,1,0,false
E:\OOD\main\tankwar-master\tankwar-master\src\org\lionsoul\tankwar\GameHelp.java,org.lionsoul.tankwar.GameHelp,getHeight/0,false,43,0,1,1,0,1,0,3,1,0,0,0,0,0,0,0,0,0,0,0,0,0,0,0,0,0,3,1,0,false
E:\OOD\main\tankwar-master\tankwar-master\src\org\lionsoul\tankwar\util\AudioLoader.java,org.lionsoul.tankwar.util.AudioLoader,loadAudio/1[java.lang.String],false,20,1,1,1,0,1,2,3,1,0,1,2,0,0,0,0,0,0,1,0,0,1,0,0,0,0,7,9,0,true
E:\OOD\main\tankwar-master\tankwar-master\src\org\lionsoul\tankwar\util\AudioLoader.java,org.lionsoul.tankwar.util.AudioLoader,getAudioAsStream/1[java.lang.String],false,24,1,0,0,0,1,1,3,1,0,1,1,0,0,0,0,0,0,1,0,0,1,0,0,0,0,8,9,0,false
E:\OOD\main\tankwar-master\tankwar-master\src\org\lionsoul\tankwar\map\WordsToRGB.java,org.lionsoul.tankwar.map.WordsToRGB,"invoke/3[int,int,java.lang.String]",false,16,1,1,1,0,11,10,36,1,15,3,10,0,0,4,2,0,1,1,16,20,9,4,0,0,0,20,9,0,false
E:\OOD\main\tankwar-master\tankwar-master\src\org\lionsoul\tankwar\util\Util.java,org.lionsoul.tankwar.util.Util,"center/4[int,int,int,int]",false,21,0,0,0,0,1,0,3,1,0,4,0,0,0,0,0,0,0,0,2,0,4,0,0,0,0,14,9,0,true
E:\OOD\main\tankwar-master\tankwar-master\src\org\lionsoul\tankwar\tank\HeroTank.java,org.lionsoul.tankwar.tank.HeroTank,keyRelease/1[java.awt.event.KeyEvent],false,51,4,9,1,8,14,9,46,1,3,1,9,0,0,0,0,0,6,0,14,7,18,2,0,0,0,22,1,0,false
E:\OOD\main\tankwar-master\tankwar-master\src\org\lionsoul\tankwar\tank\HeroTank.java,org.lionsoul.tankwar.tank.HeroTank,"HeroTank/10[org.lionsoul.tankwar.Battlefield,java.awt.Image[],int,int,int,int,int,int,int,int]",true,28,1,0,0,0,1,0,4,0,0,10,0,0,0,0,0,0,0,1,0,1,0,0,0,0,0,5,1,0,false
E:\OOD\main\tankwar-master\tankwar-master\src\org\lionsoul\tankwar\tank\HeroTank.java,org.lionsoul.tankwar.tank.HeroTank,"HeroTank/8[org.lionsoul.tankwar.Battlefield,java.awt.Image[],int,int,int,int,int,int]",true,21,1,1,1,0,1,0,4,0,0,8,0,0,0,0,0,0,0,1,1,1,0,0,0,0,0,5,1,0,false
E:\OOD\main\tankwar-master\tankwar-master\src\org\lionsoul\tankwar\tank\HeroTank.java,org.lionsoul.tankwar.tank.HeroTank,keyPress/1[java.awt.event.KeyEvent],false,33,0,1,1,0,6,1,17,1,0,1,1,0,0,0,0,0,0,0,0,4,0,1,0,0,0,7,1,0,false
E:\OOD\main\tankwar-master\tankwar-master\src\org\lionsoul\tankwar\BattleCanvas.java,org.lionsoul.tankwar.BattleCanvas,BattleCanvas/0,true,21,0,1,1,0,1,2,4,0,0,0,2,0,0,0,0,0,0,0,0,0,0,0,0,0,0,5,1,0,false
E:\OOD\main\tankwar-master\tankwar-master\src\org\lionsoul\tankwar\BattleCanvas.java,org.lionsoul.tankwar.BattleCanvas,paintComponent/1[java.awt.Graphics],false,28,0,0,0,0,2,9,13,1,2,1,9,0,0,0,1,0,1,2,7,2,3,1,0,0,0,12,1,0,false
E:\OOD\main\tankwar-master\tankwar-master\src\org\lionsoul\tankwar\BattleCanvas.java,org.lionsoul.tankwar.BattleCanvas,setBufferImage/1[java.awt.Image],false,49,0,1,1,0,1,0,3,0,0,1,0,0,0,0,0,0,0,0,0,1,0,0,0,0,0,5,1,0,false
E:\OOD\main\tankwar-master\tankwar-master\src\org\lionsoul\tankwar\util\ImageLoader.java,org.lionsoul.tankwar.util.ImageLoader,loadImageIcon/1[java.lang.String],false,22,1,2,2,0,1,1,3,1,0,1,1,0,0,0,0,0,0,1,0,0,1,0,0,0,0,10,9,0,true
E:\OOD\main\tankwar-master\tankwar-master\src\org\lionsoul\tankwar\tank\WichTank.java,org.lionsoul.tankwar.tank.WichTank,"WichTank/8[org.lionsoul.tankwar.Battlefield,java.awt.Image[],int,int,int,int,int,int]",true,29,1,1,1,0,1,0,5,0,0,8,0,0,0,0,0,0,0,1,1,2,1,0,0,0,0,7,1,0,false
E:\OOD\main\tankwar-master\tankwar-master\src\org\lionsoul\tankwar\tank\WichTank.java,org.lionsoul.tankwar.tank.WichTank,"WichTank/10[org.lionsoul.tankwar.Battlefield,java.awt.Image[],int,int,int,int,int,int,int,int]",true,37,1,0,0,0,1,0,4,0,0,10,0,0,0,0,0,0,0,1,0,1,0,0,0,0,0,5,1,0,false
E:\OOD\main\tankwar-master\tankwar-master\src\org\lionsoul\tankwar\tank\WichTank.java,org.lionsoul.tankwar.tank.WichTank,draw/1[java.awt.Graphics],false,50,3,10,0,10,18,11,50,0,13,1,11,0,0,2,3,0,0,0,9,30,10,4,0,0,0,45,1,0,true
E:\OOD\main\tankwar-master\tankwar-master\src\org\lionsoul\tankwar\model\Tank.java,org.lionsoul.tankwar.model.Tank,getHeight/0,false,366,0,0,0,0,1,0,3,1,0,0,0,0,0,0,0,0,0,0,0,0,0,0,0,0,0,6,1,0,true
E:\OOD\main\tankwar-master\tankwar-master\src\org\lionsoul\tankwar\model\Tank.java,org.lionsoul.tankwar.model.Tank,"Tank/8[org.lionsoul.tankwar.Battlefield,java.awt.Image[],int,int,int,int,int,int]",true,58,1,0,0,0,1,0,3,0,0,8,0,0,0,0,0,0,0,0,2,0,0,0,0,0,0,6,4,0,true
E:\OOD\main\tankwar-master\tankwar-master\src\org\lionsoul\tankwar\model\Tank.java,org.lionsoul.tankwar.model.Tank,reduceMovingBullets/0,false,356,0,1,1,0,1,0,3,0,0,0,0,0,0,0,0,0,0,0,0,0,0,0,0,0,0,4,1,0,false
E:\OOD\main\tankwar-master\tankwar-master\src\org\lionsoul\tankwar\model\Tank.java,org.lionsoul.tankwar.model.Tank,getMovingBullets/0,false,346,0,1,1,0,1,0,3,1,0,0,0,0,0,0,0,0,0,0,0,0,0,0,0,0,0,6,1,0,true
E:\OOD\main\tankwar-master\tankwar-master\src\org\lionsoul\tankwar\model\Tank.java,org.lionsoul.tankwar.model.Tank,setMissile/1[int],false,443,0,2,2,0,1,0,3,0,0,1,0,0,0,0,0,0,0,0,0,1,0,0,0,0,0,3,1,0,false
E:\OOD\main\tankwar-master\tankwar-master\src\org\lionsoul\tankwar\model\Tank.java,org.lionsoul.tankwar.model.Tank,setType/1[int],false,461,0,0,0,0,1,0,3,0,0,1,0,0,0,0,0,0,0,0,0,1,0,0,0,0,0,3,1,0,false
E:\OOD\main\tankwar-master\tankwar-master\src\org\lionsoul\tankwar\model\Tank.java,org.lionsoul.tankwar.model.Tank,getWidth/0,false,376,0,0,0,0,1,0,3,1,0,0,0,0,0,0,0,0,0,0,0,0,0,0,0,0,0,6,1,0,true
E:\OOD\main\tankwar-master\tankwar-master\src\org\lionsoul\tankwar\model\Tank.java,org.lionsoul.tankwar.model.Tank,getBlood/0,false,427,0,1,1,0,1,0,3,1,0,0,0,0,0,0,0,0,0,0,0,0,0,0,0,0,0,3,1,0,false
E:\OOD\main\tankwar-master\tankwar-master\src\org\lionsoul\tankwar\model\Tank.java,org.lionsoul.tankwar.model.Tank,draw/1[java.awt.Graphics],false,126,2,5,1,4,15,13,62,0,7,1,13,1,2,0,1,0,5,2,23,16,31,3,0,0,0,22,1,0,true
E:\OOD\main\tankwar-master\tankwar-master\src\org\lionsoul\tankwar\model\Tank.java,org.lionsoul.tankwar.model.Tank,move/0,false,202,1,10,1,9,22,9,48,1,2,0,9,9,1,0,13,0,0,0,13,14,0,2,0,0,0,18,1,0,true
E:\OOD\main\tankwar-master\tankwar-master\src\org\lionsoul\tankwar\model\Tank.java,org.lionsoul.tankwar.model.Tank,getRows/0,false,423,0,2,2,0,1,0,3,1,0,0,0,0,0,0,0,0,0,0,0,0,0,0,0,0,0,3,1,0,false
E:\OOD\main\tankwar-master\tankwar-master\src\org\lionsoul\tankwar\model\Tank.java,org.lionsoul.tankwar.model.Tank,"getLeftMoveOffset/2[int,int]",false,309,1,2,1,1,3,1,6,2,1,2,1,0,0,0,0,0,0,0,2,2,2,1,0,0,0,16,4,0,true
E:\OOD\main\tankwar-master\tankwar-master\src\org\lionsoul\tankwar\model\Tank.java,org.lionsoul.tankwar.model.Tank,setSerial/1[int],false,337,0,0,0,0,1,0,3,0,0,1,0,0,0,0,0,0,0,0,0,1,0,0,0,0,0,3,1,0,false
E:\OOD\main\tankwar-master\tankwar-master\src\org\lionsoul\tankwar\model\Tank.java,org.lionsoul.tankwar.model.Tank,"Tank/10[org.lionsoul.tankwar.Battlefield,java.awt.Image[],int,int,int,int,int,int,int,int]",true,72,2,3,0,3,1,3,15,0,0,10,3,0,0,0,0,0,0,0,0,13,2,0,0,0,0,24,4,0,true
E:\OOD\main\tankwar-master\tankwar-master\src\org\lionsoul\tankwar\model\Tank.java,org.lionsoul.tankwar.model.Tank,getType/0,false,465,0,1,1,0,1,0,3,1,0,0,0,0,0,0,0,0,0,0,0,0,0,0,0,0,0,3,1,0,false
E:\OOD\main\tankwar-master\tankwar-master\src\org\lionsoul\tankwar\model\Tank.java,org.lionsoul.tankwar.model.Tank,getDirectionMask/0,false,470,0,0,0,0,1,0,3,1,0,0,0,0,0,0,0,0,0,0,0,0,0,0,0,0,0,4,1,0,false
E:\OOD\main\tankwar-master\tankwar-master\src\org\lionsoul\tankwar\model\Tank.java,org.lionsoul.tankwar.model.Tank,getX/0,false,403,0,2,2,0,1,0,3,1,0,0,0,0,0,0,0,0,0,0,0,0,0,0,0,0,0,3,1,0,false
E:\OOD\main\tankwar-master\tankwar-master\src\org\lionsoul\tankwar\model\Tank.java,org.lionsoul.tankwar.model.Tank,moveLeft/1[int],false,317,1,2,1,1,1,1,5,0,0,1,1,0,0,0,0,0,0,0,0,1,2,0,0,0,0,6,2,0,true
E:\OOD\main\tankwar-master\tankwar-master\src\org\lionsoul\tankwar\model\Tank.java,org.lionsoul.tankwar.model.Tank,addBullets/0,false,394,4,9,2,7,1,7,7,0,1,0,7,1,1,0,0,0,2,0,4,1,6,0,0,0,0,10,1,0,false
E:\OOD\main\tankwar-master\tankwar-master\src\org\lionsoul\tankwar\model\Tank.java,org.lionsoul.tankwar.model.Tank,getSerial/0,false,333,0,4,4,0,1,0,3,1,0,0,0,0,0,0,0,0,0,0,0,0,0,0,0,0,0,3,1,0,false
E:\OOD\main\tankwar-master\tankwar-master\src\org\lionsoul\tankwar\model\Tank.java,org.lionsoul.tankwar.model.Tank,"getRightMoveOffset/2[int,int]",false,267,1,3,1,2,3,2,6,2,1,2,2,0,0,0,0,0,1,0,1,2,4,1,0,0,0,17,4,0,true
E:\OOD\main\tankwar-master\tankwar-master\src\org\lionsoul\tankwar\model\Tank.java,org.lionsoul.tankwar.model.Tank,isAlive/0,false,451,0,1,1,0,1,0,3,1,0,0,0,0,0,0,0,0,0,0,0,0,0,0,0,0,0,3,1,0,false
E:\OOD\main\tankwar-master\tankwar-master\src\org\lionsoul\tankwar\model\Tank.java,org.lionsoul.tankwar.model.Tank,setX/1[int],false,407,0,0,0,0,1,0,3,0,0,1,0,0,0,0,0,0,0,0,0,1,0,0,0,0,0,3,1,0,false
E:\OOD\main\tankwar-master\tankwar-master\src\org\lionsoul\tankwar\model\Tank.java,org.lionsoul.tankwar.model.Tank,"getUpMoveOffset/2[int,int]",false,245,1,2,1,1,3,1,6,2,1,2,1,0,0,0,0,0,0,0,2,2,2,1,0,0,0,16,4,0,true
E:\OOD\main\tankwar-master\tankwar-master\src\org\lionsoul\tankwar\model\Tank.java,org.lionsoul.tankwar.model.Tank,moveDown/1[int],false,296,1,2,1,1,1,1,5,0,0,1,1,0,0,0,0,0,0,0,0,1,2,0,0,0,0,6,2,0,true
E:\OOD\main\tankwar-master\tankwar-master\src\org\lionsoul\tankwar\model\Tank.java,org.lionsoul.tankwar.model.Tank,setAlive/1[boolean],false,456,1,2,1,1,2,1,4,0,0,1,1,0,0,0,1,0,0,0,0,1,0,1,0,0,0,4,1,0,false
E:\OOD\main\tankwar-master\tankwar-master\src\org\lionsoul\tankwar\model\Tank.java,org.lionsoul.tankwar.model.Tank,moveRight/1[int],false,275,1,2,1,1,1,1,5,0,0,1,1,0,0,0,0,0,0,0,0,1,2,0,0,0,0,6,2,0,true
E:\OOD\main\tankwar-master\tankwar-master\src\org\lionsoul\tankwar\model\Tank.java,org.lionsoul.tankwar.model.Tank,addSynBullets/0,false,384,4,7,0,7,1,7,7,0,1,0,7,1,1,0,0,0,2,0,4,1,6,0,0,0,0,11,1,0,true
E:\OOD\main\tankwar-master\tankwar-master\src\org\lionsoul\tankwar\model\Tank.java,org.lionsoul.tankwar.model.Tank,setOffset/1[int],false,447,0,2,2,0,1,0,3,0,0,1,0,0,0,0,0,0,0,0,0,1,0,0,0,0,0,3,1,0,false
E:\OOD\main\tankwar-master\tankwar-master\src\org\lionsoul\tankwar\model\Tank.java,org.lionsoul.tankwar.model.Tank,setY/1[int],false,415,0,0,0,0,1,0,3,0,0,1,0,0,0,0,0,0,0,0,0,1,0,0,0,0,0,3,1,0,false
E:\OOD\main\tankwar-master\tankwar-master\src\org\lionsoul\tankwar\model\Tank.java,org.lionsoul.tankwar.model.Tank,setHead/1[int],false,431,0,2,2,0,1,0,3,0,0,1,0,0,0,0,0,0,0,0,0,1,0,0,0,0,0,3,1,0,false
E:\OOD\main\tankwar-master\tankwar-master\src\org\lionsoul\tankwar\model\Tank.java,org.lionsoul.tankwar.model.Tank,increaseMovingBullets/0,false,353,0,3,3,0,1,0,3,0,0,0,0,0,0,0,0,0,0,0,0,0,0,0,0,0,0,7,1,0,true
E:\OOD\main\tankwar-master\tankwar-master\src\org\lionsoul\tankwar\model\Tank.java,org.lionsoul.tankwar.model.Tank,getCols/0,false,419,0,3,3,0,1,0,3,1,0,0,0,0,0,0,0,0,0,0,0,0,0,0,0,0,0,3,1,0,false
E:\OOD\main\tankwar-master\tankwar-master\src\org\lionsoul\tankwar\model\Tank.java,org.lionsoul.tankwar.model.Tank,couldShot/0,false,328,2,4,2,2,4,2,3,1,0,0,2,1,1,0,1,0,2,0,2,0,0,0,0,0,0,10,1,0,true
E:\OOD\main\tankwar-master\tankwar-master\src\org\lionsoul\tankwar\model\Tank.java,org.lionsoul.tankwar.model.Tank,setBomb/1[int],false,439,0,2,2,0,1,0,3,0,0,1,0,0,0,0,0,0,0,0,0,1,0,0,0,0,0,3,1,0,false
E:\OOD\main\tankwar-master\tankwar-master\src\org\lionsoul\tankwar\model\Tank.java,org.lionsoul.tankwar.model.Tank,getMoveDirection/0,false,96,0,1,1,0,25,0,24,1,2,0,0,0,0,0,12,0,12,0,13,14,0,2,0,0,0,9,1,0,true
E:\OOD\main\tankwar-master\tankwar-master\src\org\lionsoul\tankwar\model\Tank.java,org.lionsoul.tankwar.model.Tank,moveUp/1[int],false,254,1,2,1,1,1,1,5,0,0,1,1,0,0,0,0,0,0,0,0,1,2,0,0,0,0,6,2,0,true
E:\OOD\main\tankwar-master\tankwar-master\src\org\lionsoul\tankwar\model\Tank.java,org.lionsoul.tankwar.model.Tank,"getDownMoveOffset/2[int,int]",false,288,1,3,1,2,3,2,6,2,1,2,2,0,0,0,0,0,1,0,1,2,4,1,0,0,0,17,4,0,true
E:\OOD\main\tankwar-master\tankwar-master\src\org\lionsoul\tankwar\model\Tank.java,org.lionsoul.tankwar.model.Tank,getY/0,false,411,0,1,1,0,1,0,3,1,0,0,0,0,0,0,0,0,0,0,0,0,0,0,0,0,0,3,1,0,false
E:\OOD\main\tankwar-master\tankwar-master\src\org\lionsoul\tankwar\model\Tank.java,org.lionsoul.tankwar.model.Tank,setBlood/1[int],false,435,0,3,3,0,1,0,3,0,0,1,0,0,0,0,0,0,0,0,0,1,0,0,0,0,0,3,1,0,false
E:\OOD\main\tankwar-master\tankwar-master\src\org\lionsoul\tankwar\TankFactory.java,org.lionsoul.tankwar.TankFactory,reset/0,false,30,0,1,1,0,1,0,4,0,0,0,0,0,0,0,0,0,0,0,2,2,0,0,0,0,0,3,9,0,false
E:\OOD\main\tankwar-master\tankwar-master\src\org\lionsoul\tankwar\TankFactory.java,org.lionsoul.tankwar.TankFactory,getTankOutput/0,false,35,0,2,2,0,1,0,3,1,0,0,0,0,0,0,0,0,0,0,0,0,0,0,0,0,0,4,9,0,false
E:\OOD\main\tankwar-master\tankwar-master\src\org\lionsoul\tankwar\TankFactory.java,org.lionsoul.tankwar.TankFactory,"createEnemyTank/5[org.lionsoul.tankwar.Battlefield,int,int,int[],int]",false,76,6,14,2,12,5,11,26,1,5,5,11,0,0,0,0,0,8,0,13,7,7,1,0,0,0,20,9,0,true
E:\OOD\main\tankwar-master\tankwar-master\src\org\lionsoul\tankwar\TankFactory.java,org.lionsoul.tankwar.TankFactory,"createCenterHeroTank/4[org.lionsoul.tankwar.Battlefield,int,int,int[]]",false,48,5,12,1,11,1,10,11,1,3,4,10,0,0,0,0,0,2,0,6,3,4,0,0,0,0,14,9,0,true
E:\OOD\main\tankwar-master\tankwar-master\src\org\lionsoul\tankwar\BulletFactory.java,org.lionsoul.tankwar.BulletFactory,"createHeroBullet/6[org.lionsoul.tankwar.Battlefield,org.lionsoul.tankwar.model.Tank,short,int,int,int]",false,44,3,4,1,3,1,2,6,1,1,6,2,0,0,0,0,0,0,0,4,1,0,0,0,0,0,14,9,0,true
E:\OOD\main\tankwar-master\tankwar-master\src\org\lionsoul\tankwar\BulletFactory.java,org.lionsoul.tankwar.BulletFactory,"createEnemyBullet/6[org.lionsoul.tankwar.Battlefield,org.lionsoul.tankwar.model.Tank,short,int,int,int]",false,64,3,5,2,3,1,2,6,1,1,6,2,0,0,0,0,0,0,0,4,1,0,0,0,0,0,14,9,0,true
E:\OOD\main\tankwar-master\tankwar-master\src\org\lionsoul\tankwar\tank\RandomTank.java,org.lionsoul.tankwar.tank.RandomTank,"RandomTank/8[org.lionsoul.tankwar.Battlefield,java.awt.Image[],int,int,int,int,int,int]",true,25,1,1,1,0,1,0,4,0,0,8,0,0,0,0,0,0,0,1,0,1,0,0,0,0,0,5,1,0,false
E:\OOD\main\tankwar-master\tankwar-master\src\org\lionsoul\tankwar\tank\RandomTank.java,org.lionsoul.tankwar.tank.RandomTank,"RandomTank/10[org.lionsoul.tankwar.Battlefield,java.awt.Image[],int,int,int,int,int,int,int,int]",true,32,1,0,0,0,1,0,4,0,0,10,0,0,0,0,0,0,0,1,0,1,0,0,0,0,0,5,1,0,false
E:\OOD\main\tankwar-master\tankwar-master\src\org\lionsoul\tankwar\tank\RandomTank.java,org.lionsoul.tankwar.tank.RandomTank,setSeeds/1[int[]],false,74,1,1,1,0,1,0,3,0,0,1,0,0,0,0,0,0,0,0,0,1,0,0,0,0,0,8,1,0,true
E:\OOD\main\tankwar-master\tankwar-master\src\org\lionsoul\tankwar\tank\RandomTank.java,org.lionsoul.tankwar.tank.RandomTank,draw/1[java.awt.Graphics],false,39,1,2,0,2,4,4,14,0,1,1,4,0,0,0,2,0,7,0,10,4,8,2,0,0,0,12,1,0,false
E:\OOD\main\tankwar-master\tankwar-master\src\org\lionsoul\tankwar\tank\TrackTank.java,org.lionsoul.tankwar.tank.TrackTank,"TrackTank/8[org.lionsoul.tankwar.Battlefield,java.awt.Image[],int,int,int,int,int,int]",true,24,1,0,0,0,1,0,4,0,0,8,0,0,0,0,0,0,0,1,0,1,0,0,0,0,0,5,1,0,false
E:\OOD\main\tankwar-master\tankwar-master\src\org\lionsoul\tankwar\tank\TrackTank.java,org.lionsoul.tankwar.tank.TrackTank,draw/1[java.awt.Graphics],false,64,1,2,0,2,3,3,11,0,2,1,3,0,0,0,0,0,0,0,1,2,3,1,0,0,0,14,1,0,true
E:\OOD\main\tankwar-master\tankwar-master\src\org\lionsoul\tankwar\tank\TrackTank.java,org.lionsoul.tankwar.tank.TrackTank,getAimTank/0,false,52,1,0,0,0,1,0,3,1,0,0,0,0,0,0,0,0,0,0,0,0,0,0,0,0,0,6,1,0,true
E:\OOD\main\tankwar-master\tankwar-master\src\org\lionsoul\tankwar\tank\TrackTank.java,org.lionsoul.tankwar.tank.TrackTank,"TrackTank/10[org.lionsoul.tankwar.Battlefield,java.awt.Image[],int,int,int,int,int,int,int,int]",true,31,1,0,0,0,1,0,4,0,0,10,0,0,0,0,0,0,0,1,0,1,0,0,0,0,0,5,1,0,false
E:\OOD\main\tankwar-master\tankwar-master\src\org\lionsoul\tankwar\tank\TrackTank.java,org.lionsoul.tankwar.tank.TrackTank,setAimTank/1[org.lionsoul.tankwar.model.Tank],false,42,1,0,0,0,1,0,3,0,0,1,0,0,0,0,0,0,0,0,0,1,0,0,0,0,0,6,1,0,true
E:\OOD\main\tankwar-master\tankwar-master\src\org\lionsoul\tankwar\Battlefield.java,org.lionsoul.tankwar.Battlefield$TankKeyListener,keyPressed/1[java.awt.event.KeyEvent],false,613,4,8,0,8,16,10,48,2,0,1,10,0,0,0,7,0,0,0,2,4,2,3,0,0,0,26,1,0,false
E:\OOD\main\tankwar-master\tankwar-master\src\org\lionsoul\tankwar\Battlefield.java,org.lionsoul.tankwar.Battlefield$TankKeyListener,keyReleased/1[java.awt.event.KeyEvent],false,664,1,1,0,1,2,1,7,0,0,1,1,0,0,0,0,0,0,0,0,0,0,1,0,0,0,6,1,0,false
E:\OOD\main\tankwar-master\tankwar-master\src\org\lionsoul\tankwar\model\Explosion.java,org.lionsoul.tankwar.model.Explosion,setOffset/1[short],false,111,0,0,0,0,1,0,3,0,0,1,0,0,0,0,0,0,0,0,0,1,0,0,0,0,0,3,1,0,false
E:\OOD\main\tankwar-master\tankwar-master\src\org\lionsoul\tankwar\model\Explosion.java,org.lionsoul.tankwar.model.Explosion,setCols/1[short],false,103,0,0,0,0,1,0,3,0,0,1,0,0,0,0,0,0,0,0,0,1,0,0,0,0,0,3,1,0,false
E:\OOD\main\tankwar-master\tankwar-master\src\org\lionsoul\tankwar\model\Explosion.java,org.lionsoul.tankwar.model.Explosion,draw/1[java.awt.Graphics],false,64,2,4,1,3,3,4,9,0,0,1,4,1,1,0,0,0,2,0,3,1,6,2,0,0,0,15,1,0,true
E:\OOD\main\tankwar-master\tankwar-master\src\org\lionsoul\tankwar\model\Explosion.java,org.lionsoul.tankwar.model.Explosion,setRows/1[short],false,95,0,0,0,0,1,0,3,0,0,1,0,0,0,0,0,0,0,0,0,1,0,0,0,0,0,3,1,0,false
E:\OOD\main\tankwar-master\tankwar-master\src\org\lionsoul\tankwar\model\Explosion.java,org.lionsoul.tankwar.model.Explosion,getOffset/0,false,107,0,0,0,0,1,0,3,1,0,0,0,0,0,0,0,0,0,0,0,0,0,0,0,0,0,3,1,0,false
E:\OOD\main\tankwar-master\tankwar-master\src\org\lionsoul\tankwar\model\Explosion.java,org.lionsoul.tankwar.model.Explosion,setY/1[int],false,87,0,0,0,0,1,0,3,0,0,1,0,0,0,0,0,0,0,0,0,1,0,0,0,0,0,3,1,0,false
E:\OOD\main\tankwar-master\tankwar-master\src\org\lionsoul\tankwar\model\Explosion.java,org.lionsoul.tankwar.model.Explosion,getX/0,false,75,0,0,0,0,1,0,3,1,0,0,0,0,0,0,0,0,0,0,0,0,0,0,0,0,0,3,1,0,false
E:\OOD\main\tankwar-master\tankwar-master\src\org\lionsoul\tankwar\model\Explosion.java,org.lionsoul.tankwar.model.Explosion,getRows/0,false,91,0,0,0,0,1,0,3,1,0,0,0,0,0,0,0,0,0,0,0,0,0,0,0,0,0,3,1,0,false
E:\OOD\main\tankwar-master\tankwar-master\src\org\lionsoul\tankwar\model\Explosion.java,org.lionsoul.tankwar.model.Explosion,isAlive/0,false,115,0,1,1,0,1,0,3,1,0,0,0,0,0,0,0,0,0,0,0,0,0,0,0,0,0,3,1,0,false
E:\OOD\main\tankwar-master\tankwar-master\src\org\lionsoul\tankwar\model\Explosion.java,org.lionsoul.tankwar.model.Explosion,getY/0,false,83,0,0,0,0,1,0,3,1,0,0,0,0,0,0,0,0,0,0,0,0,0,0,0,0,0,3,1,0,false
E:\OOD\main\tankwar-master\tankwar-master\src\org\lionsoul\tankwar\model\Explosion.java,org.lionsoul.tankwar.model.Explosion,getType/0,false,123,0,1,1,0,1,0,3,1,0,0,0,0,0,0,0,0,0,0,0,0,0,0,0,0,0,3,1,0,false
E:\OOD\main\tankwar-master\tankwar-master\src\org\lionsoul\tankwar\model\Explosion.java,org.lionsoul.tankwar.model.Explosion,setAlive/1[boolean],false,119,0,1,1,0,1,0,3,0,0,1,0,0,0,0,0,0,0,0,0,1,0,0,0,0,0,3,1,0,false
E:\OOD\main\tankwar-master\tankwar-master\src\org\lionsoul\tankwar\model\Explosion.java,org.lionsoul.tankwar.model.Explosion,getCols/0,false,99,0,0,0,0,1,0,3,1,0,0,0,0,0,0,0,0,0,0,0,0,0,0,0,0,0,3,1,0,false
E:\OOD\main\tankwar-master\tankwar-master\src\org\lionsoul\tankwar\model\Explosion.java,org.lionsoul.tankwar.model.Explosion,"Explosion/8[org.lionsoul.tankwar.Battlefield,java.awt.Image[],int,int,int,short,short,short]",true,44,1,2,1,1,2,1,14,0,0,8,1,0,0,0,1,0,0,0,0,10,0,1,0,0,0,21,1,0,true
E:\OOD\main\tankwar-master\tankwar-master\src\org\lionsoul\tankwar\model\Explosion.java,org.lionsoul.tankwar.model.Explosion,setX/1[int],false,79,0,0,0,0,1,0,3,0,0,1,0,0,0,0,0,0,0,0,0,1,0,0,0,0,0,3,1,0,false
E:\OOD\main\tankwar-master\tankwar-master\src\org\lionsoul\tankwar\tank\CircleTank.java,org.lionsoul.tankwar.tank.CircleTank,"CircleTank/8[org.lionsoul.tankwar.Battlefield,java.awt.Image[],int,int,int,int,int,int]",true,22,1,0,0,0,1,0,4,0,0,8,0,0,0,0,0,0,0,1,0,1,0,0,0,0,0,5,1,0,false
E:\OOD\main\tankwar-master\tankwar-master\src\org\lionsoul\tankwar\tank\CircleTank.java,org.lionsoul.tankwar.tank.CircleTank,"CircleTank/10[org.lionsoul.tankwar.Battlefield,java.awt.Image[],int,int,int,int,int,int,int,int]",true,29,1,0,0,0,1,0,4,0,0,10,0,0,0,0,0,0,0,1,0,1,0,0,0,0,0,5,1,0,false
E:\OOD\main\tankwar-master\tankwar-master\src\org\lionsoul\tankwar\barriers\Barriers.java,org.lionsoul.tankwar.barriers.Barriers,getHeroArgs/0,false,32,1,1,1,0,1,0,3,1,0,0,0,0,0,0,0,0,0,0,0,0,0,0,0,0,0,4,1,0,false
E:\OOD\main\tankwar-master\tankwar-master\src\org\lionsoul\tankwar\barriers\Barriers.java,org.lionsoul.tankwar.barriers.Barriers,getHeroBulletArgs/0,false,40,1,1,1,0,1,0,3,1,0,0,0,0,0,0,0,0,0,0,0,0,0,0,0,0,0,5,1,0,false
E:\OOD\main\tankwar-master\tankwar-master\src\org\lionsoul\tankwar\barriers\Barriers.java,org.lionsoul.tankwar.barriers.Barriers,getEnemyBulletArgs/0,false,44,1,1,1,0,1,0,3,1,0,0,0,0,0,0,0,0,0,0,0,0,0,0,0,0,0,5,1,0,false
E:\OOD\main\tankwar-master\tankwar-master\src\org\lionsoul\tankwar\barriers\Barriers.java,org.lionsoul.tankwar.barriers.Barriers,"Barriers/5[int,int[],int[],short[][],short[][]]",true,20,2,0,0,0,1,0,7,0,0,5,0,0,0,0,0,0,0,0,0,5,0,0,0,0,0,7,1,0,true
E:\OOD\main\tankwar-master\tankwar-master\src\org\lionsoul\tankwar\barriers\Barriers.java,org.lionsoul.tankwar.barriers.Barriers,getEnemyArgs/0,false,36,1,2,2,0,1,0,3,1,0,0,0,0,0,0,0,0,0,0,0,0,0,0,0,0,0,4,1,0,false
E:\OOD\main\tankwar-master\tankwar-master\src\org\lionsoul\tankwar\barriers\Barriers.java,org.lionsoul.tankwar.barriers.Barriers,getEnemyNumber/0,false,28,0,3,3,0,1,0,3,1,0,0,0,0,0,0,0,0,0,0,0,0,0,0,0,0,0,4,1,0,false
E:\OOD\main\tankwar-master\tankwar-master\src\org\lionsoul\tankwar\ExplosionFactory.java,org.lionsoul.tankwar.ExplosionFactory,"createExplosion/4[org.lionsoul.tankwar.Battlefield,int,int,int]",false,27,2,2,1,1,1,0,3,1,0,4,0,0,0,0,0,0,0,0,3,0,0,0,0,0,0,9,9,0,true
E:\OOD\main\tankwar-master\tankwar-master\src\org\lionsoul\tankwar\barriers\BarriersSelector.java,org.lionsoul.tankwar.barriers.BarriersSelector,setBarriers/1[int],false,184,0,0,0,0,3,0,3,0,0,1,0,0,0,0,0,0,0,0,1,1,0,1,0,0,0,4,1,0,false
E:\OOD\main\tankwar-master\tankwar-master\src\org\lionsoul\tankwar\barriers\BarriersSelector.java,org.lionsoul.tankwar.barriers.BarriersSelector,"BarriersSelector/8[org.lionsoul.tankwar.Battlefield,int,int,int,int,int,javax.swing.ImageIcon[],java.applet.AudioClip]",true,57,1,1,1,0,1,3,15,0,0,8,3,0,0,0,0,0,0,0,5,13,1,0,0,0,0,18,1,0,true
E:\OOD\main\tankwar-master\tankwar-master\src\org\lionsoul\tankwar\barriers\BarriersSelector.java,org.lionsoul.tankwar.barriers.BarriersSelector,stopAudio/0,false,172,0,1,1,0,1,1,3,0,0,0,1,0,0,0,0,0,0,0,0,0,0,0,0,0,0,2,1,0,false
E:\OOD\main\tankwar-master\tankwar-master\src\org\lionsoul\tankwar\barriers\BarriersSelector.java,org.lionsoul.tankwar.barriers.BarriersSelector,draw/1[java.awt.Graphics],false,80,0,1,1,0,5,12,41,0,7,1,12,0,0,2,1,0,7,5,30,15,35,2,0,0,0,31,1,0,true
E:\OOD\main\tankwar-master\tankwar-master\src\org\lionsoul\tankwar\barriers\BarriersSelector.java,org.lionsoul.tankwar.barriers.BarriersSelector,hasNext/0,false,176,0,1,1,0,2,0,3,1,0,0,0,0,0,0,0,0,1,0,0,0,0,0,0,0,0,4,1,0,false
E:\OOD\main\tankwar-master\tankwar-master\src\org\lionsoul\tankwar\barriers\BarriersSelector.java,org.lionsoul.tankwar.barriers.BarriersSelector,getBarriers/0,false,180,0,3,3,0,1,0,3,1,0,0,0,0,0,0,0,0,0,0,0,0,0,0,0,0,0,3,1,0,false
E:\OOD\main\tankwar-master\tankwar-master\src\org\lionsoul\tankwar\barriers\BarriersSelector.java,org.lionsoul.tankwar.barriers.BarriersSelector,next/0,false,189,0,1,1,0,2,0,4,2,0,0,0,0,0,0,0,0,0,0,1,0,0,1,0,0,0,3,1,0,false
E:\OOD\main\tankwar-master\tankwar-master\src\org\lionsoul\tankwar\barriers\BarriersSelector.java,org.lionsoul.tankwar.barriers.BarriersSelector,keyPress/1[java.awt.event.KeyEvent],false,148,1,2,1,1,6,4,23,0,0,1,4,0,0,0,0,0,0,0,2,0,1,2,0,0,0,10,1,0,true
E:\OOD\main\tankwar-master\tankwar-master\src\org\lionsoul\tankwar\Battlefield.java,org.lionsoul.tankwar.Battlefield$Anonymous1,run/0,false,369,4,8,0,8,13,11,37,0,0,0,11,0,0,1,3,2,2,0,3,0,4,4,0,0,0,26,1,0,false
E:\OOD\main\tankwar-master\tankwar-master\src\org\lionsoul\tankwar\map\TMap.java,org.lionsoul.tankwar.map.TMap,"getBit/2[int,int]",false,91,0,3,3,0,1,0,3,1,0,2,0,0,0,0,0,0,0,0,0,0,0,0,0,0,0,3,1,0,false
E:\OOD\main\tankwar-master\tankwar-master\src\org\lionsoul\tankwar\map\TMap.java,org.lionsoul.tankwar.map.TMap,"checkMapBit/5[int,int,int,int,int]",false,143,1,5,4,1,4,1,9,2,2,5,1,1,1,2,1,0,0,0,2,2,2,3,0,0,0,22,1,0,true
E:\OOD\main\tankwar-master\tankwar-master\src\org\lionsoul\tankwar\map\TMap.java,org.lionsoul.tankwar.map.TMap,getXoffset/0,false,160,0,6,6,0,1,0,3,1,0,0,0,0,0,0,0,0,0,0,0,0,0,0,0,0,0,4,1,0,false
E:\OOD\main\tankwar-master\tankwar-master\src\org\lionsoul\tankwar\map\TMap.java,org.lionsoul.tankwar.map.TMap,clear/0,false,169,0,1,1,0,3,0,6,0,2,0,0,0,0,2,0,0,0,0,2,3,0,2,0,0,0,13,1,0,false
E:\OOD\main\tankwar-master\tankwar-master\src\org\lionsoul\tankwar\map\TMap.java,org.lionsoul.tankwar.map.TMap,getWall/1[int],false,184,1,1,1,0,2,1,4,2,0,1,1,0,0,0,1,0,0,0,0,0,0,1,0,0,0,10,1,0,true
E:\OOD\main\tankwar-master\tankwar-master\src\org\lionsoul\tankwar\map\TMap.java,org.lionsoul.tankwar.map.TMap,"TMap/5[int,int,int,int,java.util.HashMap<java.lang.Integer,org.lionsoul.tankwar.model.Wall>]",true,32,2,1,1,0,1,0,10,0,0,5,0,0,0,0,0,0,0,0,0,8,2,0,0,0,0,11,1,0,false
E:\OOD\main\tankwar-master\tankwar-master\src\org\lionsoul\tankwar\map\TMap.java,org.lionsoul.tankwar.map.TMap,getCols/0,false,87,0,6,6,0,1,0,3,1,0,0,0,0,0,0,0,0,0,0,0,0,0,0,0,0,0,3,1,0,false
E:\OOD\main\tankwar-master\tankwar-master\src\org\lionsoul\tankwar\map\TMap.java,org.lionsoul.tankwar.map.TMap,"setMapBit/5[int,int,int,int,int]",false,125,1,8,7,1,3,1,6,0,2,5,1,1,1,2,0,0,0,0,2,2,2,2,0,0,0,17,1,0,true
E:\OOD\main\tankwar-master\tankwar-master\src\org\lionsoul\tankwar\map\TMap.java,org.lionsoul.tankwar.map.TMap,"setBit/3[int,int,int]",false,156,0,1,1,0,1,0,3,0,0,3,0,0,0,0,0,0,0,0,0,1,0,0,0,0,0,3,1,0,false
E:\OOD\main\tankwar-master\tankwar-master\src\org\lionsoul\tankwar\map\TMap.java,org.lionsoul.tankwar.map.TMap,getWidth/0,false,111,0,0,0,0,1,0,3,1,0,0,0,0,0,0,0,0,0,0,0,0,0,0,0,0,0,6,1,0,true
E:\OOD\main\tankwar-master\tankwar-master\src\org\lionsoul\tankwar\map\TMap.java,org.lionsoul.tankwar.map.TMap,getYoffset/0,false,164,0,6,6,0,1,0,3,1,0,0,0,0,0,0,0,0,0,0,0,0,0,0,0,0,0,4,1,0,false
E:\OOD\main\tankwar-master\tankwar-master\src\org\lionsoul\tankwar\map\TMap.java,org.lionsoul.tankwar.map.TMap,getHeight/0,false,101,0,1,1,0,1,0,3,1,0,0,0,0,0,0,0,0,0,0,0,0,0,0,0,0,0,6,1,0,true
E:\OOD\main\tankwar-master\tankwar-master\src\org\lionsoul\tankwar\map\TMap.java,org.lionsoul.tankwar.map.TMap,"setWalls/1[java.util.HashMap<java.lang.Integer,org.lionsoul.tankwar.model.Wall>]",false,205,2,8,1,7,4,12,12,0,3,1,12,1,2,1,2,0,0,0,0,4,0,3,0,0,0,12,1,0,true
E:\OOD\main\tankwar-master\tankwar-master\src\org\lionsoul\tankwar\map\TMap.java,org.lionsoul.tankwar.map.TMap,draw/1[java.awt.Graphics],false,50,1,5,1,4,4,11,14,0,3,1,11,0,0,1,1,0,0,0,2,3,2,4,0,0,0,11,1,0,true
E:\OOD\main\tankwar-master\tankwar-master\src\org\lionsoul\tankwar\map\TMap.java,org.lionsoul.tankwar.map.TMap,getRows/0,false,83,0,5,5,0,1,0,3,1,0,0,0,0,0,0,0,0,0,0,0,0,0,0,0,0,0,3,1,0,false
E:\OOD\main\tankwar-master\tankwar-master\src\org\lionsoul\tankwar\map\TMap.java,org.lionsoul.tankwar.map.TMap,clearWall/1[org.lionsoul.tankwar.model.Wall],false,195,2,6,1,5,2,5,5,0,0,1,5,1,2,0,1,0,0,0,0,0,0,1,0,0,0,12,1,0,true
E:\OOD\main\tankwar-master\tankwar-master\src\org\lionsoul\tankwar\model\Wall.java,org.lionsoul.tankwar.model.Wall,getSerial/0,false,102,0,1,1,0,1,0,3,1,0,0,0,0,0,0,0,0,0,0,0,0,0,0,0,0,0,3,1,0,false
E:\OOD\main\tankwar-master\tankwar-master\src\org\lionsoul\tankwar\model\Wall.java,org.lionsoul.tankwar.model.Wall,getRows/0,false,74,0,2,2,0,1,0,3,1,0,0,0,0,0,0,0,0,0,0,0,0,0,0,0,0,0,3,1,0,false
E:\OOD\main\tankwar-master\tankwar-master\src\org\lionsoul\tankwar\model\Wall.java,org.lionsoul.tankwar.model.Wall,setX/1[int],false,62,0,0,0,0,1,0,3,0,0,1,0,0,0,0,0,0,0,0,0,1,0,0,0,0,0,3,1,0,false
E:\OOD\main\tankwar-master\tankwar-master\src\org\lionsoul\tankwar\model\Wall.java,org.lionsoul.tankwar.model.Wall,setRows/1[int],false,78,0,0,0,0,1,0,3,0,0,1,0,0,0,0,0,0,0,0,0,1,0,0,0,0,0,3,1,0,false
E:\OOD\main\tankwar-master\tankwar-master\src\org\lionsoul\tankwar\model\Wall.java,org.lionsoul.tankwar.model.Wall,setType/1[int],false,54,0,0,0,0,1,0,3,0,0,1,0,0,0,0,0,0,0,0,0,1,0,0,0,0,0,3,1,0,false
E:\OOD\main\tankwar-master\tankwar-master\src\org\lionsoul\tankwar\model\Wall.java,org.lionsoul.tankwar.model.Wall,getCols/0,false,82,0,2,2,0,1,0,3,1,0,0,0,0,0,0,0,0,0,0,0,0,0,0,0,0,0,3,1,0,false
E:\OOD\main\tankwar-master\tankwar-master\src\org\lionsoul\tankwar\model\Wall.java,org.lionsoul.tankwar.model.Wall,setAlive/1[boolean],false,94,0,1,1,0,1,0,3,0,0,1,0,0,0,0,0,0,0,0,0,1,0,0,0,0,0,3,1,0,false
E:\OOD\main\tankwar-master\tankwar-master\src\org\lionsoul\tankwar\model\Wall.java,org.lionsoul.tankwar.model.Wall,couldSmash/1[org.lionsoul.tankwar.model.Bullet],false,111,1,2,1,1,6,1,13,5,0,1,1,0,0,0,1,0,0,0,0,0,0,2,0,0,0,15,1,0,true
E:\OOD\main\tankwar-master\tankwar-master\src\org\lionsoul\tankwar\model\Wall.java,org.lionsoul.tankwar.model.Wall,"Wall/7[java.awt.Image,int,int,int,int,int,int]",true,36,0,1,1,0,1,0,9,0,0,7,0,0,0,0,0,0,0,0,0,7,0,0,0,0,0,11,1,0,true
E:\OOD\main\tankwar-master\tankwar-master\src\org\lionsoul\tankwar\model\Wall.java,org.lionsoul.tankwar.model.Wall,getType/0,false,50,0,1,1,0,1,0,3,1,0,0,0,0,0,0,0,0,0,0,0,0,0,0,0,0,0,3,1,0,false
E:\OOD\main\tankwar-master\tankwar-master\src\org\lionsoul\tankwar\model\Wall.java,org.lionsoul.tankwar.model.Wall,setY/1[int],false,70,0,0,0,0,1,0,3,0,0,1,0,0,0,0,0,0,0,0,0,1,0,0,0,0,0,3,1,0,false
E:\OOD\main\tankwar-master\tankwar-master\src\org\lionsoul\tankwar\model\Wall.java,org.lionsoul.tankwar.model.Wall,isAlive/0,false,90,0,1,1,0,1,0,3,1,0,0,0,0,0,0,0,0,0,0,0,0,0,0,0,0,0,3,1,0,false
E:\OOD\main\tankwar-master\tankwar-master\src\org\lionsoul\tankwar\model\Wall.java,org.lionsoul.tankwar.model.Wall,getImage/0,false,46,0,1,1,0,1,0,3,1,0,0,0,0,0,0,0,0,0,0,0,0,0,0,0,0,0,3,1,0,false
E:\OOD\main\tankwar-master\tankwar-master\src\org\lionsoul\tankwar\model\Wall.java,org.lionsoul.tankwar.model.Wall,getY/0,false,66,0,3,3,0,1,0,3,1,0,0,0,0,0,0,0,0,0,0,0,0,0,0,0,0,0,3,1,0,false
E:\OOD\main\tankwar-master\tankwar-master\src\org\lionsoul\tankwar\model\Wall.java,org.lionsoul.tankwar.model.Wall,setCols/1[int],false,86,0,0,0,0,1,0,3,0,0,1,0,0,0,0,0,0,0,0,0,1,0,0,0,0,0,3,1,0,false
E:\OOD\main\tankwar-master\tankwar-master\src\org\lionsoul\tankwar\model\Wall.java,org.lionsoul.tankwar.model.Wall,setSerial/1[int],false,98,0,0,0,0,1,0,3,0,0,1,0,0,0,0,0,0,0,0,0,1,0,0,0,0,0,3,1,0,false
E:\OOD\main\tankwar-master\tankwar-master\src\org\lionsoul\tankwar\model\Wall.java,org.lionsoul.tankwar.model.Wall,getX/0,false,58,0,3,3,0,1,0,3,1,0,0,0,0,0,0,0,0,0,0,0,0,0,0,0,0,0,3,1,0,false
E:\OOD\main\tankwar-master\tankwar-master\src\org\lionsoul\tankwar\model\Bullet.java,org.lionsoul.tankwar.model.Bullet,getCols/0,false,172,0,3,3,0,1,0,3,1,0,0,0,0,0,0,0,0,0,0,0,0,0,0,0,0,0,3,1,0,false
E:\OOD\main\tankwar-master\tankwar-master\src\org\lionsoul\tankwar\model\Bullet.java,org.lionsoul.tankwar.model.Bullet,getRows/0,false,168,0,3,3,0,1,0,3,1,0,0,0,0,0,0,0,0,0,0,0,0,0,0,0,0,0,3,1,0,false
E:\OOD\main\tankwar-master\tankwar-master\src\org\lionsoul\tankwar\model\Bullet.java,org.lionsoul.tankwar.model.Bullet,"Bullet/10[org.lionsoul.tankwar.Battlefield,java.awt.Image,short,org.lionsoul.tankwar.model.Tank,int,int,int,short,short,int]",true,47,2,2,2,0,1,0,3,0,0,10,0,0,0,0,0,0,0,0,1,0,0,0,0,0,0,9,1,0,true
E:\OOD\main\tankwar-master\tankwar-master\src\org\lionsoul\tankwar\model\Bullet.java,org.lionsoul.tankwar.model.Bullet,getType/0,false,200,0,1,1,0,1,0,3,1,0,0,0,0,0,0,0,0,0,0,0,0,0,0,0,0,0,3,1,0,false
E:\OOD\main\tankwar-master\tankwar-master\src\org\lionsoul\tankwar\model\Bullet.java,org.lionsoul.tankwar.model.Bullet,setX/1[int],false,156,0,3,3,0,1,0,3,0,0,1,0,0,0,0,0,0,0,0,0,1,0,0,0,0,0,3,1,0,false
E:\OOD\main\tankwar-master\tankwar-master\src\org\lionsoul\tankwar\model\Bullet.java,org.lionsoul.tankwar.model.Bullet,getBlood/0,false,176,0,0,0,0,1,0,3,1,0,0,0,0,0,0,0,0,0,0,0,0,0,0,0,0,0,3,1,0,false
E:\OOD\main\tankwar-master\tankwar-master\src\org\lionsoul\tankwar\model\Bullet.java,org.lionsoul.tankwar.model.Bullet,getX/0,false,152,0,0,0,0,1,0,3,1,0,0,0,0,0,0,0,0,0,0,0,0,0,0,0,0,0,3,1,0,false
E:\OOD\main\tankwar-master\tankwar-master\src\org\lionsoul\tankwar\model\Bullet.java,org.lionsoul.tankwar.model.Bullet,getMasterTank/0,false,196,1,0,0,0,1,0,3,1,0,0,0,0,0,0,0,0,0,0,0,0,0,0,0,0,0,4,1,0,false
E:\OOD\main\tankwar-master\tankwar-master\src\org\lionsoul\tankwar\model\Bullet.java,org.lionsoul.tankwar.model.Bullet,setAlive/1[boolean],false,192,0,1,1,0,1,0,3,0,0,1,0,0,0,0,0,0,0,0,0,1,0,0,0,0,0,3,1,0,false
E:\OOD\main\tankwar-master\tankwar-master\src\org\lionsoul\tankwar\model\Bullet.java,org.lionsoul.tankwar.model.Bullet,"Bullet/11[org.lionsoul.tankwar.Battlefield,java.awt.Image,short,org.lionsoul.tankwar.model.Tank,int,int,int,short,short,int,int]",true,63,2,1,0,1,1,1,14,0,0,11,1,0,0,0,0,0,0,0,0,12,0,0,0,0,0,22,1,0,true
E:\OOD\main\tankwar-master\tankwar-master\src\org\lionsoul\tankwar\model\Bullet.java,org.lionsoul.tankwar.model.Bullet,setY/1[int],false,164,0,3,3,0,1,0,3,0,0,1,0,0,0,0,0,0,0,0,0,1,0,0,0,0,0,3,1,0,false
E:\OOD\main\tankwar-master\tankwar-master\src\org\lionsoul\tankwar\model\Bullet.java,org.lionsoul.tankwar.model.Bullet,move/0,false,92,6,18,1,17,23,17,67,3,3,0,17,1,1,0,6,0,4,0,6,15,3,3,0,0,0,27,2,0,true
E:\OOD\main\tankwar-master\tankwar-master\src\org\lionsoul\tankwar\model\Bullet.java,org.lionsoul.tankwar.model.Bullet,draw/1[java.awt.Graphics],false,83,2,4,1,3,1,4,4,0,0,1,4,1,2,0,0,0,2,0,2,0,6,0,0,0,0,10,1,0,true
E:\OOD\main\tankwar-master\tankwar-master\src\org\lionsoul\tankwar\model\Bullet.java,org.lionsoul.tankwar.model.Bullet,getY/0,false,160,0,0,0,0,1,0,3,1,0,0,0,0,0,0,0,0,0,0,0,0,0,0,0,0,0,3,1,0,false
E:\OOD\main\tankwar-master\tankwar-master\src\org\lionsoul\tankwar\model\Bullet.java,org.lionsoul.tankwar.model.Bullet,setBlood/1[int],false,180,0,2,2,0,1,0,3,0,0,1,0,0,0,0,0,0,0,0,0,1,0,0,0,0,0,3,1,0,false
E:\OOD\main\tankwar-master\tankwar-master\src\org\lionsoul\tankwar\model\Bullet.java,org.lionsoul.tankwar.model.Bullet,setOffset/1[int],false,184,0,2,2,0,1,0,3,0,0,1,0,0,0,0,0,0,0,0,0,1,0,0,0,0,0,3,1,0,false
E:\OOD\main\tankwar-master\tankwar-master\src\org\lionsoul\tankwar\model\Bullet.java,org.lionsoul.tankwar.model.Bullet,isAlive/0,false,188,0,1,1,0,1,0,3,1,0,0,0,0,0,0,0,0,0,0,0,0,0,0,0,0,0,3,1,0,false
E:\OOD\main\tankwar-master\tankwar-master\src\org\lionsoul\tankwar\model\Bullet.java,org.lionsoul.tankwar.model.Bullet,getTankType/0,false,204,0,0,0,0,1,0,3,1,0,0,0,0,0,0,0,0,0,0,0,0,0,0,0,0,0,4,1,0,false
E:\OOD\main\tankwar-master\tankwar-master\src\org\lionsoul\tankwar\Battlefield.java,org.lionsoul.tankwar.Battlefield$Anonymous2,run/0,false,583,1,8,0,8,1,2,3,0,0,0,2,0,0,0,0,0,0,0,0,0,0,0,0,0,0,1,1,0,false
E:\OOD\main\tankwar-master\tankwar-master\src\org\lionsoul\tankwar\GameResult.java,org.lionsoul.tankwar.GameResult,draw/1[java.awt.Graphics],false,49,0,1,1,0,5,8,28,0,6,1,8,0,0,1,2,0,2,4,12,9,15,2,0,0,0,38,1,0,true
E:\OOD\main\tankwar-master\tankwar-master\src\org\lionsoul\tankwar\GameResult.java,org.lionsoul.tankwar.GameResult,"GameResult/5[int,int,int,int,javax.swing.ImageIcon]",true,32,0,1,1,0,1,2,9,0,0,5,2,0,0,0,0,0,0,0,0,7,0,0,0,0,0,9,1,0,false
