file,class,method,variable,usage
E:\OOD\main\tankwar-master\tankwar-master\src\org\lionsoul\tankwar\Battlefield.java,org.lionsoul.tankwar.Battlefield,getTankBySerial/1[int],serial,1
E:\OOD\main\tankwar-master\tankwar-master\src\org\lionsoul\tankwar\Battlefield.java,org.lionsoul.tankwar.Battlefield,addExplosion/1[org.lionsoul.tankwar.model.Explosion],exp,1
E:\OOD\main\tankwar-master\tankwar-master\src\org\lionsoul\tankwar\Battlefield.java,org.lionsoul.tankwar.Battlefield,setSound/1[boolean],sound,2
E:\OOD\main\tankwar-master\tankwar-master\src\org\lionsoul\tankwar\Battlefield.java,org.lionsoul.tankwar.Battlefield,loadResource/0,bg,3
E:\OOD\main\tankwar-master\tankwar-master\src\org\lionsoul\tankwar\Battlefield.java,org.lionsoul.tankwar.Battlefield,loadResource/0,width,3
E:\OOD\main\tankwar-master\tankwar-master\src\org\lionsoul\tankwar\Battlefield.java,org.lionsoul.tankwar.Battlefield,loadResource/0,height,3
E:\OOD\main\tankwar-master\tankwar-master\src\org\lionsoul\tankwar\Battlefield.java,org.lionsoul.tankwar.Battlefield,drawGameInfo/1[java.awt.Graphics],str,2
E:\OOD\main\tankwar-master\tankwar-master\src\org\lionsoul\tankwar\Battlefield.java,org.lionsoul.tankwar.Battlefield,drawGameInfo/1[java.awt.Graphics],g,4
E:\OOD\main\tankwar-master\tankwar-master\src\org\lionsoul\tankwar\Battlefield.java,org.lionsoul.tankwar.Battlefield,Battlefield/0,c,2
E:\OOD\main\tankwar-master\tankwar-master\src\org\lionsoul\tankwar\Battlefield.java,org.lionsoul.tankwar.Battlefield,main/1[java.lang.String[]],args,0
E:\OOD\main\tankwar-master\tankwar-master\src\org\lionsoul\tankwar\Battlefield.java,org.lionsoul.tankwar.Battlefield,main/1[java.lang.String[]],battle,2
E:\OOD\main\tankwar-master\tankwar-master\src\org\lionsoul\tankwar\Battlefield.java,org.lionsoul.tankwar.Battlefield,addBullet/1[org.lionsoul.tankwar.model.Bullet],e,1
E:\OOD\main\tankwar-master\tankwar-master\src\org\lionsoul\tankwar\Battlefield.java,org.lionsoul.tankwar.Battlefield,create/1[org.lionsoul.tankwar.barriers.Barriers],barrier,6
E:\OOD\main\tankwar-master\tankwar-master\src\org\lionsoul\tankwar\Battlefield.java,org.lionsoul.tankwar.Battlefield,create/1[org.lionsoul.tankwar.barriers.Barriers],tanknum,3
E:\OOD\main\tankwar-master\tankwar-master\src\org\lionsoul\tankwar\Battlefield.java,org.lionsoul.tankwar.Battlefield,create/1[org.lionsoul.tankwar.barriers.Barriers],width,3
E:\OOD\main\tankwar-master\tankwar-master\src\org\lionsoul\tankwar\Battlefield.java,org.lionsoul.tankwar.Battlefield,create/1[org.lionsoul.tankwar.barriers.Barriers],etank,3
E:\OOD\main\tankwar-master\tankwar-master\src\org\lionsoul\tankwar\Battlefield.java,org.lionsoul.tankwar.Battlefield,create/1[org.lionsoul.tankwar.barriers.Barriers],j,2
E:\OOD\main\tankwar-master\tankwar-master\src\org\lionsoul\tankwar\Battlefield.java,org.lionsoul.tankwar.Battlefield,create/1[org.lionsoul.tankwar.barriers.Barriers],type,2
E:\OOD\main\tankwar-master\tankwar-master\src\org\lionsoul\tankwar\Battlefield.java,org.lionsoul.tankwar.Battlefield,create/1[org.lionsoul.tankwar.barriers.Barriers],height,3
E:\OOD\main\tankwar-master\tankwar-master\src\org\lionsoul\tankwar\Battlefield.java,org.lionsoul.tankwar.Battlefield,runningDraw/0,eit,3
E:\OOD\main\tankwar-master\tankwar-master\src\org\lionsoul\tankwar\Battlefield.java,org.lionsoul.tankwar.Battlefield,runningDraw/0,e,1
E:\OOD\main\tankwar-master\tankwar-master\src\org\lionsoul\tankwar\Battlefield.java,org.lionsoul.tankwar.Battlefield,runningDraw/0,etank,6
E:\OOD\main\tankwar-master\tankwar-master\src\org\lionsoul\tankwar\Battlefield.java,org.lionsoul.tankwar.Battlefield,runningDraw/0,bit,3
E:\OOD\main\tankwar-master\tankwar-master\src\org\lionsoul\tankwar\Battlefield.java,org.lionsoul.tankwar.Battlefield,runningDraw/0,exp,3
E:\OOD\main\tankwar-master\tankwar-master\src\org\lionsoul\tankwar\Battlefield.java,org.lionsoul.tankwar.Battlefield,runningDraw/0,_new,2
E:\OOD\main\tankwar-master\tankwar-master\src\org\lionsoul\tankwar\Battlefield.java,org.lionsoul.tankwar.Battlefield,runningDraw/0,btemp,3
E:\OOD\main\tankwar-master\tankwar-master\src\org\lionsoul\tankwar\Battlefield.java,org.lionsoul.tankwar.Battlefield,runningDraw/0,expit,3
E:\OOD\main\tankwar-master\tankwar-master\src\org\lionsoul\tankwar\Battlefield.java,org.lionsoul.tankwar.Battlefield,addSynBullet/1[org.lionsoul.tankwar.model.Bullet],e,1
E:\OOD\main\tankwar-master\tankwar-master\src\org\lionsoul\tankwar\Battlefield.java,org.lionsoul.tankwar.Battlefield,setBarriers/1[int],barriers,3
E:\OOD\main\tankwar-master\tankwar-master\src\org\lionsoul\tankwar\Battlefield.java,org.lionsoul.tankwar.Battlefield,createGR/1[int],ret,2
E:\OOD\main\tankwar-master\tankwar-master\src\org\lionsoul\tankwar\Battlefield.java,org.lionsoul.tankwar.Battlefield,createGR/1[int],icon,1
E:\OOD\main\tankwar-master\tankwar-master\src\org\lionsoul\tankwar\Battlefield.java,org.lionsoul.tankwar.Battlefield,setGameMode/1[int],mode,2
E:\OOD\main\tankwar-master\tankwar-master\src\org\lionsoul\tankwar\Battlefield.java,org.lionsoul.tankwar.Battlefield,drawBackground/1[java.awt.Graphics],g,0
E:\OOD\main\tankwar-master\tankwar-master\src\org\lionsoul\tankwar\Battlefield.java,org.lionsoul.tankwar.Battlefield,drawBackground/1[java.awt.Graphics],x,4
E:\OOD\main\tankwar-master\tankwar-master\src\org\lionsoul\tankwar\Battlefield.java,org.lionsoul.tankwar.Battlefield,drawBackground/1[java.awt.Graphics],y,3
E:\OOD\main\tankwar-master\tankwar-master\src\org\lionsoul\tankwar\Battlefield.java,org.lionsoul.tankwar.Battlefield,play/1[int],idx,1
E:\OOD\main\tankwar-master\tankwar-master\src\org\lionsoul\tankwar\map\RandomWordsMap.java,org.lionsoul.tankwar.map.RandomWordsMap,"generate/7[java.awt.Image[],int,int,int,int,int,int]",images,2
E:\OOD\main\tankwar-master\tankwar-master\src\org\lionsoul\tankwar\map\RandomWordsMap.java,org.lionsoul.tankwar.map.RandomWordsMap,"generate/7[java.awt.Image[],int,int,int,int,int,int]",c,1
E:\OOD\main\tankwar-master\tankwar-master\src\org\lionsoul\tankwar\map\RandomWordsMap.java,org.lionsoul.tankwar.map.RandomWordsMap,"generate/7[java.awt.Image[],int,int,int,int,int,int]",maps,5
E:\OOD\main\tankwar-master\tankwar-master\src\org\lionsoul\tankwar\map\RandomWordsMap.java,org.lionsoul.tankwar.map.RandomWordsMap,"generate/7[java.awt.Image[],int,int,int,int,int,int]",i,3
E:\OOD\main\tankwar-master\tankwar-master\src\org\lionsoul\tankwar\map\RandomWordsMap.java,org.lionsoul.tankwar.map.RandomWordsMap,"generate/7[java.awt.Image[],int,int,int,int,int,int]",j,3
E:\OOD\main\tankwar-master\tankwar-master\src\org\lionsoul\tankwar\map\RandomWordsMap.java,org.lionsoul.tankwar.map.RandomWordsMap,"generate/7[java.awt.Image[],int,int,int,int,int,int]",rows,3
E:\OOD\main\tankwar-master\tankwar-master\src\org\lionsoul\tankwar\map\RandomWordsMap.java,org.lionsoul.tankwar.map.RandomWordsMap,"generate/7[java.awt.Image[],int,int,int,int,int,int]",y_offset,1
E:\OOD\main\tankwar-master\tankwar-master\src\org\lionsoul\tankwar\map\RandomWordsMap.java,org.lionsoul.tankwar.map.RandomWordsMap,"generate/7[java.awt.Image[],int,int,int,int,int,int]",x_offset,1
E:\OOD\main\tankwar-master\tankwar-master\src\org\lionsoul\tankwar\map\RandomWordsMap.java,org.lionsoul.tankwar.map.RandomWordsMap,"generate/7[java.awt.Image[],int,int,int,int,int,int]",x_off,2
E:\OOD\main\tankwar-master\tankwar-master\src\org\lionsoul\tankwar\map\RandomWordsMap.java,org.lionsoul.tankwar.map.RandomWordsMap,"generate/7[java.awt.Image[],int,int,int,int,int,int]",str,1
E:\OOD\main\tankwar-master\tankwar-master\src\org\lionsoul\tankwar\map\RandomWordsMap.java,org.lionsoul.tankwar.map.RandomWordsMap,"generate/7[java.awt.Image[],int,int,int,int,int,int]",wmap,2
E:\OOD\main\tankwar-master\tankwar-master\src\org\lionsoul\tankwar\map\RandomWordsMap.java,org.lionsoul.tankwar.map.RandomWordsMap,"generate/7[java.awt.Image[],int,int,int,int,int,int]",r,1
E:\OOD\main\tankwar-master\tankwar-master\src\org\lionsoul\tankwar\map\RandomWordsMap.java,org.lionsoul.tankwar.map.RandomWordsMap,"generate/7[java.awt.Image[],int,int,int,int,int,int]",t,3
E:\OOD\main\tankwar-master\tankwar-master\src\org\lionsoul\tankwar\map\RandomWordsMap.java,org.lionsoul.tankwar.map.RandomWordsMap,"generate/7[java.awt.Image[],int,int,int,int,int,int]",width,2
E:\OOD\main\tankwar-master\tankwar-master\src\org\lionsoul\tankwar\map\RandomWordsMap.java,org.lionsoul.tankwar.map.RandomWordsMap,"generate/7[java.awt.Image[],int,int,int,int,int,int]",x,4
E:\OOD\main\tankwar-master\tankwar-master\src\org\lionsoul\tankwar\map\RandomWordsMap.java,org.lionsoul.tankwar.map.RandomWordsMap,"generate/7[java.awt.Image[],int,int,int,int,int,int]",_x,2
E:\OOD\main\tankwar-master\tankwar-master\src\org\lionsoul\tankwar\map\RandomWordsMap.java,org.lionsoul.tankwar.map.RandomWordsMap,"generate/7[java.awt.Image[],int,int,int,int,int,int]",y,4
E:\OOD\main\tankwar-master\tankwar-master\src\org\lionsoul\tankwar\map\RandomWordsMap.java,org.lionsoul.tankwar.map.RandomWordsMap,"generate/7[java.awt.Image[],int,int,int,int,int,int]",_y,2
E:\OOD\main\tankwar-master\tankwar-master\src\org\lionsoul\tankwar\map\RandomWordsMap.java,org.lionsoul.tankwar.map.RandomWordsMap,"generate/7[java.awt.Image[],int,int,int,int,int,int]",y_off,2
E:\OOD\main\tankwar-master\tankwar-master\src\org\lionsoul\tankwar\map\RandomWordsMap.java,org.lionsoul.tankwar.map.RandomWordsMap,"generate/7[java.awt.Image[],int,int,int,int,int,int]",cols,3
E:\OOD\main\tankwar-master\tankwar-master\src\org\lionsoul\tankwar\map\RandomWordsMap.java,org.lionsoul.tankwar.map.RandomWordsMap,"generate/7[java.awt.Image[],int,int,int,int,int,int]",wall,2
E:\OOD\main\tankwar-master\tankwar-master\src\org\lionsoul\tankwar\map\RandomWordsMap.java,org.lionsoul.tankwar.map.RandomWordsMap,"generate/7[java.awt.Image[],int,int,int,int,int,int]",key,2
E:\OOD\main\tankwar-master\tankwar-master\src\org\lionsoul\tankwar\map\RandomWordsMap.java,org.lionsoul.tankwar.map.RandomWordsMap,"generate/7[java.awt.Image[],int,int,int,int,int,int]",height,2
E:\OOD\main\tankwar-master\tankwar-master\src\org\lionsoul\tankwar\GameHelp.java,org.lionsoul.tankwar.GameHelp,setVisible/1[boolean],show,2
E:\OOD\main\tankwar-master\tankwar-master\src\org\lionsoul\tankwar\GameHelp.java,org.lionsoul.tankwar.GameHelp,getHelpImage/0,img,4
E:\OOD\main\tankwar-master\tankwar-master\src\org\lionsoul\tankwar\GameHelp.java,org.lionsoul.tankwar.GameHelp,getHelpImage/0,f,2
E:\OOD\main\tankwar-master\tankwar-master\src\org\lionsoul\tankwar\GameHelp.java,org.lionsoul.tankwar.GameHelp,getHelpImage/0,g,9
E:\OOD\main\tankwar-master\tankwar-master\src\org\lionsoul\tankwar\GameHelp.java,org.lionsoul.tankwar.GameHelp,getHelpImage/0,j,4
E:\OOD\main\tankwar-master\tankwar-master\src\org\lionsoul\tankwar\GameHelp.java,org.lionsoul.tankwar.GameHelp,getHelpImage/0,y_off,1
E:\OOD\main\tankwar-master\tankwar-master\src\org\lionsoul\tankwar\GameHelp.java,org.lionsoul.tankwar.GameHelp,getHelpImage/0,x_off,1
E:\OOD\main\tankwar-master\tankwar-master\src\org\lionsoul\tankwar\GameHelp.java,org.lionsoul.tankwar.GameHelp,"GameHelp/2[int,int]",w,2
E:\OOD\main\tankwar-master\tankwar-master\src\org\lionsoul\tankwar\GameHelp.java,org.lionsoul.tankwar.GameHelp,"GameHelp/2[int,int]",h,2
E:\OOD\main\tankwar-master\tankwar-master\src\org\lionsoul\tankwar\util\AudioLoader.java,org.lionsoul.tankwar.util.AudioLoader,loadAudio/1[java.lang.String],_file,1
E:\OOD\main\tankwar-master\tankwar-master\src\org\lionsoul\tankwar\util\AudioLoader.java,org.lionsoul.tankwar.util.AudioLoader,getAudioAsStream/1[java.lang.String],_file,1
E:\OOD\main\tankwar-master\tankwar-master\src\org\lionsoul\tankwar\map\WordsToRGB.java,org.lionsoul.tankwar.map.WordsToRGB,"invoke/3[int,int,java.lang.String]",image,5
E:\OOD\main\tankwar-master\tankwar-master\src\org\lionsoul\tankwar\map\WordsToRGB.java,org.lionsoul.tankwar.map.WordsToRGB,"invoke/3[int,int,java.lang.String]",temp,1
E:\OOD\main\tankwar-master\tankwar-master\src\org\lionsoul\tankwar\map\WordsToRGB.java,org.lionsoul.tankwar.map.WordsToRGB,"invoke/3[int,int,java.lang.String]",maps,2
E:\OOD\main\tankwar-master\tankwar-master\src\org\lionsoul\tankwar\map\WordsToRGB.java,org.lionsoul.tankwar.map.WordsToRGB,"invoke/3[int,int,java.lang.String]",g,3
E:\OOD\main\tankwar-master\tankwar-master\src\org\lionsoul\tankwar\map\WordsToRGB.java,org.lionsoul.tankwar.map.WordsToRGB,"invoke/3[int,int,java.lang.String]",h,2
E:\OOD\main\tankwar-master\tankwar-master\src\org\lionsoul\tankwar\map\WordsToRGB.java,org.lionsoul.tankwar.map.WordsToRGB,"invoke/3[int,int,java.lang.String]",grap,6
E:\OOD\main\tankwar-master\tankwar-master\src\org\lionsoul\tankwar\map\WordsToRGB.java,org.lionsoul.tankwar.map.WordsToRGB,"invoke/3[int,int,java.lang.String]",str,2
E:\OOD\main\tankwar-master\tankwar-master\src\org\lionsoul\tankwar\map\WordsToRGB.java,org.lionsoul.tankwar.map.WordsToRGB,"invoke/3[int,int,java.lang.String]",w,2
E:\OOD\main\tankwar-master\tankwar-master\src\org\lionsoul\tankwar\map\WordsToRGB.java,org.lionsoul.tankwar.map.WordsToRGB,"invoke/3[int,int,java.lang.String]",width,5
E:\OOD\main\tankwar-master\tankwar-master\src\org\lionsoul\tankwar\map\WordsToRGB.java,org.lionsoul.tankwar.map.WordsToRGB,"invoke/3[int,int,java.lang.String]",y1,6
E:\OOD\main\tankwar-master\tankwar-master\src\org\lionsoul\tankwar\map\WordsToRGB.java,org.lionsoul.tankwar.map.WordsToRGB,"invoke/3[int,int,java.lang.String]",x,12
E:\OOD\main\tankwar-master\tankwar-master\src\org\lionsoul\tankwar\map\WordsToRGB.java,org.lionsoul.tankwar.map.WordsToRGB,"invoke/3[int,int,java.lang.String]",x1,5
E:\OOD\main\tankwar-master\tankwar-master\src\org\lionsoul\tankwar\map\WordsToRGB.java,org.lionsoul.tankwar.map.WordsToRGB,"invoke/3[int,int,java.lang.String]",y2,3
E:\OOD\main\tankwar-master\tankwar-master\src\org\lionsoul\tankwar\map\WordsToRGB.java,org.lionsoul.tankwar.map.WordsToRGB,"invoke/3[int,int,java.lang.String]",y,12
E:\OOD\main\tankwar-master\tankwar-master\src\org\lionsoul\tankwar\map\WordsToRGB.java,org.lionsoul.tankwar.map.WordsToRGB,"invoke/3[int,int,java.lang.String]",x2,4
E:\OOD\main\tankwar-master\tankwar-master\src\org\lionsoul\tankwar\map\WordsToRGB.java,org.lionsoul.tankwar.map.WordsToRGB,"invoke/3[int,int,java.lang.String]",height,5
E:\OOD\main\tankwar-master\tankwar-master\src\org\lionsoul\tankwar\util\Util.java,org.lionsoul.tankwar.util.Util,"center/4[int,int,int,int]",w,1
E:\OOD\main\tankwar-master\tankwar-master\src\org\lionsoul\tankwar\util\Util.java,org.lionsoul.tankwar.util.Util,"center/4[int,int,int,int]",x,1
E:\OOD\main\tankwar-master\tankwar-master\src\org\lionsoul\tankwar\util\Util.java,org.lionsoul.tankwar.util.Util,"center/4[int,int,int,int]",h,1
E:\OOD\main\tankwar-master\tankwar-master\src\org\lionsoul\tankwar\util\Util.java,org.lionsoul.tankwar.util.Util,"center/4[int,int,int,int]",y,1
E:\OOD\main\tankwar-master\tankwar-master\src\org\lionsoul\tankwar\tank\HeroTank.java,org.lionsoul.tankwar.tank.HeroTank,keyRelease/1[java.awt.event.KeyEvent],nbt,5
E:\OOD\main\tankwar-master\tankwar-master\src\org\lionsoul\tankwar\tank\HeroTank.java,org.lionsoul.tankwar.tank.HeroTank,keyRelease/1[java.awt.event.KeyEvent],e,1
E:\OOD\main\tankwar-master\tankwar-master\src\org\lionsoul\tankwar\tank\HeroTank.java,org.lionsoul.tankwar.tank.HeroTank,keyRelease/1[java.awt.event.KeyEvent],bbt,5
E:\OOD\main\tankwar-master\tankwar-master\src\org\lionsoul\tankwar\tank\HeroTank.java,org.lionsoul.tankwar.tank.HeroTank,keyRelease/1[java.awt.event.KeyEvent],mbt,5
E:\OOD\main\tankwar-master\tankwar-master\src\org\lionsoul\tankwar\tank\HeroTank.java,org.lionsoul.tankwar.tank.HeroTank,"HeroTank/10[org.lionsoul.tankwar.Battlefield,java.awt.Image[],int,int,int,int,int,int,int,int]",head,1
E:\OOD\main\tankwar-master\tankwar-master\src\org\lionsoul\tankwar\tank\HeroTank.java,org.lionsoul.tankwar.tank.HeroTank,"HeroTank/10[org.lionsoul.tankwar.Battlefield,java.awt.Image[],int,int,int,int,int,int,int,int]",images,1
E:\OOD\main\tankwar-master\tankwar-master\src\org\lionsoul\tankwar\tank\HeroTank.java,org.lionsoul.tankwar.tank.HeroTank,"HeroTank/10[org.lionsoul.tankwar.Battlefield,java.awt.Image[],int,int,int,int,int,int,int,int]",bf,1
E:\OOD\main\tankwar-master\tankwar-master\src\org\lionsoul\tankwar\tank\HeroTank.java,org.lionsoul.tankwar.tank.HeroTank,"HeroTank/10[org.lionsoul.tankwar.Battlefield,java.awt.Image[],int,int,int,int,int,int,int,int]",t,1
E:\OOD\main\tankwar-master\tankwar-master\src\org\lionsoul\tankwar\tank\HeroTank.java,org.lionsoul.tankwar.tank.HeroTank,"HeroTank/10[org.lionsoul.tankwar.Battlefield,java.awt.Image[],int,int,int,int,int,int,int,int]",serial,1
E:\OOD\main\tankwar-master\tankwar-master\src\org\lionsoul\tankwar\tank\HeroTank.java,org.lionsoul.tankwar.tank.HeroTank,"HeroTank/10[org.lionsoul.tankwar.Battlefield,java.awt.Image[],int,int,int,int,int,int,int,int]",x,1
E:\OOD\main\tankwar-master\tankwar-master\src\org\lionsoul\tankwar\tank\HeroTank.java,org.lionsoul.tankwar.tank.HeroTank,"HeroTank/10[org.lionsoul.tankwar.Battlefield,java.awt.Image[],int,int,int,int,int,int,int,int]",y,1
E:\OOD\main\tankwar-master\tankwar-master\src\org\lionsoul\tankwar\tank\HeroTank.java,org.lionsoul.tankwar.tank.HeroTank,"HeroTank/10[org.lionsoul.tankwar.Battlefield,java.awt.Image[],int,int,int,int,int,int,int,int]",rows,1
E:\OOD\main\tankwar-master\tankwar-master\src\org\lionsoul\tankwar\tank\HeroTank.java,org.lionsoul.tankwar.tank.HeroTank,"HeroTank/10[org.lionsoul.tankwar.Battlefield,java.awt.Image[],int,int,int,int,int,int,int,int]",cols,1
E:\OOD\main\tankwar-master\tankwar-master\src\org\lionsoul\tankwar\tank\HeroTank.java,org.lionsoul.tankwar.tank.HeroTank,"HeroTank/10[org.lionsoul.tankwar.Battlefield,java.awt.Image[],int,int,int,int,int,int,int,int]",blood,1
E:\OOD\main\tankwar-master\tankwar-master\src\org\lionsoul\tankwar\tank\HeroTank.java,org.lionsoul.tankwar.tank.HeroTank,"HeroTank/8[org.lionsoul.tankwar.Battlefield,java.awt.Image[],int,int,int,int,int,int]",images,1
E:\OOD\main\tankwar-master\tankwar-master\src\org\lionsoul\tankwar\tank\HeroTank.java,org.lionsoul.tankwar.tank.HeroTank,"HeroTank/8[org.lionsoul.tankwar.Battlefield,java.awt.Image[],int,int,int,int,int,int]",bf,1
E:\OOD\main\tankwar-master\tankwar-master\src\org\lionsoul\tankwar\tank\HeroTank.java,org.lionsoul.tankwar.tank.HeroTank,"HeroTank/8[org.lionsoul.tankwar.Battlefield,java.awt.Image[],int,int,int,int,int,int]",t,1
E:\OOD\main\tankwar-master\tankwar-master\src\org\lionsoul\tankwar\tank\HeroTank.java,org.lionsoul.tankwar.tank.HeroTank,"HeroTank/8[org.lionsoul.tankwar.Battlefield,java.awt.Image[],int,int,int,int,int,int]",serial,1
E:\OOD\main\tankwar-master\tankwar-master\src\org\lionsoul\tankwar\tank\HeroTank.java,org.lionsoul.tankwar.tank.HeroTank,"HeroTank/8[org.lionsoul.tankwar.Battlefield,java.awt.Image[],int,int,int,int,int,int]",x,1
E:\OOD\main\tankwar-master\tankwar-master\src\org\lionsoul\tankwar\tank\HeroTank.java,org.lionsoul.tankwar.tank.HeroTank,"HeroTank/8[org.lionsoul.tankwar.Battlefield,java.awt.Image[],int,int,int,int,int,int]",y,1
E:\OOD\main\tankwar-master\tankwar-master\src\org\lionsoul\tankwar\tank\HeroTank.java,org.lionsoul.tankwar.tank.HeroTank,"HeroTank/8[org.lionsoul.tankwar.Battlefield,java.awt.Image[],int,int,int,int,int,int]",rows,0
E:\OOD\main\tankwar-master\tankwar-master\src\org\lionsoul\tankwar\tank\HeroTank.java,org.lionsoul.tankwar.tank.HeroTank,"HeroTank/8[org.lionsoul.tankwar.Battlefield,java.awt.Image[],int,int,int,int,int,int]",cols,2
E:\OOD\main\tankwar-master\tankwar-master\src\org\lionsoul\tankwar\tank\HeroTank.java,org.lionsoul.tankwar.tank.HeroTank,keyPress/1[java.awt.event.KeyEvent],e,1
E:\OOD\main\tankwar-master\tankwar-master\src\org\lionsoul\tankwar\BattleCanvas.java,org.lionsoul.tankwar.BattleCanvas,paintComponent/1[java.awt.Graphics],str,2
E:\OOD\main\tankwar-master\tankwar-master\src\org\lionsoul\tankwar\BattleCanvas.java,org.lionsoul.tankwar.BattleCanvas,paintComponent/1[java.awt.Graphics],f,2
E:\OOD\main\tankwar-master\tankwar-master\src\org\lionsoul\tankwar\BattleCanvas.java,org.lionsoul.tankwar.BattleCanvas,paintComponent/1[java.awt.Graphics],g,6
E:\OOD\main\tankwar-master\tankwar-master\src\org\lionsoul\tankwar\BattleCanvas.java,org.lionsoul.tankwar.BattleCanvas,setBufferImage/1[java.awt.Image],image,1
E:\OOD\main\tankwar-master\tankwar-master\src\org\lionsoul\tankwar\util\ImageLoader.java,org.lionsoul.tankwar.util.ImageLoader,loadImageIcon/1[java.lang.String],_file,1
E:\OOD\main\tankwar-master\tankwar-master\src\org\lionsoul\tankwar\tank\WichTank.java,org.lionsoul.tankwar.tank.WichTank,"WichTank/8[org.lionsoul.tankwar.Battlefield,java.awt.Image[],int,int,int,int,int,int]",images,1
E:\OOD\main\tankwar-master\tankwar-master\src\org\lionsoul\tankwar\tank\WichTank.java,org.lionsoul.tankwar.tank.WichTank,"WichTank/8[org.lionsoul.tankwar.Battlefield,java.awt.Image[],int,int,int,int,int,int]",bf,1
E:\OOD\main\tankwar-master\tankwar-master\src\org\lionsoul\tankwar\tank\WichTank.java,org.lionsoul.tankwar.tank.WichTank,"WichTank/8[org.lionsoul.tankwar.Battlefield,java.awt.Image[],int,int,int,int,int,int]",t,1
E:\OOD\main\tankwar-master\tankwar-master\src\org\lionsoul\tankwar\tank\WichTank.java,org.lionsoul.tankwar.tank.WichTank,"WichTank/8[org.lionsoul.tankwar.Battlefield,java.awt.Image[],int,int,int,int,int,int]",serial,1
E:\OOD\main\tankwar-master\tankwar-master\src\org\lionsoul\tankwar\tank\WichTank.java,org.lionsoul.tankwar.tank.WichTank,"WichTank/8[org.lionsoul.tankwar.Battlefield,java.awt.Image[],int,int,int,int,int,int]",x,1
E:\OOD\main\tankwar-master\tankwar-master\src\org\lionsoul\tankwar\tank\WichTank.java,org.lionsoul.tankwar.tank.WichTank,"WichTank/8[org.lionsoul.tankwar.Battlefield,java.awt.Image[],int,int,int,int,int,int]",y,1
E:\OOD\main\tankwar-master\tankwar-master\src\org\lionsoul\tankwar\tank\WichTank.java,org.lionsoul.tankwar.tank.WichTank,"WichTank/8[org.lionsoul.tankwar.Battlefield,java.awt.Image[],int,int,int,int,int,int]",rows,1
E:\OOD\main\tankwar-master\tankwar-master\src\org\lionsoul\tankwar\tank\WichTank.java,org.lionsoul.tankwar.tank.WichTank,"WichTank/8[org.lionsoul.tankwar.Battlefield,java.awt.Image[],int,int,int,int,int,int]",cols,2
E:\OOD\main\tankwar-master\tankwar-master\src\org\lionsoul\tankwar\tank\WichTank.java,org.lionsoul.tankwar.tank.WichTank,"WichTank/10[org.lionsoul.tankwar.Battlefield,java.awt.Image[],int,int,int,int,int,int,int,int]",head,1
E:\OOD\main\tankwar-master\tankwar-master\src\org\lionsoul\tankwar\tank\WichTank.java,org.lionsoul.tankwar.tank.WichTank,"WichTank/10[org.lionsoul.tankwar.Battlefield,java.awt.Image[],int,int,int,int,int,int,int,int]",images,1
E:\OOD\main\tankwar-master\tankwar-master\src\org\lionsoul\tankwar\tank\WichTank.java,org.lionsoul.tankwar.tank.WichTank,"WichTank/10[org.lionsoul.tankwar.Battlefield,java.awt.Image[],int,int,int,int,int,int,int,int]",bf,1
E:\OOD\main\tankwar-master\tankwar-master\src\org\lionsoul\tankwar\tank\WichTank.java,org.lionsoul.tankwar.tank.WichTank,"WichTank/10[org.lionsoul.tankwar.Battlefield,java.awt.Image[],int,int,int,int,int,int,int,int]",t,1
E:\OOD\main\tankwar-master\tankwar-master\src\org\lionsoul\tankwar\tank\WichTank.java,org.lionsoul.tankwar.tank.WichTank,"WichTank/10[org.lionsoul.tankwar.Battlefield,java.awt.Image[],int,int,int,int,int,int,int,int]",serial,1
E:\OOD\main\tankwar-master\tankwar-master\src\org\lionsoul\tankwar\tank\WichTank.java,org.lionsoul.tankwar.tank.WichTank,"WichTank/10[org.lionsoul.tankwar.Battlefield,java.awt.Image[],int,int,int,int,int,int,int,int]",x,1
E:\OOD\main\tankwar-master\tankwar-master\src\org\lionsoul\tankwar\tank\WichTank.java,org.lionsoul.tankwar.tank.WichTank,"WichTank/10[org.lionsoul.tankwar.Battlefield,java.awt.Image[],int,int,int,int,int,int,int,int]",y,1
E:\OOD\main\tankwar-master\tankwar-master\src\org\lionsoul\tankwar\tank\WichTank.java,org.lionsoul.tankwar.tank.WichTank,"WichTank/10[org.lionsoul.tankwar.Battlefield,java.awt.Image[],int,int,int,int,int,int,int,int]",rows,1
E:\OOD\main\tankwar-master\tankwar-master\src\org\lionsoul\tankwar\tank\WichTank.java,org.lionsoul.tankwar.tank.WichTank,"WichTank/10[org.lionsoul.tankwar.Battlefield,java.awt.Image[],int,int,int,int,int,int,int,int]",cols,1
E:\OOD\main\tankwar-master\tankwar-master\src\org\lionsoul\tankwar\tank\WichTank.java,org.lionsoul.tankwar.tank.WichTank,"WichTank/10[org.lionsoul.tankwar.Battlefield,java.awt.Image[],int,int,int,int,int,int,int,int]",blood,1
E:\OOD\main\tankwar-master\tankwar-master\src\org\lionsoul\tankwar\tank\WichTank.java,org.lionsoul.tankwar.tank.WichTank,draw/1[java.awt.Graphics],c,4
E:\OOD\main\tankwar-master\tankwar-master\src\org\lionsoul\tankwar\tank\WichTank.java,org.lionsoul.tankwar.tank.WichTank,draw/1[java.awt.Graphics],sx,3
E:\OOD\main\tankwar-master\tankwar-master\src\org\lionsoul\tankwar\tank\WichTank.java,org.lionsoul.tankwar.tank.WichTank,draw/1[java.awt.Graphics],sy,3
E:\OOD\main\tankwar-master\tankwar-master\src\org\lionsoul\tankwar\tank\WichTank.java,org.lionsoul.tankwar.tank.WichTank,draw/1[java.awt.Graphics],g,1
E:\OOD\main\tankwar-master\tankwar-master\src\org\lionsoul\tankwar\tank\WichTank.java,org.lionsoul.tankwar.tank.WichTank,draw/1[java.awt.Graphics],yCenter,7
E:\OOD\main\tankwar-master\tankwar-master\src\org\lionsoul\tankwar\tank\WichTank.java,org.lionsoul.tankwar.tank.WichTank,draw/1[java.awt.Graphics],hero,9
E:\OOD\main\tankwar-master\tankwar-master\src\org\lionsoul\tankwar\tank\WichTank.java,org.lionsoul.tankwar.tank.WichTank,draw/1[java.awt.Graphics],xCenter,4
E:\OOD\main\tankwar-master\tankwar-master\src\org\lionsoul\tankwar\tank\WichTank.java,org.lionsoul.tankwar.tank.WichTank,draw/1[java.awt.Graphics],r,4
E:\OOD\main\tankwar-master\tankwar-master\src\org\lionsoul\tankwar\tank\WichTank.java,org.lionsoul.tankwar.tank.WichTank,draw/1[java.awt.Graphics],ex,3
E:\OOD\main\tankwar-master\tankwar-master\src\org\lionsoul\tankwar\tank\WichTank.java,org.lionsoul.tankwar.tank.WichTank,draw/1[java.awt.Graphics],ey,3
E:\OOD\main\tankwar-master\tankwar-master\src\org\lionsoul\tankwar\tank\WichTank.java,org.lionsoul.tankwar.tank.WichTank,draw/1[java.awt.Graphics],hserial,1
E:\OOD\main\tankwar-master\tankwar-master\src\org\lionsoul\tankwar\tank\WichTank.java,org.lionsoul.tankwar.tank.WichTank,draw/1[java.awt.Graphics],__check,3
E:\OOD\main\tankwar-master\tankwar-master\src\org\lionsoul\tankwar\tank\WichTank.java,org.lionsoul.tankwar.tank.WichTank,draw/1[java.awt.Graphics],xright,1
E:\OOD\main\tankwar-master\tankwar-master\src\org\lionsoul\tankwar\tank\WichTank.java,org.lionsoul.tankwar.tank.WichTank,draw/1[java.awt.Graphics],ybottom,2
E:\OOD\main\tankwar-master\tankwar-master\src\org\lionsoul\tankwar\model\Tank.java,org.lionsoul.tankwar.model.Tank,"Tank/8[org.lionsoul.tankwar.Battlefield,java.awt.Image[],int,int,int,int,int,int]",images,1
E:\OOD\main\tankwar-master\tankwar-master\src\org\lionsoul\tankwar\model\Tank.java,org.lionsoul.tankwar.model.Tank,"Tank/8[org.lionsoul.tankwar.Battlefield,java.awt.Image[],int,int,int,int,int,int]",bf,1
E:\OOD\main\tankwar-master\tankwar-master\src\org\lionsoul\tankwar\model\Tank.java,org.lionsoul.tankwar.model.Tank,"Tank/8[org.lionsoul.tankwar.Battlefield,java.awt.Image[],int,int,int,int,int,int]",t,1
E:\OOD\main\tankwar-master\tankwar-master\src\org\lionsoul\tankwar\model\Tank.java,org.lionsoul.tankwar.model.Tank,"Tank/8[org.lionsoul.tankwar.Battlefield,java.awt.Image[],int,int,int,int,int,int]",serial,1
E:\OOD\main\tankwar-master\tankwar-master\src\org\lionsoul\tankwar\model\Tank.java,org.lionsoul.tankwar.model.Tank,"Tank/8[org.lionsoul.tankwar.Battlefield,java.awt.Image[],int,int,int,int,int,int]",x,1
E:\OOD\main\tankwar-master\tankwar-master\src\org\lionsoul\tankwar\model\Tank.java,org.lionsoul.tankwar.model.Tank,"Tank/8[org.lionsoul.tankwar.Battlefield,java.awt.Image[],int,int,int,int,int,int]",y,1
E:\OOD\main\tankwar-master\tankwar-master\src\org\lionsoul\tankwar\model\Tank.java,org.lionsoul.tankwar.model.Tank,"Tank/8[org.lionsoul.tankwar.Battlefield,java.awt.Image[],int,int,int,int,int,int]",rows,1
E:\OOD\main\tankwar-master\tankwar-master\src\org\lionsoul\tankwar\model\Tank.java,org.lionsoul.tankwar.model.Tank,"Tank/8[org.lionsoul.tankwar.Battlefield,java.awt.Image[],int,int,int,int,int,int]",cols,1
E:\OOD\main\tankwar-master\tankwar-master\src\org\lionsoul\tankwar\model\Tank.java,org.lionsoul.tankwar.model.Tank,setMissile/1[int],missile,2
E:\OOD\main\tankwar-master\tankwar-master\src\org\lionsoul\tankwar\model\Tank.java,org.lionsoul.tankwar.model.Tank,setType/1[int],t,2
E:\OOD\main\tankwar-master\tankwar-master\src\org\lionsoul\tankwar\model\Tank.java,org.lionsoul.tankwar.model.Tank,draw/1[java.awt.Graphics],str,2
E:\OOD\main\tankwar-master\tankwar-master\src\org\lionsoul\tankwar\model\Tank.java,org.lionsoul.tankwar.model.Tank,draw/1[java.awt.Graphics],ch,2
E:\OOD\main\tankwar-master\tankwar-master\src\org\lionsoul\tankwar\model\Tank.java,org.lionsoul.tankwar.model.Tank,draw/1[java.awt.Graphics],g,16
E:\OOD\main\tankwar-master\tankwar-master\src\org\lionsoul\tankwar\model\Tank.java,org.lionsoul.tankwar.model.Tank,draw/1[java.awt.Graphics],w,3
E:\OOD\main\tankwar-master\tankwar-master\src\org\lionsoul\tankwar\model\Tank.java,org.lionsoul.tankwar.model.Tank,draw/1[java.awt.Graphics],x,15
E:\OOD\main\tankwar-master\tankwar-master\src\org\lionsoul\tankwar\model\Tank.java,org.lionsoul.tankwar.model.Tank,draw/1[java.awt.Graphics],h,3
E:\OOD\main\tankwar-master\tankwar-master\src\org\lionsoul\tankwar\model\Tank.java,org.lionsoul.tankwar.model.Tank,draw/1[java.awt.Graphics],y,22
E:\OOD\main\tankwar-master\tankwar-master\src\org\lionsoul\tankwar\model\Tank.java,org.lionsoul.tankwar.model.Tank,draw/1[java.awt.Graphics],down,4
E:\OOD\main\tankwar-master\tankwar-master\src\org\lionsoul\tankwar\model\Tank.java,org.lionsoul.tankwar.model.Tank,move/0,d,3
E:\OOD\main\tankwar-master\tankwar-master\src\org\lionsoul\tankwar\model\Tank.java,org.lionsoul.tankwar.model.Tank,move/0,off,36
E:\OOD\main\tankwar-master\tankwar-master\src\org\lionsoul\tankwar\model\Tank.java,org.lionsoul.tankwar.model.Tank,"getLeftMoveOffset/2[int,int]",x,3
E:\OOD\main\tankwar-master\tankwar-master\src\org\lionsoul\tankwar\model\Tank.java,org.lionsoul.tankwar.model.Tank,"getLeftMoveOffset/2[int,int]",y,1
E:\OOD\main\tankwar-master\tankwar-master\src\org\lionsoul\tankwar\model\Tank.java,org.lionsoul.tankwar.model.Tank,"getLeftMoveOffset/2[int,int]",off,4
E:\OOD\main\tankwar-master\tankwar-master\src\org\lionsoul\tankwar\model\Tank.java,org.lionsoul.tankwar.model.Tank,setSerial/1[int],serial,2
E:\OOD\main\tankwar-master\tankwar-master\src\org\lionsoul\tankwar\model\Tank.java,org.lionsoul.tankwar.model.Tank,"Tank/10[org.lionsoul.tankwar.Battlefield,java.awt.Image[],int,int,int,int,int,int,int,int]",head,3
E:\OOD\main\tankwar-master\tankwar-master\src\org\lionsoul\tankwar\model\Tank.java,org.lionsoul.tankwar.model.Tank,"Tank/10[org.lionsoul.tankwar.Battlefield,java.awt.Image[],int,int,int,int,int,int,int,int]",images,2
E:\OOD\main\tankwar-master\tankwar-master\src\org\lionsoul\tankwar\model\Tank.java,org.lionsoul.tankwar.model.Tank,"Tank/10[org.lionsoul.tankwar.Battlefield,java.awt.Image[],int,int,int,int,int,int,int,int]",bf,3
E:\OOD\main\tankwar-master\tankwar-master\src\org\lionsoul\tankwar\model\Tank.java,org.lionsoul.tankwar.model.Tank,"Tank/10[org.lionsoul.tankwar.Battlefield,java.awt.Image[],int,int,int,int,int,int,int,int]",t,2
E:\OOD\main\tankwar-master\tankwar-master\src\org\lionsoul\tankwar\model\Tank.java,org.lionsoul.tankwar.model.Tank,"Tank/10[org.lionsoul.tankwar.Battlefield,java.awt.Image[],int,int,int,int,int,int,int,int]",serial,2
E:\OOD\main\tankwar-master\tankwar-master\src\org\lionsoul\tankwar\model\Tank.java,org.lionsoul.tankwar.model.Tank,"Tank/10[org.lionsoul.tankwar.Battlefield,java.awt.Image[],int,int,int,int,int,int,int,int]",x,2
E:\OOD\main\tankwar-master\tankwar-master\src\org\lionsoul\tankwar\model\Tank.java,org.lionsoul.tankwar.model.Tank,"Tank/10[org.lionsoul.tankwar.Battlefield,java.awt.Image[],int,int,int,int,int,int,int,int]",y,2
E:\OOD\main\tankwar-master\tankwar-master\src\org\lionsoul\tankwar\model\Tank.java,org.lionsoul.tankwar.model.Tank,"Tank/10[org.lionsoul.tankwar.Battlefield,java.awt.Image[],int,int,int,int,int,int,int,int]",rows,3
E:\OOD\main\tankwar-master\tankwar-master\src\org\lionsoul\tankwar\model\Tank.java,org.lionsoul.tankwar.model.Tank,"Tank/10[org.lionsoul.tankwar.Battlefield,java.awt.Image[],int,int,int,int,int,int,int,int]",cols,3
E:\OOD\main\tankwar-master\tankwar-master\src\org\lionsoul\tankwar\model\Tank.java,org.lionsoul.tankwar.model.Tank,"Tank/10[org.lionsoul.tankwar.Battlefield,java.awt.Image[],int,int,int,int,int,int,int,int]",blood,2
E:\OOD\main\tankwar-master\tankwar-master\src\org\lionsoul\tankwar\model\Tank.java,org.lionsoul.tankwar.model.Tank,moveLeft/1[int],off,4
E:\OOD\main\tankwar-master\tankwar-master\src\org\lionsoul\tankwar\model\Tank.java,org.lionsoul.tankwar.model.Tank,addBullets/0,bbt,5
E:\OOD\main\tankwar-master\tankwar-master\src\org\lionsoul\tankwar\model\Tank.java,org.lionsoul.tankwar.model.Tank,"getRightMoveOffset/2[int,int]",x,3
E:\OOD\main\tankwar-master\tankwar-master\src\org\lionsoul\tankwar\model\Tank.java,org.lionsoul.tankwar.model.Tank,"getRightMoveOffset/2[int,int]",y,1
E:\OOD\main\tankwar-master\tankwar-master\src\org\lionsoul\tankwar\model\Tank.java,org.lionsoul.tankwar.model.Tank,"getRightMoveOffset/2[int,int]",off,3
E:\OOD\main\tankwar-master\tankwar-master\src\org\lionsoul\tankwar\model\Tank.java,org.lionsoul.tankwar.model.Tank,setX/1[int],x,2
E:\OOD\main\tankwar-master\tankwar-master\src\org\lionsoul\tankwar\model\Tank.java,org.lionsoul.tankwar.model.Tank,"getUpMoveOffset/2[int,int]",x,1
E:\OOD\main\tankwar-master\tankwar-master\src\org\lionsoul\tankwar\model\Tank.java,org.lionsoul.tankwar.model.Tank,"getUpMoveOffset/2[int,int]",y,3
E:\OOD\main\tankwar-master\tankwar-master\src\org\lionsoul\tankwar\model\Tank.java,org.lionsoul.tankwar.model.Tank,"getUpMoveOffset/2[int,int]",off,4
E:\OOD\main\tankwar-master\tankwar-master\src\org\lionsoul\tankwar\model\Tank.java,org.lionsoul.tankwar.model.Tank,moveDown/1[int],off,4
E:\OOD\main\tankwar-master\tankwar-master\src\org\lionsoul\tankwar\model\Tank.java,org.lionsoul.tankwar.model.Tank,setAlive/1[boolean],alive,3
E:\OOD\main\tankwar-master\tankwar-master\src\org\lionsoul\tankwar\model\Tank.java,org.lionsoul.tankwar.model.Tank,moveRight/1[int],off,4
E:\OOD\main\tankwar-master\tankwar-master\src\org\lionsoul\tankwar\model\Tank.java,org.lionsoul.tankwar.model.Tank,addSynBullets/0,bbt,5
E:\OOD\main\tankwar-master\tankwar-master\src\org\lionsoul\tankwar\model\Tank.java,org.lionsoul.tankwar.model.Tank,setOffset/1[int],offset,2
E:\OOD\main\tankwar-master\tankwar-master\src\org\lionsoul\tankwar\model\Tank.java,org.lionsoul.tankwar.model.Tank,setY/1[int],y,2
E:\OOD\main\tankwar-master\tankwar-master\src\org\lionsoul\tankwar\model\Tank.java,org.lionsoul.tankwar.model.Tank,setHead/1[int],head,2
E:\OOD\main\tankwar-master\tankwar-master\src\org\lionsoul\tankwar\model\Tank.java,org.lionsoul.tankwar.model.Tank,setBomb/1[int],bomb,2
E:\OOD\main\tankwar-master\tankwar-master\src\org\lionsoul\tankwar\model\Tank.java,org.lionsoul.tankwar.model.Tank,getMoveDirection/0,d,13
E:\OOD\main\tankwar-master\tankwar-master\src\org\lionsoul\tankwar\model\Tank.java,org.lionsoul.tankwar.model.Tank,getMoveDirection/0,direct,12
E:\OOD\main\tankwar-master\tankwar-master\src\org\lionsoul\tankwar\model\Tank.java,org.lionsoul.tankwar.model.Tank,moveUp/1[int],off,4
E:\OOD\main\tankwar-master\tankwar-master\src\org\lionsoul\tankwar\model\Tank.java,org.lionsoul.tankwar.model.Tank,"getDownMoveOffset/2[int,int]",x,1
E:\OOD\main\tankwar-master\tankwar-master\src\org\lionsoul\tankwar\model\Tank.java,org.lionsoul.tankwar.model.Tank,"getDownMoveOffset/2[int,int]",y,3
E:\OOD\main\tankwar-master\tankwar-master\src\org\lionsoul\tankwar\model\Tank.java,org.lionsoul.tankwar.model.Tank,"getDownMoveOffset/2[int,int]",off,3
E:\OOD\main\tankwar-master\tankwar-master\src\org\lionsoul\tankwar\model\Tank.java,org.lionsoul.tankwar.model.Tank,setBlood/1[int],blood,2
E:\OOD\main\tankwar-master\tankwar-master\src\org\lionsoul\tankwar\TankFactory.java,org.lionsoul.tankwar.TankFactory,"createEnemyTank/5[org.lionsoul.tankwar.Battlefield,int,int,int[],int]",bf,5
E:\OOD\main\tankwar-master\tankwar-master\src\org\lionsoul\tankwar\TankFactory.java,org.lionsoul.tankwar.TankFactory,"createEnemyTank/5[org.lionsoul.tankwar.Battlefield,int,int,int[],int]",cfg,9
E:\OOD\main\tankwar-master\tankwar-master\src\org\lionsoul\tankwar\TankFactory.java,org.lionsoul.tankwar.TankFactory,"createEnemyTank/5[org.lionsoul.tankwar.Battlefield,int,int,int[],int]",w,1
E:\OOD\main\tankwar-master\tankwar-master\src\org\lionsoul\tankwar\TankFactory.java,org.lionsoul.tankwar.TankFactory,"createEnemyTank/5[org.lionsoul.tankwar.Battlefield,int,int,int[],int]",h,1
E:\OOD\main\tankwar-master\tankwar-master\src\org\lionsoul\tankwar\TankFactory.java,org.lionsoul.tankwar.TankFactory,"createEnemyTank/5[org.lionsoul.tankwar.Battlefield,int,int,int[],int]",x,2
E:\OOD\main\tankwar-master\tankwar-master\src\org\lionsoul\tankwar\TankFactory.java,org.lionsoul.tankwar.TankFactory,"createEnemyTank/5[org.lionsoul.tankwar.Battlefield,int,int,int[],int]",i,2
E:\OOD\main\tankwar-master\tankwar-master\src\org\lionsoul\tankwar\TankFactory.java,org.lionsoul.tankwar.TankFactory,"createEnemyTank/5[org.lionsoul.tankwar.Battlefield,int,int,int[],int]",etank,10
E:\OOD\main\tankwar-master\tankwar-master\src\org\lionsoul\tankwar\TankFactory.java,org.lionsoul.tankwar.TankFactory,"createEnemyTank/5[org.lionsoul.tankwar.Battlefield,int,int,int[],int]",type,1
E:\OOD\main\tankwar-master\tankwar-master\src\org\lionsoul\tankwar\TankFactory.java,org.lionsoul.tankwar.TankFactory,"createEnemyTank/5[org.lionsoul.tankwar.Battlefield,int,int,int[],int]",rows,2
E:\OOD\main\tankwar-master\tankwar-master\src\org\lionsoul\tankwar\TankFactory.java,org.lionsoul.tankwar.TankFactory,"createEnemyTank/5[org.lionsoul.tankwar.Battlefield,int,int,int[],int]",cols,3
E:\OOD\main\tankwar-master\tankwar-master\src\org\lionsoul\tankwar\TankFactory.java,org.lionsoul.tankwar.TankFactory,"createCenterHeroTank/4[org.lionsoul.tankwar.Battlefield,int,int,int[]]",hTank,6
E:\OOD\main\tankwar-master\tankwar-master\src\org\lionsoul\tankwar\TankFactory.java,org.lionsoul.tankwar.TankFactory,"createCenterHeroTank/4[org.lionsoul.tankwar.Battlefield,int,int,int[]]",bf,5
E:\OOD\main\tankwar-master\tankwar-master\src\org\lionsoul\tankwar\TankFactory.java,org.lionsoul.tankwar.TankFactory,"createCenterHeroTank/4[org.lionsoul.tankwar.Battlefield,int,int,int[]]",cfg,5
E:\OOD\main\tankwar-master\tankwar-master\src\org\lionsoul\tankwar\TankFactory.java,org.lionsoul.tankwar.TankFactory,"createCenterHeroTank/4[org.lionsoul.tankwar.Battlefield,int,int,int[]]",w,1
E:\OOD\main\tankwar-master\tankwar-master\src\org\lionsoul\tankwar\TankFactory.java,org.lionsoul.tankwar.TankFactory,"createCenterHeroTank/4[org.lionsoul.tankwar.Battlefield,int,int,int[]]",h,1
E:\OOD\main\tankwar-master\tankwar-master\src\org\lionsoul\tankwar\TankFactory.java,org.lionsoul.tankwar.TankFactory,"createCenterHeroTank/4[org.lionsoul.tankwar.Battlefield,int,int,int[]]",rows,2
E:\OOD\main\tankwar-master\tankwar-master\src\org\lionsoul\tankwar\TankFactory.java,org.lionsoul.tankwar.TankFactory,"createCenterHeroTank/4[org.lionsoul.tankwar.Battlefield,int,int,int[]]",cols,1
E:\OOD\main\tankwar-master\tankwar-master\src\org\lionsoul\tankwar\BulletFactory.java,org.lionsoul.tankwar.BulletFactory,"createHeroBullet/6[org.lionsoul.tankwar.Battlefield,org.lionsoul.tankwar.model.Tank,short,int,int,int]",mtank,1
E:\OOD\main\tankwar-master\tankwar-master\src\org\lionsoul\tankwar\BulletFactory.java,org.lionsoul.tankwar.BulletFactory,"createHeroBullet/6[org.lionsoul.tankwar.Battlefield,org.lionsoul.tankwar.model.Tank,short,int,int,int]",bf,1
E:\OOD\main\tankwar-master\tankwar-master\src\org\lionsoul\tankwar\BulletFactory.java,org.lionsoul.tankwar.BulletFactory,"createHeroBullet/6[org.lionsoul.tankwar.Battlefield,org.lionsoul.tankwar.model.Tank,short,int,int,int]",t,6
E:\OOD\main\tankwar-master\tankwar-master\src\org\lionsoul\tankwar\BulletFactory.java,org.lionsoul.tankwar.BulletFactory,"createHeroBullet/6[org.lionsoul.tankwar.Battlefield,org.lionsoul.tankwar.model.Tank,short,int,int,int]",e,3
E:\OOD\main\tankwar-master\tankwar-master\src\org\lionsoul\tankwar\BulletFactory.java,org.lionsoul.tankwar.BulletFactory,"createHeroBullet/6[org.lionsoul.tankwar.Battlefield,org.lionsoul.tankwar.model.Tank,short,int,int,int]",x,1
E:\OOD\main\tankwar-master\tankwar-master\src\org\lionsoul\tankwar\BulletFactory.java,org.lionsoul.tankwar.BulletFactory,"createHeroBullet/6[org.lionsoul.tankwar.Battlefield,org.lionsoul.tankwar.model.Tank,short,int,int,int]",y,1
E:\OOD\main\tankwar-master\tankwar-master\src\org\lionsoul\tankwar\BulletFactory.java,org.lionsoul.tankwar.BulletFactory,"createHeroBullet/6[org.lionsoul.tankwar.Battlefield,org.lionsoul.tankwar.model.Tank,short,int,int,int]",direction,1
E:\OOD\main\tankwar-master\tankwar-master\src\org\lionsoul\tankwar\BulletFactory.java,org.lionsoul.tankwar.BulletFactory,"createEnemyBullet/6[org.lionsoul.tankwar.Battlefield,org.lionsoul.tankwar.model.Tank,short,int,int,int]",mtank,1
E:\OOD\main\tankwar-master\tankwar-master\src\org\lionsoul\tankwar\BulletFactory.java,org.lionsoul.tankwar.BulletFactory,"createEnemyBullet/6[org.lionsoul.tankwar.Battlefield,org.lionsoul.tankwar.model.Tank,short,int,int,int]",bf,1
E:\OOD\main\tankwar-master\tankwar-master\src\org\lionsoul\tankwar\BulletFactory.java,org.lionsoul.tankwar.BulletFactory,"createEnemyBullet/6[org.lionsoul.tankwar.Battlefield,org.lionsoul.tankwar.model.Tank,short,int,int,int]",t,6
E:\OOD\main\tankwar-master\tankwar-master\src\org\lionsoul\tankwar\BulletFactory.java,org.lionsoul.tankwar.BulletFactory,"createEnemyBullet/6[org.lionsoul.tankwar.Battlefield,org.lionsoul.tankwar.model.Tank,short,int,int,int]",e,3
E:\OOD\main\tankwar-master\tankwar-master\src\org\lionsoul\tankwar\BulletFactory.java,org.lionsoul.tankwar.BulletFactory,"createEnemyBullet/6[org.lionsoul.tankwar.Battlefield,org.lionsoul.tankwar.model.Tank,short,int,int,int]",x,1
E:\OOD\main\tankwar-master\tankwar-master\src\org\lionsoul\tankwar\BulletFactory.java,org.lionsoul.tankwar.BulletFactory,"createEnemyBullet/6[org.lionsoul.tankwar.Battlefield,org.lionsoul.tankwar.model.Tank,short,int,int,int]",y,1
E:\OOD\main\tankwar-master\tankwar-master\src\org\lionsoul\tankwar\BulletFactory.java,org.lionsoul.tankwar.BulletFactory,"createEnemyBullet/6[org.lionsoul.tankwar.Battlefield,org.lionsoul.tankwar.model.Tank,short,int,int,int]",direction,1
E:\OOD\main\tankwar-master\tankwar-master\src\org\lionsoul\tankwar\tank\RandomTank.java,org.lionsoul.tankwar.tank.RandomTank,"RandomTank/8[org.lionsoul.tankwar.Battlefield,java.awt.Image[],int,int,int,int,int,int]",images,1
E:\OOD\main\tankwar-master\tankwar-master\src\org\lionsoul\tankwar\tank\RandomTank.java,org.lionsoul.tankwar.tank.RandomTank,"RandomTank/8[org.lionsoul.tankwar.Battlefield,java.awt.Image[],int,int,int,int,int,int]",bf,1
E:\OOD\main\tankwar-master\tankwar-master\src\org\lionsoul\tankwar\tank\RandomTank.java,org.lionsoul.tankwar.tank.RandomTank,"RandomTank/8[org.lionsoul.tankwar.Battlefield,java.awt.Image[],int,int,int,int,int,int]",t,1
E:\OOD\main\tankwar-master\tankwar-master\src\org\lionsoul\tankwar\tank\RandomTank.java,org.lionsoul.tankwar.tank.RandomTank,"RandomTank/8[org.lionsoul.tankwar.Battlefield,java.awt.Image[],int,int,int,int,int,int]",serial,1
E:\OOD\main\tankwar-master\tankwar-master\src\org\lionsoul\tankwar\tank\RandomTank.java,org.lionsoul.tankwar.tank.RandomTank,"RandomTank/8[org.lionsoul.tankwar.Battlefield,java.awt.Image[],int,int,int,int,int,int]",x,1
E:\OOD\main\tankwar-master\tankwar-master\src\org\lionsoul\tankwar\tank\RandomTank.java,org.lionsoul.tankwar.tank.RandomTank,"RandomTank/8[org.lionsoul.tankwar.Battlefield,java.awt.Image[],int,int,int,int,int,int]",y,1
E:\OOD\main\tankwar-master\tankwar-master\src\org\lionsoul\tankwar\tank\RandomTank.java,org.lionsoul.tankwar.tank.RandomTank,"RandomTank/8[org.lionsoul.tankwar.Battlefield,java.awt.Image[],int,int,int,int,int,int]",rows,1
E:\OOD\main\tankwar-master\tankwar-master\src\org\lionsoul\tankwar\tank\RandomTank.java,org.lionsoul.tankwar.tank.RandomTank,"RandomTank/8[org.lionsoul.tankwar.Battlefield,java.awt.Image[],int,int,int,int,int,int]",cols,1
E:\OOD\main\tankwar-master\tankwar-master\src\org\lionsoul\tankwar\tank\RandomTank.java,org.lionsoul.tankwar.tank.RandomTank,"RandomTank/10[org.lionsoul.tankwar.Battlefield,java.awt.Image[],int,int,int,int,int,int,int,int]",head,1
E:\OOD\main\tankwar-master\tankwar-master\src\org\lionsoul\tankwar\tank\RandomTank.java,org.lionsoul.tankwar.tank.RandomTank,"RandomTank/10[org.lionsoul.tankwar.Battlefield,java.awt.Image[],int,int,int,int,int,int,int,int]",images,1
E:\OOD\main\tankwar-master\tankwar-master\src\org\lionsoul\tankwar\tank\RandomTank.java,org.lionsoul.tankwar.tank.RandomTank,"RandomTank/10[org.lionsoul.tankwar.Battlefield,java.awt.Image[],int,int,int,int,int,int,int,int]",bf,1
E:\OOD\main\tankwar-master\tankwar-master\src\org\lionsoul\tankwar\tank\RandomTank.java,org.lionsoul.tankwar.tank.RandomTank,"RandomTank/10[org.lionsoul.tankwar.Battlefield,java.awt.Image[],int,int,int,int,int,int,int,int]",t,1
E:\OOD\main\tankwar-master\tankwar-master\src\org\lionsoul\tankwar\tank\RandomTank.java,org.lionsoul.tankwar.tank.RandomTank,"RandomTank/10[org.lionsoul.tankwar.Battlefield,java.awt.Image[],int,int,int,int,int,int,int,int]",serial,1
E:\OOD\main\tankwar-master\tankwar-master\src\org\lionsoul\tankwar\tank\RandomTank.java,org.lionsoul.tankwar.tank.RandomTank,"RandomTank/10[org.lionsoul.tankwar.Battlefield,java.awt.Image[],int,int,int,int,int,int,int,int]",x,1
E:\OOD\main\tankwar-master\tankwar-master\src\org\lionsoul\tankwar\tank\RandomTank.java,org.lionsoul.tankwar.tank.RandomTank,"RandomTank/10[org.lionsoul.tankwar.Battlefield,java.awt.Image[],int,int,int,int,int,int,int,int]",y,1
E:\OOD\main\tankwar-master\tankwar-master\src\org\lionsoul\tankwar\tank\RandomTank.java,org.lionsoul.tankwar.tank.RandomTank,"RandomTank/10[org.lionsoul.tankwar.Battlefield,java.awt.Image[],int,int,int,int,int,int,int,int]",rows,1
E:\OOD\main\tankwar-master\tankwar-master\src\org\lionsoul\tankwar\tank\RandomTank.java,org.lionsoul.tankwar.tank.RandomTank,"RandomTank/10[org.lionsoul.tankwar.Battlefield,java.awt.Image[],int,int,int,int,int,int,int,int]",cols,1
E:\OOD\main\tankwar-master\tankwar-master\src\org\lionsoul\tankwar\tank\RandomTank.java,org.lionsoul.tankwar.tank.RandomTank,"RandomTank/10[org.lionsoul.tankwar.Battlefield,java.awt.Image[],int,int,int,int,int,int,int,int]",blood,1
E:\OOD\main\tankwar-master\tankwar-master\src\org\lionsoul\tankwar\tank\RandomTank.java,org.lionsoul.tankwar.tank.RandomTank,setSeeds/1[int[]],seeds,2
E:\OOD\main\tankwar-master\tankwar-master\src\org\lionsoul\tankwar\tank\RandomTank.java,org.lionsoul.tankwar.tank.RandomTank,draw/1[java.awt.Graphics],t,1
E:\OOD\main\tankwar-master\tankwar-master\src\org\lionsoul\tankwar\tank\RandomTank.java,org.lionsoul.tankwar.tank.RandomTank,draw/1[java.awt.Graphics],g,1
E:\OOD\main\tankwar-master\tankwar-master\src\org\lionsoul\tankwar\tank\TrackTank.java,org.lionsoul.tankwar.tank.TrackTank,"TrackTank/8[org.lionsoul.tankwar.Battlefield,java.awt.Image[],int,int,int,int,int,int]",images,1
E:\OOD\main\tankwar-master\tankwar-master\src\org\lionsoul\tankwar\tank\TrackTank.java,org.lionsoul.tankwar.tank.TrackTank,"TrackTank/8[org.lionsoul.tankwar.Battlefield,java.awt.Image[],int,int,int,int,int,int]",bf,1
E:\OOD\main\tankwar-master\tankwar-master\src\org\lionsoul\tankwar\tank\TrackTank.java,org.lionsoul.tankwar.tank.TrackTank,"TrackTank/8[org.lionsoul.tankwar.Battlefield,java.awt.Image[],int,int,int,int,int,int]",t,1
E:\OOD\main\tankwar-master\tankwar-master\src\org\lionsoul\tankwar\tank\TrackTank.java,org.lionsoul.tankwar.tank.TrackTank,"TrackTank/8[org.lionsoul.tankwar.Battlefield,java.awt.Image[],int,int,int,int,int,int]",serial,1
E:\OOD\main\tankwar-master\tankwar-master\src\org\lionsoul\tankwar\tank\TrackTank.java,org.lionsoul.tankwar.tank.TrackTank,"TrackTank/8[org.lionsoul.tankwar.Battlefield,java.awt.Image[],int,int,int,int,int,int]",x,1
E:\OOD\main\tankwar-master\tankwar-master\src\org\lionsoul\tankwar\tank\TrackTank.java,org.lionsoul.tankwar.tank.TrackTank,"TrackTank/8[org.lionsoul.tankwar.Battlefield,java.awt.Image[],int,int,int,int,int,int]",y,1
E:\OOD\main\tankwar-master\tankwar-master\src\org\lionsoul\tankwar\tank\TrackTank.java,org.lionsoul.tankwar.tank.TrackTank,"TrackTank/8[org.lionsoul.tankwar.Battlefield,java.awt.Image[],int,int,int,int,int,int]",rows,1
E:\OOD\main\tankwar-master\tankwar-master\src\org\lionsoul\tankwar\tank\TrackTank.java,org.lionsoul.tankwar.tank.TrackTank,"TrackTank/8[org.lionsoul.tankwar.Battlefield,java.awt.Image[],int,int,int,int,int,int]",cols,1
E:\OOD\main\tankwar-master\tankwar-master\src\org\lionsoul\tankwar\tank\TrackTank.java,org.lionsoul.tankwar.tank.TrackTank,draw/1[java.awt.Graphics],g,1
E:\OOD\main\tankwar-master\tankwar-master\src\org\lionsoul\tankwar\tank\TrackTank.java,org.lionsoul.tankwar.tank.TrackTank,draw/1[java.awt.Graphics],xright,1
E:\OOD\main\tankwar-master\tankwar-master\src\org\lionsoul\tankwar\tank\TrackTank.java,org.lionsoul.tankwar.tank.TrackTank,draw/1[java.awt.Graphics],xCenter,2
E:\OOD\main\tankwar-master\tankwar-master\src\org\lionsoul\tankwar\tank\TrackTank.java,org.lionsoul.tankwar.tank.TrackTank,"TrackTank/10[org.lionsoul.tankwar.Battlefield,java.awt.Image[],int,int,int,int,int,int,int,int]",head,1
E:\OOD\main\tankwar-master\tankwar-master\src\org\lionsoul\tankwar\tank\TrackTank.java,org.lionsoul.tankwar.tank.TrackTank,"TrackTank/10[org.lionsoul.tankwar.Battlefield,java.awt.Image[],int,int,int,int,int,int,int,int]",images,1
E:\OOD\main\tankwar-master\tankwar-master\src\org\lionsoul\tankwar\tank\TrackTank.java,org.lionsoul.tankwar.tank.TrackTank,"TrackTank/10[org.lionsoul.tankwar.Battlefield,java.awt.Image[],int,int,int,int,int,int,int,int]",bf,1
E:\OOD\main\tankwar-master\tankwar-master\src\org\lionsoul\tankwar\tank\TrackTank.java,org.lionsoul.tankwar.tank.TrackTank,"TrackTank/10[org.lionsoul.tankwar.Battlefield,java.awt.Image[],int,int,int,int,int,int,int,int]",t,1
E:\OOD\main\tankwar-master\tankwar-master\src\org\lionsoul\tankwar\tank\TrackTank.java,org.lionsoul.tankwar.tank.TrackTank,"TrackTank/10[org.lionsoul.tankwar.Battlefield,java.awt.Image[],int,int,int,int,int,int,int,int]",serial,1
E:\OOD\main\tankwar-master\tankwar-master\src\org\lionsoul\tankwar\tank\TrackTank.java,org.lionsoul.tankwar.tank.TrackTank,"TrackTank/10[org.lionsoul.tankwar.Battlefield,java.awt.Image[],int,int,int,int,int,int,int,int]",x,1
E:\OOD\main\tankwar-master\tankwar-master\src\org\lionsoul\tankwar\tank\TrackTank.java,org.lionsoul.tankwar.tank.TrackTank,"TrackTank/10[org.lionsoul.tankwar.Battlefield,java.awt.Image[],int,int,int,int,int,int,int,int]",y,1
E:\OOD\main\tankwar-master\tankwar-master\src\org\lionsoul\tankwar\tank\TrackTank.java,org.lionsoul.tankwar.tank.TrackTank,"TrackTank/10[org.lionsoul.tankwar.Battlefield,java.awt.Image[],int,int,int,int,int,int,int,int]",rows,1
E:\OOD\main\tankwar-master\tankwar-master\src\org\lionsoul\tankwar\tank\TrackTank.java,org.lionsoul.tankwar.tank.TrackTank,"TrackTank/10[org.lionsoul.tankwar.Battlefield,java.awt.Image[],int,int,int,int,int,int,int,int]",cols,1
E:\OOD\main\tankwar-master\tankwar-master\src\org\lionsoul\tankwar\tank\TrackTank.java,org.lionsoul.tankwar.tank.TrackTank,"TrackTank/10[org.lionsoul.tankwar.Battlefield,java.awt.Image[],int,int,int,int,int,int,int,int]",blood,1
E:\OOD\main\tankwar-master\tankwar-master\src\org\lionsoul\tankwar\tank\TrackTank.java,org.lionsoul.tankwar.tank.TrackTank,setAimTank/1[org.lionsoul.tankwar.model.Tank],aimTank,2
E:\OOD\main\tankwar-master\tankwar-master\src\org\lionsoul\tankwar\Battlefield.java,org.lionsoul.tankwar.Battlefield$TankKeyListener,keyPressed/1[java.awt.event.KeyEvent],e,8
E:\OOD\main\tankwar-master\tankwar-master\src\org\lionsoul\tankwar\Battlefield.java,org.lionsoul.tankwar.Battlefield$TankKeyListener,keyReleased/1[java.awt.event.KeyEvent],e,1
E:\OOD\main\tankwar-master\tankwar-master\src\org\lionsoul\tankwar\model\Explosion.java,org.lionsoul.tankwar.model.Explosion,setOffset/1[short],offset,2
E:\OOD\main\tankwar-master\tankwar-master\src\org\lionsoul\tankwar\model\Explosion.java,org.lionsoul.tankwar.model.Explosion,setCols/1[short],cols,2
E:\OOD\main\tankwar-master\tankwar-master\src\org\lionsoul\tankwar\model\Explosion.java,org.lionsoul.tankwar.model.Explosion,draw/1[java.awt.Graphics],g,1
E:\OOD\main\tankwar-master\tankwar-master\src\org\lionsoul\tankwar\model\Explosion.java,org.lionsoul.tankwar.model.Explosion,setRows/1[short],rows,2
E:\OOD\main\tankwar-master\tankwar-master\src\org\lionsoul\tankwar\model\Explosion.java,org.lionsoul.tankwar.model.Explosion,setY/1[int],y,2
E:\OOD\main\tankwar-master\tankwar-master\src\org\lionsoul\tankwar\model\Explosion.java,org.lionsoul.tankwar.model.Explosion,setAlive/1[boolean],alive,2
E:\OOD\main\tankwar-master\tankwar-master\src\org\lionsoul\tankwar\model\Explosion.java,org.lionsoul.tankwar.model.Explosion,"Explosion/8[org.lionsoul.tankwar.Battlefield,java.awt.Image[],int,int,int,short,short,short]",image,1
E:\OOD\main\tankwar-master\tankwar-master\src\org\lionsoul\tankwar\model\Explosion.java,org.lionsoul.tankwar.model.Explosion,"Explosion/8[org.lionsoul.tankwar.Battlefield,java.awt.Image[],int,int,int,short,short,short]",bf,2
E:\OOD\main\tankwar-master\tankwar-master\src\org\lionsoul\tankwar\model\Explosion.java,org.lionsoul.tankwar.model.Explosion,"Explosion/8[org.lionsoul.tankwar.Battlefield,java.awt.Image[],int,int,int,short,short,short]",t,2
E:\OOD\main\tankwar-master\tankwar-master\src\org\lionsoul\tankwar\model\Explosion.java,org.lionsoul.tankwar.model.Explosion,"Explosion/8[org.lionsoul.tankwar.Battlefield,java.awt.Image[],int,int,int,short,short,short]",offset,3
E:\OOD\main\tankwar-master\tankwar-master\src\org\lionsoul\tankwar\model\Explosion.java,org.lionsoul.tankwar.model.Explosion,"Explosion/8[org.lionsoul.tankwar.Battlefield,java.awt.Image[],int,int,int,short,short,short]",x,2
E:\OOD\main\tankwar-master\tankwar-master\src\org\lionsoul\tankwar\model\Explosion.java,org.lionsoul.tankwar.model.Explosion,"Explosion/8[org.lionsoul.tankwar.Battlefield,java.awt.Image[],int,int,int,short,short,short]",y,2
E:\OOD\main\tankwar-master\tankwar-master\src\org\lionsoul\tankwar\model\Explosion.java,org.lionsoul.tankwar.model.Explosion,"Explosion/8[org.lionsoul.tankwar.Battlefield,java.awt.Image[],int,int,int,short,short,short]",rows,2
E:\OOD\main\tankwar-master\tankwar-master\src\org\lionsoul\tankwar\model\Explosion.java,org.lionsoul.tankwar.model.Explosion,"Explosion/8[org.lionsoul.tankwar.Battlefield,java.awt.Image[],int,int,int,short,short,short]",cols,2
E:\OOD\main\tankwar-master\tankwar-master\src\org\lionsoul\tankwar\model\Explosion.java,org.lionsoul.tankwar.model.Explosion,setX/1[int],x,2
E:\OOD\main\tankwar-master\tankwar-master\src\org\lionsoul\tankwar\tank\CircleTank.java,org.lionsoul.tankwar.tank.CircleTank,"CircleTank/8[org.lionsoul.tankwar.Battlefield,java.awt.Image[],int,int,int,int,int,int]",images,1
E:\OOD\main\tankwar-master\tankwar-master\src\org\lionsoul\tankwar\tank\CircleTank.java,org.lionsoul.tankwar.tank.CircleTank,"CircleTank/8[org.lionsoul.tankwar.Battlefield,java.awt.Image[],int,int,int,int,int,int]",bf,1
E:\OOD\main\tankwar-master\tankwar-master\src\org\lionsoul\tankwar\tank\CircleTank.java,org.lionsoul.tankwar.tank.CircleTank,"CircleTank/8[org.lionsoul.tankwar.Battlefield,java.awt.Image[],int,int,int,int,int,int]",t,1
E:\OOD\main\tankwar-master\tankwar-master\src\org\lionsoul\tankwar\tank\CircleTank.java,org.lionsoul.tankwar.tank.CircleTank,"CircleTank/8[org.lionsoul.tankwar.Battlefield,java.awt.Image[],int,int,int,int,int,int]",serial,1
E:\OOD\main\tankwar-master\tankwar-master\src\org\lionsoul\tankwar\tank\CircleTank.java,org.lionsoul.tankwar.tank.CircleTank,"CircleTank/8[org.lionsoul.tankwar.Battlefield,java.awt.Image[],int,int,int,int,int,int]",x,1
E:\OOD\main\tankwar-master\tankwar-master\src\org\lionsoul\tankwar\tank\CircleTank.java,org.lionsoul.tankwar.tank.CircleTank,"CircleTank/8[org.lionsoul.tankwar.Battlefield,java.awt.Image[],int,int,int,int,int,int]",y,1
E:\OOD\main\tankwar-master\tankwar-master\src\org\lionsoul\tankwar\tank\CircleTank.java,org.lionsoul.tankwar.tank.CircleTank,"CircleTank/8[org.lionsoul.tankwar.Battlefield,java.awt.Image[],int,int,int,int,int,int]",rows,1
E:\OOD\main\tankwar-master\tankwar-master\src\org\lionsoul\tankwar\tank\CircleTank.java,org.lionsoul.tankwar.tank.CircleTank,"CircleTank/8[org.lionsoul.tankwar.Battlefield,java.awt.Image[],int,int,int,int,int,int]",cols,1
E:\OOD\main\tankwar-master\tankwar-master\src\org\lionsoul\tankwar\tank\CircleTank.java,org.lionsoul.tankwar.tank.CircleTank,"CircleTank/10[org.lionsoul.tankwar.Battlefield,java.awt.Image[],int,int,int,int,int,int,int,int]",head,1
E:\OOD\main\tankwar-master\tankwar-master\src\org\lionsoul\tankwar\tank\CircleTank.java,org.lionsoul.tankwar.tank.CircleTank,"CircleTank/10[org.lionsoul.tankwar.Battlefield,java.awt.Image[],int,int,int,int,int,int,int,int]",images,1
E:\OOD\main\tankwar-master\tankwar-master\src\org\lionsoul\tankwar\tank\CircleTank.java,org.lionsoul.tankwar.tank.CircleTank,"CircleTank/10[org.lionsoul.tankwar.Battlefield,java.awt.Image[],int,int,int,int,int,int,int,int]",bf,1
E:\OOD\main\tankwar-master\tankwar-master\src\org\lionsoul\tankwar\tank\CircleTank.java,org.lionsoul.tankwar.tank.CircleTank,"CircleTank/10[org.lionsoul.tankwar.Battlefield,java.awt.Image[],int,int,int,int,int,int,int,int]",t,1
E:\OOD\main\tankwar-master\tankwar-master\src\org\lionsoul\tankwar\tank\CircleTank.java,org.lionsoul.tankwar.tank.CircleTank,"CircleTank/10[org.lionsoul.tankwar.Battlefield,java.awt.Image[],int,int,int,int,int,int,int,int]",serial,1
E:\OOD\main\tankwar-master\tankwar-master\src\org\lionsoul\tankwar\tank\CircleTank.java,org.lionsoul.tankwar.tank.CircleTank,"CircleTank/10[org.lionsoul.tankwar.Battlefield,java.awt.Image[],int,int,int,int,int,int,int,int]",x,1
E:\OOD\main\tankwar-master\tankwar-master\src\org\lionsoul\tankwar\tank\CircleTank.java,org.lionsoul.tankwar.tank.CircleTank,"CircleTank/10[org.lionsoul.tankwar.Battlefield,java.awt.Image[],int,int,int,int,int,int,int,int]",y,1
E:\OOD\main\tankwar-master\tankwar-master\src\org\lionsoul\tankwar\tank\CircleTank.java,org.lionsoul.tankwar.tank.CircleTank,"CircleTank/10[org.lionsoul.tankwar.Battlefield,java.awt.Image[],int,int,int,int,int,int,int,int]",rows,1
E:\OOD\main\tankwar-master\tankwar-master\src\org\lionsoul\tankwar\tank\CircleTank.java,org.lionsoul.tankwar.tank.CircleTank,"CircleTank/10[org.lionsoul.tankwar.Battlefield,java.awt.Image[],int,int,int,int,int,int,int,int]",cols,1
E:\OOD\main\tankwar-master\tankwar-master\src\org\lionsoul\tankwar\tank\CircleTank.java,org.lionsoul.tankwar.tank.CircleTank,"CircleTank/10[org.lionsoul.tankwar.Battlefield,java.awt.Image[],int,int,int,int,int,int,int,int]",blood,1
E:\OOD\main\tankwar-master\tankwar-master\src\org\lionsoul\tankwar\barriers\Barriers.java,org.lionsoul.tankwar.barriers.Barriers,"Barriers/5[int,int[],int[],short[][],short[][]]",heroArgs,2
E:\OOD\main\tankwar-master\tankwar-master\src\org\lionsoul\tankwar\barriers\Barriers.java,org.lionsoul.tankwar.barriers.Barriers,"Barriers/5[int,int[],int[],short[][],short[][]]",heroBulletArgs,2
E:\OOD\main\tankwar-master\tankwar-master\src\org\lionsoul\tankwar\barriers\Barriers.java,org.lionsoul.tankwar.barriers.Barriers,"Barriers/5[int,int[],int[],short[][],short[][]]",enemy,2
E:\OOD\main\tankwar-master\tankwar-master\src\org\lionsoul\tankwar\barriers\Barriers.java,org.lionsoul.tankwar.barriers.Barriers,"Barriers/5[int,int[],int[],short[][],short[][]]",enemyArgs,2
E:\OOD\main\tankwar-master\tankwar-master\src\org\lionsoul\tankwar\barriers\Barriers.java,org.lionsoul.tankwar.barriers.Barriers,"Barriers/5[int,int[],int[],short[][],short[][]]",enemyBulletArgs,2
E:\OOD\main\tankwar-master\tankwar-master\src\org\lionsoul\tankwar\ExplosionFactory.java,org.lionsoul.tankwar.ExplosionFactory,"createExplosion/4[org.lionsoul.tankwar.Battlefield,int,int,int]",bf,1
E:\OOD\main\tankwar-master\tankwar-master\src\org\lionsoul\tankwar\ExplosionFactory.java,org.lionsoul.tankwar.ExplosionFactory,"createExplosion/4[org.lionsoul.tankwar.Battlefield,int,int,int]",t,5
E:\OOD\main\tankwar-master\tankwar-master\src\org\lionsoul\tankwar\ExplosionFactory.java,org.lionsoul.tankwar.ExplosionFactory,"createExplosion/4[org.lionsoul.tankwar.Battlefield,int,int,int]",x,1
E:\OOD\main\tankwar-master\tankwar-master\src\org\lionsoul\tankwar\ExplosionFactory.java,org.lionsoul.tankwar.ExplosionFactory,"createExplosion/4[org.lionsoul.tankwar.Battlefield,int,int,int]",y,1
E:\OOD\main\tankwar-master\tankwar-master\src\org\lionsoul\tankwar\barriers\BarriersSelector.java,org.lionsoul.tankwar.barriers.BarriersSelector,setBarriers/1[int],barriers,4
E:\OOD\main\tankwar-master\tankwar-master\src\org\lionsoul\tankwar\barriers\BarriersSelector.java,org.lionsoul.tankwar.barriers.BarriersSelector,"BarriersSelector/8[org.lionsoul.tankwar.Battlefield,int,int,int,int,int,javax.swing.ImageIcon[],java.applet.AudioClip]",bf,1
E:\OOD\main\tankwar-master\tankwar-master\src\org\lionsoul\tankwar\barriers\BarriersSelector.java,org.lionsoul.tankwar.barriers.BarriersSelector,"BarriersSelector/8[org.lionsoul.tankwar.Battlefield,int,int,int,int,int,javax.swing.ImageIcon[],java.applet.AudioClip]",offset,3
E:\OOD\main\tankwar-master\tankwar-master\src\org\lionsoul\tankwar\barriers\BarriersSelector.java,org.lionsoul.tankwar.barriers.BarriersSelector,"BarriersSelector/8[org.lionsoul.tankwar.Battlefield,int,int,int,int,int,javax.swing.ImageIcon[],java.applet.AudioClip]",defualt,1
E:\OOD\main\tankwar-master\tankwar-master\src\org\lionsoul\tankwar\barriers\BarriersSelector.java,org.lionsoul.tankwar.barriers.BarriersSelector,"BarriersSelector/8[org.lionsoul.tankwar.Battlefield,int,int,int,int,int,javax.swing.ImageIcon[],java.applet.AudioClip]",max,3
E:\OOD\main\tankwar-master\tankwar-master\src\org\lionsoul\tankwar\barriers\BarriersSelector.java,org.lionsoul.tankwar.barriers.BarriersSelector,"BarriersSelector/8[org.lionsoul.tankwar.Battlefield,int,int,int,int,int,javax.swing.ImageIcon[],java.applet.AudioClip]",buttonClip,2
E:\OOD\main\tankwar-master\tankwar-master\src\org\lionsoul\tankwar\barriers\BarriersSelector.java,org.lionsoul.tankwar.barriers.BarriersSelector,"BarriersSelector/8[org.lionsoul.tankwar.Battlefield,int,int,int,int,int,javax.swing.ImageIcon[],java.applet.AudioClip]",w,2
E:\OOD\main\tankwar-master\tankwar-master\src\org\lionsoul\tankwar\barriers\BarriersSelector.java,org.lionsoul.tankwar.barriers.BarriersSelector,"BarriersSelector/8[org.lionsoul.tankwar.Battlefield,int,int,int,int,int,javax.swing.ImageIcon[],java.applet.AudioClip]",h,2
E:\OOD\main\tankwar-master\tankwar-master\src\org\lionsoul\tankwar\barriers\BarriersSelector.java,org.lionsoul.tankwar.barriers.BarriersSelector,"BarriersSelector/8[org.lionsoul.tankwar.Battlefield,int,int,int,int,int,javax.swing.ImageIcon[],java.applet.AudioClip]",icons,5
E:\OOD\main\tankwar-master\tankwar-master\src\org\lionsoul\tankwar\barriers\BarriersSelector.java,org.lionsoul.tankwar.barriers.BarriersSelector,draw/1[java.awt.Graphics],str,12
E:\OOD\main\tankwar-master\tankwar-master\src\org\lionsoul\tankwar\barriers\BarriersSelector.java,org.lionsoul.tankwar.barriers.BarriersSelector,draw/1[java.awt.Graphics],cw,3
E:\OOD\main\tankwar-master\tankwar-master\src\org\lionsoul\tankwar\barriers\BarriersSelector.java,org.lionsoul.tankwar.barriers.BarriersSelector,draw/1[java.awt.Graphics],ch,2
E:\OOD\main\tankwar-master\tankwar-master\src\org\lionsoul\tankwar\barriers\BarriersSelector.java,org.lionsoul.tankwar.barriers.BarriersSelector,draw/1[java.awt.Graphics],g,22
E:\OOD\main\tankwar-master\tankwar-master\src\org\lionsoul\tankwar\barriers\BarriersSelector.java,org.lionsoul.tankwar.barriers.BarriersSelector,draw/1[java.awt.Graphics],x,10
E:\OOD\main\tankwar-master\tankwar-master\src\org\lionsoul\tankwar\barriers\BarriersSelector.java,org.lionsoul.tankwar.barriers.BarriersSelector,draw/1[java.awt.Graphics],y,11
E:\OOD\main\tankwar-master\tankwar-master\src\org\lionsoul\tankwar\barriers\BarriersSelector.java,org.lionsoul.tankwar.barriers.BarriersSelector,draw/1[java.awt.Graphics],j,11
E:\OOD\main\tankwar-master\tankwar-master\src\org\lionsoul\tankwar\barriers\BarriersSelector.java,org.lionsoul.tankwar.barriers.BarriersSelector,keyPress/1[java.awt.event.KeyEvent],e,1
E:\OOD\main\tankwar-master\tankwar-master\src\org\lionsoul\tankwar\Battlefield.java,org.lionsoul.tankwar.Battlefield$Anonymous1,run/0,e,1
E:\OOD\main\tankwar-master\tankwar-master\src\org\lionsoul\tankwar\map\TMap.java,org.lionsoul.tankwar.map.TMap,"getBit/2[int,int]",x,1
E:\OOD\main\tankwar-master\tankwar-master\src\org\lionsoul\tankwar\map\TMap.java,org.lionsoul.tankwar.map.TMap,"getBit/2[int,int]",y,1
E:\OOD\main\tankwar-master\tankwar-master\src\org\lionsoul\tankwar\map\TMap.java,org.lionsoul.tankwar.map.TMap,"checkMapBit/5[int,int,int,int,int]",val,1
E:\OOD\main\tankwar-master\tankwar-master\src\org\lionsoul\tankwar\map\TMap.java,org.lionsoul.tankwar.map.TMap,"checkMapBit/5[int,int,int,int,int]",r,3
E:\OOD\main\tankwar-master\tankwar-master\src\org\lionsoul\tankwar\map\TMap.java,org.lionsoul.tankwar.map.TMap,"checkMapBit/5[int,int,int,int,int]",c,4
E:\OOD\main\tankwar-master\tankwar-master\src\org\lionsoul\tankwar\map\TMap.java,org.lionsoul.tankwar.map.TMap,"checkMapBit/5[int,int,int,int,int]",x,1
E:\OOD\main\tankwar-master\tankwar-master\src\org\lionsoul\tankwar\map\TMap.java,org.lionsoul.tankwar.map.TMap,"checkMapBit/5[int,int,int,int,int]",y,1
E:\OOD\main\tankwar-master\tankwar-master\src\org\lionsoul\tankwar\map\TMap.java,org.lionsoul.tankwar.map.TMap,"checkMapBit/5[int,int,int,int,int]",rows,1
E:\OOD\main\tankwar-master\tankwar-master\src\org\lionsoul\tankwar\map\TMap.java,org.lionsoul.tankwar.map.TMap,"checkMapBit/5[int,int,int,int,int]",cols,1
E:\OOD\main\tankwar-master\tankwar-master\src\org\lionsoul\tankwar\map\TMap.java,org.lionsoul.tankwar.map.TMap,clear/0,x,4
E:\OOD\main\tankwar-master\tankwar-master\src\org\lionsoul\tankwar\map\TMap.java,org.lionsoul.tankwar.map.TMap,clear/0,y,4
E:\OOD\main\tankwar-master\tankwar-master\src\org\lionsoul\tankwar\map\TMap.java,org.lionsoul.tankwar.map.TMap,getWall/1[int],serial,1
E:\OOD\main\tankwar-master\tankwar-master\src\org\lionsoul\tankwar\map\TMap.java,org.lionsoul.tankwar.map.TMap,"TMap/5[int,int,int,int,java.util.HashMap<java.lang.Integer,org.lionsoul.tankwar.model.Wall>]",wallmap,2
E:\OOD\main\tankwar-master\tankwar-master\src\org\lionsoul\tankwar\map\TMap.java,org.lionsoul.tankwar.map.TMap,"TMap/5[int,int,int,int,java.util.HashMap<java.lang.Integer,org.lionsoul.tankwar.model.Wall>]",rows,4
E:\OOD\main\tankwar-master\tankwar-master\src\org\lionsoul\tankwar\map\TMap.java,org.lionsoul.tankwar.map.TMap,"TMap/5[int,int,int,int,java.util.HashMap<java.lang.Integer,org.lionsoul.tankwar.model.Wall>]",y_offset,3
E:\OOD\main\tankwar-master\tankwar-master\src\org\lionsoul\tankwar\map\TMap.java,org.lionsoul.tankwar.map.TMap,"TMap/5[int,int,int,int,java.util.HashMap<java.lang.Integer,org.lionsoul.tankwar.model.Wall>]",cols,4
E:\OOD\main\tankwar-master\tankwar-master\src\org\lionsoul\tankwar\map\TMap.java,org.lionsoul.tankwar.map.TMap,"TMap/5[int,int,int,int,java.util.HashMap<java.lang.Integer,org.lionsoul.tankwar.model.Wall>]",x_offset,3
E:\OOD\main\tankwar-master\tankwar-master\src\org\lionsoul\tankwar\map\TMap.java,org.lionsoul.tankwar.map.TMap,"setMapBit/5[int,int,int,int,int]",val,1
E:\OOD\main\tankwar-master\tankwar-master\src\org\lionsoul\tankwar\map\TMap.java,org.lionsoul.tankwar.map.TMap,"setMapBit/5[int,int,int,int,int]",r,3
E:\OOD\main\tankwar-master\tankwar-master\src\org\lionsoul\tankwar\map\TMap.java,org.lionsoul.tankwar.map.TMap,"setMapBit/5[int,int,int,int,int]",c,4
E:\OOD\main\tankwar-master\tankwar-master\src\org\lionsoul\tankwar\map\TMap.java,org.lionsoul.tankwar.map.TMap,"setMapBit/5[int,int,int,int,int]",x,1
E:\OOD\main\tankwar-master\tankwar-master\src\org\lionsoul\tankwar\map\TMap.java,org.lionsoul.tankwar.map.TMap,"setMapBit/5[int,int,int,int,int]",y,1
E:\OOD\main\tankwar-master\tankwar-master\src\org\lionsoul\tankwar\map\TMap.java,org.lionsoul.tankwar.map.TMap,"setMapBit/5[int,int,int,int,int]",rows,1
E:\OOD\main\tankwar-master\tankwar-master\src\org\lionsoul\tankwar\map\TMap.java,org.lionsoul.tankwar.map.TMap,"setMapBit/5[int,int,int,int,int]",cols,1
E:\OOD\main\tankwar-master\tankwar-master\src\org\lionsoul\tankwar\map\TMap.java,org.lionsoul.tankwar.map.TMap,"setBit/3[int,int,int]",val,1
E:\OOD\main\tankwar-master\tankwar-master\src\org\lionsoul\tankwar\map\TMap.java,org.lionsoul.tankwar.map.TMap,"setBit/3[int,int,int]",x,1
E:\OOD\main\tankwar-master\tankwar-master\src\org\lionsoul\tankwar\map\TMap.java,org.lionsoul.tankwar.map.TMap,"setBit/3[int,int,int]",y,1
E:\OOD\main\tankwar-master\tankwar-master\src\org\lionsoul\tankwar\map\TMap.java,org.lionsoul.tankwar.map.TMap,"setWalls/1[java.util.HashMap<java.lang.Integer,org.lionsoul.tankwar.model.Wall>]",wallmap,4
E:\OOD\main\tankwar-master\tankwar-master\src\org\lionsoul\tankwar\map\TMap.java,org.lionsoul.tankwar.map.TMap,"setWalls/1[java.util.HashMap<java.lang.Integer,org.lionsoul.tankwar.model.Wall>]",e,1
E:\OOD\main\tankwar-master\tankwar-master\src\org\lionsoul\tankwar\map\TMap.java,org.lionsoul.tankwar.map.TMap,"setWalls/1[java.util.HashMap<java.lang.Integer,org.lionsoul.tankwar.model.Wall>]",w,7
E:\OOD\main\tankwar-master\tankwar-master\src\org\lionsoul\tankwar\map\TMap.java,org.lionsoul.tankwar.map.TMap,"setWalls/1[java.util.HashMap<java.lang.Integer,org.lionsoul.tankwar.model.Wall>]",it,2
E:\OOD\main\tankwar-master\tankwar-master\src\org\lionsoul\tankwar\map\TMap.java,org.lionsoul.tankwar.map.TMap,draw/1[java.awt.Graphics],e,1
E:\OOD\main\tankwar-master\tankwar-master\src\org\lionsoul\tankwar\map\TMap.java,org.lionsoul.tankwar.map.TMap,draw/1[java.awt.Graphics],g,1
E:\OOD\main\tankwar-master\tankwar-master\src\org\lionsoul\tankwar\map\TMap.java,org.lionsoul.tankwar.map.TMap,draw/1[java.awt.Graphics],w,5
E:\OOD\main\tankwar-master\tankwar-master\src\org\lionsoul\tankwar\map\TMap.java,org.lionsoul.tankwar.map.TMap,draw/1[java.awt.Graphics],it,3
E:\OOD\main\tankwar-master\tankwar-master\src\org\lionsoul\tankwar\map\TMap.java,org.lionsoul.tankwar.map.TMap,clearWall/1[org.lionsoul.tankwar.model.Wall],w,5
E:\OOD\main\tankwar-master\tankwar-master\src\org\lionsoul\tankwar\model\Wall.java,org.lionsoul.tankwar.model.Wall,setX/1[int],x,2
E:\OOD\main\tankwar-master\tankwar-master\src\org\lionsoul\tankwar\model\Wall.java,org.lionsoul.tankwar.model.Wall,setRows/1[int],rows,2
E:\OOD\main\tankwar-master\tankwar-master\src\org\lionsoul\tankwar\model\Wall.java,org.lionsoul.tankwar.model.Wall,setType/1[int],t,2
E:\OOD\main\tankwar-master\tankwar-master\src\org\lionsoul\tankwar\model\Wall.java,org.lionsoul.tankwar.model.Wall,setAlive/1[boolean],alive,2
E:\OOD\main\tankwar-master\tankwar-master\src\org\lionsoul\tankwar\model\Wall.java,org.lionsoul.tankwar.model.Wall,couldSmash/1[org.lionsoul.tankwar.model.Bullet],b,1
E:\OOD\main\tankwar-master\tankwar-master\src\org\lionsoul\tankwar\model\Wall.java,org.lionsoul.tankwar.model.Wall,"Wall/7[java.awt.Image,int,int,int,int,int,int]",image,2
E:\OOD\main\tankwar-master\tankwar-master\src\org\lionsoul\tankwar\model\Wall.java,org.lionsoul.tankwar.model.Wall,"Wall/7[java.awt.Image,int,int,int,int,int,int]",t,2
E:\OOD\main\tankwar-master\tankwar-master\src\org\lionsoul\tankwar\model\Wall.java,org.lionsoul.tankwar.model.Wall,"Wall/7[java.awt.Image,int,int,int,int,int,int]",serial,2
E:\OOD\main\tankwar-master\tankwar-master\src\org\lionsoul\tankwar\model\Wall.java,org.lionsoul.tankwar.model.Wall,"Wall/7[java.awt.Image,int,int,int,int,int,int]",x,2
E:\OOD\main\tankwar-master\tankwar-master\src\org\lionsoul\tankwar\model\Wall.java,org.lionsoul.tankwar.model.Wall,"Wall/7[java.awt.Image,int,int,int,int,int,int]",y,2
E:\OOD\main\tankwar-master\tankwar-master\src\org\lionsoul\tankwar\model\Wall.java,org.lionsoul.tankwar.model.Wall,"Wall/7[java.awt.Image,int,int,int,int,int,int]",rows,2
E:\OOD\main\tankwar-master\tankwar-master\src\org\lionsoul\tankwar\model\Wall.java,org.lionsoul.tankwar.model.Wall,"Wall/7[java.awt.Image,int,int,int,int,int,int]",cols,2
E:\OOD\main\tankwar-master\tankwar-master\src\org\lionsoul\tankwar\model\Wall.java,org.lionsoul.tankwar.model.Wall,setY/1[int],y,2
E:\OOD\main\tankwar-master\tankwar-master\src\org\lionsoul\tankwar\model\Wall.java,org.lionsoul.tankwar.model.Wall,setCols/1[int],cols,2
E:\OOD\main\tankwar-master\tankwar-master\src\org\lionsoul\tankwar\model\Wall.java,org.lionsoul.tankwar.model.Wall,setSerial/1[int],serial,2
E:\OOD\main\tankwar-master\tankwar-master\src\org\lionsoul\tankwar\model\Bullet.java,org.lionsoul.tankwar.model.Bullet,"Bullet/10[org.lionsoul.tankwar.Battlefield,java.awt.Image,short,org.lionsoul.tankwar.model.Tank,int,int,int,short,short,int]",tt,1
E:\OOD\main\tankwar-master\tankwar-master\src\org\lionsoul\tankwar\model\Bullet.java,org.lionsoul.tankwar.model.Bullet,"Bullet/10[org.lionsoul.tankwar.Battlefield,java.awt.Image,short,org.lionsoul.tankwar.model.Tank,int,int,int,short,short,int]",image,1
E:\OOD\main\tankwar-master\tankwar-master\src\org\lionsoul\tankwar\model\Bullet.java,org.lionsoul.tankwar.model.Bullet,"Bullet/10[org.lionsoul.tankwar.Battlefield,java.awt.Image,short,org.lionsoul.tankwar.model.Tank,int,int,int,short,short,int]",mtank,1
E:\OOD\main\tankwar-master\tankwar-master\src\org\lionsoul\tankwar\model\Bullet.java,org.lionsoul.tankwar.model.Bullet,"Bullet/10[org.lionsoul.tankwar.Battlefield,java.awt.Image,short,org.lionsoul.tankwar.model.Tank,int,int,int,short,short,int]",bf,1
E:\OOD\main\tankwar-master\tankwar-master\src\org\lionsoul\tankwar\model\Bullet.java,org.lionsoul.tankwar.model.Bullet,"Bullet/10[org.lionsoul.tankwar.Battlefield,java.awt.Image,short,org.lionsoul.tankwar.model.Tank,int,int,int,short,short,int]",t,1
E:\OOD\main\tankwar-master\tankwar-master\src\org\lionsoul\tankwar\model\Bullet.java,org.lionsoul.tankwar.model.Bullet,"Bullet/10[org.lionsoul.tankwar.Battlefield,java.awt.Image,short,org.lionsoul.tankwar.model.Tank,int,int,int,short,short,int]",x,1
E:\OOD\main\tankwar-master\tankwar-master\src\org\lionsoul\tankwar\model\Bullet.java,org.lionsoul.tankwar.model.Bullet,"Bullet/10[org.lionsoul.tankwar.Battlefield,java.awt.Image,short,org.lionsoul.tankwar.model.Tank,int,int,int,short,short,int]",y,1
E:\OOD\main\tankwar-master\tankwar-master\src\org\lionsoul\tankwar\model\Bullet.java,org.lionsoul.tankwar.model.Bullet,"Bullet/10[org.lionsoul.tankwar.Battlefield,java.awt.Image,short,org.lionsoul.tankwar.model.Tank,int,int,int,short,short,int]",rows,1
E:\OOD\main\tankwar-master\tankwar-master\src\org\lionsoul\tankwar\model\Bullet.java,org.lionsoul.tankwar.model.Bullet,"Bullet/10[org.lionsoul.tankwar.Battlefield,java.awt.Image,short,org.lionsoul.tankwar.model.Tank,int,int,int,short,short,int]",cols,1
E:\OOD\main\tankwar-master\tankwar-master\src\org\lionsoul\tankwar\model\Bullet.java,org.lionsoul.tankwar.model.Bullet,"Bullet/10[org.lionsoul.tankwar.Battlefield,java.awt.Image,short,org.lionsoul.tankwar.model.Tank,int,int,int,short,short,int]",direction,1
E:\OOD\main\tankwar-master\tankwar-master\src\org\lionsoul\tankwar\model\Bullet.java,org.lionsoul.tankwar.model.Bullet,setX/1[int],x,2
E:\OOD\main\tankwar-master\tankwar-master\src\org\lionsoul\tankwar\model\Bullet.java,org.lionsoul.tankwar.model.Bullet,setAlive/1[boolean],alive,2
E:\OOD\main\tankwar-master\tankwar-master\src\org\lionsoul\tankwar\model\Bullet.java,org.lionsoul.tankwar.model.Bullet,"Bullet/11[org.lionsoul.tankwar.Battlefield,java.awt.Image,short,org.lionsoul.tankwar.model.Tank,int,int,int,short,short,int,int]",tt,2
E:\OOD\main\tankwar-master\tankwar-master\src\org\lionsoul\tankwar\model\Bullet.java,org.lionsoul.tankwar.model.Bullet,"Bullet/11[org.lionsoul.tankwar.Battlefield,java.awt.Image,short,org.lionsoul.tankwar.model.Tank,int,int,int,short,short,int,int]",image,2
E:\OOD\main\tankwar-master\tankwar-master\src\org\lionsoul\tankwar\model\Bullet.java,org.lionsoul.tankwar.model.Bullet,"Bullet/11[org.lionsoul.tankwar.Battlefield,java.awt.Image,short,org.lionsoul.tankwar.model.Tank,int,int,int,short,short,int,int]",mtank,2
E:\OOD\main\tankwar-master\tankwar-master\src\org\lionsoul\tankwar\model\Bullet.java,org.lionsoul.tankwar.model.Bullet,"Bullet/11[org.lionsoul.tankwar.Battlefield,java.awt.Image,short,org.lionsoul.tankwar.model.Tank,int,int,int,short,short,int,int]",bf,2
E:\OOD\main\tankwar-master\tankwar-master\src\org\lionsoul\tankwar\model\Bullet.java,org.lionsoul.tankwar.model.Bullet,"Bullet/11[org.lionsoul.tankwar.Battlefield,java.awt.Image,short,org.lionsoul.tankwar.model.Tank,int,int,int,short,short,int,int]",t,2
E:\OOD\main\tankwar-master\tankwar-master\src\org\lionsoul\tankwar\model\Bullet.java,org.lionsoul.tankwar.model.Bullet,"Bullet/11[org.lionsoul.tankwar.Battlefield,java.awt.Image,short,org.lionsoul.tankwar.model.Tank,int,int,int,short,short,int,int]",x,2
E:\OOD\main\tankwar-master\tankwar-master\src\org\lionsoul\tankwar\model\Bullet.java,org.lionsoul.tankwar.model.Bullet,"Bullet/11[org.lionsoul.tankwar.Battlefield,java.awt.Image,short,org.lionsoul.tankwar.model.Tank,int,int,int,short,short,int,int]",y,2
E:\OOD\main\tankwar-master\tankwar-master\src\org\lionsoul\tankwar\model\Bullet.java,org.lionsoul.tankwar.model.Bullet,"Bullet/11[org.lionsoul.tankwar.Battlefield,java.awt.Image,short,org.lionsoul.tankwar.model.Tank,int,int,int,short,short,int,int]",rows,2
E:\OOD\main\tankwar-master\tankwar-master\src\org\lionsoul\tankwar\model\Bullet.java,org.lionsoul.tankwar.model.Bullet,"Bullet/11[org.lionsoul.tankwar.Battlefield,java.awt.Image,short,org.lionsoul.tankwar.model.Tank,int,int,int,short,short,int,int]",cols,2
E:\OOD\main\tankwar-master\tankwar-master\src\org\lionsoul\tankwar\model\Bullet.java,org.lionsoul.tankwar.model.Bullet,"Bullet/11[org.lionsoul.tankwar.Battlefield,java.awt.Image,short,org.lionsoul.tankwar.model.Tank,int,int,int,short,short,int,int]",blood,2
E:\OOD\main\tankwar-master\tankwar-master\src\org\lionsoul\tankwar\model\Bullet.java,org.lionsoul.tankwar.model.Bullet,"Bullet/11[org.lionsoul.tankwar.Battlefield,java.awt.Image,short,org.lionsoul.tankwar.model.Tank,int,int,int,short,short,int,int]",direction,2
E:\OOD\main\tankwar-master\tankwar-master\src\org\lionsoul\tankwar\model\Bullet.java,org.lionsoul.tankwar.model.Bullet,setY/1[int],y,2
E:\OOD\main\tankwar-master\tankwar-master\src\org\lionsoul\tankwar\model\Bullet.java,org.lionsoul.tankwar.model.Bullet,move/0,w,4
E:\OOD\main\tankwar-master\tankwar-master\src\org\lionsoul\tankwar\model\Bullet.java,org.lionsoul.tankwar.model.Bullet,move/0,bit,6
E:\OOD\main\tankwar-master\tankwar-master\src\org\lionsoul\tankwar\model\Bullet.java,org.lionsoul.tankwar.model.Bullet,move/0,tank,6
E:\OOD\main\tankwar-master\tankwar-master\src\org\lionsoul\tankwar\model\Bullet.java,org.lionsoul.tankwar.model.Bullet,draw/1[java.awt.Graphics],g,1
E:\OOD\main\tankwar-master\tankwar-master\src\org\lionsoul\tankwar\model\Bullet.java,org.lionsoul.tankwar.model.Bullet,setBlood/1[int],blood,2
E:\OOD\main\tankwar-master\tankwar-master\src\org\lionsoul\tankwar\model\Bullet.java,org.lionsoul.tankwar.model.Bullet,setOffset/1[int],offset,2
E:\OOD\main\tankwar-master\tankwar-master\src\org\lionsoul\tankwar\GameResult.java,org.lionsoul.tankwar.GameResult,draw/1[java.awt.Graphics],str,5
E:\OOD\main\tankwar-master\tankwar-master\src\org\lionsoul\tankwar\GameResult.java,org.lionsoul.tankwar.GameResult,draw/1[java.awt.Graphics],g,11
E:\OOD\main\tankwar-master\tankwar-master\src\org\lionsoul\tankwar\GameResult.java,org.lionsoul.tankwar.GameResult,draw/1[java.awt.Graphics],x,2
E:\OOD\main\tankwar-master\tankwar-master\src\org\lionsoul\tankwar\GameResult.java,org.lionsoul.tankwar.GameResult,draw/1[java.awt.Graphics],y,2
E:\OOD\main\tankwar-master\tankwar-master\src\org\lionsoul\tankwar\GameResult.java,org.lionsoul.tankwar.GameResult,draw/1[java.awt.Graphics],tip,4
E:\OOD\main\tankwar-master\tankwar-master\src\org\lionsoul\tankwar\GameResult.java,org.lionsoul.tankwar.GameResult,draw/1[java.awt.Graphics],j,3
E:\OOD\main\tankwar-master\tankwar-master\src\org\lionsoul\tankwar\GameResult.java,org.lionsoul.tankwar.GameResult,draw/1[java.awt.Graphics],rows,1
E:\OOD\main\tankwar-master\tankwar-master\src\org\lionsoul\tankwar\GameResult.java,org.lionsoul.tankwar.GameResult,"GameResult/5[int,int,int,int,javax.swing.ImageIcon]",ret,2
E:\OOD\main\tankwar-master\tankwar-master\src\org\lionsoul\tankwar\GameResult.java,org.lionsoul.tankwar.GameResult,"GameResult/5[int,int,int,int,javax.swing.ImageIcon]",offset,3
E:\OOD\main\tankwar-master\tankwar-master\src\org\lionsoul\tankwar\GameResult.java,org.lionsoul.tankwar.GameResult,"GameResult/5[int,int,int,int,javax.swing.ImageIcon]",w,2
E:\OOD\main\tankwar-master\tankwar-master\src\org\lionsoul\tankwar\GameResult.java,org.lionsoul.tankwar.GameResult,"GameResult/5[int,int,int,int,javax.swing.ImageIcon]",h,2
E:\OOD\main\tankwar-master\tankwar-master\src\org\lionsoul\tankwar\GameResult.java,org.lionsoul.tankwar.GameResult,"GameResult/5[int,int,int,int,javax.swing.ImageIcon]",icon,2
