file,class,method,variable,usage
E:\OOD\main\Pacman-Game-master\Pacman-Game-master\src\Pacman\Board.java,Pacman.Board,getImages/0,pacman2right,1
E:\OOD\main\Pacman-Game-master\Pacman-Game-master\src\Pacman\Board.java,Pacman.Board,getImages/0,pacman3down,1
E:\OOD\main\Pacman-Game-master\Pacman-Game-master\src\Pacman\Board.java,Pacman.Board,getImages/0,pacman4left,1
E:\OOD\main\Pacman-Game-master\Pacman-Game-master\src\Pacman\Board.java,Pacman.Board,getImages/0,pacman2left,1
E:\OOD\main\Pacman-Game-master\Pacman-Game-master\src\Pacman\Board.java,Pacman.Board,getImages/0,pacman4right,1
E:\OOD\main\Pacman-Game-master\Pacman-Game-master\src\Pacman\Board.java,Pacman.Board,getImages/0,pacman1,1
E:\OOD\main\Pacman-Game-master\Pacman-Game-master\src\Pacman\Board.java,Pacman.Board,getImages/0,pacman2up,1
E:\OOD\main\Pacman-Game-master\Pacman-Game-master\src\Pacman\Board.java,Pacman.Board,getImages/0,pacman4up,1
E:\OOD\main\Pacman-Game-master\Pacman-Game-master\src\Pacman\Board.java,Pacman.Board,getImages/0,ghost,1
E:\OOD\main\Pacman-Game-master\Pacman-Game-master\src\Pacman\Board.java,Pacman.Board,getImages/0,pacman3up,1
E:\OOD\main\Pacman-Game-master\Pacman-Game-master\src\Pacman\Board.java,Pacman.Board,getImages/0,pacman2down,1
E:\OOD\main\Pacman-Game-master\Pacman-Game-master\src\Pacman\Board.java,Pacman.Board,getImages/0,pacman4down,1
E:\OOD\main\Pacman-Game-master\Pacman-Game-master\src\Pacman\Board.java,Pacman.Board,getImages/0,pacman3left,1
E:\OOD\main\Pacman-Game-master\Pacman-Game-master\src\Pacman\Board.java,Pacman.Board,getImages/0,pacman3right,1
E:\OOD\main\Pacman-Game-master\Pacman-Game-master\src\Pacman\Board.java,Pacman.Board,continueLevel/0,blocksize,4
E:\OOD\main\Pacman-Game-master\Pacman-Game-master\src\Pacman\Board.java,Pacman.Board,continueLevel/0,pacmandy,1
E:\OOD\main\Pacman-Game-master\Pacman-Game-master\src\Pacman\Board.java,Pacman.Board,continueLevel/0,pacmandx,1
E:\OOD\main\Pacman-Game-master\Pacman-Game-master\src\Pacman\Board.java,Pacman.Board,continueLevel/0,reqdx,1
E:\OOD\main\Pacman-Game-master\Pacman-Game-master\src\Pacman\Board.java,Pacman.Board,continueLevel/0,reqdy,1
E:\OOD\main\Pacman-Game-master\Pacman-Game-master\src\Pacman\Board.java,Pacman.Board,continueLevel/0,nrofghosts,1
E:\OOD\main\Pacman-Game-master\Pacman-Game-master\src\Pacman\Board.java,Pacman.Board,continueLevel/0,ghostdy,1
E:\OOD\main\Pacman-Game-master\Pacman-Game-master\src\Pacman\Board.java,Pacman.Board,continueLevel/0,viewdy,1
E:\OOD\main\Pacman-Game-master\Pacman-Game-master\src\Pacman\Board.java,Pacman.Board,continueLevel/0,viewdx,1
E:\OOD\main\Pacman-Game-master\Pacman-Game-master\src\Pacman\Board.java,Pacman.Board,continueLevel/0,currentspeed,3
E:\OOD\main\Pacman-Game-master\Pacman-Game-master\src\Pacman\Board.java,Pacman.Board,continueLevel/0,ghostdx,1
E:\OOD\main\Pacman-Game-master\Pacman-Game-master\src\Pacman\Board.java,Pacman.Board,continueLevel/0,dying,1
E:\OOD\main\Pacman-Game-master\Pacman-Game-master\src\Pacman\Board.java,Pacman.Board,continueLevel/0,validspeeds,1
E:\OOD\main\Pacman-Game-master\Pacman-Game-master\src\Pacman\Board.java,Pacman.Board,continueLevel/0,pacmanx,1
E:\OOD\main\Pacman-Game-master\Pacman-Game-master\src\Pacman\Board.java,Pacman.Board,continueLevel/0,pacmany,1
E:\OOD\main\Pacman-Game-master\Pacman-Game-master\src\Pacman\Board.java,Pacman.Board,continueLevel/0,ghostx,1
E:\OOD\main\Pacman-Game-master\Pacman-Game-master\src\Pacman\Board.java,Pacman.Board,continueLevel/0,ghosty,1
E:\OOD\main\Pacman-Game-master\Pacman-Game-master\src\Pacman\Board.java,Pacman.Board,continueLevel/0,ghostspeed,1
E:\OOD\main\Pacman-Game-master\Pacman-Game-master\src\Pacman\Board.java,Pacman.Board,playGame/1[java.awt.Graphics2D],dying,1
E:\OOD\main\Pacman-Game-master\Pacman-Game-master\src\Pacman\Board.java,Pacman.Board,isDeath/0,ingame,1
E:\OOD\main\Pacman-Game-master\Pacman-Game-master\src\Pacman\Board.java,Pacman.Board,isDeath/0,pacsleft,2
E:\OOD\main\Pacman-Game-master\Pacman-Game-master\src\Pacman\Board.java,Pacman.Board,drawScore/1[java.awt.Graphics2D],smallfont,1
E:\OOD\main\Pacman-Game-master\Pacman-Game-master\src\Pacman\Board.java,Pacman.Board,drawScore/1[java.awt.Graphics2D],score,1
E:\OOD\main\Pacman-Game-master\Pacman-Game-master\src\Pacman\Board.java,Pacman.Board,drawScore/1[java.awt.Graphics2D],pacman3left,1
E:\OOD\main\Pacman-Game-master\Pacman-Game-master\src\Pacman\Board.java,Pacman.Board,drawScore/1[java.awt.Graphics2D],scrsize,3
E:\OOD\main\Pacman-Game-master\Pacman-Game-master\src\Pacman\Board.java,Pacman.Board,drawScore/1[java.awt.Graphics2D],pacsleft,1
E:\OOD\main\Pacman-Game-master\Pacman-Game-master\src\Pacman\Board.java,Pacman.Board,drawPacmanLeft/1[java.awt.Graphics2D],pacmanx,4
E:\OOD\main\Pacman-Game-master\Pacman-Game-master\src\Pacman\Board.java,Pacman.Board,drawPacmanLeft/1[java.awt.Graphics2D],pacmany,4
E:\OOD\main\Pacman-Game-master\Pacman-Game-master\src\Pacman\Board.java,Pacman.Board,drawPacmanLeft/1[java.awt.Graphics2D],pacman3left,1
E:\OOD\main\Pacman-Game-master\Pacman-Game-master\src\Pacman\Board.java,Pacman.Board,drawPacmanLeft/1[java.awt.Graphics2D],pacman4left,1
E:\OOD\main\Pacman-Game-master\Pacman-Game-master\src\Pacman\Board.java,Pacman.Board,drawPacmanLeft/1[java.awt.Graphics2D],pacman2left,1
E:\OOD\main\Pacman-Game-master\Pacman-Game-master\src\Pacman\Board.java,Pacman.Board,drawPacmanLeft/1[java.awt.Graphics2D],pacmananimpos,1
E:\OOD\main\Pacman-Game-master\Pacman-Game-master\src\Pacman\Board.java,Pacman.Board,drawPacmanLeft/1[java.awt.Graphics2D],pacman1,1
E:\OOD\main\Pacman-Game-master\Pacman-Game-master\src\Pacman\Board.java,Pacman.Board,movePacman/0,pacmandy,11
E:\OOD\main\Pacman-Game-master\Pacman-Game-master\src\Pacman\Board.java,Pacman.Board,movePacman/0,blocksize,4
E:\OOD\main\Pacman-Game-master\Pacman-Game-master\src\Pacman\Board.java,Pacman.Board,movePacman/0,pacmandx,11
E:\OOD\main\Pacman-Game-master\Pacman-Game-master\src\Pacman\Board.java,Pacman.Board,movePacman/0,reqdx,8
E:\OOD\main\Pacman-Game-master\Pacman-Game-master\src\Pacman\Board.java,Pacman.Board,movePacman/0,reqdy,8
E:\OOD\main\Pacman-Game-master\Pacman-Game-master\src\Pacman\Board.java,Pacman.Board,movePacman/0,nrofblocks,1
E:\OOD\main\Pacman-Game-master\Pacman-Game-master\src\Pacman\Board.java,Pacman.Board,movePacman/0,viewdy,2
E:\OOD\main\Pacman-Game-master\Pacman-Game-master\src\Pacman\Board.java,Pacman.Board,movePacman/0,viewdx,2
E:\OOD\main\Pacman-Game-master\Pacman-Game-master\src\Pacman\Board.java,Pacman.Board,movePacman/0,pacmanspeed,2
E:\OOD\main\Pacman-Game-master\Pacman-Game-master\src\Pacman\Board.java,Pacman.Board,movePacman/0,screendata,2
E:\OOD\main\Pacman-Game-master\Pacman-Game-master\src\Pacman\Board.java,Pacman.Board,movePacman/0,score,1
E:\OOD\main\Pacman-Game-master\Pacman-Game-master\src\Pacman\Board.java,Pacman.Board,movePacman/0,pacmanx,4
E:\OOD\main\Pacman-Game-master\Pacman-Game-master\src\Pacman\Board.java,Pacman.Board,movePacman/0,pacmany,4
E:\OOD\main\Pacman-Game-master\Pacman-Game-master\src\Pacman\Board.java,Pacman.Board,Board/0,d,1
E:\OOD\main\Pacman-Game-master\Pacman-Game-master\src\Pacman\Board.java,Pacman.Board,Board/0,nrofblocks,2
E:\OOD\main\Pacman-Game-master\Pacman-Game-master\src\Pacman\Board.java,Pacman.Board,Board/0,ghostdy,1
E:\OOD\main\Pacman-Game-master\Pacman-Game-master\src\Pacman\Board.java,Pacman.Board,Board/0,mazecolor,1
E:\OOD\main\Pacman-Game-master\Pacman-Game-master\src\Pacman\Board.java,Pacman.Board,Board/0,ghostdx,1
E:\OOD\main\Pacman-Game-master\Pacman-Game-master\src\Pacman\Board.java,Pacman.Board,Board/0,screendata,1
E:\OOD\main\Pacman-Game-master\Pacman-Game-master\src\Pacman\Board.java,Pacman.Board,Board/0,timer,2
E:\OOD\main\Pacman-Game-master\Pacman-Game-master\src\Pacman\Board.java,Pacman.Board,Board/0,dx,1
E:\OOD\main\Pacman-Game-master\Pacman-Game-master\src\Pacman\Board.java,Pacman.Board,Board/0,dy,1
E:\OOD\main\Pacman-Game-master\Pacman-Game-master\src\Pacman\Board.java,Pacman.Board,Board/0,ghostx,1
E:\OOD\main\Pacman-Game-master\Pacman-Game-master\src\Pacman\Board.java,Pacman.Board,Board/0,maxghosts,5
E:\OOD\main\Pacman-Game-master\Pacman-Game-master\src\Pacman\Board.java,Pacman.Board,Board/0,ghosty,1
E:\OOD\main\Pacman-Game-master\Pacman-Game-master\src\Pacman\Board.java,Pacman.Board,Board/0,ghostspeed,1
E:\OOD\main\Pacman-Game-master\Pacman-Game-master\src\Pacman\Board.java,Pacman.Board,drawPacmanUp/1[java.awt.Graphics2D],pacman2up,1
E:\OOD\main\Pacman-Game-master\Pacman-Game-master\src\Pacman\Board.java,Pacman.Board,drawPacmanUp/1[java.awt.Graphics2D],pacman4up,1
E:\OOD\main\Pacman-Game-master\Pacman-Game-master\src\Pacman\Board.java,Pacman.Board,drawPacmanUp/1[java.awt.Graphics2D],pacman3up,1
E:\OOD\main\Pacman-Game-master\Pacman-Game-master\src\Pacman\Board.java,Pacman.Board,drawPacmanUp/1[java.awt.Graphics2D],pacmanx,4
E:\OOD\main\Pacman-Game-master\Pacman-Game-master\src\Pacman\Board.java,Pacman.Board,drawPacmanUp/1[java.awt.Graphics2D],pacmany,4
E:\OOD\main\Pacman-Game-master\Pacman-Game-master\src\Pacman\Board.java,Pacman.Board,drawPacmanUp/1[java.awt.Graphics2D],pacmananimpos,1
E:\OOD\main\Pacman-Game-master\Pacman-Game-master\src\Pacman\Board.java,Pacman.Board,drawPacmanUp/1[java.awt.Graphics2D],pacman1,1
E:\OOD\main\Pacman-Game-master\Pacman-Game-master\src\Pacman\Board.java,Pacman.Board,doAnimation/0,pacanimcount,3
E:\OOD\main\Pacman-Game-master\Pacman-Game-master\src\Pacman\Board.java,Pacman.Board,doAnimation/0,pacmananimcount,1
E:\OOD\main\Pacman-Game-master\Pacman-Game-master\src\Pacman\Board.java,Pacman.Board,doAnimation/0,pacanimdelay,1
E:\OOD\main\Pacman-Game-master\Pacman-Game-master\src\Pacman\Board.java,Pacman.Board,doAnimation/0,pacanimdir,3
E:\OOD\main\Pacman-Game-master\Pacman-Game-master\src\Pacman\Board.java,Pacman.Board,doAnimation/0,pacmananimpos,4
E:\OOD\main\Pacman-Game-master\Pacman-Game-master\src\Pacman\Board.java,Pacman.Board,"drawGhost/3[java.awt.Graphics2D,int,int]",ghost,1
E:\OOD\main\Pacman-Game-master\Pacman-Game-master\src\Pacman\Board.java,Pacman.Board,drawPacmanDown/1[java.awt.Graphics2D],pacman3down,1
E:\OOD\main\Pacman-Game-master\Pacman-Game-master\src\Pacman\Board.java,Pacman.Board,drawPacmanDown/1[java.awt.Graphics2D],pacman2down,1
E:\OOD\main\Pacman-Game-master\Pacman-Game-master\src\Pacman\Board.java,Pacman.Board,drawPacmanDown/1[java.awt.Graphics2D],pacmanx,4
E:\OOD\main\Pacman-Game-master\Pacman-Game-master\src\Pacman\Board.java,Pacman.Board,drawPacmanDown/1[java.awt.Graphics2D],pacmany,4
E:\OOD\main\Pacman-Game-master\Pacman-Game-master\src\Pacman\Board.java,Pacman.Board,drawPacmanDown/1[java.awt.Graphics2D],pacman4down,1
E:\OOD\main\Pacman-Game-master\Pacman-Game-master\src\Pacman\Board.java,Pacman.Board,drawPacmanDown/1[java.awt.Graphics2D],pacmananimpos,1
E:\OOD\main\Pacman-Game-master\Pacman-Game-master\src\Pacman\Board.java,Pacman.Board,drawPacmanDown/1[java.awt.Graphics2D],pacman1,1
E:\OOD\main\Pacman-Game-master\Pacman-Game-master\src\Pacman\Board.java,Pacman.Board,"continueGame/4[int,int,int,int]",score,1
E:\OOD\main\Pacman-Game-master\Pacman-Game-master\src\Pacman\Board.java,Pacman.Board,"continueGame/4[int,int,int,int]",paclifes,2
E:\OOD\main\Pacman-Game-master\Pacman-Game-master\src\Pacman\Board.java,Pacman.Board,"continueGame/4[int,int,int,int]",nrofghosts,1
E:\OOD\main\Pacman-Game-master\Pacman-Game-master\src\Pacman\Board.java,Pacman.Board,"continueGame/4[int,int,int,int]",currentspeed,1
E:\OOD\main\Pacman-Game-master\Pacman-Game-master\src\Pacman\Board.java,Pacman.Board,"continueGame/4[int,int,int,int]",pacsleft,1
E:\OOD\main\Pacman-Game-master\Pacman-Game-master\src\Pacman\Board.java,Pacman.Board,checkMaze/0,screendata,1
E:\OOD\main\Pacman-Game-master\Pacman-Game-master\src\Pacman\Board.java,Pacman.Board,checkMaze/0,score,1
E:\OOD\main\Pacman-Game-master\Pacman-Game-master\src\Pacman\Board.java,Pacman.Board,checkMaze/0,nrofblocks,2
E:\OOD\main\Pacman-Game-master\Pacman-Game-master\src\Pacman\Board.java,Pacman.Board,checkMaze/0,ingame,1
E:\OOD\main\Pacman-Game-master\Pacman-Game-master\src\Pacman\Board.java,Pacman.Board,moveGhosts/1[java.awt.Graphics2D],blocksize,4
E:\OOD\main\Pacman-Game-master\Pacman-Game-master\src\Pacman\Board.java,Pacman.Board,moveGhosts/1[java.awt.Graphics2D],nrofblocks,1
E:\OOD\main\Pacman-Game-master\Pacman-Game-master\src\Pacman\Board.java,Pacman.Board,moveGhosts/1[java.awt.Graphics2D],nrofghosts,1
E:\OOD\main\Pacman-Game-master\Pacman-Game-master\src\Pacman\Board.java,Pacman.Board,moveGhosts/1[java.awt.Graphics2D],ghostdy,7
E:\OOD\main\Pacman-Game-master\Pacman-Game-master\src\Pacman\Board.java,Pacman.Board,moveGhosts/1[java.awt.Graphics2D],deathcounter,1
E:\OOD\main\Pacman-Game-master\Pacman-Game-master\src\Pacman\Board.java,Pacman.Board,moveGhosts/1[java.awt.Graphics2D],ghostdx,7
E:\OOD\main\Pacman-Game-master\Pacman-Game-master\src\Pacman\Board.java,Pacman.Board,moveGhosts/1[java.awt.Graphics2D],screendata,5
E:\OOD\main\Pacman-Game-master\Pacman-Game-master\src\Pacman\Board.java,Pacman.Board,moveGhosts/1[java.awt.Graphics2D],dx,5
E:\OOD\main\Pacman-Game-master\Pacman-Game-master\src\Pacman\Board.java,Pacman.Board,moveGhosts/1[java.awt.Graphics2D],dying,1
E:\OOD\main\Pacman-Game-master\Pacman-Game-master\src\Pacman\Board.java,Pacman.Board,moveGhosts/1[java.awt.Graphics2D],dy,5
E:\OOD\main\Pacman-Game-master\Pacman-Game-master\src\Pacman\Board.java,Pacman.Board,moveGhosts/1[java.awt.Graphics2D],pacmanx,2
E:\OOD\main\Pacman-Game-master\Pacman-Game-master\src\Pacman\Board.java,Pacman.Board,moveGhosts/1[java.awt.Graphics2D],pacmany,2
E:\OOD\main\Pacman-Game-master\Pacman-Game-master\src\Pacman\Board.java,Pacman.Board,moveGhosts/1[java.awt.Graphics2D],ghostx,7
E:\OOD\main\Pacman-Game-master\Pacman-Game-master\src\Pacman\Board.java,Pacman.Board,moveGhosts/1[java.awt.Graphics2D],ghosty,7
E:\OOD\main\Pacman-Game-master\Pacman-Game-master\src\Pacman\Board.java,Pacman.Board,moveGhosts/1[java.awt.Graphics2D],ghostspeed,2
E:\OOD\main\Pacman-Game-master\Pacman-Game-master\src\Pacman\Board.java,Pacman.Board,moveGhosts/1[java.awt.Graphics2D],ingame,1
E:\OOD\main\Pacman-Game-master\Pacman-Game-master\src\Pacman\Board.java,Pacman.Board,showIntroScreen/1[java.awt.Graphics2D],scrsize,6
E:\OOD\main\Pacman-Game-master\Pacman-Game-master\src\Pacman\Board.java,Pacman.Board,drawMaze/1[java.awt.Graphics2D],blocksize,10
E:\OOD\main\Pacman-Game-master\Pacman-Game-master\src\Pacman\Board.java,Pacman.Board,drawMaze/1[java.awt.Graphics2D],screendata,5
E:\OOD\main\Pacman-Game-master\Pacman-Game-master\src\Pacman\Board.java,Pacman.Board,drawMaze/1[java.awt.Graphics2D],dotcolor,1
E:\OOD\main\Pacman-Game-master\Pacman-Game-master\src\Pacman\Board.java,Pacman.Board,drawMaze/1[java.awt.Graphics2D],mazecolor,1
E:\OOD\main\Pacman-Game-master\Pacman-Game-master\src\Pacman\Board.java,Pacman.Board,drawMaze/1[java.awt.Graphics2D],scrsize,2
E:\OOD\main\Pacman-Game-master\Pacman-Game-master\src\Pacman\Board.java,Pacman.Board,paint/1[java.awt.Graphics],ii,1
E:\OOD\main\Pacman-Game-master\Pacman-Game-master\src\Pacman\Board.java,Pacman.Board,paint/1[java.awt.Graphics],ingame,1
E:\OOD\main\Pacman-Game-master\Pacman-Game-master\src\Pacman\Board.java,Pacman.Board,initLevel/0,screendata,1
E:\OOD\main\Pacman-Game-master\Pacman-Game-master\src\Pacman\Board.java,Pacman.Board,initLevel/0,leveldata,1
E:\OOD\main\Pacman-Game-master\Pacman-Game-master\src\Pacman\Board.java,Pacman.Board,initLevel/0,nrofblocks,2
E:\OOD\main\Pacman-Game-master\Pacman-Game-master\src\Pacman\Board.java,Pacman.Board,drawPacman/1[java.awt.Graphics2D],viewdy,1
E:\OOD\main\Pacman-Game-master\Pacman-Game-master\src\Pacman\Board.java,Pacman.Board,drawPacman/1[java.awt.Graphics2D],viewdx,2
E:\OOD\main\Pacman-Game-master\Pacman-Game-master\src\Pacman\Board.java,Pacman.Board,initGame/0,score,1
E:\OOD\main\Pacman-Game-master\Pacman-Game-master\src\Pacman\Board.java,Pacman.Board,initGame/0,ghosts,1
E:\OOD\main\Pacman-Game-master\Pacman-Game-master\src\Pacman\Board.java,Pacman.Board,initGame/0,paclifes,1
E:\OOD\main\Pacman-Game-master\Pacman-Game-master\src\Pacman\Board.java,Pacman.Board,initGame/0,nrofghosts,1
E:\OOD\main\Pacman-Game-master\Pacman-Game-master\src\Pacman\Board.java,Pacman.Board,initGame/0,currentspeed,1
E:\OOD\main\Pacman-Game-master\Pacman-Game-master\src\Pacman\Board.java,Pacman.Board,initGame/0,pacsleft,1
E:\OOD\main\Pacman-Game-master\Pacman-Game-master\src\Pacman\Board.java,Pacman.Board,drawPacmanRight/1[java.awt.Graphics2D],pacman2right,1
E:\OOD\main\Pacman-Game-master\Pacman-Game-master\src\Pacman\Board.java,Pacman.Board,drawPacmanRight/1[java.awt.Graphics2D],pacmanx,4
E:\OOD\main\Pacman-Game-master\Pacman-Game-master\src\Pacman\Board.java,Pacman.Board,drawPacmanRight/1[java.awt.Graphics2D],pacmany,4
E:\OOD\main\Pacman-Game-master\Pacman-Game-master\src\Pacman\Board.java,Pacman.Board,drawPacmanRight/1[java.awt.Graphics2D],pacman3right,1
E:\OOD\main\Pacman-Game-master\Pacman-Game-master\src\Pacman\Board.java,Pacman.Board,drawPacmanRight/1[java.awt.Graphics2D],pacman4right,1
E:\OOD\main\Pacman-Game-master\Pacman-Game-master\src\Pacman\Board.java,Pacman.Board,drawPacmanRight/1[java.awt.Graphics2D],pacmananimpos,1
E:\OOD\main\Pacman-Game-master\Pacman-Game-master\src\Pacman\Board.java,Pacman.Board,drawPacmanRight/1[java.awt.Graphics2D],pacman1,1
