file,class,method,constructor,line,cbo,cboModified,fanin,fanout,wmc,rfc,loc,returnsQty,variablesQty,parametersQty,methodsInvokedQty,methodsInvokedLocalQty,methodsInvokedIndirectLocalQty,loopQty,comparisonsQty,tryCatchQty,parenthesizedExpsQty,stringLiteralsQty,numbersQty,assignmentsQty,mathOperationsQty,maxNestedBlocksQty,anonymousClassesQty,innerClassesQty,lambdasQty,uniqueWordsQty,modifiers,logStatementsQty,hasJavaDoc
E:\OOD\main\Pacman-Game-master\Pacman-Game-master\src\Pacman\PacMan.java,Pacman.PacMan,main/1[java.lang.String[]],false,17,1,1,0,1,1,0,3,0,0,1,0,0,0,0,0,0,0,0,0,0,0,0,0,0,0,4,9,0,false
E:\OOD\main\Pacman-Game-master\Pacman-Game-master\src\Pacman\PacMan.java,Pacman.PacMan,PacMan/0,true,8,1,2,1,1,1,6,8,0,0,0,6,0,0,0,0,0,0,1,2,0,0,0,0,0,0,26,1,0,false
E:\OOD\main\Pacman-Game-master\Pacman-Game-master\src\Pacman\Board.java,Pacman.Board,getImages/0,false,496,0,1,1,0,1,1,16,0,0,0,1,0,0,0,0,0,0,14,0,14,0,0,0,0,0,18,1,0,false
E:\OOD\main\Pacman-Game-master\Pacman-Game-master\src\Pacman\Board.java,Pacman.Board,continueLevel/0,false,468,0,2,2,0,3,1,24,0,3,0,1,0,0,1,0,0,2,0,14,19,6,2,0,0,0,18,1,0,false
E:\OOD\main\Pacman-Game-master\Pacman-Game-master\src\Pacman\Board.java,Pacman.Board,playGame/1[java.awt.Graphics2D],false,131,1,6,1,5,2,5,11,0,0,1,5,5,4,0,0,0,0,0,0,0,0,1,0,0,0,14,1,0,false
E:\OOD\main\Pacman-Game-master\Pacman-Game-master\src\Pacman\Board.java,Pacman.Board,isDeath/0,false,200,1,2,1,1,2,1,5,0,0,0,1,1,1,0,1,0,0,0,1,1,0,1,0,0,0,7,1,0,false
E:\OOD\main\Pacman-Game-master\Pacman-Game-master\src\Pacman\Board.java,Pacman.Board,drawScore/1[java.awt.Graphics2D],false,160,0,1,1,0,2,4,11,0,2,1,4,0,0,1,0,0,0,1,10,2,7,1,0,0,0,11,1,0,false
E:\OOD\main\Pacman-Game-master\Pacman-Game-master\src\Pacman\Board.java,Pacman.Board,drawPacmanLeft/1[java.awt.Graphics2D],false,370,0,1,1,0,4,1,16,0,0,1,1,0,0,0,0,0,0,0,11,0,8,1,0,0,0,7,1,0,false
E:\OOD\main\Pacman-Game-master\Pacman-Game-master\src\Pacman\Board.java,Pacman.Board,movePacman/0,false,277,0,1,1,0,41,0,32,0,2,0,0,0,0,0,31,0,20,0,41,15,10,3,0,0,0,16,1,0,false
E:\OOD\main\Pacman-Game-master\Pacman-Game-master\src\Pacman\Board.java,Pacman.Board,Board/0,true,89,4,3,1,2,1,6,19,0,0,0,6,1,1,0,0,0,0,0,8,11,1,0,0,0,0,28,1,0,false
E:\OOD\main\Pacman-Game-master\Pacman-Game-master\src\Pacman\Board.java,Pacman.Board,actionPerformed/1[java.awt.event.ActionEvent],false,579,0,0,0,0,1,1,3,0,0,1,1,0,0,0,0,0,0,0,0,0,0,0,0,0,0,6,1,0,false
E:\OOD\main\Pacman-Game-master\Pacman-Game-master\src\Pacman\Board.java,Pacman.Board,drawPacmanUp/1[java.awt.Graphics2D],false,334,0,1,1,0,4,1,16,0,0,1,1,0,0,0,0,0,0,0,11,0,8,1,0,0,0,7,1,0,false
E:\OOD\main\Pacman-Game-master\Pacman-Game-master\src\Pacman\Board.java,Pacman.Board,doAnimation/0,false,120,0,1,1,0,4,0,8,0,0,0,0,0,0,0,2,0,1,0,3,3,2,2,0,0,0,7,1,0,false
E:\OOD\main\Pacman-Game-master\Pacman-Game-master\src\Pacman\Board.java,Pacman.Board,"drawGhost/3[java.awt.Graphics2D,int,int]",false,272,0,1,1,0,1,1,3,0,0,3,1,0,0,0,0,0,0,0,0,0,0,0,0,0,0,5,1,0,false
E:\OOD\main\Pacman-Game-master\Pacman-Game-master\src\Pacman\Board.java,Pacman.Board,drawPacmanDown/1[java.awt.Graphics2D],false,352,0,1,1,0,4,1,16,0,0,1,1,0,0,0,0,0,0,0,11,0,8,1,0,0,0,7,1,0,false
E:\OOD\main\Pacman-Game-master\Pacman-Game-master\src\Pacman\Board.java,Pacman.Board,addNotify/0,false,114,1,1,0,1,1,2,4,0,0,0,2,1,3,0,0,0,0,0,0,0,0,0,0,0,0,4,1,0,false
E:\OOD\main\Pacman-Game-master\Pacman-Game-master\src\Pacman\Board.java,Pacman.Board,"continueGame/4[int,int,int,int]",false,451,1,1,0,1,1,1,7,0,0,4,1,1,2,0,0,0,0,0,0,4,0,0,0,0,0,12,1,0,false
E:\OOD\main\Pacman-Game-master\Pacman-Game-master\src\Pacman\Board.java,Pacman.Board,checkMaze/0,false,174,0,1,1,0,6,0,16,0,2,0,0,0,0,1,3,0,0,0,3,6,1,3,0,0,0,9,1,0,false
E:\OOD\main\Pacman-Game-master\Pacman-Game-master\src\Pacman\Board.java,Pacman.Board,moveGhosts/1[java.awt.Graphics2D],false,209,1,2,1,1,25,2,54,0,3,1,2,1,1,1,12,0,13,0,38,23,17,4,0,0,0,19,1,0,false
E:\OOD\main\Pacman-Game-master\Pacman-Game-master\src\Pacman\Board.java,Pacman.Board,showIntroScreen/1[java.awt.Graphics2D],false,143,0,1,1,0,1,7,12,0,3,1,7,0,0,0,0,0,1,2,16,3,9,0,0,0,0,15,1,0,false
E:\OOD\main\Pacman-Game-master\Pacman-Game-master\src\Pacman\Board.java,Pacman.Board,drawMaze/1[java.awt.Graphics2D],false,406,0,1,1,0,13,4,27,0,3,1,4,0,0,2,5,0,5,0,26,5,18,3,0,0,0,14,1,0,false
E:\OOD\main\Pacman-Game-master\Pacman-Game-master\src\Pacman\Board.java,Pacman.Board,paint/1[java.awt.Graphics],false,515,1,5,0,5,2,12,14,0,1,1,12,5,5,0,0,0,0,0,4,1,0,1,0,0,0,17,1,0,false
E:\OOD\main\Pacman-Game-master\Pacman-Game-master\src\Pacman\Board.java,Pacman.Board,initLevel/0,false,459,1,3,2,1,2,1,5,0,1,0,1,1,1,1,0,0,0,0,1,2,1,1,0,0,0,5,1,0,false
E:\OOD\main\Pacman-Game-master\Pacman-Game-master\src\Pacman\Board.java,Pacman.Board,drawPacman/1[java.awt.Graphics2D],false,323,1,5,1,4,4,4,6,0,0,1,4,4,1,0,3,0,0,0,3,0,0,3,0,0,0,11,1,0,false
E:\OOD\main\Pacman-Game-master\Pacman-Game-master\src\Pacman\Board.java,Pacman.Board,initGame/0,false,443,1,3,2,1,1,1,7,0,0,0,1,1,2,0,0,0,0,0,2,4,0,0,0,0,0,9,1,0,false
E:\OOD\main\Pacman-Game-master\Pacman-Game-master\src\Pacman\Board.java,Pacman.Board,drawPacmanRight/1[java.awt.Graphics2D],false,388,0,1,1,0,4,1,16,0,0,1,1,0,0,0,0,0,0,0,11,0,8,1,0,0,0,7,1,0,false
E:\OOD\main\Pacman-Game-master\Pacman-Game-master\src\Pacman\Board.java,Pacman.Board$TAdapter,keyReleased/1[java.awt.event.KeyEvent],false,568,0,0,0,0,5,1,7,0,1,1,1,0,0,0,4,0,0,1,2,3,0,1,0,0,0,7,1,0,false
E:\OOD\main\Pacman-Game-master\Pacman-Game-master\src\Pacman\Board.java,Pacman.Board$TAdapter,keyPressed/1[java.awt.event.KeyEvent],false,535,1,1,0,1,12,5,34,0,1,1,5,0,0,0,8,0,0,0,8,11,0,3,0,0,0,12,1,0,false
