file,class,method,variable,usage
E:\OOD\main\Pacman-Game-master\Pacman-Game-master\src\Pacman\PacMan.java,Pacman.PacMan,main/1[java.lang.String[]],args,0
E:\OOD\main\Pacman-Game-master\Pacman-Game-master\src\Pacman\Board.java,Pacman.Board,continueLevel/0,random,5
E:\OOD\main\Pacman-Game-master\Pacman-Game-master\src\Pacman\Board.java,Pacman.Board,continueLevel/0,dx,3
E:\OOD\main\Pacman-Game-master\Pacman-Game-master\src\Pacman\Board.java,Pacman.Board,continueLevel/0,i,8
E:\OOD\main\Pacman-Game-master\Pacman-Game-master\src\Pacman\Board.java,Pacman.Board,playGame/1[java.awt.Graphics2D],g2d,2
E:\OOD\main\Pacman-Game-master\Pacman-Game-master\src\Pacman\Board.java,Pacman.Board,drawScore/1[java.awt.Graphics2D],s,2
E:\OOD\main\Pacman-Game-master\Pacman-Game-master\src\Pacman\Board.java,Pacman.Board,drawScore/1[java.awt.Graphics2D],g,4
E:\OOD\main\Pacman-Game-master\Pacman-Game-master\src\Pacman\Board.java,Pacman.Board,drawScore/1[java.awt.Graphics2D],i,4
E:\OOD\main\Pacman-Game-master\Pacman-Game-master\src\Pacman\Board.java,Pacman.Board,drawPacmanLeft/1[java.awt.Graphics2D],g2d,4
E:\OOD\main\Pacman-Game-master\Pacman-Game-master\src\Pacman\Board.java,Pacman.Board,movePacman/0,pos,3
E:\OOD\main\Pacman-Game-master\Pacman-Game-master\src\Pacman\Board.java,Pacman.Board,movePacman/0,ch,11
E:\OOD\main\Pacman-Game-master\Pacman-Game-master\src\Pacman\Board.java,Pacman.Board,actionPerformed/1[java.awt.event.ActionEvent],e,0
E:\OOD\main\Pacman-Game-master\Pacman-Game-master\src\Pacman\Board.java,Pacman.Board,drawPacmanUp/1[java.awt.Graphics2D],g2d,4
E:\OOD\main\Pacman-Game-master\Pacman-Game-master\src\Pacman\Board.java,Pacman.Board,"drawGhost/3[java.awt.Graphics2D,int,int]",g2d,1
E:\OOD\main\Pacman-Game-master\Pacman-Game-master\src\Pacman\Board.java,Pacman.Board,"drawGhost/3[java.awt.Graphics2D,int,int]",x,1
E:\OOD\main\Pacman-Game-master\Pacman-Game-master\src\Pacman\Board.java,Pacman.Board,"drawGhost/3[java.awt.Graphics2D,int,int]",y,1
E:\OOD\main\Pacman-Game-master\Pacman-Game-master\src\Pacman\Board.java,Pacman.Board,drawPacmanDown/1[java.awt.Graphics2D],g2d,4
E:\OOD\main\Pacman-Game-master\Pacman-Game-master\src\Pacman\Board.java,Pacman.Board,"continueGame/4[int,int,int,int]",paclifes,1
E:\OOD\main\Pacman-Game-master\Pacman-Game-master\src\Pacman\Board.java,Pacman.Board,"continueGame/4[int,int,int,int]",thisnrofghosts,1
E:\OOD\main\Pacman-Game-master\Pacman-Game-master\src\Pacman\Board.java,Pacman.Board,"continueGame/4[int,int,int,int]",thiscurrentspeed,1
E:\OOD\main\Pacman-Game-master\Pacman-Game-master\src\Pacman\Board.java,Pacman.Board,"continueGame/4[int,int,int,int]",thisscore,1
E:\OOD\main\Pacman-Game-master\Pacman-Game-master\src\Pacman\Board.java,Pacman.Board,checkMaze/0,i,3
E:\OOD\main\Pacman-Game-master\Pacman-Game-master\src\Pacman\Board.java,Pacman.Board,checkMaze/0,finished,5
E:\OOD\main\Pacman-Game-master\Pacman-Game-master\src\Pacman\Board.java,Pacman.Board,moveGhosts/1[java.awt.Graphics2D],pos,6
E:\OOD\main\Pacman-Game-master\Pacman-Game-master\src\Pacman\Board.java,Pacman.Board,moveGhosts/1[java.awt.Graphics2D],g2d,1
E:\OOD\main\Pacman-Game-master\Pacman-Game-master\src\Pacman\Board.java,Pacman.Board,moveGhosts/1[java.awt.Graphics2D],count,20
E:\OOD\main\Pacman-Game-master\Pacman-Game-master\src\Pacman\Board.java,Pacman.Board,moveGhosts/1[java.awt.Graphics2D],i,33
E:\OOD\main\Pacman-Game-master\Pacman-Game-master\src\Pacman\Board.java,Pacman.Board,showIntroScreen/1[java.awt.Graphics2D],small,2
E:\OOD\main\Pacman-Game-master\Pacman-Game-master\src\Pacman\Board.java,Pacman.Board,showIntroScreen/1[java.awt.Graphics2D],s,2
E:\OOD\main\Pacman-Game-master\Pacman-Game-master\src\Pacman\Board.java,Pacman.Board,showIntroScreen/1[java.awt.Graphics2D],metr,1
E:\OOD\main\Pacman-Game-master\Pacman-Game-master\src\Pacman\Board.java,Pacman.Board,showIntroScreen/1[java.awt.Graphics2D],g2d,7
E:\OOD\main\Pacman-Game-master\Pacman-Game-master\src\Pacman\Board.java,Pacman.Board,drawMaze/1[java.awt.Graphics2D],g2d,8
E:\OOD\main\Pacman-Game-master\Pacman-Game-master\src\Pacman\Board.java,Pacman.Board,drawMaze/1[java.awt.Graphics2D],x,12
E:\OOD\main\Pacman-Game-master\Pacman-Game-master\src\Pacman\Board.java,Pacman.Board,drawMaze/1[java.awt.Graphics2D],i,6
E:\OOD\main\Pacman-Game-master\Pacman-Game-master\src\Pacman\Board.java,Pacman.Board,drawMaze/1[java.awt.Graphics2D],y,12
E:\OOD\main\Pacman-Game-master\Pacman-Game-master\src\Pacman\Board.java,Pacman.Board,paint/1[java.awt.Graphics],g,4
E:\OOD\main\Pacman-Game-master\Pacman-Game-master\src\Pacman\Board.java,Pacman.Board,paint/1[java.awt.Graphics],g2d,6
E:\OOD\main\Pacman-Game-master\Pacman-Game-master\src\Pacman\Board.java,Pacman.Board,initLevel/0,i,5
E:\OOD\main\Pacman-Game-master\Pacman-Game-master\src\Pacman\Board.java,Pacman.Board,drawPacman/1[java.awt.Graphics2D],g2d,4
E:\OOD\main\Pacman-Game-master\Pacman-Game-master\src\Pacman\Board.java,Pacman.Board,drawPacmanRight/1[java.awt.Graphics2D],g2d,4
E:\OOD\main\Pacman-Game-master\Pacman-Game-master\src\Pacman\Board.java,Pacman.Board$TAdapter,keyReleased/1[java.awt.event.KeyEvent],e,1
E:\OOD\main\Pacman-Game-master\Pacman-Game-master\src\Pacman\Board.java,Pacman.Board$TAdapter,keyReleased/1[java.awt.event.KeyEvent],key,4
E:\OOD\main\Pacman-Game-master\Pacman-Game-master\src\Pacman\Board.java,Pacman.Board$TAdapter,keyPressed/1[java.awt.event.KeyEvent],e,1
E:\OOD\main\Pacman-Game-master\Pacman-Game-master\src\Pacman\Board.java,Pacman.Board$TAdapter,keyPressed/1[java.awt.event.KeyEvent],key,8
