file,class,type,cbo,cboModified,fanin,fanout,wmc,dit,noc,rfc,lcom,lcom*,tcc,lcc,totalMethodsQty,staticMethodsQty,publicMethodsQty,privateMethodsQty,protectedMethodsQty,defaultMethodsQty,visibleMethodsQty,abstractMethodsQty,finalMethodsQty,synchronizedMethodsQty,totalFieldsQty,staticFieldsQty,publicFieldsQty,privateFieldsQty,protectedFieldsQty,defaultFieldsQty,finalFieldsQty,synchronizedFieldsQty,nosi,loc,returnQty,loopQty,comparisonsQty,tryCatchQty,parenthesizedExpsQty,stringLiteralsQty,numbersQty,assignmentsQty,mathOperationsQty,variablesQty,maxNestedBlocksQty,anonymousClassesQty,innerClassesQty,lambdasQty,uniqueWordsQty,modifiers,logStatementsQty
E:\OOD\main\2D-Maze-Game-main\Port1\src\MazeBeta1\MazeGameMain.java,MazeBeta1.MazeGameMain$Anonymous1,anonymous,1,1,0,1,1,1,0,0,0,0.0,NaN,NaN,1,0,1,0,0,0,1,0,0,0,0,0,0,0,0,0,0,0,0,5,0,0,0,0,0,0,0,0,0,0,0,0,0,0,4,-1,0
E:\OOD\main\2D-Maze-Game-main\Port1\src\MazeBeta1\MazeGameMain.java,MazeBeta1.MazeGameMain$TimerT,innerclass,1,1,0,1,28,1,0,10,0,0.0,NaN,NaN,1,0,1,0,0,0,1,0,0,0,0,0,0,0,0,0,0,0,1,90,0,1,4,0,1,0,1,28,1,2,4,0,0,0,35,2,0
E:\OOD\main\2D-Maze-Game-main\Port1\src\MazeBeta1\BGcomponent.java,MazeBeta1.BGcomponent,class,1,5,4,1,10,4,0,7,11,0.7857143,0.23809524,0.2857143,7,0,0,0,0,7,7,0,0,0,6,1,0,6,0,0,1,0,1,49,2,0,0,1,0,3,7,15,1,7,1,0,0,0,38,1,0
E:\OOD\main\2D-Maze-Game-main\Port1\src\MazeBeta1\GameMaze.java,MazeBeta1.GameMaze,class,3,5,2,3,41,1,0,11,0,0.16666667,0.33333334,0.33333334,3,0,2,0,0,1,3,0,0,0,2,1,0,0,0,2,0,0,3,131,0,8,26,0,3,7,105,31,69,13,5,0,0,0,26,1,0
E:\OOD\main\2D-Maze-Game-main\Port1\src\MazeBeta1\GameOver.java,MazeBeta1.GameOver,class,2,5,3,2,9,5,0,16,6,0.75000006,0.2,0.3,5,0,1,0,0,4,5,0,0,0,10,1,0,9,0,1,1,0,1,54,0,0,1,1,6,8,24,19,13,13,2,0,0,0,66,1,0
E:\OOD\main\2D-Maze-Game-main\Port1\src\MazeBeta1\MazeGameMain.java,MazeBeta1.MazeGameMain,class,11,14,3,11,72,10,0,52,157,0.8805194,0.1,0.1,22,1,4,17,0,1,5,0,0,0,22,1,0,1,0,21,1,0,2,387,4,7,1,0,3,2,51,54,31,42,4,1,2,0,115,1,0
E:\OOD\main\2D-Maze-Game-main\Port1\src\MazeBeta1\Destination.java,MazeBeta1.Destination,class,4,7,3,4,16,1,0,11,3,0.64285713,0.23809524,0.47619048,7,0,0,0,0,7,7,0,0,0,4,0,0,4,0,0,0,0,0,82,1,6,0,0,10,1,22,32,7,16,3,0,0,0,45,1,0
E:\OOD\main\2D-Maze-Game-main\Port1\src\MazeBeta1\ScreenShader.java,MazeBeta1.ScreenShader,class,1,3,2,1,3,1,0,5,0,0.5,1.0,1.0,3,0,0,0,0,3,3,0,0,0,4,0,0,3,0,1,0,0,0,23,0,0,0,0,0,0,6,6,2,5,0,0,0,0,23,1,0
E:\OOD\main\2D-Maze-Game-main\Port1\src\MazeBeta1\MazeGameMain.java,MazeBeta1.MazeGameMain$DrawingPanel,innerclass,5,5,0,5,6,5,0,10,1,1.0,0.0,0.0,2,0,1,0,0,1,2,0,0,0,1,1,0,1,0,0,1,0,0,28,0,3,0,0,3,0,7,3,8,1,1,0,0,0,41,2,0
E:\OOD\main\2D-Maze-Game-main\Port1\src\MazeBeta1\GameMaze.java,MazeBeta1.Block,class,0,1,1,0,2,4,0,0,0,0.25,1.0,1.0,2,0,2,0,0,0,2,0,0,0,4,1,0,1,0,3,1,0,0,14,1,0,0,0,0,4,1,4,1,4,0,0,0,0,15,0,0
E:\OOD\main\2D-Maze-Game-main\Port1\src\MazeBeta1\Variable.java,MazeBeta1.Variable,interface,1,8,7,1,0,1,0,0,0,NaN,-1.0,-1.0,0,0,0,0,0,0,0,0,0,0,22,3,0,0,0,22,21,0,0,24,0,0,0,0,0,0,19,22,5,22,0,0,0,0,27,1,0
E:\OOD\main\2D-Maze-Game-main\Port1\src\MazeBeta1\CameraAngle.java,MazeBeta1.CameraAngle,class,1,2,1,1,8,1,0,2,6,0.6666667,0.21428572,0.75,8,0,0,0,0,8,8,0,0,0,6,0,0,6,0,0,0,0,0,44,6,0,0,0,0,0,6,6,2,6,0,0,0,0,23,1,0
E:\OOD\main\2D-Maze-Game-main\Port1\src\MazeBeta1\PlayerSprite.java,MazeBeta1.PlayerSprite,class,2,5,3,2,15,4,0,14,30,0.7962963,0.1969697,0.3030303,12,0,0,0,0,12,12,0,0,0,9,1,0,9,0,0,1,0,1,90,6,2,0,1,2,2,10,38,8,12,2,0,0,0,61,1,0
