file,class,method,variable,usage
E:\OOD\main\2D-Maze-Game-main\Port1\src\MazeBeta1\BGcomponent.java,MazeBeta1.BGcomponent,loadImage/1[java.lang.String],path,2
E:\OOD\main\2D-Maze-Game-main\Port1\src\MazeBeta1\BGcomponent.java,MazeBeta1.BGcomponent,loadImage/1[java.lang.String],img,1
E:\OOD\main\2D-Maze-Game-main\Port1\src\MazeBeta1\BGcomponent.java,MazeBeta1.BGcomponent,getImage/0,subImg,1
E:\OOD\main\2D-Maze-Game-main\Port1\src\MazeBeta1\BGcomponent.java,MazeBeta1.BGcomponent,setImage/1[java.awt.image.BufferedImage],img,2
E:\OOD\main\2D-Maze-Game-main\Port1\src\MazeBeta1\BGcomponent.java,MazeBeta1.BGcomponent,setImage/1[java.awt.image.BufferedImage],subImg,1
E:\OOD\main\2D-Maze-Game-main\Port1\src\MazeBeta1\BGcomponent.java,MazeBeta1.BGcomponent,BGcomponent/1[int],wallFile,1
E:\OOD\main\2D-Maze-Game-main\Port1\src\MazeBeta1\BGcomponent.java,MazeBeta1.BGcomponent,BGcomponent/1[int],img,2
E:\OOD\main\2D-Maze-Game-main\Port1\src\MazeBeta1\BGcomponent.java,MazeBeta1.BGcomponent,BGcomponent/1[int],subImg,2
E:\OOD\main\2D-Maze-Game-main\Port1\src\MazeBeta1\BGcomponent.java,MazeBeta1.BGcomponent,BGcomponent/1[int],groundFile,1
E:\OOD\main\2D-Maze-Game-main\Port1\src\MazeBeta1\GameMaze.java,MazeBeta1.GameMaze,init/0,map,1
E:\OOD\main\2D-Maze-Game-main\Port1\src\MazeBeta1\GameMaze.java,MazeBeta1.GameMaze,generateMap/0,list,20
E:\OOD\main\2D-Maze-Game-main\Port1\src\MazeBeta1\GameMaze.java,MazeBeta1.GameMaze,generateMap/0,map,30
E:\OOD\main\2D-Maze-Game-main\Port1\src\MazeBeta1\GameOver.java,MazeBeta1.GameOver,loadImage/1[java.lang.String],path,4
E:\OOD\main\2D-Maze-Game-main\Port1\src\MazeBeta1\GameOver.java,MazeBeta1.GameOver,loadImage/1[java.lang.String],clearImg,1
E:\OOD\main\2D-Maze-Game-main\Port1\src\MazeBeta1\GameOver.java,MazeBeta1.GameOver,paintComponent/1[java.awt.Graphics],sec,1
E:\OOD\main\2D-Maze-Game-main\Port1\src\MazeBeta1\GameOver.java,MazeBeta1.GameOver,paintComponent/1[java.awt.Graphics],min,1
E:\OOD\main\2D-Maze-Game-main\Port1\src\MazeBeta1\GameOver.java,MazeBeta1.GameOver,paintComponent/1[java.awt.Graphics],hour,1
E:\OOD\main\2D-Maze-Game-main\Port1\src\MazeBeta1\GameOver.java,MazeBeta1.GameOver,paintComponent/1[java.awt.Graphics],clearImg,4
E:\OOD\main\2D-Maze-Game-main\Port1\src\MazeBeta1\GameOver.java,MazeBeta1.GameOver,paintComponent/1[java.awt.Graphics],font,1
E:\OOD\main\2D-Maze-Game-main\Port1\src\MazeBeta1\GameOver.java,MazeBeta1.GameOver,GameOver/0,clearFile,1
E:\OOD\main\2D-Maze-Game-main\Port1\src\MazeBeta1\GameOver.java,MazeBeta1.GameOver,getClearTime/1[long],sec,1
E:\OOD\main\2D-Maze-Game-main\Port1\src\MazeBeta1\GameOver.java,MazeBeta1.GameOver,getClearTime/1[long],min,1
E:\OOD\main\2D-Maze-Game-main\Port1\src\MazeBeta1\GameOver.java,MazeBeta1.GameOver,getClearTime/1[long],hour,1
E:\OOD\main\2D-Maze-Game-main\Port1\src\MazeBeta1\GameOver.java,MazeBeta1.GameOver,"graphicPanel/2[java.awt.Graphics,javax.swing.JPanel]",popUp,1
E:\OOD\main\2D-Maze-Game-main\Port1\src\MazeBeta1\GameOver.java,MazeBeta1.GameOver,"graphicPanel/2[java.awt.Graphics,javax.swing.JPanel]",color,2
E:\OOD\main\2D-Maze-Game-main\Port1\src\MazeBeta1\GameOver.java,MazeBeta1.GameOver,"graphicPanel/2[java.awt.Graphics,javax.swing.JPanel]",alpha,5
E:\OOD\main\2D-Maze-Game-main\Port1\src\MazeBeta1\MazeGameMain.java,MazeBeta1.MazeGameMain,setCamera/0,camera,1
E:\OOD\main\2D-Maze-Game-main\Port1\src\MazeBeta1\MazeGameMain.java,MazeBeta1.MazeGameMain,"moveComponents/2[int,int]",wallList,1
E:\OOD\main\2D-Maze-Game-main\Port1\src\MazeBeta1\MazeGameMain.java,MazeBeta1.MazeGameMain,"moveComponents/2[int,int]",finalRect,1
E:\OOD\main\2D-Maze-Game-main\Port1\src\MazeBeta1\MazeGameMain.java,MazeBeta1.MazeGameMain,"moveComponents/2[int,int]",roofList,1
E:\OOD\main\2D-Maze-Game-main\Port1\src\MazeBeta1\MazeGameMain.java,MazeBeta1.MazeGameMain,"moveComponents/2[int,int]",groundList,1
E:\OOD\main\2D-Maze-Game-main\Port1\src\MazeBeta1\MazeGameMain.java,MazeBeta1.MazeGameMain,gameOver/0,endPanel,2
E:\OOD\main\2D-Maze-Game-main\Port1\src\MazeBeta1\MazeGameMain.java,MazeBeta1.MazeGameMain,gameOver/0,mainPanel,1
E:\OOD\main\2D-Maze-Game-main\Port1\src\MazeBeta1\MazeGameMain.java,MazeBeta1.MazeGameMain,gameOver/0,secDiffTime,1
E:\OOD\main\2D-Maze-Game-main\Port1\src\MazeBeta1\MazeGameMain.java,MazeBeta1.MazeGameMain,MazeGameMain/0,beforeTime,1
E:\OOD\main\2D-Maze-Game-main\Port1\src\MazeBeta1\MazeGameMain.java,MazeBeta1.MazeGameMain,setBoard/0,mainPanel,2
E:\OOD\main\2D-Maze-Game-main\Port1\src\MazeBeta1\MazeGameMain.java,MazeBeta1.MazeGameMain,startTimer/0,timer,2
E:\OOD\main\2D-Maze-Game-main\Port1\src\MazeBeta1\MazeGameMain.java,MazeBeta1.MazeGameMain,"setWall/2[int,int]",wallList,2
E:\OOD\main\2D-Maze-Game-main\Port1\src\MazeBeta1\MazeGameMain.java,MazeBeta1.MazeGameMain,"setWall/2[int,int]",wallImg,2
E:\OOD\main\2D-Maze-Game-main\Port1\src\MazeBeta1\MazeGameMain.java,MazeBeta1.MazeGameMain,setBG/0,finalRect,1
E:\OOD\main\2D-Maze-Game-main\Port1\src\MazeBeta1\MazeGameMain.java,MazeBeta1.MazeGameMain,setBG/0,camera,6
E:\OOD\main\2D-Maze-Game-main\Port1\src\MazeBeta1\MazeGameMain.java,MazeBeta1.MazeGameMain,setBG/0,groundList,2
E:\OOD\main\2D-Maze-Game-main\Port1\src\MazeBeta1\MazeGameMain.java,MazeBeta1.MazeGameMain,playerMotion/0,isUpR,2
E:\OOD\main\2D-Maze-Game-main\Port1\src\MazeBeta1\MazeGameMain.java,MazeBeta1.MazeGameMain,playerMotion/0,isRight,1
E:\OOD\main\2D-Maze-Game-main\Port1\src\MazeBeta1\MazeGameMain.java,MazeBeta1.MazeGameMain,playerMotion/0,motion,13
E:\OOD\main\2D-Maze-Game-main\Port1\src\MazeBeta1\MazeGameMain.java,MazeBeta1.MazeGameMain,playerMotion/0,isUp,1
E:\OOD\main\2D-Maze-Game-main\Port1\src\MazeBeta1\MazeGameMain.java,MazeBeta1.MazeGameMain,playerMotion/0,isLeft,1
E:\OOD\main\2D-Maze-Game-main\Port1\src\MazeBeta1\MazeGameMain.java,MazeBeta1.MazeGameMain,playerMotion/0,isInitMotion,1
E:\OOD\main\2D-Maze-Game-main\Port1\src\MazeBeta1\MazeGameMain.java,MazeBeta1.MazeGameMain,playerMotion/0,isDownR,2
E:\OOD\main\2D-Maze-Game-main\Port1\src\MazeBeta1\MazeGameMain.java,MazeBeta1.MazeGameMain,playerMotion/0,isUpL,2
E:\OOD\main\2D-Maze-Game-main\Port1\src\MazeBeta1\MazeGameMain.java,MazeBeta1.MazeGameMain,playerMotion/0,finalMotion,2
E:\OOD\main\2D-Maze-Game-main\Port1\src\MazeBeta1\MazeGameMain.java,MazeBeta1.MazeGameMain,playerMotion/0,isDownL,2
E:\OOD\main\2D-Maze-Game-main\Port1\src\MazeBeta1\MazeGameMain.java,MazeBeta1.MazeGameMain,playerMotion/0,isDown,1
E:\OOD\main\2D-Maze-Game-main\Port1\src\MazeBeta1\MazeGameMain.java,MazeBeta1.MazeGameMain,playerMotion/0,player,1
E:\OOD\main\2D-Maze-Game-main\Port1\src\MazeBeta1\MazeGameMain.java,MazeBeta1.MazeGameMain,keyReleased/1[java.awt.event.KeyEvent],pressedKeys,1
E:\OOD\main\2D-Maze-Game-main\Port1\src\MazeBeta1\MazeGameMain.java,MazeBeta1.MazeGameMain,keyReleased/1[java.awt.event.KeyEvent],isRight,1
E:\OOD\main\2D-Maze-Game-main\Port1\src\MazeBeta1\MazeGameMain.java,MazeBeta1.MazeGameMain,keyReleased/1[java.awt.event.KeyEvent],isUp,1
E:\OOD\main\2D-Maze-Game-main\Port1\src\MazeBeta1\MazeGameMain.java,MazeBeta1.MazeGameMain,keyReleased/1[java.awt.event.KeyEvent],isLeft,1
E:\OOD\main\2D-Maze-Game-main\Port1\src\MazeBeta1\MazeGameMain.java,MazeBeta1.MazeGameMain,keyReleased/1[java.awt.event.KeyEvent],isInitMotion,1
E:\OOD\main\2D-Maze-Game-main\Port1\src\MazeBeta1\MazeGameMain.java,MazeBeta1.MazeGameMain,keyReleased/1[java.awt.event.KeyEvent],isDown,1
E:\OOD\main\2D-Maze-Game-main\Port1\src\MazeBeta1\MazeGameMain.java,MazeBeta1.MazeGameMain,setPlayer/0,pSpriteList,1
E:\OOD\main\2D-Maze-Game-main\Port1\src\MazeBeta1\MazeGameMain.java,MazeBeta1.MazeGameMain,setPlayer/0,player,2
E:\OOD\main\2D-Maze-Game-main\Port1\src\MazeBeta1\MazeGameMain.java,MazeBeta1.MazeGameMain,"setRoof/2[int,int]",roofList,1
E:\OOD\main\2D-Maze-Game-main\Port1\src\MazeBeta1\MazeGameMain.java,MazeBeta1.MazeGameMain,setKeySets/0,existKeys,4
E:\OOD\main\2D-Maze-Game-main\Port1\src\MazeBeta1\MazeGameMain.java,MazeBeta1.MazeGameMain,"setGround/2[int,int]",groundImg,1
E:\OOD\main\2D-Maze-Game-main\Port1\src\MazeBeta1\MazeGameMain.java,MazeBeta1.MazeGameMain,"setGround/2[int,int]",groundList,1
E:\OOD\main\2D-Maze-Game-main\Port1\src\MazeBeta1\MazeGameMain.java,MazeBeta1.MazeGameMain,keyPressed/1[java.awt.event.KeyEvent],pressedKeys,1
E:\OOD\main\2D-Maze-Game-main\Port1\src\MazeBeta1\MazeGameMain.java,MazeBeta1.MazeGameMain,movePlayer/0,shader,9
E:\OOD\main\2D-Maze-Game-main\Port1\src\MazeBeta1\MazeGameMain.java,MazeBeta1.MazeGameMain,movePlayer/0,wallList,3
E:\OOD\main\2D-Maze-Game-main\Port1\src\MazeBeta1\MazeGameMain.java,MazeBeta1.MazeGameMain,movePlayer/0,isDown,1
E:\OOD\main\2D-Maze-Game-main\Port1\src\MazeBeta1\MazeGameMain.java,MazeBeta1.MazeGameMain,movePlayer/0,isUpR,1
E:\OOD\main\2D-Maze-Game-main\Port1\src\MazeBeta1\MazeGameMain.java,MazeBeta1.MazeGameMain,movePlayer/0,isRight,1
E:\OOD\main\2D-Maze-Game-main\Port1\src\MazeBeta1\MazeGameMain.java,MazeBeta1.MazeGameMain,movePlayer/0,isGameOver,1
E:\OOD\main\2D-Maze-Game-main\Port1\src\MazeBeta1\MazeGameMain.java,MazeBeta1.MazeGameMain,movePlayer/0,pSpeed,24
E:\OOD\main\2D-Maze-Game-main\Port1\src\MazeBeta1\MazeGameMain.java,MazeBeta1.MazeGameMain,movePlayer/0,isUp,1
E:\OOD\main\2D-Maze-Game-main\Port1\src\MazeBeta1\MazeGameMain.java,MazeBeta1.MazeGameMain,movePlayer/0,isLeft,1
E:\OOD\main\2D-Maze-Game-main\Port1\src\MazeBeta1\MazeGameMain.java,MazeBeta1.MazeGameMain,movePlayer/0,roofList,3
E:\OOD\main\2D-Maze-Game-main\Port1\src\MazeBeta1\MazeGameMain.java,MazeBeta1.MazeGameMain,movePlayer/0,isDownR,1
E:\OOD\main\2D-Maze-Game-main\Port1\src\MazeBeta1\MazeGameMain.java,MazeBeta1.MazeGameMain,movePlayer/0,isUpL,1
E:\OOD\main\2D-Maze-Game-main\Port1\src\MazeBeta1\MazeGameMain.java,MazeBeta1.MazeGameMain,movePlayer/0,camera,4
E:\OOD\main\2D-Maze-Game-main\Port1\src\MazeBeta1\MazeGameMain.java,MazeBeta1.MazeGameMain,movePlayer/0,isDownL,1
E:\OOD\main\2D-Maze-Game-main\Port1\src\MazeBeta1\MazeGameMain.java,MazeBeta1.MazeGameMain,movePlayer/0,groundList,2
E:\OOD\main\2D-Maze-Game-main\Port1\src\MazeBeta1\MazeGameMain.java,MazeBeta1.MazeGameMain,movePlayer/0,player,21
E:\OOD\main\2D-Maze-Game-main\Port1\src\MazeBeta1\Destination.java,MazeBeta1.Destination,drawRect/1[java.awt.Graphics],transImg,1
E:\OOD\main\2D-Maze-Game-main\Port1\src\MazeBeta1\Destination.java,MazeBeta1.Destination,imgToPixel/1[java.awt.image.BufferedImage],pixelArray,1
E:\OOD\main\2D-Maze-Game-main\Port1\src\MazeBeta1\Destination.java,MazeBeta1.Destination,translateImg/1[java.awt.image.BufferedImage],pixelArray,2
E:\OOD\main\2D-Maze-Game-main\Port1\src\MazeBeta1\Destination.java,MazeBeta1.Destination,"Destination/2[java.awt.image.BufferedImage,java.awt.Rectangle]",rect,3
E:\OOD\main\2D-Maze-Game-main\Port1\src\MazeBeta1\Destination.java,MazeBeta1.Destination,"Destination/2[java.awt.image.BufferedImage,java.awt.Rectangle]",originImg,3
E:\OOD\main\2D-Maze-Game-main\Port1\src\MazeBeta1\Destination.java,MazeBeta1.Destination,"Destination/2[java.awt.image.BufferedImage,java.awt.Rectangle]",transImg,2
E:\OOD\main\2D-Maze-Game-main\Port1\src\MazeBeta1\Destination.java,MazeBeta1.Destination,"Destination/2[java.awt.image.BufferedImage,java.awt.Rectangle]",pixelArray,2
E:\OOD\main\2D-Maze-Game-main\Port1\src\MazeBeta1\Destination.java,MazeBeta1.Destination,"drawExitRect/2[java.awt.Graphics,MazeBeta1.BGcomponent]",rect,1
E:\OOD\main\2D-Maze-Game-main\Port1\src\MazeBeta1\ScreenShader.java,MazeBeta1.ScreenShader,"ScreenShader/3[int,int,int]",circle,2
E:\OOD\main\2D-Maze-Game-main\Port1\src\MazeBeta1\ScreenShader.java,MazeBeta1.ScreenShader,"ScreenShader/3[int,int,int]",shadeRect,2
E:\OOD\main\2D-Maze-Game-main\Port1\src\MazeBeta1\ScreenShader.java,MazeBeta1.ScreenShader,"moveShade/2[int,int]",circle,2
E:\OOD\main\2D-Maze-Game-main\Port1\src\MazeBeta1\ScreenShader.java,MazeBeta1.ScreenShader,"moveShade/2[int,int]",shadeRect,2
E:\OOD\main\2D-Maze-Game-main\Port1\src\MazeBeta1\ScreenShader.java,MazeBeta1.ScreenShader,"moveShade/2[int,int]",trans,3
E:\OOD\main\2D-Maze-Game-main\Port1\src\MazeBeta1\ScreenShader.java,MazeBeta1.ScreenShader,paintShader/1[java.awt.Graphics],shadeRect,1
E:\OOD\main\2D-Maze-Game-main\Port1\src\MazeBeta1\GameMaze.java,MazeBeta1.Block,"Block/3[int,int,boolean]",x,3
E:\OOD\main\2D-Maze-Game-main\Port1\src\MazeBeta1\GameMaze.java,MazeBeta1.Block,"Block/3[int,int,boolean]",visited,3
E:\OOD\main\2D-Maze-Game-main\Port1\src\MazeBeta1\GameMaze.java,MazeBeta1.Block,"Block/3[int,int,boolean]",y,3
E:\OOD\main\2D-Maze-Game-main\Port1\src\MazeBeta1\GameMaze.java,MazeBeta1.Block,toString/0,x,1
E:\OOD\main\2D-Maze-Game-main\Port1\src\MazeBeta1\GameMaze.java,MazeBeta1.Block,toString/0,visited,1
E:\OOD\main\2D-Maze-Game-main\Port1\src\MazeBeta1\GameMaze.java,MazeBeta1.Block,toString/0,y,1
E:\OOD\main\2D-Maze-Game-main\Port1\src\MazeBeta1\CameraAngle.java,MazeBeta1.CameraAngle,getYpos/0,init_y,1
E:\OOD\main\2D-Maze-Game-main\Port1\src\MazeBeta1\CameraAngle.java,MazeBeta1.CameraAngle,getXpos/0,init_x,1
E:\OOD\main\2D-Maze-Game-main\Port1\src\MazeBeta1\CameraAngle.java,MazeBeta1.CameraAngle,bot/0,botRect,1
E:\OOD\main\2D-Maze-Game-main\Port1\src\MazeBeta1\CameraAngle.java,MazeBeta1.CameraAngle,"CameraAngle/2[int,int]",topRect,1
E:\OOD\main\2D-Maze-Game-main\Port1\src\MazeBeta1\CameraAngle.java,MazeBeta1.CameraAngle,"CameraAngle/2[int,int]",init_x,1
E:\OOD\main\2D-Maze-Game-main\Port1\src\MazeBeta1\CameraAngle.java,MazeBeta1.CameraAngle,"CameraAngle/2[int,int]",init_y,1
E:\OOD\main\2D-Maze-Game-main\Port1\src\MazeBeta1\CameraAngle.java,MazeBeta1.CameraAngle,"CameraAngle/2[int,int]",leftRect,1
E:\OOD\main\2D-Maze-Game-main\Port1\src\MazeBeta1\CameraAngle.java,MazeBeta1.CameraAngle,"CameraAngle/2[int,int]",rightRect,1
E:\OOD\main\2D-Maze-Game-main\Port1\src\MazeBeta1\CameraAngle.java,MazeBeta1.CameraAngle,"CameraAngle/2[int,int]",botRect,1
E:\OOD\main\2D-Maze-Game-main\Port1\src\MazeBeta1\CameraAngle.java,MazeBeta1.CameraAngle,right/0,rightRect,1
E:\OOD\main\2D-Maze-Game-main\Port1\src\MazeBeta1\CameraAngle.java,MazeBeta1.CameraAngle,left/0,leftRect,1
E:\OOD\main\2D-Maze-Game-main\Port1\src\MazeBeta1\CameraAngle.java,MazeBeta1.CameraAngle,top/0,topRect,1
E:\OOD\main\2D-Maze-Game-main\Port1\src\MazeBeta1\PlayerSprite.java,MazeBeta1.PlayerSprite,getSprite/0,playerImg,1
E:\OOD\main\2D-Maze-Game-main\Port1\src\MazeBeta1\PlayerSprite.java,MazeBeta1.PlayerSprite,getbOutRect/0,bOutRect,1
E:\OOD\main\2D-Maze-Game-main\Port1\src\MazeBeta1\PlayerSprite.java,MazeBeta1.PlayerSprite,"movePlayer/2[int,int]",topRect,2
E:\OOD\main\2D-Maze-Game-main\Port1\src\MazeBeta1\PlayerSprite.java,MazeBeta1.PlayerSprite,"movePlayer/2[int,int]",botRect,2
E:\OOD\main\2D-Maze-Game-main\Port1\src\MazeBeta1\PlayerSprite.java,MazeBeta1.PlayerSprite,"movePlayer/2[int,int]",bOutRect,2
E:\OOD\main\2D-Maze-Game-main\Port1\src\MazeBeta1\PlayerSprite.java,MazeBeta1.PlayerSprite,getTopRect/0,topRect,1
E:\OOD\main\2D-Maze-Game-main\Port1\src\MazeBeta1\PlayerSprite.java,MazeBeta1.PlayerSprite,"PlayerSprite/2[int,int]",img,1
E:\OOD\main\2D-Maze-Game-main\Port1\src\MazeBeta1\PlayerSprite.java,MazeBeta1.PlayerSprite,"PlayerSprite/2[int,int]",playerFile,1
E:\OOD\main\2D-Maze-Game-main\Port1\src\MazeBeta1\PlayerSprite.java,MazeBeta1.PlayerSprite,"PlayerSprite/2[int,int]",subImg,3
E:\OOD\main\2D-Maze-Game-main\Port1\src\MazeBeta1\PlayerSprite.java,MazeBeta1.PlayerSprite,"PlayerSprite/2[int,int]",playerImg,1
E:\OOD\main\2D-Maze-Game-main\Port1\src\MazeBeta1\PlayerSprite.java,MazeBeta1.PlayerSprite,loadImage/1[java.lang.String],path,3
E:\OOD\main\2D-Maze-Game-main\Port1\src\MazeBeta1\PlayerSprite.java,MazeBeta1.PlayerSprite,loadImage/1[java.lang.String],img,1
E:\OOD\main\2D-Maze-Game-main\Port1\src\MazeBeta1\PlayerSprite.java,MazeBeta1.PlayerSprite,setSecRect/0,topRect,4
E:\OOD\main\2D-Maze-Game-main\Port1\src\MazeBeta1\PlayerSprite.java,MazeBeta1.PlayerSprite,setSecRect/0,botRect,4
E:\OOD\main\2D-Maze-Game-main\Port1\src\MazeBeta1\PlayerSprite.java,MazeBeta1.PlayerSprite,setSecRect/0,bOutRect,4
E:\OOD\main\2D-Maze-Game-main\Port1\src\MazeBeta1\PlayerSprite.java,MazeBeta1.PlayerSprite,getBotRect/0,botRect,1
E:\OOD\main\2D-Maze-Game-main\Port1\src\MazeBeta1\PlayerSprite.java,MazeBeta1.PlayerSprite,getImage/0,subImg,1
E:\OOD\main\2D-Maze-Game-main\Port1\src\MazeBeta1\PlayerSprite.java,MazeBeta1.PlayerSprite,setMotion/1[int],subImg,1
E:\OOD\main\2D-Maze-Game-main\Port1\src\MazeBeta1\PlayerSprite.java,MazeBeta1.PlayerSprite,setMotion/1[int],playerImg,1
