file,class,method,constructor,line,cbo,cboModified,fanin,fanout,wmc,rfc,loc,returnsQty,variablesQty,parametersQty,methodsInvokedQty,methodsInvokedLocalQty,methodsInvokedIndirectLocalQty,loopQty,comparisonsQty,tryCatchQty,parenthesizedExpsQty,stringLiteralsQty,numbersQty,assignmentsQty,mathOperationsQty,maxNestedBlocksQty,anonymousClassesQty,innerClassesQty,lambdasQty,uniqueWordsQty,modifiers,logStatementsQty,hasJavaDoc
E:\OOD\main\2D-Maze-Game-main\Port1\src\MazeBeta1\MazeGameMain.java,MazeBeta1.MazeGameMain$Anonymous1,run/0,false,35,1,1,0,1,1,0,3,0,0,0,0,0,0,0,0,0,0,0,0,0,0,0,0,0,0,4,1,0,false
E:\OOD\main\2D-Maze-Game-main\Port1\src\MazeBeta1\MazeGameMain.java,MazeBeta1.MazeGameMain$TimerT,actionPerformed/1[java.awt.event.ActionEvent],false,109,1,3,0,3,28,10,88,0,2,1,10,0,0,1,4,0,1,0,1,28,1,4,0,0,0,32,1,0,false
E:\OOD\main\2D-Maze-Game-main\Port1\src\MazeBeta1\BGcomponent.java,MazeBeta1.BGcomponent,loadImage/1[java.lang.String],false,47,0,1,1,0,2,4,9,0,0,1,4,0,0,0,0,1,0,1,0,2,1,1,0,0,0,11,0,0,false
E:\OOD\main\2D-Maze-Game-main\Port1\src\MazeBeta1\BGcomponent.java,MazeBeta1.BGcomponent,"cropImage/3[java.awt.image.BufferedImage,int,int]",false,56,0,1,1,0,1,1,4,1,1,3,1,0,0,0,0,0,0,0,2,1,0,0,0,0,0,5,0,0,false
E:\OOD\main\2D-Maze-Game-main\Port1\src\MazeBeta1\BGcomponent.java,MazeBeta1.BGcomponent,getImage/0,false,61,0,4,4,0,1,0,3,1,0,0,0,0,0,0,0,0,0,0,0,0,0,0,0,0,0,5,0,0,false
E:\OOD\main\2D-Maze-Game-main\Port1\src\MazeBeta1\BGcomponent.java,MazeBeta1.BGcomponent,"BGcomponent/4[int,int,int,int]",true,35,0,3,3,0,1,0,6,0,0,4,0,0,0,0,0,0,0,0,0,4,0,0,0,0,0,6,0,0,false
E:\OOD\main\2D-Maze-Game-main\Port1\src\MazeBeta1\BGcomponent.java,MazeBeta1.BGcomponent,setImage/1[java.awt.image.BufferedImage],false,62,0,2,2,0,1,0,3,0,0,1,0,0,0,0,0,0,0,0,0,1,0,0,0,0,0,4,0,0,false
E:\OOD\main\2D-Maze-Game-main\Port1\src\MazeBeta1\BGcomponent.java,MazeBeta1.BGcomponent,BGcomponent/1[int],true,22,1,2,0,2,3,2,12,0,0,1,2,2,1,0,0,0,0,0,4,2,0,1,0,0,0,12,0,0,false
E:\OOD\main\2D-Maze-Game-main\Port1\src\MazeBeta1\BGcomponent.java,MazeBeta1.BGcomponent,"moveLocation/2[int,int]",false,42,0,1,1,0,1,0,4,0,0,2,0,0,0,0,0,0,0,0,0,2,0,0,0,0,0,4,0,0,false
E:\OOD\main\2D-Maze-Game-main\Port1\src\MazeBeta1\GameMaze.java,MazeBeta1.GameMaze,GameMaze/0,true,8,1,2,1,1,1,1,3,0,0,0,1,1,2,0,0,0,0,0,0,0,0,0,0,0,0,3,0,0,false
E:\OOD\main\2D-Maze-Game-main\Port1\src\MazeBeta1\GameMaze.java,MazeBeta1.GameMaze,init/0,false,16,2,3,1,2,3,1,8,0,2,0,1,1,1,2,0,0,0,0,2,3,0,2,0,0,0,13,1,0,false
E:\OOD\main\2D-Maze-Game-main\Port1\src\MazeBeta1\GameMaze.java,MazeBeta1.GameMaze,generateMap/0,false,25,1,1,1,0,37,9,116,0,9,0,9,0,0,6,26,0,3,7,103,26,69,5,0,0,0,20,1,0,false
E:\OOD\main\2D-Maze-Game-main\Port1\src\MazeBeta1\GameOver.java,MazeBeta1.GameOver,loadImage/1[java.lang.String],false,44,0,1,1,0,3,6,13,0,0,1,6,0,0,0,1,1,0,2,0,2,1,2,0,0,0,13,0,0,false
E:\OOD\main\2D-Maze-Game-main\Port1\src\MazeBeta1\GameOver.java,MazeBeta1.GameOver,paintComponent/1[java.awt.Graphics],false,76,0,0,0,0,1,6,6,0,0,1,6,0,0,0,0,0,1,4,5,0,4,0,0,0,0,10,1,0,false
E:\OOD\main\2D-Maze-Game-main\Port1\src\MazeBeta1\GameOver.java,MazeBeta1.GameOver,GameOver/0,true,33,1,1,0,1,1,1,3,0,0,0,1,1,1,0,0,0,0,0,0,0,0,0,0,0,0,6,0,0,false
E:\OOD\main\2D-Maze-Game-main\Port1\src\MazeBeta1\GameOver.java,MazeBeta1.GameOver,getClearTime/1[long],false,37,0,1,1,0,1,1,6,0,0,1,1,0,0,0,0,0,5,0,6,3,8,0,0,0,0,10,0,0,false
E:\OOD\main\2D-Maze-Game-main\Port1\src\MazeBeta1\GameOver.java,MazeBeta1.GameOver,"graphicPanel/2[java.awt.Graphics,javax.swing.JPanel]",false,57,0,1,1,0,3,3,14,0,1,2,3,0,0,0,0,0,0,0,5,5,0,1,0,0,0,21,0,0,false
E:\OOD\main\2D-Maze-Game-main\Port1\src\MazeBeta1\MazeGameMain.java,MazeBeta1.MazeGameMain,setCamera/0,false,453,1,2,1,1,1,0,3,0,0,0,0,0,0,0,0,0,0,0,3,1,5,0,0,0,0,10,2,0,false
E:\OOD\main\2D-Maze-Game-main\Port1\src\MazeBeta1\MazeGameMain.java,MazeBeta1.MazeGameMain,setGUI/0,false,406,0,1,1,0,1,6,8,0,0,0,6,0,0,0,0,0,0,1,0,0,0,0,0,0,0,5,2,0,false
E:\OOD\main\2D-Maze-Game-main\Port1\src\MazeBeta1\MazeGameMain.java,MazeBeta1.MazeGameMain,"moveComponents/2[int,int]",false,210,2,3,1,2,4,2,12,0,0,2,2,0,0,3,0,0,0,0,0,0,0,1,0,0,0,9,2,0,false
E:\OOD\main\2D-Maze-Game-main\Port1\src\MazeBeta1\MazeGameMain.java,MazeBeta1.MazeGameMain,"collision/2[java.awt.Rectangle,java.awt.Rectangle]",false,388,0,1,1,0,2,1,6,2,0,2,1,0,0,0,0,0,0,0,0,0,0,1,0,0,0,5,2,0,false
E:\OOD\main\2D-Maze-Game-main\Port1\src\MazeBeta1\MazeGameMain.java,MazeBeta1.MazeGameMain,gameOver/0,false,90,1,2,1,1,1,4,6,0,0,0,4,0,0,0,0,0,0,0,0,0,0,0,0,0,0,9,2,0,false
E:\OOD\main\2D-Maze-Game-main\Port1\src\MazeBeta1\MazeGameMain.java,MazeBeta1.MazeGameMain,MazeGameMain/0,true,75,1,9,1,8,1,11,13,0,0,0,11,8,2,0,0,0,0,1,0,1,0,0,0,0,0,17,0,0,false
E:\OOD\main\2D-Maze-Game-main\Port1\src\MazeBeta1\MazeGameMain.java,MazeBeta1.MazeGameMain,keyTyped/1[java.awt.event.KeyEvent],false,345,0,0,0,0,1,0,2,0,0,1,0,0,0,0,0,0,0,0,0,0,0,0,0,0,0,5,1,0,false
E:\OOD\main\2D-Maze-Game-main\Port1\src\MazeBeta1\MazeGameMain.java,MazeBeta1.MazeGameMain,setBoard/0,false,419,1,2,1,1,1,2,5,0,0,0,2,0,0,0,0,0,0,0,0,1,0,0,0,0,0,6,2,0,false
E:\OOD\main\2D-Maze-Game-main\Port1\src\MazeBeta1\MazeGameMain.java,MazeBeta1.MazeGameMain,startTimer/0,false,101,1,2,1,1,1,1,4,0,0,0,1,0,0,0,0,0,0,0,0,1,0,0,0,0,0,4,2,0,false
E:\OOD\main\2D-Maze-Game-main\Port1\src\MazeBeta1\MazeGameMain.java,MazeBeta1.MazeGameMain,"collision/2[java.awt.Rectangle,java.util.ArrayList<MazeBeta1.BGcomponent>]",false,379,1,1,1,0,3,1,8,2,0,2,1,0,0,1,0,0,0,0,0,0,0,2,0,0,0,7,2,0,false
E:\OOD\main\2D-Maze-Game-main\Port1\src\MazeBeta1\MazeGameMain.java,MazeBeta1.MazeGameMain,setMaze/0,false,415,1,2,1,1,1,0,3,0,0,0,0,0,0,0,0,0,0,0,0,0,0,0,0,0,0,3,2,0,false
E:\OOD\main\2D-Maze-Game-main\Port1\src\MazeBeta1\MazeGameMain.java,MazeBeta1.MazeGameMain,"setWall/2[int,int]",false,462,1,4,1,3,2,3,10,0,3,2,3,0,0,1,0,0,2,0,1,3,6,1,0,0,0,19,2,0,false
E:\OOD\main\2D-Maze-Game-main\Port1\src\MazeBeta1\MazeGameMain.java,MazeBeta1.MazeGameMain,main/1[java.lang.String[]],false,32,0,1,0,1,1,1,8,0,0,1,1,0,0,0,0,0,0,0,0,0,0,0,1,0,0,7,9,0,false
E:\OOD\main\2D-Maze-Game-main\Port1\src\MazeBeta1\MazeGameMain.java,MazeBeta1.MazeGameMain,setBG/0,false,425,4,8,1,7,6,7,18,0,2,0,7,3,1,2,1,0,0,0,7,3,13,4,0,0,0,24,2,0,false
E:\OOD\main\2D-Maze-Game-main\Port1\src\MazeBeta1\MazeGameMain.java,MazeBeta1.MazeGameMain,playerMotion/0,false,300,1,2,1,1,15,1,32,0,0,0,1,0,0,0,0,0,1,0,10,10,1,3,0,0,0,12,2,0,false
E:\OOD\main\2D-Maze-Game-main\Port1\src\MazeBeta1\MazeGameMain.java,MazeBeta1.MazeGameMain,keyReleased/1[java.awt.event.KeyEvent],false,355,0,0,0,0,5,2,18,0,0,1,2,0,0,0,0,0,0,0,0,5,0,1,0,0,0,14,1,0,false
E:\OOD\main\2D-Maze-Game-main\Port1\src\MazeBeta1\MazeGameMain.java,MazeBeta1.MazeGameMain,setPlayer/0,false,447,1,3,1,2,1,1,4,0,0,0,1,0,0,0,0,0,0,0,4,2,6,0,0,0,0,16,2,0,false
E:\OOD\main\2D-Maze-Game-main\Port1\src\MazeBeta1\MazeGameMain.java,MazeBeta1.MazeGameMain,"setRoof/2[int,int]",false,457,1,2,1,1,1,1,4,0,1,2,1,0,0,0,0,0,0,0,0,1,0,0,0,0,0,6,2,0,false
E:\OOD\main\2D-Maze-Game-main\Port1\src\MazeBeta1\MazeGameMain.java,MazeBeta1.MazeGameMain,setKeySets/0,false,399,0,1,1,0,1,1,6,0,0,0,1,0,0,0,0,0,0,0,0,0,0,0,0,0,0,3,2,0,false
E:\OOD\main\2D-Maze-Game-main\Port1\src\MazeBeta1\MazeGameMain.java,MazeBeta1.MazeGameMain,"setGround/2[int,int]",false,473,1,4,1,3,1,3,5,0,1,2,3,0,0,0,0,0,0,0,0,1,0,0,0,0,0,6,2,0,false
E:\OOD\main\2D-Maze-Game-main\Port1\src\MazeBeta1\MazeGameMain.java,MazeBeta1.MazeGameMain,keyPressed/1[java.awt.event.KeyEvent],false,349,0,0,0,0,1,2,3,0,0,1,2,0,0,0,0,0,0,0,0,0,0,0,0,0,0,5,1,0,false
E:\OOD\main\2D-Maze-Game-main\Port1\src\MazeBeta1\MazeGameMain.java,MazeBeta1.MazeGameMain,movePlayer/0,false,224,4,13,1,12,21,13,67,0,0,0,13,3,1,0,0,0,0,0,23,3,0,2,0,0,0,27,2,0,false
E:\OOD\main\2D-Maze-Game-main\Port1\src\MazeBeta1\Destination.java,MazeBeta1.Destination,"moveRect/2[int,int]",false,79,0,1,1,0,1,0,4,0,0,2,0,0,0,0,0,0,0,0,0,2,0,0,0,0,0,4,0,0,false
E:\OOD\main\2D-Maze-Game-main\Port1\src\MazeBeta1\Destination.java,MazeBeta1.Destination,drawRect/1[java.awt.Graphics],false,84,0,1,1,0,1,1,3,0,0,1,1,0,0,0,0,0,0,0,0,0,0,0,0,0,0,4,0,0,false
E:\OOD\main\2D-Maze-Game-main\Port1\src\MazeBeta1\Destination.java,MazeBeta1.Destination,imgToPixel/1[java.awt.image.BufferedImage],false,26,0,1,1,0,3,3,7,0,2,1,3,0,0,2,0,0,0,0,2,3,0,2,0,0,0,7,0,0,false
E:\OOD\main\2D-Maze-Game-main\Port1\src\MazeBeta1\Destination.java,MazeBeta1.Destination,"getImageFromArray/3[int[][],int,int]",false,34,1,1,1,0,3,1,9,1,3,3,1,0,0,2,0,0,0,0,2,3,0,2,0,0,0,10,0,0,false
E:\OOD\main\2D-Maze-Game-main\Port1\src\MazeBeta1\Destination.java,MazeBeta1.Destination,translateImg/1[java.awt.image.BufferedImage],false,44,0,1,1,0,6,2,37,0,7,1,2,0,0,2,0,0,10,0,17,19,7,3,0,0,0,22,0,0,false
E:\OOD\main\2D-Maze-Game-main\Port1\src\MazeBeta1\Destination.java,MazeBeta1.Destination,"Destination/2[java.awt.image.BufferedImage,java.awt.Rectangle]",true,14,2,4,1,3,1,6,10,0,0,2,6,3,1,0,0,0,0,1,0,5,0,0,0,0,0,16,0,0,false
E:\OOD\main\2D-Maze-Game-main\Port1\src\MazeBeta1\Destination.java,MazeBeta1.Destination,"drawExitRect/2[java.awt.Graphics,MazeBeta1.BGcomponent]",false,89,1,1,1,0,1,2,6,0,0,2,2,0,0,0,0,0,0,0,1,0,0,0,0,0,0,5,0,0,false
E:\OOD\main\2D-Maze-Game-main\Port1\src\MazeBeta1\ScreenShader.java,MazeBeta1.ScreenShader,"ScreenShader/3[int,int,int]",true,18,0,1,1,0,1,1,5,0,0,3,1,0,0,0,0,0,0,0,4,2,2,0,0,0,0,8,0,0,false
E:\OOD\main\2D-Maze-Game-main\Port1\src\MazeBeta1\ScreenShader.java,MazeBeta1.ScreenShader,"moveShade/2[int,int]",false,24,0,1,1,0,1,3,7,0,0,2,3,0,0,0,0,0,0,0,2,1,0,0,0,0,0,9,0,0,false
E:\OOD\main\2D-Maze-Game-main\Port1\src\MazeBeta1\ScreenShader.java,MazeBeta1.ScreenShader,paintShader/1[java.awt.Graphics],false,32,0,1,1,0,1,2,5,0,1,1,2,0,0,0,0,0,0,0,0,1,0,0,0,0,0,9,0,0,false
E:\OOD\main\2D-Maze-Game-main\Port1\src\MazeBeta1\MazeGameMain.java,MazeBeta1.MazeGameMain$DrawingPanel,paintComponent/1[java.awt.Graphics],false,495,5,6,0,6,5,10,22,0,0,1,10,0,0,3,0,0,1,0,4,1,2,1,0,0,0,21,1,0,false
E:\OOD\main\2D-Maze-Game-main\Port1\src\MazeBeta1\MazeGameMain.java,MazeBeta1.MazeGameMain$DrawingPanel,DrawingPanel/0,true,490,1,2,1,1,1,0,3,0,0,0,0,0,0,0,0,0,2,0,2,1,6,0,0,0,0,12,0,0,false
E:\OOD\main\2D-Maze-Game-main\Port1\src\MazeBeta1\GameMaze.java,MazeBeta1.Block,"Block/3[int,int,boolean]",true,149,0,1,1,0,1,0,5,0,0,3,0,0,0,0,0,0,0,0,0,3,0,0,0,0,0,4,1,0,false
E:\OOD\main\2D-Maze-Game-main\Port1\src\MazeBeta1\GameMaze.java,MazeBeta1.Block,toString/0,false,153,0,0,0,0,1,0,3,1,0,0,0,0,0,0,0,0,0,4,0,0,1,0,0,0,0,6,1,0,false
E:\OOD\main\2D-Maze-Game-main\Port1\src\MazeBeta1\CameraAngle.java,MazeBeta1.CameraAngle,getYpos/0,false,32,0,1,1,0,1,0,3,1,0,0,0,0,0,0,0,0,0,0,0,0,0,0,0,0,0,4,0,0,false
E:\OOD\main\2D-Maze-Game-main\Port1\src\MazeBeta1\CameraAngle.java,MazeBeta1.CameraAngle,drawSubRect/1[java.awt.Graphics],false,36,0,0,0,0,1,2,10,0,0,1,2,0,0,0,0,0,0,0,0,0,0,0,0,0,0,5,0,0,false
E:\OOD\main\2D-Maze-Game-main\Port1\src\MazeBeta1\CameraAngle.java,MazeBeta1.CameraAngle,getXpos/0,false,28,0,1,1,0,1,0,3,1,0,0,0,0,0,0,0,0,0,0,0,0,0,0,0,0,0,4,0,0,false
E:\OOD\main\2D-Maze-Game-main\Port1\src\MazeBeta1\CameraAngle.java,MazeBeta1.CameraAngle,bot/0,false,54,0,1,1,0,1,0,3,1,0,0,0,0,0,0,0,0,0,0,0,0,0,0,0,0,0,3,0,0,false
E:\OOD\main\2D-Maze-Game-main\Port1\src\MazeBeta1\CameraAngle.java,MazeBeta1.CameraAngle,"CameraAngle/2[int,int]",true,17,0,1,1,0,1,0,8,0,0,2,0,0,0,0,0,0,0,0,6,6,2,0,0,0,0,14,0,0,false
E:\OOD\main\2D-Maze-Game-main\Port1\src\MazeBeta1\CameraAngle.java,MazeBeta1.CameraAngle,right/0,false,58,0,1,1,0,1,0,3,1,0,0,0,0,0,0,0,0,0,0,0,0,0,0,0,0,0,3,0,0,false
E:\OOD\main\2D-Maze-Game-main\Port1\src\MazeBeta1\CameraAngle.java,MazeBeta1.CameraAngle,left/0,false,62,0,1,1,0,1,0,3,1,0,0,0,0,0,0,0,0,0,0,0,0,0,0,0,0,0,3,0,0,false
E:\OOD\main\2D-Maze-Game-main\Port1\src\MazeBeta1\CameraAngle.java,MazeBeta1.CameraAngle,top/0,false,50,0,1,1,0,1,0,3,1,0,0,0,0,0,0,0,0,0,0,0,0,0,0,0,0,0,3,0,0,false
E:\OOD\main\2D-Maze-Game-main\Port1\src\MazeBeta1\PlayerSprite.java,MazeBeta1.PlayerSprite,getSprite/0,false,125,0,1,1,0,1,0,3,1,0,0,0,0,0,0,0,0,0,0,0,0,0,0,0,0,0,4,0,0,false
E:\OOD\main\2D-Maze-Game-main\Port1\src\MazeBeta1\PlayerSprite.java,MazeBeta1.PlayerSprite,getbOutRect/0,false,103,0,1,1,0,1,0,3,1,0,0,0,0,0,0,0,0,0,0,0,0,0,0,0,0,0,5,0,0,false
E:\OOD\main\2D-Maze-Game-main\Port1\src\MazeBeta1\PlayerSprite.java,MazeBeta1.PlayerSprite,"movePlayer/2[int,int]",false,81,0,1,1,0,1,0,10,0,0,2,0,0,0,0,0,0,0,0,0,8,0,0,0,0,0,4,0,0,false
E:\OOD\main\2D-Maze-Game-main\Port1\src\MazeBeta1\PlayerSprite.java,MazeBeta1.PlayerSprite,getTopRect/0,false,95,0,1,1,0,1,0,3,1,0,0,0,0,0,0,0,0,0,0,0,0,0,0,0,0,0,5,0,0,false
E:\OOD\main\2D-Maze-Game-main\Port1\src\MazeBeta1\PlayerSprite.java,MazeBeta1.PlayerSprite,"PlayerSprite/2[int,int]",true,30,1,4,1,3,3,4,15,0,2,2,4,3,1,2,0,0,0,0,5,8,2,2,0,0,0,28,0,0,false
E:\OOD\main\2D-Maze-Game-main\Port1\src\MazeBeta1\PlayerSprite.java,MazeBeta1.PlayerSprite,loadImage/1[java.lang.String],false,71,0,1,1,0,2,6,10,0,0,1,6,0,0,0,0,1,0,1,0,2,1,1,0,0,0,11,0,0,false
E:\OOD\main\2D-Maze-Game-main\Port1\src\MazeBeta1\PlayerSprite.java,MazeBeta1.PlayerSprite,setSecRect/0,false,48,0,1,1,0,1,0,14,0,0,0,0,0,0,0,0,0,2,0,4,12,5,0,0,0,0,10,0,0,false
E:\OOD\main\2D-Maze-Game-main\Port1\src\MazeBeta1\PlayerSprite.java,MazeBeta1.PlayerSprite,"cropImage/3[java.awt.image.BufferedImage,int,int]",false,66,0,1,1,0,1,1,4,1,1,3,1,0,0,0,0,0,0,0,0,1,0,0,0,0,0,5,0,0,false
E:\OOD\main\2D-Maze-Game-main\Port1\src\MazeBeta1\PlayerSprite.java,MazeBeta1.PlayerSprite,getBotRect/0,false,99,0,1,1,0,1,0,3,1,0,0,0,0,0,0,0,0,0,0,0,0,0,0,0,0,0,5,0,0,false
E:\OOD\main\2D-Maze-Game-main\Port1\src\MazeBeta1\PlayerSprite.java,MazeBeta1.PlayerSprite,getImage/0,false,117,0,1,1,0,1,0,3,1,0,0,0,0,0,0,0,0,0,0,0,0,0,0,0,0,0,5,0,0,false
E:\OOD\main\2D-Maze-Game-main\Port1\src\MazeBeta1\PlayerSprite.java,MazeBeta1.PlayerSprite,setMotion/1[int],false,121,0,1,1,0,1,1,3,0,0,1,1,0,0,0,0,0,0,0,0,1,0,0,0,0,0,5,0,0,false
E:\OOD\main\2D-Maze-Game-main\Port1\src\MazeBeta1\PlayerSprite.java,MazeBeta1.PlayerSprite,drawExtraRect/1[java.awt.Graphics],false,108,0,0,0,0,1,2,8,0,0,1,2,0,0,0,0,0,0,0,0,0,0,0,0,0,0,5,0,0,false
