file,class,method,variable,usage
E:\OOD\main\2D-Maze-Game-main\Port1\src\MazeBeta1\MazeGameMain.java,MazeBeta1.MazeGameMain$TimerT,actionPerformed/1[java.awt.event.ActionEvent],e,0
E:\OOD\main\2D-Maze-Game-main\Port1\src\MazeBeta1\MazeGameMain.java,MazeBeta1.MazeGameMain$TimerT,actionPerformed/1[java.awt.event.ActionEvent],i,2
E:\OOD\main\2D-Maze-Game-main\Port1\src\MazeBeta1\MazeGameMain.java,MazeBeta1.MazeGameMain$TimerT,actionPerformed/1[java.awt.event.ActionEvent],n,6
E:\OOD\main\2D-Maze-Game-main\Port1\src\MazeBeta1\BGcomponent.java,MazeBeta1.BGcomponent,loadImage/1[java.lang.String],fileName,1
E:\OOD\main\2D-Maze-Game-main\Port1\src\MazeBeta1\BGcomponent.java,MazeBeta1.BGcomponent,loadImage/1[java.lang.String],e,1
E:\OOD\main\2D-Maze-Game-main\Port1\src\MazeBeta1\BGcomponent.java,MazeBeta1.BGcomponent,"cropImage/3[java.awt.image.BufferedImage,int,int]",ycord,1
E:\OOD\main\2D-Maze-Game-main\Port1\src\MazeBeta1\BGcomponent.java,MazeBeta1.BGcomponent,"cropImage/3[java.awt.image.BufferedImage,int,int]",src,1
E:\OOD\main\2D-Maze-Game-main\Port1\src\MazeBeta1\BGcomponent.java,MazeBeta1.BGcomponent,"cropImage/3[java.awt.image.BufferedImage,int,int]",subImage,1
E:\OOD\main\2D-Maze-Game-main\Port1\src\MazeBeta1\BGcomponent.java,MazeBeta1.BGcomponent,"cropImage/3[java.awt.image.BufferedImage,int,int]",xcord,1
E:\OOD\main\2D-Maze-Game-main\Port1\src\MazeBeta1\BGcomponent.java,MazeBeta1.BGcomponent,"BGcomponent/4[int,int,int,int]",x,2
E:\OOD\main\2D-Maze-Game-main\Port1\src\MazeBeta1\BGcomponent.java,MazeBeta1.BGcomponent,"BGcomponent/4[int,int,int,int]",width,2
E:\OOD\main\2D-Maze-Game-main\Port1\src\MazeBeta1\BGcomponent.java,MazeBeta1.BGcomponent,"BGcomponent/4[int,int,int,int]",y,2
E:\OOD\main\2D-Maze-Game-main\Port1\src\MazeBeta1\BGcomponent.java,MazeBeta1.BGcomponent,"BGcomponent/4[int,int,int,int]",height,2
E:\OOD\main\2D-Maze-Game-main\Port1\src\MazeBeta1\BGcomponent.java,MazeBeta1.BGcomponent,setImage/1[java.awt.image.BufferedImage],img,1
E:\OOD\main\2D-Maze-Game-main\Port1\src\MazeBeta1\BGcomponent.java,MazeBeta1.BGcomponent,BGcomponent/1[int],id,1
E:\OOD\main\2D-Maze-Game-main\Port1\src\MazeBeta1\BGcomponent.java,MazeBeta1.BGcomponent,"moveLocation/2[int,int]",x,2
E:\OOD\main\2D-Maze-Game-main\Port1\src\MazeBeta1\BGcomponent.java,MazeBeta1.BGcomponent,"moveLocation/2[int,int]",y,2
E:\OOD\main\2D-Maze-Game-main\Port1\src\MazeBeta1\GameMaze.java,MazeBeta1.GameMaze,init/0,i,4
E:\OOD\main\2D-Maze-Game-main\Port1\src\MazeBeta1\GameMaze.java,MazeBeta1.GameMaze,init/0,j,4
E:\OOD\main\2D-Maze-Game-main\Port1\src\MazeBeta1\GameMaze.java,MazeBeta1.GameMaze,generateMap/0,randY,8
E:\OOD\main\2D-Maze-Game-main\Port1\src\MazeBeta1\GameMaze.java,MazeBeta1.GameMaze,generateMap/0,randX,8
E:\OOD\main\2D-Maze-Game-main\Port1\src\MazeBeta1\GameMaze.java,MazeBeta1.GameMaze,generateMap/0,index,2
E:\OOD\main\2D-Maze-Game-main\Port1\src\MazeBeta1\GameMaze.java,MazeBeta1.GameMaze,generateMap/0,i,17
E:\OOD\main\2D-Maze-Game-main\Port1\src\MazeBeta1\GameMaze.java,MazeBeta1.GameMaze,generateMap/0,j,10
E:\OOD\main\2D-Maze-Game-main\Port1\src\MazeBeta1\GameMaze.java,MazeBeta1.GameMaze,generateMap/0,wall,65
E:\OOD\main\2D-Maze-Game-main\Port1\src\MazeBeta1\GameOver.java,MazeBeta1.GameOver,loadImage/1[java.lang.String],fileName,1
E:\OOD\main\2D-Maze-Game-main\Port1\src\MazeBeta1\GameOver.java,MazeBeta1.GameOver,loadImage/1[java.lang.String],e,1
E:\OOD\main\2D-Maze-Game-main\Port1\src\MazeBeta1\GameOver.java,MazeBeta1.GameOver,paintComponent/1[java.awt.Graphics],g,4
E:\OOD\main\2D-Maze-Game-main\Port1\src\MazeBeta1\GameOver.java,MazeBeta1.GameOver,getClearTime/1[long],time,4
E:\OOD\main\2D-Maze-Game-main\Port1\src\MazeBeta1\GameOver.java,MazeBeta1.GameOver,"graphicPanel/2[java.awt.Graphics,javax.swing.JPanel]",g,1
E:\OOD\main\2D-Maze-Game-main\Port1\src\MazeBeta1\GameOver.java,MazeBeta1.GameOver,"graphicPanel/2[java.awt.Graphics,javax.swing.JPanel]",g2d,2
E:\OOD\main\2D-Maze-Game-main\Port1\src\MazeBeta1\GameOver.java,MazeBeta1.GameOver,"graphicPanel/2[java.awt.Graphics,javax.swing.JPanel]",panel,1
E:\OOD\main\2D-Maze-Game-main\Port1\src\MazeBeta1\MazeGameMain.java,MazeBeta1.MazeGameMain,"moveComponents/2[int,int]",roof,1
E:\OOD\main\2D-Maze-Game-main\Port1\src\MazeBeta1\MazeGameMain.java,MazeBeta1.MazeGameMain,"moveComponents/2[int,int]",x,4
E:\OOD\main\2D-Maze-Game-main\Port1\src\MazeBeta1\MazeGameMain.java,MazeBeta1.MazeGameMain,"moveComponents/2[int,int]",y,4
E:\OOD\main\2D-Maze-Game-main\Port1\src\MazeBeta1\MazeGameMain.java,MazeBeta1.MazeGameMain,"moveComponents/2[int,int]",ground,1
E:\OOD\main\2D-Maze-Game-main\Port1\src\MazeBeta1\MazeGameMain.java,MazeBeta1.MazeGameMain,"moveComponents/2[int,int]",wall,1
E:\OOD\main\2D-Maze-Game-main\Port1\src\MazeBeta1\MazeGameMain.java,MazeBeta1.MazeGameMain,"collision/2[java.awt.Rectangle,java.awt.Rectangle]",rect,1
E:\OOD\main\2D-Maze-Game-main\Port1\src\MazeBeta1\MazeGameMain.java,MazeBeta1.MazeGameMain,"collision/2[java.awt.Rectangle,java.awt.Rectangle]",obstacle,1
E:\OOD\main\2D-Maze-Game-main\Port1\src\MazeBeta1\MazeGameMain.java,MazeBeta1.MazeGameMain,keyTyped/1[java.awt.event.KeyEvent],e,0
E:\OOD\main\2D-Maze-Game-main\Port1\src\MazeBeta1\MazeGameMain.java,MazeBeta1.MazeGameMain,"collision/2[java.awt.Rectangle,java.util.ArrayList<MazeBeta1.BGcomponent>]",rect,1
E:\OOD\main\2D-Maze-Game-main\Port1\src\MazeBeta1\MazeGameMain.java,MazeBeta1.MazeGameMain,"collision/2[java.awt.Rectangle,java.util.ArrayList<MazeBeta1.BGcomponent>]",bgComp,1
E:\OOD\main\2D-Maze-Game-main\Port1\src\MazeBeta1\MazeGameMain.java,MazeBeta1.MazeGameMain,"collision/2[java.awt.Rectangle,java.util.ArrayList<MazeBeta1.BGcomponent>]",obstacle,1
E:\OOD\main\2D-Maze-Game-main\Port1\src\MazeBeta1\MazeGameMain.java,MazeBeta1.MazeGameMain,"setWall/2[int,int]",wall2,2
E:\OOD\main\2D-Maze-Game-main\Port1\src\MazeBeta1\MazeGameMain.java,MazeBeta1.MazeGameMain,"setWall/2[int,int]",x,2
E:\OOD\main\2D-Maze-Game-main\Port1\src\MazeBeta1\MazeGameMain.java,MazeBeta1.MazeGameMain,"setWall/2[int,int]",y,2
E:\OOD\main\2D-Maze-Game-main\Port1\src\MazeBeta1\MazeGameMain.java,MazeBeta1.MazeGameMain,"setWall/2[int,int]",i,4
E:\OOD\main\2D-Maze-Game-main\Port1\src\MazeBeta1\MazeGameMain.java,MazeBeta1.MazeGameMain,"setWall/2[int,int]",wall,2
E:\OOD\main\2D-Maze-Game-main\Port1\src\MazeBeta1\MazeGameMain.java,MazeBeta1.MazeGameMain,main/1[java.lang.String[]],args,0
E:\OOD\main\2D-Maze-Game-main\Port1\src\MazeBeta1\MazeGameMain.java,MazeBeta1.MazeGameMain,setBG/0,i,6
E:\OOD\main\2D-Maze-Game-main\Port1\src\MazeBeta1\MazeGameMain.java,MazeBeta1.MazeGameMain,setBG/0,j,7
E:\OOD\main\2D-Maze-Game-main\Port1\src\MazeBeta1\MazeGameMain.java,MazeBeta1.MazeGameMain,keyReleased/1[java.awt.event.KeyEvent],e,2
E:\OOD\main\2D-Maze-Game-main\Port1\src\MazeBeta1\MazeGameMain.java,MazeBeta1.MazeGameMain,"setRoof/2[int,int]",roof,1
E:\OOD\main\2D-Maze-Game-main\Port1\src\MazeBeta1\MazeGameMain.java,MazeBeta1.MazeGameMain,"setRoof/2[int,int]",x,1
E:\OOD\main\2D-Maze-Game-main\Port1\src\MazeBeta1\MazeGameMain.java,MazeBeta1.MazeGameMain,"setRoof/2[int,int]",y,1
E:\OOD\main\2D-Maze-Game-main\Port1\src\MazeBeta1\MazeGameMain.java,MazeBeta1.MazeGameMain,"setGround/2[int,int]",x,1
E:\OOD\main\2D-Maze-Game-main\Port1\src\MazeBeta1\MazeGameMain.java,MazeBeta1.MazeGameMain,"setGround/2[int,int]",y,1
E:\OOD\main\2D-Maze-Game-main\Port1\src\MazeBeta1\MazeGameMain.java,MazeBeta1.MazeGameMain,"setGround/2[int,int]",ground,2
E:\OOD\main\2D-Maze-Game-main\Port1\src\MazeBeta1\MazeGameMain.java,MazeBeta1.MazeGameMain,keyPressed/1[java.awt.event.KeyEvent],e,1
E:\OOD\main\2D-Maze-Game-main\Port1\src\MazeBeta1\Destination.java,MazeBeta1.Destination,"moveRect/2[int,int]",x,2
E:\OOD\main\2D-Maze-Game-main\Port1\src\MazeBeta1\Destination.java,MazeBeta1.Destination,"moveRect/2[int,int]",y,2
E:\OOD\main\2D-Maze-Game-main\Port1\src\MazeBeta1\Destination.java,MazeBeta1.Destination,drawRect/1[java.awt.Graphics],g,1
E:\OOD\main\2D-Maze-Game-main\Port1\src\MazeBeta1\Destination.java,MazeBeta1.Destination,imgToPixel/1[java.awt.image.BufferedImage],img,3
E:\OOD\main\2D-Maze-Game-main\Port1\src\MazeBeta1\Destination.java,MazeBeta1.Destination,imgToPixel/1[java.awt.image.BufferedImage],i,4
E:\OOD\main\2D-Maze-Game-main\Port1\src\MazeBeta1\Destination.java,MazeBeta1.Destination,imgToPixel/1[java.awt.image.BufferedImage],j,4
E:\OOD\main\2D-Maze-Game-main\Port1\src\MazeBeta1\Destination.java,MazeBeta1.Destination,"getImageFromArray/3[int[][],int,int]",image,2
E:\OOD\main\2D-Maze-Game-main\Port1\src\MazeBeta1\Destination.java,MazeBeta1.Destination,"getImageFromArray/3[int[][],int,int]",pixels,1
E:\OOD\main\2D-Maze-Game-main\Port1\src\MazeBeta1\Destination.java,MazeBeta1.Destination,"getImageFromArray/3[int[][],int,int]",width,2
E:\OOD\main\2D-Maze-Game-main\Port1\src\MazeBeta1\Destination.java,MazeBeta1.Destination,"getImageFromArray/3[int[][],int,int]",i,4
E:\OOD\main\2D-Maze-Game-main\Port1\src\MazeBeta1\Destination.java,MazeBeta1.Destination,"getImageFromArray/3[int[][],int,int]",j,4
E:\OOD\main\2D-Maze-Game-main\Port1\src\MazeBeta1\Destination.java,MazeBeta1.Destination,"getImageFromArray/3[int[][],int,int]",height,2
E:\OOD\main\2D-Maze-Game-main\Port1\src\MazeBeta1\Destination.java,MazeBeta1.Destination,translateImg/1[java.awt.image.BufferedImage],img,2
E:\OOD\main\2D-Maze-Game-main\Port1\src\MazeBeta1\Destination.java,MazeBeta1.Destination,translateImg/1[java.awt.image.BufferedImage],r,6
E:\OOD\main\2D-Maze-Game-main\Port1\src\MazeBeta1\Destination.java,MazeBeta1.Destination,translateImg/1[java.awt.image.BufferedImage],b,6
E:\OOD\main\2D-Maze-Game-main\Port1\src\MazeBeta1\Destination.java,MazeBeta1.Destination,translateImg/1[java.awt.image.BufferedImage],color,6
E:\OOD\main\2D-Maze-Game-main\Port1\src\MazeBeta1\Destination.java,MazeBeta1.Destination,translateImg/1[java.awt.image.BufferedImage],g,6
E:\OOD\main\2D-Maze-Game-main\Port1\src\MazeBeta1\Destination.java,MazeBeta1.Destination,translateImg/1[java.awt.image.BufferedImage],w,7
E:\OOD\main\2D-Maze-Game-main\Port1\src\MazeBeta1\Destination.java,MazeBeta1.Destination,translateImg/1[java.awt.image.BufferedImage],i,5
E:\OOD\main\2D-Maze-Game-main\Port1\src\MazeBeta1\Destination.java,MazeBeta1.Destination,translateImg/1[java.awt.image.BufferedImage],j,4
E:\OOD\main\2D-Maze-Game-main\Port1\src\MazeBeta1\Destination.java,MazeBeta1.Destination,"Destination/2[java.awt.image.BufferedImage,java.awt.Rectangle]",rect,2
E:\OOD\main\2D-Maze-Game-main\Port1\src\MazeBeta1\Destination.java,MazeBeta1.Destination,"Destination/2[java.awt.image.BufferedImage,java.awt.Rectangle]",img,5
E:\OOD\main\2D-Maze-Game-main\Port1\src\MazeBeta1\Destination.java,MazeBeta1.Destination,"drawExitRect/2[java.awt.Graphics,MazeBeta1.BGcomponent]",rect,7
E:\OOD\main\2D-Maze-Game-main\Port1\src\MazeBeta1\Destination.java,MazeBeta1.Destination,"drawExitRect/2[java.awt.Graphics,MazeBeta1.BGcomponent]",g,4
E:\OOD\main\2D-Maze-Game-main\Port1\src\MazeBeta1\ScreenShader.java,MazeBeta1.ScreenShader,"ScreenShader/3[int,int,int]",r,2
E:\OOD\main\2D-Maze-Game-main\Port1\src\MazeBeta1\ScreenShader.java,MazeBeta1.ScreenShader,"ScreenShader/3[int,int,int]",x,1
E:\OOD\main\2D-Maze-Game-main\Port1\src\MazeBeta1\ScreenShader.java,MazeBeta1.ScreenShader,"ScreenShader/3[int,int,int]",y,1
E:\OOD\main\2D-Maze-Game-main\Port1\src\MazeBeta1\ScreenShader.java,MazeBeta1.ScreenShader,"moveShade/2[int,int]",x,2
E:\OOD\main\2D-Maze-Game-main\Port1\src\MazeBeta1\ScreenShader.java,MazeBeta1.ScreenShader,"moveShade/2[int,int]",y,2
E:\OOD\main\2D-Maze-Game-main\Port1\src\MazeBeta1\ScreenShader.java,MazeBeta1.ScreenShader,paintShader/1[java.awt.Graphics],g,1
E:\OOD\main\2D-Maze-Game-main\Port1\src\MazeBeta1\ScreenShader.java,MazeBeta1.ScreenShader,paintShader/1[java.awt.Graphics],g2d,2
E:\OOD\main\2D-Maze-Game-main\Port1\src\MazeBeta1\MazeGameMain.java,MazeBeta1.MazeGameMain$DrawingPanel,paintComponent/1[java.awt.Graphics],r,4
E:\OOD\main\2D-Maze-Game-main\Port1\src\MazeBeta1\MazeGameMain.java,MazeBeta1.MazeGameMain$DrawingPanel,paintComponent/1[java.awt.Graphics],g,11
E:\OOD\main\2D-Maze-Game-main\Port1\src\MazeBeta1\MazeGameMain.java,MazeBeta1.MazeGameMain$DrawingPanel,paintComponent/1[java.awt.Graphics],ground,5
E:\OOD\main\2D-Maze-Game-main\Port1\src\MazeBeta1\MazeGameMain.java,MazeBeta1.MazeGameMain$DrawingPanel,paintComponent/1[java.awt.Graphics],wall,5
E:\OOD\main\2D-Maze-Game-main\Port1\src\MazeBeta1\GameMaze.java,MazeBeta1.Block,"Block/3[int,int,boolean]",x,2
E:\OOD\main\2D-Maze-Game-main\Port1\src\MazeBeta1\GameMaze.java,MazeBeta1.Block,"Block/3[int,int,boolean]",visited,2
E:\OOD\main\2D-Maze-Game-main\Port1\src\MazeBeta1\GameMaze.java,MazeBeta1.Block,"Block/3[int,int,boolean]",y,2
E:\OOD\main\2D-Maze-Game-main\Port1\src\MazeBeta1\CameraAngle.java,MazeBeta1.CameraAngle,drawSubRect/1[java.awt.Graphics],g,8
E:\OOD\main\2D-Maze-Game-main\Port1\src\MazeBeta1\CameraAngle.java,MazeBeta1.CameraAngle,"CameraAngle/2[int,int]",x,1
E:\OOD\main\2D-Maze-Game-main\Port1\src\MazeBeta1\CameraAngle.java,MazeBeta1.CameraAngle,"CameraAngle/2[int,int]",y,1
E:\OOD\main\2D-Maze-Game-main\Port1\src\MazeBeta1\PlayerSprite.java,MazeBeta1.PlayerSprite,"movePlayer/2[int,int]",ypos,4
E:\OOD\main\2D-Maze-Game-main\Port1\src\MazeBeta1\PlayerSprite.java,MazeBeta1.PlayerSprite,"movePlayer/2[int,int]",xpos,4
E:\OOD\main\2D-Maze-Game-main\Port1\src\MazeBeta1\PlayerSprite.java,MazeBeta1.PlayerSprite,"PlayerSprite/2[int,int]",x,2
E:\OOD\main\2D-Maze-Game-main\Port1\src\MazeBeta1\PlayerSprite.java,MazeBeta1.PlayerSprite,"PlayerSprite/2[int,int]",y,2
E:\OOD\main\2D-Maze-Game-main\Port1\src\MazeBeta1\PlayerSprite.java,MazeBeta1.PlayerSprite,"PlayerSprite/2[int,int]",i,3
E:\OOD\main\2D-Maze-Game-main\Port1\src\MazeBeta1\PlayerSprite.java,MazeBeta1.PlayerSprite,"PlayerSprite/2[int,int]",j,3
E:\OOD\main\2D-Maze-Game-main\Port1\src\MazeBeta1\PlayerSprite.java,MazeBeta1.PlayerSprite,loadImage/1[java.lang.String],fileName,1
E:\OOD\main\2D-Maze-Game-main\Port1\src\MazeBeta1\PlayerSprite.java,MazeBeta1.PlayerSprite,loadImage/1[java.lang.String],e,1
E:\OOD\main\2D-Maze-Game-main\Port1\src\MazeBeta1\PlayerSprite.java,MazeBeta1.PlayerSprite,"cropImage/3[java.awt.image.BufferedImage,int,int]",ycord,1
E:\OOD\main\2D-Maze-Game-main\Port1\src\MazeBeta1\PlayerSprite.java,MazeBeta1.PlayerSprite,"cropImage/3[java.awt.image.BufferedImage,int,int]",src,1
E:\OOD\main\2D-Maze-Game-main\Port1\src\MazeBeta1\PlayerSprite.java,MazeBeta1.PlayerSprite,"cropImage/3[java.awt.image.BufferedImage,int,int]",subImage,1
E:\OOD\main\2D-Maze-Game-main\Port1\src\MazeBeta1\PlayerSprite.java,MazeBeta1.PlayerSprite,"cropImage/3[java.awt.image.BufferedImage,int,int]",xcord,1
E:\OOD\main\2D-Maze-Game-main\Port1\src\MazeBeta1\PlayerSprite.java,MazeBeta1.PlayerSprite,setMotion/1[int],n,1
E:\OOD\main\2D-Maze-Game-main\Port1\src\MazeBeta1\PlayerSprite.java,MazeBeta1.PlayerSprite,drawExtraRect/1[java.awt.Graphics],g,6
