file,class,type,cbo,cboModified,fanin,fanout,wmc,dit,noc,rfc,lcom,lcom*,tcc,lcc,totalMethodsQty,staticMethodsQty,publicMethodsQty,privateMethodsQty,protectedMethodsQty,defaultMethodsQty,visibleMethodsQty,abstractMethodsQty,finalMethodsQty,synchronizedMethodsQty,totalFieldsQty,staticFieldsQty,publicFieldsQty,privateFieldsQty,protectedFieldsQty,defaultFieldsQty,finalFieldsQty,synchronizedFieldsQty,nosi,loc,returnQty,loopQty,comparisonsQty,tryCatchQty,parenthesizedExpsQty,stringLiteralsQty,numbersQty,assignmentsQty,mathOperationsQty,variablesQty,maxNestedBlocksQty,anonymousClassesQty,innerClassesQty,lambdasQty,uniqueWordsQty,modifiers,logStatementsQty
E:\OOD\main\Aeda-Adventure-master\Aeda-Adventure-master\src\Heart.java,Heart,class,11,15,4,11,11,2,0,17,0,0.6190476,1.0,1.0,6,1,4,2,0,0,4,0,0,0,7,0,0,7,0,0,0,0,8,73,2,0,1,0,7,1,57,16,12,11,2,1,0,0,35,1,0
E:\OOD\main\Aeda-Adventure-master\Aeda-Adventure-master\src\Water.java,Water,class,5,6,1,5,9,2,0,7,7,0.6285714,0.33333334,0.71428573,7,0,7,0,0,0,7,0,0,0,5,0,0,5,0,0,0,0,4,48,4,2,0,0,22,0,31,12,32,10,2,0,0,0,26,1,0
E:\OOD\main\Aeda-Adventure-master\Aeda-Adventure-master\src\MainApplet.java,MainApplet,class,8,18,10,8,43,5,0,32,210,0.89714295,0.16996047,0.2964427,25,3,23,2,0,0,23,0,0,0,14,3,2,12,0,0,0,0,6,242,16,4,4,0,0,7,27,43,3,24,3,6,0,0,96,1,0
E:\OOD\main\Aeda-Adventure-master\Aeda-Adventure-master\src\HitAction.java,HitAction,interface,1,13,12,1,1,1,0,0,0,0.0,NaN,NaN,1,0,1,0,0,0,1,0,0,0,0,0,0,0,0,0,0,0,0,3,0,0,0,0,0,0,0,0,0,0,0,0,0,0,5,1,0
E:\OOD\main\Aeda-Adventure-master\Aeda-Adventure-master\src\IWaterLevel.java,IWaterLevel,interface,0,5,5,0,3,1,0,0,3,0.0,0.0,0.0,3,0,3,0,0,0,3,0,0,0,0,0,0,0,0,0,0,0,0,5,0,0,0,0,0,0,0,0,0,0,0,0,0,0,8,1,0
E:\OOD\main\Aeda-Adventure-master\Aeda-Adventure-master\src\ThreadDebugger.java,ThreadDebugger,class,5,6,1,5,20,6,0,52,0,0.3,0.0,0.0,2,0,2,0,0,0,2,0,0,0,5,1,0,4,0,1,1,0,19,138,0,2,5,2,11,41,100,26,42,22,3,3,0,0,88,1,0
E:\OOD\main\Aeda-Adventure-master\Aeda-Adventure-master\src\Enemy.java,Enemy$Anonymous1,anonymous,4,4,0,4,5,1,0,4,0,0.0,NaN,NaN,1,0,1,0,0,0,1,0,0,0,0,0,0,0,0,0,0,0,1,15,1,0,0,0,2,0,1,7,0,1,1,0,0,0,11,-1,0
E:\OOD\main\Aeda-Adventure-master\Aeda-Adventure-master\src\SoundManager.java,SoundManager,class,1,4,3,1,13,1,0,15,10,0.80000013,NaN,NaN,5,5,1,4,0,0,1,0,0,0,15,15,8,7,0,0,0,0,1,123,5,0,0,3,0,2,1,12,0,16,2,1,0,0,48,1,0
E:\OOD\main\Aeda-Adventure-master\Aeda-Adventure-master\src\Dunp.java,Dunp,class,10,12,2,10,7,4,0,20,9,0.5714286,0.26666668,0.4,7,1,6,1,0,0,6,0,0,0,2,0,0,2,0,0,0,0,6,188,2,0,0,0,4,0,351,14,36,12,0,1,0,0,44,1,0
E:\OOD\main\Aeda-Adventure-master\Aeda-Adventure-master\src\Network.java,Network$Anonymous1,anonymous,1,1,0,1,1,1,0,1,0,0.0,NaN,NaN,1,0,1,0,0,0,1,0,0,0,0,0,0,0,0,0,0,0,1,5,0,0,0,0,0,0,0,0,0,0,0,0,0,0,4,-1,0
E:\OOD\main\Aeda-Adventure-master\Aeda-Adventure-master\src\Network.java,Network$Anonymous2,anonymous,1,1,0,1,1,1,0,1,0,0.0,NaN,NaN,1,0,1,0,0,0,1,0,0,0,0,0,0,0,0,0,0,0,1,5,0,0,0,0,0,0,0,0,0,0,0,0,0,0,4,-1,0
E:\OOD\main\Aeda-Adventure-master\Aeda-Adventure-master\src\Key.java,Key$Anonymous1,anonymous,6,6,0,6,2,1,0,8,0,0.0,NaN,NaN,1,0,1,0,0,0,1,0,0,0,0,0,0,0,0,0,0,0,1,13,0,0,0,0,0,4,0,2,0,1,1,0,0,0,19,-1,0
E:\OOD\main\Aeda-Adventure-master\Aeda-Adventure-master\src\FiaceForest.java,FiaceForest$Anonymous1$Anonymous3$Anonymous4,anonymous,4,4,0,4,1,1,0,5,0,0.0,NaN,NaN,1,0,1,0,0,0,1,0,0,0,0,0,0,0,0,0,0,0,1,8,0,0,0,0,0,7,0,1,1,0,0,0,0,0,42,-1,0
E:\OOD\main\Aeda-Adventure-master\Aeda-Adventure-master\src\SceneTesselator.java,SPCache,class,2,3,1,2,0,1,0,0,0,NaN,-1.0,-1.0,0,0,0,0,0,0,0,0,0,0,5,0,5,0,0,0,0,0,0,7,0,0,0,0,0,0,0,0,0,5,0,0,0,0,10,0,0
E:\OOD\main\Aeda-Adventure-master\Aeda-Adventure-master\src\Drawable.java,Drawable,class,10,78,68,10,37,1,23,18,297,0.9010989,0.04307692,0.073846154,26,0,26,0,0,0,26,3,0,0,7,0,0,6,1,0,0,0,10,118,13,1,2,0,3,1,28,27,15,16,2,0,0,0,70,1025,0
E:\OOD\main\Aeda-Adventure-master\Aeda-Adventure-master\src\Sound.java,Sound,class,2,27,25,2,27,1,0,15,0,0.6666667,0.3888889,1.0,9,0,9,0,0,0,9,0,0,0,7,1,0,7,0,0,0,0,0,95,7,0,6,0,0,3,6,21,3,11,2,1,0,0,42,1,0
E:\OOD\main\Aeda-Adventure-master\Aeda-Adventure-master\src\DrawType.java,DrawType,enum,1,5,4,1,4,1,0,0,0,0.0,NaN,NaN,1,1,1,0,0,0,1,0,0,0,0,0,0,0,0,0,0,0,0,8,4,0,3,0,0,0,4,1,1,1,3,0,0,0,12,1,0
E:\OOD\main\Aeda-Adventure-master\Aeda-Adventure-master\src\Heart.java,Heart$Anonymous1,anonymous,3,3,0,3,2,1,0,2,0,0.0,NaN,NaN,1,0,1,0,0,0,1,0,0,0,0,0,0,0,0,0,0,0,0,6,1,0,0,0,2,0,0,0,0,0,1,0,0,0,5,-1,0
E:\OOD\main\Aeda-Adventure-master\Aeda-Adventure-master\src\MainApplet.java,MainApplet$Anonymous4,anonymous,2,2,0,2,14,1,0,7,3,0.0,0.0,0.0,3,0,3,0,0,0,3,0,0,0,0,0,0,0,0,0,0,0,1,19,0,0,5,0,0,1,0,2,0,0,2,0,0,0,18,-1,0
E:\OOD\main\Aeda-Adventure-master\Aeda-Adventure-master\src\MainApplet.java,MainApplet$Anonymous5,anonymous,1,1,0,1,6,1,0,6,3,0.0,0.0,0.0,3,0,3,0,0,0,3,0,0,0,0,0,0,0,0,0,0,0,0,20,0,0,3,0,0,0,0,0,0,0,1,0,0,0,9,-1,0
E:\OOD\main\Aeda-Adventure-master\Aeda-Adventure-master\src\HolmVillage.java,HolmVillage,class,28,35,7,28,79,3,0,65,24,0.8095239,0.21428572,0.21428572,9,0,8,1,0,0,8,0,0,0,7,1,1,6,0,0,0,0,2,403,8,15,5,0,8,9,244,85,35,53,3,4,0,0,126,1,0
E:\OOD\main\Aeda-Adventure-master\Aeda-Adventure-master\src\HolmVillage.java,HolmVillage$Anonymous6$Anonymous7,anonymous,1,1,0,1,3,1,0,2,0,1.0,NaN,NaN,1,0,1,0,0,0,1,0,0,0,1,0,0,1,0,0,0,0,0,10,0,0,0,0,0,0,1,3,0,2,1,0,0,0,11,-1,0
E:\OOD\main\Aeda-Adventure-master\Aeda-Adventure-master\src\Main.java,Main$Anonymous9$Anonymous10,anonymous,1,1,0,1,1,1,0,1,0,0.0,NaN,NaN,1,0,1,0,0,0,1,0,0,0,0,0,0,0,0,0,0,0,1,5,0,0,0,0,0,0,0,0,0,0,0,0,0,0,1,-1,0
E:\OOD\main\Aeda-Adventure-master\Aeda-Adventure-master\src\MainApplet.java,MainApplet$Anonymous6,anonymous,1,1,0,1,4,1,0,5,1,0.0,0.0,0.0,2,0,2,0,0,0,2,0,0,0,0,0,0,0,0,0,0,0,0,14,0,0,2,0,0,0,0,0,0,0,1,0,0,0,8,-1,0
E:\OOD\main\Aeda-Adventure-master\Aeda-Adventure-master\src\MainApplet.java,MainApplet$Anonymous1,anonymous,1,1,0,1,1,1,0,2,0,0.0,NaN,NaN,1,0,1,0,0,0,1,0,0,0,0,0,0,0,0,0,0,0,0,6,0,0,0,0,0,0,0,0,0,0,0,0,0,0,9,-1,0
E:\OOD\main\Aeda-Adventure-master\Aeda-Adventure-master\src\MainApplet.java,MainApplet$Anonymous2,anonymous,3,3,0,3,7,1,0,7,0,0.0,NaN,NaN,1,0,1,0,0,0,1,0,0,0,0,0,0,0,0,0,0,0,0,10,0,0,1,0,2,0,0,0,0,0,2,0,0,0,13,-1,0
E:\OOD\main\Aeda-Adventure-master\Aeda-Adventure-master\src\MainApplet.java,MainApplet$Anonymous3,anonymous,2,2,0,2,7,1,0,5,0,0.0,NaN,NaN,1,0,1,0,0,0,1,0,0,0,0,0,0,0,0,0,0,0,0,12,0,1,1,0,0,0,1,1,0,1,3,0,0,0,13,-1,0
E:\OOD\main\Aeda-Adventure-master\Aeda-Adventure-master\src\Key.java,Key,class,9,12,3,9,5,2,0,11,0,0.4,0.8333333,1.0,5,1,4,1,0,0,4,0,0,0,2,0,0,2,0,0,0,0,3,73,2,0,0,0,1,0,95,7,1,5,0,1,0,0,23,1,0
E:\OOD\main\Aeda-Adventure-master\Aeda-Adventure-master\src\R3D.java,R3D,class,1,3,2,1,2,2,0,0,1,0.5,0.0,0.0,2,0,2,0,0,0,2,0,0,0,3,0,3,0,0,0,0,0,0,14,0,0,0,0,0,0,5,8,0,3,0,0,0,0,7,1,0
E:\OOD\main\Aeda-Adventure-master\Aeda-Adventure-master\src\PointTesselator.java,PointTesselator$IKSolver,innerclass,2,2,0,2,1,2,0,0,0,0.0,NaN,NaN,1,0,1,0,0,0,1,0,0,0,2,0,2,0,0,0,0,0,0,10,0,0,0,0,0,0,1,4,0,3,0,0,0,0,15,0,0
E:\OOD\main\Aeda-Adventure-master\Aeda-Adventure-master\src\Utility.java,Utility$Anonymous1,anonymous,1,1,0,1,2,1,0,2,0,0.0,NaN,NaN,1,0,1,0,0,0,1,0,0,0,0,0,0,0,0,0,0,0,2,10,0,0,0,1,0,0,1,1,0,0,1,0,0,0,7,-1,0
E:\OOD\main\Aeda-Adventure-master\Aeda-Adventure-master\src\Texture.java,Texture,class,2,5,3,2,12,1,0,12,3,0.7291667,0.4,0.6666667,6,0,6,0,0,0,6,0,0,0,8,0,6,2,0,0,2,0,1,42,2,2,3,0,1,2,4,13,6,11,2,0,0,0,71,1,0
E:\OOD\main\Aeda-Adventure-master\Aeda-Adventure-master\src\$Vertex3f.java,$Vertex3f,class,0,3,3,0,1,1,0,0,0,0.0,NaN,NaN,1,0,1,0,0,0,1,0,0,0,3,0,3,0,0,0,0,0,0,8,1,0,0,0,1,2,0,0,1,3,0,0,0,0,5,1,0
E:\OOD\main\Aeda-Adventure-master\Aeda-Adventure-master\src\HolmVillage.java,HolmVillage$Anonymous2,anonymous,10,10,0,10,2,1,0,13,1,0.5,0.0,0.0,2,0,2,0,0,0,2,0,0,0,2,0,0,2,0,0,0,0,0,80,0,0,0,0,0,0,17,7,1,6,0,1,0,0,19,-1,0
E:\OOD\main\Aeda-Adventure-master\Aeda-Adventure-master\src\HolmVillage.java,HolmVillage$Anonymous1,anonymous,1,1,0,1,1,1,0,2,0,0.0,NaN,NaN,1,0,1,0,0,0,1,0,0,0,0,0,0,0,0,0,0,0,0,6,0,0,0,0,0,0,0,0,0,0,0,0,0,0,2,-1,0
E:\OOD\main\Aeda-Adventure-master\Aeda-Adventure-master\src\GameWalls.java,GameWalls,class,6,12,6,6,9,2,0,11,9,0.61111116,0.2,0.2,6,0,6,0,0,0,6,0,0,0,3,0,0,3,0,0,0,0,6,69,2,3,0,0,50,0,66,19,122,15,1,0,0,0,29,1,0
E:\OOD\main\Aeda-Adventure-master\Aeda-Adventure-master\src\Bat.java,Bat$Anonymous1,anonymous,4,4,0,4,5,1,0,4,0,0.0,NaN,NaN,1,0,1,0,0,0,1,0,0,0,0,0,0,0,0,0,0,0,1,15,1,0,0,0,2,0,1,7,0,1,1,0,0,0,11,-1,0
E:\OOD\main\Aeda-Adventure-master\Aeda-Adventure-master\src\FPSUtil.java,FPSUtil,class,0,2,2,0,6,1,0,1,0,0.56000006,0.5,1.0,5,5,5,0,0,0,5,0,0,0,5,5,0,5,0,0,0,0,2,29,1,0,1,0,3,0,4,8,3,7,1,0,0,0,17,1,0
E:\OOD\main\Aeda-Adventure-master\Aeda-Adventure-master\src\HolmVillage.java,HolmVillage$Anonymous6,anonymous,7,7,0,7,2,1,0,9,1,0.5,0.0,0.0,2,0,2,0,0,0,2,0,0,0,2,0,0,2,0,0,0,0,0,28,0,0,0,0,0,0,5,4,0,3,0,1,0,0,13,-1,0
E:\OOD\main\Aeda-Adventure-master\Aeda-Adventure-master\src\Queue.java,Queue,class,1,4,3,1,14,1,0,8,0,0.5,0.7777778,0.7777778,9,0,9,0,0,0,9,0,0,0,2,0,0,2,0,0,0,0,0,45,4,1,1,1,2,0,4,8,1,4,1,0,0,0,33,1,0
E:\OOD\main\Aeda-Adventure-master\Aeda-Adventure-master\src\HolmVillage.java,HolmVillage$Anonymous8,anonymous,2,2,0,2,4,1,0,4,0,0.0,NaN,NaN,1,0,1,0,0,0,1,0,0,0,1,0,0,1,0,0,0,0,0,12,0,0,0,0,0,2,2,3,0,1,1,0,0,0,12,-1,0
E:\OOD\main\Aeda-Adventure-master\Aeda-Adventure-master\src\Bed.java,Bed,class,6,7,1,6,4,2,0,9,0,0.25,0.5,0.5,4,0,4,0,0,0,4,0,0,0,1,0,0,1,0,0,0,0,0,188,1,0,0,0,6,0,196,11,24,11,0,0,0,0,26,1,0
E:\OOD\main\Aeda-Adventure-master\Aeda-Adventure-master\src\Rand.java,Rand,class,5,46,41,5,23,2,0,16,121,0.875,0.104575165,0.104575165,18,2,18,0,0,0,18,0,0,0,4,3,0,4,0,0,2,0,9,77,15,0,1,0,7,1,14,14,24,14,1,0,0,0,56,1,0
E:\OOD\main\Aeda-Adventure-master\Aeda-Adventure-master\src\GaussianFilter.java,ConvolveFilter,class,5,7,2,5,60,2,1,19,73,0.7894737,0.28654972,0.32163742,19,5,19,0,0,0,19,0,0,0,7,4,4,1,1,1,1,0,17,189,8,10,20,0,54,1,96,109,85,74,8,0,0,0,109,0,0
E:\OOD\main\Aeda-Adventure-master\Aeda-Adventure-master\src\$Vertex2f.java,$Vertex2f,class,0,2,2,0,1,1,0,0,0,0.0,NaN,NaN,1,0,1,0,0,0,1,0,0,0,2,0,2,0,0,0,0,0,0,7,1,0,0,0,1,1,0,0,1,2,0,0,0,0,4,1,0
E:\OOD\main\Aeda-Adventure-master\Aeda-Adventure-master\src\Couch.java,Couch,class,9,11,2,9,8,2,0,12,10,0.5625,0.2857143,0.47619048,8,1,7,1,0,0,7,0,0,0,2,0,0,2,0,0,0,0,4,156,4,0,0,0,0,0,286,9,0,8,0,1,0,0,32,1,0
E:\OOD\main\Aeda-Adventure-master\Aeda-Adventure-master\src\Grandma.java,Grandma,class,10,15,5,10,33,3,0,29,49,0.8418368,0.22222222,0.30555555,14,3,9,5,0,0,9,0,0,0,14,4,0,8,6,0,4,0,27,250,4,5,4,0,15,0,298,67,92,47,3,0,0,0,94,1025,0
E:\OOD\main\Aeda-Adventure-master\Aeda-Adventure-master\src\DelayedThread.java,DelayedThread,class,0,3,3,0,2,1,0,2,0,0.0,1.0,1.0,2,0,2,0,0,0,2,0,0,0,1,0,0,1,0,0,0,0,0,18,0,0,0,0,0,1,0,1,0,1,0,1,0,0,6,1,0
E:\OOD\main\Aeda-Adventure-master\Aeda-Adventure-master\src\B64.java,B64,class,3,4,1,3,14,1,0,4,1,0.5,0.0,0.0,2,2,2,0,0,0,3,0,0,0,2,2,0,2,0,0,1,0,0,54,4,3,0,0,24,3,37,31,20,20,1,0,0,0,42,1,0
E:\OOD\main\Aeda-Adventure-master\Aeda-Adventure-master\src\SceneTesselator.java,TriangleComparator2,class,1,2,1,1,3,1,0,0,0,0.0,NaN,NaN,1,0,1,0,0,0,1,0,0,0,0,0,0,0,0,0,0,0,0,7,3,0,1,0,0,0,3,0,0,0,2,0,0,0,6,0,0
E:\OOD\main\Aeda-Adventure-master\Aeda-Adventure-master\src\DT.java,DT,class,2,3,1,2,5,2,0,1,0,0.0,1.0,1.0,5,0,5,0,0,0,5,0,0,0,1,0,0,1,0,0,0,0,1,21,1,0,0,0,0,0,3,7,0,1,0,0,0,0,12,1,0
E:\OOD\main\Aeda-Adventure-master\Aeda-Adventure-master\src\CadenSea.java,CadenSea,class,13,17,4,13,21,3,0,42,34,0.8518519,0.0,0.0,9,0,8,1,0,0,8,0,0,0,3,1,1,2,0,0,0,0,0,98,5,5,0,0,4,4,55,26,15,18,2,1,0,0,61,1,0
E:\OOD\main\Aeda-Adventure-master\Aeda-Adventure-master\src\SceneTesselator.java,Light,class,1,2,1,1,0,1,0,0,0,NaN,-1.0,-1.0,0,0,0,0,0,0,0,0,0,0,4,0,4,0,0,0,0,0,0,6,0,0,0,0,0,0,1,1,0,6,0,0,0,0,7,0,0
E:\OOD\main\Aeda-Adventure-master\Aeda-Adventure-master\src\Enemy.java,Enemy,class,13,29,16,13,47,3,4,53,154,0.8941176,0.07602339,0.22222222,20,1,19,1,0,0,19,0,0,0,17,0,0,7,1,9,0,0,39,301,10,0,0,0,8,0,372,52,98,29,3,1,0,0,90,1,0
E:\OOD\main\Aeda-Adventure-master\Aeda-Adventure-master\src\$AnimationSetObject.java,$AnimationSetObject,class,0,1,1,0,2,1,0,5,0,0.0,NaN,NaN,1,0,1,0,0,0,1,0,0,0,2,0,2,0,0,0,0,0,0,13,1,1,0,0,1,5,1,3,3,4,1,0,0,0,9,1,0
E:\OOD\main\Aeda-Adventure-master\Aeda-Adventure-master\src\FishOil.java,FishOil,class,9,13,4,9,16,2,0,17,10,0.71875,0.4,0.6,8,4,5,3,0,0,5,0,0,0,8,5,0,8,0,0,2,0,16,91,5,3,1,0,4,0,41,38,24,28,2,1,0,0,57,1,0
E:\OOD\main\Aeda-Adventure-master\Aeda-Adventure-master\src\$XSkinMeshHeaderObject.java,$XSkinMeshHeaderObject,class,0,2,2,0,1,1,0,0,0,0.0,NaN,NaN,1,0,1,0,0,0,1,0,0,0,3,0,3,0,0,0,0,0,0,8,1,0,0,0,1,3,0,0,1,3,0,0,0,0,9,1,0
E:\OOD\main\Aeda-Adventure-master\Aeda-Adventure-master\src\Couch.java,Couch$Anonymous1,anonymous,3,3,0,3,1,1,0,4,0,0.0,NaN,NaN,1,0,1,0,0,0,1,0,0,0,0,0,0,0,0,0,0,0,0,6,0,0,0,0,0,0,1,0,0,0,0,0,0,0,4,-1,0
E:\OOD\main\Aeda-Adventure-master\Aeda-Adventure-master\src\Sound.java,Sound$Anonymous1,anonymous,0,0,0,0,3,1,0,4,0,0.0,NaN,NaN,1,0,1,0,0,0,1,0,0,0,0,0,0,0,0,0,0,0,0,15,1,0,1,1,0,0,0,1,0,0,1,0,0,0,8,-1,0
E:\OOD\main\Aeda-Adventure-master\Aeda-Adventure-master\src\Scene.java,Scene,class,19,82,63,19,110,1,0,69,1500,0.9469944,0.09152542,0.56440675,61,0,60,1,0,0,60,0,0,0,30,5,4,26,0,0,2,0,10,345,39,5,8,0,11,7,59,89,27,47,5,1,0,0,147,1,0
E:\OOD\main\Aeda-Adventure-master\Aeda-Adventure-master\src\SoundManager.java,SoundManager$Anonymous1,anonymous,1,1,0,1,11,1,0,10,0,0.0,NaN,NaN,1,0,1,0,0,0,1,0,0,0,0,0,0,0,0,0,0,0,18,54,0,2,0,2,0,5,3,20,0,6,3,0,0,0,31,-1,0
E:\OOD\main\Aeda-Adventure-master\Aeda-Adventure-master\src\RedGem.java,RedGem,class,10,16,6,10,5,3,0,12,6,0.0,0.0,0.0,4,1,3,1,0,0,3,0,1,0,0,0,0,0,0,0,0,0,4,65,3,0,0,0,2,0,94,4,4,3,1,1,0,0,24,1,0
E:\OOD\main\Aeda-Adventure-master\Aeda-Adventure-master\src\$Face.java,$Face,class,0,2,2,0,3,1,0,3,0,0.0,NaN,NaN,1,0,1,0,0,0,1,0,0,0,1,0,1,0,0,0,0,0,0,13,1,1,1,0,1,1,2,2,0,3,2,0,0,0,5,1,0
E:\OOD\main\Aeda-Adventure-master\Aeda-Adventure-master\src\P3D.java,P3D,class,2,56,54,2,19,2,0,2,0,0.5208333,0.38333333,0.45833334,16,5,16,0,0,0,16,0,0,0,6,1,4,2,0,0,0,0,4,111,14,1,2,0,10,4,18,59,56,22,1,0,0,0,54,1,0
E:\OOD\main\Aeda-Adventure-master\Aeda-Adventure-master\src\Scene.java,Scene$Anonymous1,anonymous,1,1,0,1,1,1,0,1,0,0.0,NaN,NaN,1,0,1,0,0,0,1,0,0,0,0,0,0,0,0,0,0,0,0,5,0,0,0,0,0,1,0,0,0,0,0,0,0,0,2,-1,0
E:\OOD\main\Aeda-Adventure-master\Aeda-Adventure-master\src\Krake.java,Krake,class,12,14,2,12,16,4,0,30,14,0.7083333,0.4,0.6,8,3,5,3,0,0,5,0,0,0,6,4,0,6,0,0,0,0,18,183,5,4,2,0,21,0,244,46,113,37,2,1,0,0,67,1,0
E:\OOD\main\Aeda-Adventure-master\Aeda-Adventure-master\src\CadenSea.java,CadenSea$Anonymous1,anonymous,1,1,0,1,2,1,0,2,0,0.0,NaN,NaN,1,0,1,0,0,0,1,0,0,0,0,0,0,0,0,0,0,0,0,8,0,0,0,0,0,0,0,0,0,0,1,0,0,0,3,-1,0
E:\OOD\main\Aeda-Adventure-master\Aeda-Adventure-master\src\Well.java,Well,class,9,12,3,9,19,2,0,19,0,0.4166667,0.6666667,1.0,6,0,4,2,0,0,4,0,0,0,4,1,0,3,0,1,0,0,8,150,1,2,1,0,3,0,166,27,106,21,3,0,0,0,52,1,0
E:\OOD\main\Aeda-Adventure-master\Aeda-Adventure-master\src\Flake.java,Flake,class,0,3,3,0,1,1,0,0,0,1.0,NaN,NaN,1,0,1,0,0,0,1,0,0,0,2,0,2,0,0,0,0,0,0,6,0,0,0,0,0,0,0,0,0,6,0,0,0,0,3,1,0
E:\OOD\main\Aeda-Adventure-master\Aeda-Adventure-master\src\$FrameModel.java,$FrameModel,class,1,5,4,1,4,1,0,6,0,0.25,NaN,NaN,1,0,1,0,0,0,1,0,0,0,4,0,4,0,0,0,0,0,0,21,1,2,1,0,1,6,19,6,3,7,2,0,0,0,14,1,0
E:\OOD\main\Aeda-Adventure-master\Aeda-Adventure-master\src\Operation3D.java,Operation3D,class,0,9,9,0,2,1,8,0,1,0.5,0.0,0.0,2,0,2,0,0,0,2,0,0,0,1,0,0,0,1,0,0,0,0,8,1,0,0,0,0,0,0,0,0,1,0,0,0,0,6,1,0
E:\OOD\main\Aeda-Adventure-master\Aeda-Adventure-master\src\ModelMerger.java,ModelMerger,class,10,12,2,10,29,6,0,47,4,0.78571427,0.0,0.0,4,0,3,1,0,0,3,0,0,0,7,1,0,6,0,1,1,0,4,193,3,2,6,5,5,37,95,38,29,35,8,3,0,0,95,1,0
E:\OOD\main\Aeda-Adventure-master\Aeda-Adventure-master\src\$VertexDuplicationIndicesObject.java,$VertexDuplicationIndicesObject,class,1,3,2,1,3,1,0,3,0,0.0,NaN,NaN,1,0,1,0,0,0,1,0,0,0,2,0,2,0,0,0,0,0,0,15,1,1,1,0,1,3,3,3,1,4,2,0,0,0,8,1,0
E:\OOD\main\Aeda-Adventure-master\Aeda-Adventure-master\src\Font3D.java,Font3D,class,2,6,4,2,1,2,0,0,0,1.0,NaN,NaN,1,0,1,0,0,0,1,0,0,0,4,0,4,0,0,0,0,0,0,9,0,0,0,0,0,2,6,5,0,4,0,0,0,0,11,1,0
E:\OOD\main\Aeda-Adventure-master\Aeda-Adventure-master\src\$XModelData.java,$XModelData,class,2,5,3,2,12,1,0,9,0,0.7333333,0.1,0.1,5,0,5,0,0,0,5,0,0,0,6,0,6,0,0,0,0,0,0,47,5,3,2,0,5,5,7,13,3,12,3,0,0,0,30,1,0
E:\OOD\main\Aeda-Adventure-master\Aeda-Adventure-master\src\HolmVillage.java,HolmVillage$Anonymous2$Anonymous3,anonymous,2,2,0,2,8,1,0,5,0,1.0,NaN,NaN,1,0,1,0,0,0,1,0,0,0,1,0,0,1,0,0,0,0,0,48,0,0,0,0,0,16,1,5,3,4,2,1,0,0,57,-1,0
E:\OOD\main\Aeda-Adventure-master\Aeda-Adventure-master\src\Shop.java,Shop$Anonymous1,anonymous,0,0,0,0,1,1,0,0,0,0.0,NaN,NaN,1,0,1,0,0,0,1,0,0,0,0,0,0,0,0,0,0,0,0,5,0,0,0,0,0,0,0,1,0,0,0,0,0,0,8,-1,0
E:\OOD\main\Aeda-Adventure-master\Aeda-Adventure-master\src\Shop.java,Shop$Anonymous2,anonymous,1,1,0,1,1,1,0,1,0,0.0,NaN,NaN,1,0,1,0,0,0,1,0,0,0,0,0,0,0,0,0,0,0,0,6,0,0,0,0,0,0,0,1,0,0,0,0,0,0,13,-1,0
E:\OOD\main\Aeda-Adventure-master\Aeda-Adventure-master\src\Lamppost.java,Lamppost,class,10,14,4,10,25,2,0,24,32,0.7916667,0.3888889,1.0,12,0,9,3,0,0,9,0,0,0,11,0,1,10,0,0,0,0,41,213,8,0,7,0,11,0,345,57,138,27,2,0,0,0,63,1,0
E:\OOD\main\Aeda-Adventure-master\Aeda-Adventure-master\src\Shop.java,Shop$Anonymous5,anonymous,4,4,0,4,3,1,0,6,0,0.0,NaN,NaN,1,0,1,0,0,0,1,0,0,0,0,0,0,0,0,0,0,0,1,13,0,0,0,0,0,4,1,3,0,1,2,0,0,0,22,-1,0
E:\OOD\main\Aeda-Adventure-master\Aeda-Adventure-master\src\Shop.java,Shop$Anonymous6,anonymous,2,2,0,2,2,1,0,3,0,0.0,NaN,NaN,1,0,1,0,0,0,1,0,0,0,0,0,0,0,0,0,0,0,1,10,0,0,0,0,0,0,1,2,0,1,1,0,0,0,7,-1,0
E:\OOD\main\Aeda-Adventure-master\Aeda-Adventure-master\src\Shop.java,Shop$Anonymous3,anonymous,4,4,0,4,3,1,0,6,0,0.0,NaN,NaN,1,0,1,0,0,0,1,0,0,0,0,0,0,0,0,0,0,0,1,13,0,0,0,0,0,4,1,3,0,1,2,0,0,0,22,-1,0
E:\OOD\main\Aeda-Adventure-master\Aeda-Adventure-master\src\Shop.java,Shop$Anonymous4,anonymous,2,2,0,2,2,1,0,3,0,0.0,NaN,NaN,1,0,1,0,0,0,1,0,0,0,0,0,0,0,0,0,0,0,1,10,0,0,0,0,0,0,1,3,0,1,1,0,0,0,8,-1,0
E:\OOD\main\Aeda-Adventure-master\Aeda-Adventure-master\src\BossLevel.java,BossLevel$Anonymous2,anonymous,2,2,0,2,1,1,0,2,0,0.0,NaN,NaN,1,0,1,0,0,0,1,0,0,0,0,0,0,0,0,0,0,0,0,11,0,0,0,0,0,1,1,0,0,0,0,1,0,0,5,-1,0
E:\OOD\main\Aeda-Adventure-master\Aeda-Adventure-master\src\BossLevel.java,BossLevel$Anonymous1,anonymous,1,1,0,1,2,1,0,1,0,0.0,NaN,NaN,1,0,1,0,0,0,1,0,0,0,0,0,0,0,0,0,0,0,0,5,0,0,0,0,0,1,0,0,0,0,1,0,0,0,6,-1,0
E:\OOD\main\Aeda-Adventure-master\Aeda-Adventure-master\src\Cassius.java,Cassius,class,12,17,5,12,33,3,0,35,20,0.82805425,0.35714287,0.53571427,13,3,8,5,0,0,8,0,0,0,17,6,0,11,6,0,6,0,26,239,4,3,2,0,17,10,217,69,122,47,3,4,0,0,145,1025,0
E:\OOD\main\Aeda-Adventure-master\Aeda-Adventure-master\src\DelayedThread.java,DelayedThread$Anonymous1,anonymous,0,0,0,0,3,1,0,2,0,0.0,NaN,NaN,1,0,1,0,0,0,1,0,0,0,0,0,0,0,0,0,0,0,2,8,0,1,1,0,0,0,0,1,1,1,1,0,0,0,5,-1,0
E:\OOD\main\Aeda-Adventure-master\Aeda-Adventure-master\src\Banicia.java,Banicia,class,17,20,3,17,26,3,0,37,28,0.875,0.0,0.0,8,0,7,1,0,0,7,0,0,0,1,1,1,0,0,0,0,0,1,82,4,5,0,0,4,2,59,20,7,15,2,0,0,0,53,1,0
E:\OOD\main\Aeda-Adventure-master\Aeda-Adventure-master\src\FacialExpression.java,FacialExpression,enum,1,3,2,1,15,1,0,0,3,0.0,0.0,0.0,3,3,3,0,0,0,3,0,0,0,0,0,0,0,0,0,0,0,0,43,15,0,0,0,0,0,15,0,3,0,1,0,0,0,20,1,0
E:\OOD\main\Aeda-Adventure-master\Aeda-Adventure-master\src\$MaterialObject.java,$MaterialObject,class,0,2,2,0,1,1,0,0,0,0.0,NaN,NaN,1,0,1,0,0,0,1,0,0,0,13,0,13,0,0,0,0,0,0,18,1,0,0,0,1,13,0,0,1,13,0,0,0,0,16,1,0
E:\OOD\main\Aeda-Adventure-master\Aeda-Adventure-master\src\$Loader.java,$Loader,class,18,20,2,18,138,1,0,44,250,0.875,0.04710145,0.04710145,24,24,24,0,0,0,24,0,0,0,3,3,1,0,0,2,0,0,84,677,11,24,13,31,14,126,152,304,57,129,3,0,0,0,113,1,0
E:\OOD\main\Aeda-Adventure-master\Aeda-Adventure-master\src\JVMCodeReloader.java,JVMCodeReloader,class,0,1,1,0,3,1,0,5,0,0.0,NaN,NaN,1,1,1,0,0,0,1,0,0,0,0,0,0,0,0,0,0,0,1,13,2,0,0,1,0,3,1,2,0,1,1,0,0,0,16,1,0
E:\OOD\main\Aeda-Adventure-master\Aeda-Adventure-master\src\ComponentMover.java,ComponentMover,class,1,5,4,1,26,2,0,20,78,0.83522725,0.07692308,0.13186814,16,0,14,2,0,0,14,0,0,0,11,0,0,11,0,0,0,0,2,97,4,2,2,0,3,0,8,27,8,20,1,0,0,0,54,1,0
E:\OOD\main\Aeda-Adventure-master\Aeda-Adventure-master\src\Utility.java,Utility,class,30,68,38,30,130,1,0,127,358,0.9285714,0.011396011,0.011396011,28,28,27,1,0,0,27,0,4,0,9,9,0,9,0,0,0,0,44,630,36,16,26,7,114,46,467,229,335,171,5,1,0,0,270,1,0
E:\OOD\main\Aeda-Adventure-master\Aeda-Adventure-master\src\PointTesselator.java,Matrix,class,3,6,3,3,24,1,0,11,29,0.8636364,0.5497076,0.56725144,22,2,19,3,0,0,19,0,1,0,13,3,2,11,0,0,3,0,28,229,10,1,1,0,84,10,364,161,162,41,1,0,0,0,80,0,0
E:\OOD\main\Aeda-Adventure-master\Aeda-Adventure-master\src\Network.java,Network,class,5,9,4,5,19,1,0,30,18,0.8015872,0.1,0.1,9,9,5,4,0,0,5,0,0,0,14,14,2,12,0,0,3,0,7,132,6,2,2,5,2,9,9,39,4,31,4,2,0,0,85,1,0
E:\OOD\main\Aeda-Adventure-master\Aeda-Adventure-master\src\Windmill.java,Windmill,class,9,11,2,9,8,2,0,16,2,0.55,0.5,0.5,5,1,4,1,0,0,4,0,0,0,4,0,0,4,0,0,0,0,28,122,2,2,1,0,11,0,198,30,67,26,2,0,0,0,43,1,0
E:\OOD\main\Aeda-Adventure-master\Aeda-Adventure-master\src\Boss.java,Boss$Anonymous1,anonymous,7,7,0,7,6,1,0,6,0,0.0,NaN,NaN,1,0,1,0,0,0,1,0,0,0,0,0,0,0,0,0,0,0,1,21,1,0,0,0,2,1,3,10,2,3,2,0,0,0,15,-1,0
E:\OOD\main\Aeda-Adventure-master\Aeda-Adventure-master\src\CassiusModel.java,CassiusModel,class,2,3,1,2,1,1,0,3,0,0.0,NaN,NaN,1,1,1,0,0,0,1,0,0,0,0,0,0,0,0,0,0,0,0,3280,0,0,0,0,0,0,9828,0,7371,0,0,0,0,0,13,1,0
E:\OOD\main\Aeda-Adventure-master\Aeda-Adventure-master\src\Boss.java,Boss$Anonymous2,anonymous,6,6,0,6,1,1,0,6,0,0.0,NaN,NaN,1,0,1,0,0,0,1,0,0,0,0,0,0,0,0,0,0,0,1,8,0,0,0,0,0,1,3,2,0,0,0,0,0,0,9,-1,0
E:\OOD\main\Aeda-Adventure-master\Aeda-Adventure-master\src\House.java,House,class,11,14,3,11,29,2,0,41,34,0.8556149,0.17777778,0.26666668,17,0,10,7,0,0,10,0,0,0,11,1,1,10,0,0,0,0,5,343,5,0,1,0,18,5,451,31,136,17,3,0,0,0,75,1,0
E:\OOD\main\Aeda-Adventure-master\Aeda-Adventure-master\src\GamePlane.java,GamePlane,class,11,30,19,11,112,2,0,39,389,0.9029304,0.20476191,0.52380955,39,0,36,3,0,0,36,0,0,0,27,1,1,25,0,1,1,0,15,362,40,9,5,0,74,0,157,165,220,104,6,0,0,0,142,1,0
E:\OOD\main\Aeda-Adventure-master\Aeda-Adventure-master\src\Gem.java,Gem,class,8,16,8,8,7,2,1,12,5,0.6,0.5,0.6,6,1,5,1,0,0,5,0,0,0,5,0,0,0,5,0,0,0,3,80,3,0,0,0,4,0,114,11,22,6,1,1,0,0,27,1,0
E:\OOD\main\Aeda-Adventure-master\Aeda-Adventure-master\src\SailorHarbour.java,SailorHarbour,class,20,26,6,20,71,3,0,65,54,0.8611111,0.08888889,0.13333334,12,0,10,2,0,0,10,0,0,0,6,3,1,5,0,0,2,0,4,261,6,15,3,0,50,8,176,79,91,49,5,2,0,0,100,1,0
E:\OOD\main\Aeda-Adventure-master\Aeda-Adventure-master\src\ControllerSupport.java,ControllerSupport,class,0,5,5,0,6,1,0,1,15,0.8333333,0.0,0.0,6,0,6,0,0,0,6,0,0,0,3,0,0,3,0,0,0,0,2,28,4,0,0,0,0,0,2,4,0,4,0,1,0,0,22,1,0
E:\OOD\main\Aeda-Adventure-master\Aeda-Adventure-master\src\Shop.java,Shop,class,9,12,3,9,62,3,0,66,153,0.9144738,0.021978023,0.021978023,19,6,14,5,0,0,14,0,0,0,16,6,0,16,0,0,0,0,23,404,6,6,17,0,142,39,375,74,231,59,3,6,0,0,125,1,0
E:\OOD\main\Aeda-Adventure-master\Aeda-Adventure-master\src\RedGem.java,RedGem$Anonymous1,anonymous,4,4,0,4,2,1,0,4,0,0.0,NaN,NaN,1,0,1,0,0,0,1,0,0,0,0,0,0,0,0,0,0,0,0,10,0,0,0,0,0,1,1,2,0,1,1,0,0,0,6,-1,0
E:\OOD\main\Aeda-Adventure-master\Aeda-Adventure-master\src\InsideHouse.java,InsideHouse,class,8,13,5,8,8,3,0,20,7,0.5833334,0.13333334,0.13333334,6,0,6,0,0,0,6,0,0,0,2,0,0,2,0,0,0,0,0,41,1,2,0,0,0,1,24,8,1,7,2,0,0,0,35,1,0
E:\OOD\main\Aeda-Adventure-master\Aeda-Adventure-master\src\Level.java,Level,class,27,69,42,27,163,2,8,133,351,0.91636795,0.14193548,0.4967742,31,0,31,0,0,0,31,2,0,0,24,3,1,19,1,3,0,0,30,510,21,11,53,2,31,21,137,140,56,76,7,0,0,0,187,1025,0
E:\OOD\main\Aeda-Adventure-master\Aeda-Adventure-master\src\PointTesselator.java,TriangleComparator,class,1,2,1,1,1,1,0,0,0,0.0,NaN,NaN,1,0,1,0,0,0,1,0,0,0,0,0,0,0,0,0,0,0,0,5,1,0,0,0,2,0,1,0,2,0,0,0,0,0,6,0,0
E:\OOD\main\Aeda-Adventure-master\Aeda-Adventure-master\src\FileSave.java,FileSave,class,4,11,7,4,49,1,0,35,91,0.8,0.16666667,0.16666667,15,0,9,6,0,0,9,0,0,0,2,1,0,2,0,0,1,0,28,211,15,4,3,7,7,122,33,58,43,18,4,0,0,0,69,1,0
E:\OOD\main\Aeda-Adventure-master\Aeda-Adventure-master\src\HolmVillage.java,HolmVillage$Anonymous2$Anonymous3$Anonymous4,anonymous,1,1,0,1,2,1,0,3,0,0.0,NaN,NaN,1,0,1,0,0,0,1,0,0,0,0,0,0,0,0,0,0,0,0,16,1,0,0,0,0,3,0,0,0,0,1,1,0,0,10,-1,0
E:\OOD\main\Aeda-Adventure-master\Aeda-Adventure-master\src\PointTesselator.java,PointTesselator$TRIGSTORE,innerclass,1,1,0,1,7,1,0,1,0,0.0,NaN,NaN,1,0,1,0,0,0,1,0,0,0,1,0,1,0,0,0,0,0,0,12,2,0,6,0,0,1,1,2,0,8,1,0,0,0,20,0,0
E:\OOD\main\Aeda-Adventure-master\Aeda-Adventure-master\src\FiaceForest.java,FiaceForest$Anonymous1,anonymous,5,5,0,5,15,1,0,15,0,0.0,NaN,NaN,1,0,1,0,0,0,1,0,0,0,6,0,0,6,0,0,0,0,1,67,2,0,0,0,2,6,5,15,2,7,2,2,0,0,48,-1,0
E:\OOD\main\Aeda-Adventure-master\Aeda-Adventure-master\src\FiaceForest.java,FiaceForest$Anonymous5,anonymous,1,1,0,1,1,1,0,1,0,0.0,NaN,NaN,1,0,1,0,0,0,1,0,0,0,0,0,0,0,0,0,0,0,0,5,0,0,0,0,0,1,0,0,0,0,0,0,0,0,8,-1,0
E:\OOD\main\Aeda-Adventure-master\Aeda-Adventure-master\src\Hitbox.java,Hitbox$Anonymous1,anonymous,7,7,0,7,5,1,0,8,0,0.0,NaN,NaN,1,0,1,0,0,0,1,0,0,0,0,0,0,0,0,0,0,0,2,23,1,0,0,0,0,0,2,8,0,4,1,0,0,0,14,-1,0
E:\OOD\main\Aeda-Adventure-master\Aeda-Adventure-master\src\Sound.java,SoundSet,class,2,4,2,2,9,1,0,12,0,0.41666666,0.6666667,1.0,4,0,4,0,0,0,4,0,0,0,3,0,1,2,0,0,0,0,2,40,6,0,0,2,0,3,1,7,1,6,2,0,0,0,23,0,0
E:\OOD\main\Aeda-Adventure-master\Aeda-Adventure-master\src\PointTesselator.java,PointTesselator,class,22,64,42,22,348,2,1,77,2267,0.9634631,0.09265537,0.46723163,75,11,55,15,5,0,60,0,0,0,72,20,1,48,19,4,8,0,88,1294,36,16,92,0,208,13,434,703,443,363,8,0,3,0,415,1,0
E:\OOD\main\Aeda-Adventure-master\Aeda-Adventure-master\src\Gem.java,Gem$Anonymous1,anonymous,4,4,0,4,2,1,0,4,0,0.0,NaN,NaN,1,0,1,0,0,0,1,0,0,0,0,0,0,0,0,0,0,0,0,10,0,0,0,0,0,1,0,1,0,1,1,0,0,0,6,-1,0
E:\OOD\main\Aeda-Adventure-master\Aeda-Adventure-master\src\FiaceForest.java,FiaceForest$Anonymous6,anonymous,1,1,0,1,1,1,0,1,0,0.0,NaN,NaN,1,0,1,0,0,0,1,0,0,0,0,0,0,0,0,0,0,0,0,5,0,0,0,0,0,1,0,0,0,0,0,0,0,0,8,-1,0
E:\OOD\main\Aeda-Adventure-master\Aeda-Adventure-master\src\Krake.java,Krake$Anonymous1,anonymous,4,4,0,4,5,1,0,4,0,0.0,NaN,NaN,1,0,1,0,0,0,1,0,0,0,0,0,0,0,0,0,0,0,1,15,1,0,0,0,2,0,1,7,0,1,1,0,0,0,11,-1,0
E:\OOD\main\Aeda-Adventure-master\Aeda-Adventure-master\src\Main.java,Main$ScreenShot,innerclass,0,0,0,0,1,1,0,0,0,0.5,NaN,NaN,1,0,1,0,0,0,1,0,0,0,2,0,2,0,0,0,0,0,0,7,0,0,0,0,0,0,0,2,0,2,0,0,0,0,8,0,0
E:\OOD\main\Aeda-Adventure-master\Aeda-Adventure-master\src\ControllerSupport.java,ControllerSupport$Anonymous1,anonymous,0,0,0,0,1,1,0,0,0,0.0,NaN,NaN,1,0,1,0,0,0,1,0,0,0,0,0,0,0,0,0,0,0,0,4,0,0,0,0,0,0,0,0,0,0,0,0,0,0,5,-1,0
E:\OOD\main\Aeda-Adventure-master\Aeda-Adventure-master\src\Strings.java,Strings,class,2,4,2,2,2,1,1,0,0,0.033333335,0.0,0.0,1,0,1,0,0,0,2,0,0,0,30,1,30,0,0,0,0,0,0,66,0,0,0,0,0,29,0,31,1,30,0,0,0,0,83,1,0
E:\OOD\main\Aeda-Adventure-master\Aeda-Adventure-master\src\SailorHarbour.java,SailorHarbour$Anonymous2,anonymous,1,1,0,1,4,1,0,2,0,0.0,NaN,NaN,1,0,1,0,0,0,1,0,0,0,0,0,0,0,0,0,0,0,0,11,0,0,0,0,0,0,0,0,0,0,1,0,0,0,5,-1,0
E:\OOD\main\Aeda-Adventure-master\Aeda-Adventure-master\src\E3D.java,E3D,class,1,2,1,1,2,2,0,0,1,0.5,0.0,0.0,2,0,2,0,0,0,2,0,0,0,1,0,1,0,0,0,0,0,0,11,0,0,0,0,0,0,2,4,0,2,0,0,0,0,6,1,0
E:\OOD\main\Aeda-Adventure-master\Aeda-Adventure-master\src\SailorHarbour.java,SailorHarbour$Anonymous1,anonymous,1,1,0,1,3,1,0,2,0,0.0,NaN,NaN,1,0,1,0,0,0,1,0,0,0,0,0,0,0,0,0,0,0,0,7,0,0,0,0,0,0,0,0,0,0,1,0,0,0,12,-1,0
E:\OOD\main\Aeda-Adventure-master\Aeda-Adventure-master\src\Model.java,Model,class,6,8,2,6,42,1,0,22,7,0.64285713,0.2857143,0.71428573,7,0,7,0,0,0,7,0,0,0,4,0,0,4,0,0,0,0,8,173,12,2,5,10,1,43,24,42,10,20,5,0,0,0,99,1,0
E:\OOD\main\Aeda-Adventure-master\Aeda-Adventure-master\src\ModelMerger.java,ModelMerger$Anonymous3,anonymous,0,0,0,0,4,1,0,4,0,0.0,NaN,NaN,1,0,1,0,0,0,1,0,0,0,0,0,0,0,0,0,0,0,0,14,0,0,1,0,0,0,2,5,1,1,1,0,0,0,15,-1,0
E:\OOD\main\Aeda-Adventure-master\Aeda-Adventure-master\src\$RGBA.java,$RGBA,class,1,4,3,1,1,1,0,0,0,0.0,NaN,NaN,1,0,1,0,0,0,1,0,0,0,1,0,1,0,0,0,0,0,0,6,1,0,0,0,1,3,5,1,1,1,0,0,0,0,3,1,0
E:\OOD\main\Aeda-Adventure-master\Aeda-Adventure-master\src\ModelMerger.java,ModelMerger$Anonymous2,anonymous,1,1,0,1,13,1,0,10,1,0.0,0.0,0.0,2,0,2,0,0,0,2,0,0,0,0,0,0,0,0,0,0,0,0,32,0,0,1,1,0,0,6,8,1,5,4,0,0,0,26,-1,0
E:\OOD\main\Aeda-Adventure-master\Aeda-Adventure-master\src\ModelMerger.java,ModelMerger$Anonymous1,anonymous,0,0,0,0,1,1,0,1,0,0.0,NaN,NaN,1,0,1,0,0,0,1,0,0,0,0,0,0,0,0,0,0,0,0,5,0,0,0,0,0,0,0,0,0,0,0,0,0,0,6,-1,0
E:\OOD\main\Aeda-Adventure-master\Aeda-Adventure-master\src\Raft.java,Raft,class,7,10,3,7,12,2,0,15,3,0.64285713,0.4,0.6666667,7,0,6,1,0,0,6,0,0,0,6,0,0,6,0,0,0,0,2,98,2,2,0,0,8,0,87,27,62,21,1,0,0,0,49,1,0
E:\OOD\main\Aeda-Adventure-master\Aeda-Adventure-master\src\GaussianFilter.java,PixelUtils,class,2,5,3,2,40,1,0,8,19,0.8511904,0.0,0.0,7,7,7,0,0,0,7,0,0,0,24,24,21,3,0,0,23,0,38,179,13,0,3,0,66,0,143,101,135,45,2,0,0,0,69,0,0
E:\OOD\main\Aeda-Adventure-master\Aeda-Adventure-master\src\$MeshObject.java,$MeshObject,class,8,10,2,8,14,1,0,7,0,0.41666666,1.0,1.0,2,0,2,0,0,0,2,0,0,0,12,0,12,0,0,0,0,0,0,88,1,9,1,0,1,24,21,39,15,30,3,0,0,0,40,1,0
E:\OOD\main\Aeda-Adventure-master\Aeda-Adventure-master\src\Dunp.java,Dunp$Anonymous1,anonymous,4,4,0,4,5,1,0,4,0,0.0,NaN,NaN,1,0,1,0,0,0,1,0,0,0,0,0,0,0,0,0,0,0,1,15,1,0,0,0,2,0,1,7,0,1,1,0,0,0,11,-1,0
E:\OOD\main\Aeda-Adventure-master\Aeda-Adventure-master\src\Grass.java,Grass,class,9,13,4,9,7,2,0,16,1,0.5,0.5,0.5,6,0,4,2,0,0,4,0,0,0,2,0,0,2,0,0,0,0,2,49,2,1,0,0,4,0,21,10,35,9,1,0,0,0,29,1,0
E:\OOD\main\Aeda-Adventure-master\Aeda-Adventure-master\src\IMain.java,IMain,interface,1,24,23,1,18,1,0,0,153,0.0,0.0,0.0,18,0,18,0,0,0,18,0,0,0,0,0,0,0,0,0,0,0,0,20,0,0,0,0,0,0,0,0,0,0,0,0,0,0,35,1,0
E:\OOD\main\Aeda-Adventure-master\Aeda-Adventure-master\src\MainMenu.java,MainMenu,class,23,27,4,23,93,2,0,83,61,0.83333325,0.19444445,0.25,14,0,9,5,0,0,9,0,0,0,18,0,0,10,0,8,0,0,33,347,11,8,29,0,59,47,234,110,121,52,4,0,0,0,169,1,0
E:\OOD\main\Aeda-Adventure-master\Aeda-Adventure-master\src\Boss.java,Boss,class,12,15,3,12,21,4,0,31,20,0.7916666,0.17857143,0.35714287,9,1,8,1,0,0,8,0,0,0,8,2,0,8,0,0,0,0,6,244,2,0,4,0,31,7,364,31,303,21,4,2,0,0,66,1,0
E:\OOD\main\Aeda-Adventure-master\Aeda-Adventure-master\src\PortalFront.java,PortalFront,class,12,15,3,12,12,2,0,21,5,0.5714286,0.33333334,0.4,7,1,6,1,0,0,6,0,0,0,3,0,0,3,0,0,0,0,3,74,3,0,0,0,0,2,79,13,1,10,2,0,0,0,41,1,0
E:\OOD\main\Aeda-Adventure-master\Aeda-Adventure-master\src\SceneTesselator.java,SceneTesselator,class,15,20,5,15,178,2,0,96,936,0.9486112,0.032115173,0.11849391,45,0,43,2,0,0,43,0,0,0,16,1,0,16,0,0,1,0,41,735,13,26,32,2,46,3,352,284,163,152,5,0,0,0,219,1,0
E:\OOD\main\Aeda-Adventure-master\Aeda-Adventure-master\src\ThreadDebugger.java,ThreadDebugger$Anonymous1,anonymous,0,0,0,0,1,1,0,1,0,0.0,NaN,NaN,1,0,1,0,0,0,1,0,0,0,0,0,0,0,0,0,0,0,0,5,0,0,0,0,0,0,0,0,0,0,0,0,0,0,6,-1,0
E:\OOD\main\Aeda-Adventure-master\Aeda-Adventure-master\src\ThreadDebugger.java,ThreadDebugger$Anonymous2,anonymous,0,0,0,0,4,1,0,5,0,0.0,NaN,NaN,1,0,1,0,0,0,1,0,0,0,0,0,0,0,0,0,0,0,0,8,0,0,0,0,0,0,2,0,1,0,1,0,0,0,11,-1,0
E:\OOD\main\Aeda-Adventure-master\Aeda-Adventure-master\src\Horse.java,Horse,class,6,7,1,6,13,2,0,16,0,0.50000006,0.8,1.0,5,0,5,0,0,0,5,0,0,0,6,0,0,5,0,1,0,0,11,2340,1,0,2,0,6,0,5689,29,5043,19,2,0,0,0,35,1,0
E:\OOD\main\Aeda-Adventure-master\Aeda-Adventure-master\src\Main.java,Main$Anonymous11,anonymous,1,1,0,1,1,1,0,1,0,0.0,NaN,NaN,1,0,1,0,0,0,1,0,0,0,0,0,0,0,0,0,0,0,0,5,0,0,0,0,0,0,0,0,0,0,0,0,0,0,2,-1,0
E:\OOD\main\Aeda-Adventure-master\Aeda-Adventure-master\src\ThreadDebugger.java,ThreadDebugger$Anonymous3,anonymous,0,0,0,0,4,1,0,4,0,0.0,NaN,NaN,1,0,1,0,0,0,1,0,0,0,0,0,0,0,0,0,0,0,0,12,0,0,1,0,0,0,2,3,1,1,1,0,0,0,13,-1,0
E:\OOD\main\Aeda-Adventure-master\Aeda-Adventure-master\src\Tree.java,Tree,class,8,12,4,8,6,2,0,13,0,0.40625,0.8333333,1.0,4,0,4,0,0,0,4,0,0,0,8,0,0,8,0,0,0,0,3,95,1,0,0,0,14,0,152,26,46,12,1,0,0,0,27,1,0
E:\OOD\main\Aeda-Adventure-master\Aeda-Adventure-master\src\Main.java,Main$Anonymous2,anonymous,2,2,0,2,21,1,0,9,3,0.0,0.0,0.0,3,0,3,0,0,0,3,0,0,0,0,0,0,0,0,0,0,0,0,26,0,0,8,0,0,0,2,3,0,0,2,0,0,0,18,-1,0
E:\OOD\main\Aeda-Adventure-master\Aeda-Adventure-master\src\$SkinWeightsObject.java,$SkinWeightsObject,class,2,3,1,2,7,1,0,4,0,0.0,NaN,NaN,1,0,1,0,0,0,1,0,0,0,4,0,4,0,0,0,0,0,0,32,1,3,3,0,1,8,9,7,1,8,2,0,0,0,10,1,0
E:\OOD\main\Aeda-Adventure-master\Aeda-Adventure-master\src\Main.java,Main$Anonymous3,anonymous,1,1,0,1,6,1,0,6,3,0.0,0.0,0.0,3,0,3,0,0,0,3,0,0,0,0,0,0,0,0,0,0,0,0,20,0,0,3,0,0,0,0,0,0,0,1,0,0,0,9,-1,0
E:\OOD\main\Aeda-Adventure-master\Aeda-Adventure-master\src\GaussianFilter.java,GaussianFilter,class,5,7,2,5,23,3,0,14,10,0.7083333,0.32142857,0.53571427,8,2,8,0,0,0,8,0,0,0,3,1,0,0,2,1,1,0,10,92,4,5,6,0,17,1,44,55,35,40,7,0,0,0,107,1,0
E:\OOD\main\Aeda-Adventure-master\Aeda-Adventure-master\src\Hitbox.java,Hitbox,class,6,48,42,6,51,1,0,19,226,0.8977778,0.096666664,0.11666667,25,3,25,0,0,0,25,0,0,0,9,1,1,8,0,0,0,0,5,191,17,4,6,0,14,0,57,50,50,31,4,1,0,0,75,1,0
E:\OOD\main\Aeda-Adventure-master\Aeda-Adventure-master\src\Main.java,Main$Anonymous4,anonymous,1,1,0,1,4,1,0,5,1,0.0,0.0,0.0,2,0,2,0,0,0,2,0,0,0,0,0,0,0,0,0,0,0,0,14,0,0,2,0,0,0,0,0,0,0,1,0,0,0,8,-1,0
E:\OOD\main\Aeda-Adventure-master\Aeda-Adventure-master\src\Player.java,Player,class,16,29,13,16,89,3,0,55,294,0.90613014,0.096666664,0.41666666,29,0,25,4,0,0,25,0,0,0,36,1,6,22,0,8,3,0,69,755,13,0,5,0,127,3,1273,157,645,95,3,0,0,0,170,1,0
E:\OOD\main\Aeda-Adventure-master\Aeda-Adventure-master\src\Main.java,Main$Anonymous5,anonymous,1,1,0,1,2,1,0,3,0,0.0,NaN,NaN,1,0,1,0,0,0,1,0,0,0,0,0,0,0,0,0,0,0,0,9,0,0,1,0,0,0,0,2,0,0,1,0,0,0,16,-1,0
E:\OOD\main\Aeda-Adventure-master\Aeda-Adventure-master\src\Character.java,Character,class,8,22,14,8,28,2,4,11,149,0.86234826,0.064327486,0.064327486,19,0,19,0,0,0,19,3,0,0,13,0,0,11,2,0,0,0,1,100,5,0,1,0,2,0,19,43,19,20,3,0,0,0,58,1025,0
E:\OOD\main\Aeda-Adventure-master\Aeda-Adventure-master\src\Main.java,Main$Anonymous6,anonymous,3,3,0,3,9,1,0,8,0,0.0,NaN,NaN,1,0,1,0,0,0,1,0,0,0,0,0,0,0,0,0,0,0,4,17,0,2,1,0,2,0,2,3,1,1,3,0,0,0,11,-1,0
E:\OOD\main\Aeda-Adventure-master\Aeda-Adventure-master\src\Main.java,Main$Anonymous7,anonymous,3,3,0,3,8,1,0,7,0,0.0,NaN,NaN,1,0,1,0,0,0,1,0,0,0,0,0,0,0,0,0,0,0,0,16,0,1,1,0,0,0,1,1,0,1,3,0,0,0,13,-1,0
E:\OOD\main\Aeda-Adventure-master\Aeda-Adventure-master\src\Berlin.java,Berlin,class,2,7,5,2,15,1,0,5,10,0.8,0.0,0.0,5,5,2,3,0,0,3,0,0,0,1,1,0,1,0,0,1,0,25,29,5,1,4,0,8,0,297,23,37,18,1,0,0,0,23,1,0
E:\OOD\main\Aeda-Adventure-master\Aeda-Adventure-master\src\Main.java,Main$Anonymous8,anonymous,0,0,0,0,1,1,0,0,0,0.0,NaN,NaN,1,0,1,0,0,0,1,0,0,0,0,0,0,0,0,0,0,0,0,5,0,0,0,0,0,0,0,1,0,0,0,0,0,0,8,-1,0
E:\OOD\main\Aeda-Adventure-master\Aeda-Adventure-master\src\BaseDrawable.java,BaseDrawable,class,4,4,0,4,4,2,0,3,0,0.25,0.5,0.5,4,0,4,0,0,0,4,0,0,0,1,0,0,1,0,0,0,0,0,17,1,0,0,0,0,0,0,1,0,1,0,0,0,0,12,1,0
E:\OOD\main\Aeda-Adventure-master\Aeda-Adventure-master\src\Main.java,Main$Anonymous9,anonymous,0,0,0,0,1,1,0,2,0,0.0,NaN,NaN,1,0,1,0,0,0,1,0,0,0,0,0,0,0,0,0,0,0,0,13,0,0,0,0,0,1,0,1,1,1,0,1,0,0,10,-1,0
E:\OOD\main\Aeda-Adventure-master\Aeda-Adventure-master\src\SimplePlane.java,SimplePlane,class,9,11,2,9,23,2,0,14,10,0.66071427,0.3809524,0.47619048,8,0,7,1,0,0,7,0,0,0,7,0,0,7,0,0,0,0,4,97,6,4,2,0,53,0,90,49,156,30,2,0,0,0,57,1,0
E:\OOD\main\Aeda-Adventure-master\Aeda-Adventure-master\src\Flakes.java,Flakes,class,3,4,1,3,18,1,0,6,0,0.22222222,1.0,1.0,3,0,3,0,0,0,3,0,0,0,3,0,0,3,0,0,0,0,0,45,0,3,1,0,17,0,34,24,24,8,3,0,0,0,20,1,0
E:\OOD\main\Aeda-Adventure-master\Aeda-Adventure-master\src\FiaceForest.java,FiaceForest$Anonymous1$Anonymous2,anonymous,6,6,0,6,2,1,0,9,0,0.0,NaN,NaN,1,0,1,0,0,0,1,0,0,0,0,0,0,0,0,0,0,0,0,18,0,0,0,0,0,6,3,3,0,1,1,0,0,0,29,-1,0
E:\OOD\main\Aeda-Adventure-master\Aeda-Adventure-master\src\FiaceForest.java,FiaceForest$Anonymous1$Anonymous3,anonymous,3,3,0,3,1,1,0,4,0,0.0,NaN,NaN,1,0,1,0,0,0,1,0,0,0,0,0,0,0,0,0,0,0,0,14,0,0,0,0,0,3,0,0,1,0,0,1,0,0,8,-1,0
E:\OOD\main\Aeda-Adventure-master\Aeda-Adventure-master\src\BossLevel.java,BossLevel,class,16,18,2,16,34,3,0,48,22,0.77272725,0.0952381,0.14285715,8,0,7,1,0,0,7,0,0,0,10,1,1,9,0,0,0,0,12,135,4,6,5,0,10,9,77,35,20,22,4,2,0,0,61,1,0
E:\OOD\main\Aeda-Adventure-master\Aeda-Adventure-master\src\FiaceForest.java,FiaceForest,class,19,23,4,19,15,3,0,29,10,0.8,0.0,0.0,5,0,5,0,0,0,5,0,0,0,1,1,1,0,0,0,0,0,1,167,1,6,1,0,0,10,56,30,13,22,3,3,0,0,77,1,0
E:\OOD\main\Aeda-Adventure-master\Aeda-Adventure-master\src\PointTesselator.java,PointTesselator$microhelperpoint,innerclass,0,0,0,0,1,1,0,0,0,0.0,NaN,NaN,1,0,1,0,0,0,1,0,0,0,2,0,2,0,0,0,0,0,0,8,0,0,0,0,0,0,0,2,0,2,0,0,0,0,3,24,0
E:\OOD\main\Aeda-Adventure-master\Aeda-Adventure-master\src\HolmVillage.java,HolmVillage$Anonymous2$Anonymous3$Anonymous4$Anonymous5,anonymous,2,2,0,2,1,1,0,2,0,0.0,NaN,NaN,1,0,1,0,0,0,1,0,0,0,0,0,0,0,0,0,0,0,1,8,0,0,0,0,0,1,1,2,0,0,0,0,0,0,9,-1,0
E:\OOD\main\Aeda-Adventure-master\Aeda-Adventure-master\src\Main.java,Main$Anonymous1,anonymous,4,4,0,4,5,1,0,5,0,0.0,NaN,NaN,1,0,1,0,0,0,1,0,0,0,0,0,0,0,0,0,0,0,2,14,0,1,1,0,0,0,0,2,0,1,3,0,0,0,9,-1,0
E:\OOD\main\Aeda-Adventure-master\Aeda-Adventure-master\src\$AnimationObject.java,$AnimationObject,class,1,2,1,1,2,1,0,4,0,0.0,NaN,NaN,1,0,1,0,0,0,1,0,0,0,3,0,3,0,0,0,0,0,0,15,1,1,0,0,1,7,1,3,4,5,1,0,0,0,11,1,0
E:\OOD\main\Aeda-Adventure-master\Aeda-Adventure-master\src\$TimedFloatKeyObject.java,$TimedFloatKeyObject,class,1,3,2,1,3,1,0,3,0,0.0,NaN,NaN,1,0,1,0,0,0,1,0,0,0,2,0,0,0,0,2,0,0,0,15,1,1,1,0,1,3,2,2,1,4,2,0,0,0,7,1,0
E:\OOD\main\Aeda-Adventure-master\Aeda-Adventure-master\src\Message.java,Message,class,4,12,8,4,23,1,0,7,63,0.83035713,0.10989011,0.17582418,14,0,14,0,0,0,14,0,0,0,8,0,0,8,0,0,0,0,2,88,6,1,3,0,0,12,5,27,0,13,3,0,0,0,57,1,0
E:\OOD\main\Aeda-Adventure-master\Aeda-Adventure-master\src\T3D.java,T3D,class,5,9,4,5,9,1,0,0,1,0.7333334,0.33333334,0.33333334,3,0,3,0,0,0,3,0,0,0,13,0,13,0,0,0,0,0,0,45,2,0,6,0,2,1,3,22,7,26,1,0,0,0,54,1,0
E:\OOD\main\Aeda-Adventure-master\Aeda-Adventure-master\src\Screen.java,Screen,class,21,53,32,21,167,1,3,98,738,0.94374996,0.024358975,0.055128206,40,0,40,0,0,0,40,4,0,0,15,2,1,14,0,0,0,0,18,595,21,7,20,7,35,182,174,135,106,87,9,0,0,0,282,1025,0
E:\OOD\main\Aeda-Adventure-master\Aeda-Adventure-master\src\$AnimationKeyObject.java,$AnimationKeyObject,class,1,2,1,1,2,1,0,3,0,0.6,NaN,NaN,1,0,1,0,0,0,1,0,0,0,5,3,2,0,0,3,3,0,0,17,1,1,0,0,1,5,4,5,2,7,1,0,0,0,20,1,0
E:\OOD\main\Aeda-Adventure-master\Aeda-Adventure-master\src\Multiplayer.java,Multiplayer,class,16,18,2,16,46,2,0,71,37,0.79720294,0.14285715,0.14285715,11,0,7,4,0,0,7,0,0,0,13,0,0,5,0,8,0,0,28,201,4,8,5,0,48,17,178,66,91,33,3,0,0,0,102,1,0
E:\OOD\main\Aeda-Adventure-master\Aeda-Adventure-master\src\GaussianFilter.java,AbstractBufferedImageOp,class,1,2,1,1,12,1,1,14,15,0.0,0.0,0.0,6,0,6,0,0,0,6,0,0,0,0,0,0,0,0,0,0,0,0,27,6,0,6,0,0,0,4,4,0,2,1,0,0,0,46,1024,0
E:\OOD\main\Aeda-Adventure-master\Aeda-Adventure-master\src\Cassius.java,Cassius$Anonymous4,anonymous,1,1,0,1,1,1,0,1,0,0.0,NaN,NaN,1,0,1,0,0,0,1,0,0,0,0,0,0,0,0,0,0,0,0,7,0,0,0,0,0,0,2,2,0,0,0,0,0,0,11,-1,0
E:\OOD\main\Aeda-Adventure-master\Aeda-Adventure-master\src\Cassius.java,Cassius$Anonymous2,anonymous,1,1,0,1,1,1,0,1,0,0.0,NaN,NaN,1,0,1,0,0,0,1,0,0,0,0,0,0,0,0,0,0,0,0,5,0,0,0,0,0,1,0,0,0,0,0,0,0,0,5,-1,0
E:\OOD\main\Aeda-Adventure-master\Aeda-Adventure-master\src\Cassius.java,Cassius$Anonymous3,anonymous,3,3,0,3,2,1,0,3,0,0.0,NaN,NaN,1,0,1,0,0,0,1,0,0,0,0,0,0,0,0,0,0,0,1,10,0,0,0,0,0,2,0,1,0,0,1,0,0,0,7,-1,0
E:\OOD\main\Aeda-Adventure-master\Aeda-Adventure-master\src\Cassius.java,Cassius$Anonymous1,anonymous,1,1,0,1,1,1,0,1,0,0.0,NaN,NaN,1,0,1,0,0,0,1,0,0,0,0,0,0,0,0,0,0,0,0,5,0,0,0,0,0,1,0,0,0,0,0,0,0,0,5,-1,0
E:\OOD\main\Aeda-Adventure-master\Aeda-Adventure-master\src\FishOil.java,FishOil$Anonymous1,anonymous,6,6,0,6,2,1,0,8,0,0.0,NaN,NaN,1,0,1,0,0,0,1,0,0,0,0,0,0,0,0,0,0,0,1,13,0,0,0,0,0,4,0,2,0,1,1,0,0,0,19,-1,0
E:\OOD\main\Aeda-Adventure-master\Aeda-Adventure-master\src\Barrel.java,Barrel,class,10,14,4,10,21,2,0,35,0,0.5277778,0.6666667,1.0,4,0,4,0,0,0,4,0,0,0,9,2,0,9,0,0,0,0,10,133,1,4,4,0,28,0,95,44,134,32,2,0,0,0,63,1,0
E:\OOD\main\Aeda-Adventure-master\Aeda-Adventure-master\src\GameState.java,GameState,class,3,23,20,3,5,1,0,3,0,0.5151515,0.0,0.0,2,1,2,0,0,0,2,0,0,0,33,12,32,1,0,0,1,0,0,47,3,0,1,0,0,36,22,33,1,33,1,0,0,0,73,1,0
E:\OOD\main\Aeda-Adventure-master\Aeda-Adventure-master\src\Strings.java,ENUS_Strings,class,1,2,1,1,1,2,0,0,0,0.0,NaN,NaN,1,0,1,0,0,0,1,0,0,0,0,0,0,0,0,0,0,0,0,5,0,0,0,0,0,0,0,0,0,0,0,0,0,0,6,0,0
E:\OOD\main\Aeda-Adventure-master\Aeda-Adventure-master\src\IGlowable.java,IGlowable,interface,0,2,2,0,1,1,0,0,0,0.0,NaN,NaN,1,0,1,0,0,0,1,0,0,0,0,0,0,0,0,0,0,0,0,3,0,0,0,0,0,0,0,0,0,0,0,0,0,0,5,1,0
E:\OOD\main\Aeda-Adventure-master\Aeda-Adventure-master\src\Bat.java,Bat,class,11,13,2,11,15,4,0,29,9,0.6571428,0.33333334,0.4,7,1,6,1,0,0,6,0,0,0,5,0,0,5,0,0,0,0,7,145,2,0,1,0,3,0,214,21,18,14,3,1,0,0,61,1,0
E:\OOD\main\Aeda-Adventure-master\Aeda-Adventure-master\src\C3D.java,C3D,class,1,3,2,1,10,2,0,4,0,0.0,1.0,1.0,4,0,4,0,0,0,4,0,0,0,1,0,1,0,0,0,0,0,0,24,1,0,0,0,0,4,15,12,1,1,1,0,0,0,12,1,0
E:\OOD\main\Aeda-Adventure-master\Aeda-Adventure-master\src\BossLevel.java,BossLevel$Anonymous2$Anonymous3,anonymous,1,1,0,1,1,1,0,1,0,0.0,NaN,NaN,1,0,1,0,0,0,1,0,0,0,0,0,0,0,0,0,0,0,0,5,0,0,0,0,0,1,0,0,0,0,0,0,0,0,2,-1,0
E:\OOD\main\Aeda-Adventure-master\Aeda-Adventure-master\src\Sign.java,Sign,class,9,13,4,9,12,2,0,12,14,0.725,0.25,0.25,8,0,8,0,0,0,8,0,0,0,5,0,0,5,0,0,0,0,2,79,3,0,0,0,1,3,100,17,15,8,1,0,0,0,41,1,0
E:\OOD\main\Aeda-Adventure-master\Aeda-Adventure-master\src\Main.java,Main,class,14,27,13,14,99,6,0,101,356,0.9461806,0.14778325,0.32019705,32,3,29,3,0,0,29,0,0,0,36,11,7,29,0,0,0,0,24,539,18,10,14,3,10,25,92,111,28,83,7,10,1,0,209,1,0
E:\OOD\main\Aeda-Adventure-master\Aeda-Adventure-master\src\MathCalculator.java,MathCalculator,class,4,32,28,4,65,1,0,17,278,0.9555556,0.0,0.0,25,25,25,0,0,0,26,0,0,0,9,9,5,4,0,0,8,0,19,211,33,7,5,0,30,10,76,101,102,61,3,0,0,0,122,1,0
