file,class,type,cbo,cboModified,fanin,fanout,wmc,dit,noc,rfc,lcom,lcom*,tcc,lcc,totalMethodsQty,staticMethodsQty,publicMethodsQty,privateMethodsQty,protectedMethodsQty,defaultMethodsQty,visibleMethodsQty,abstractMethodsQty,finalMethodsQty,synchronizedMethodsQty,totalFieldsQty,staticFieldsQty,publicFieldsQty,privateFieldsQty,protectedFieldsQty,defaultFieldsQty,finalFieldsQty,synchronizedFieldsQty,nosi,loc,returnQty,loopQty,comparisonsQty,tryCatchQty,parenthesizedExpsQty,stringLiteralsQty,numbersQty,assignmentsQty,mathOperationsQty,variablesQty,maxNestedBlocksQty,anonymousClassesQty,innerClassesQty,lambdasQty,uniqueWordsQty,modifiers,logStatementsQty
E:\OOD\main\bomberman-master\bomberman-master\src\bomberman\server\enemy\Enemigo.java,bomberman.server.enemy.Enemigo,class,3,7,4,3,12,1,3,3,58,0.8333333,0.060606062,0.060606062,12,0,12,0,0,0,12,0,0,0,4,0,0,4,0,0,0,0,0,42,6,0,0,0,0,0,2,4,1,4,0,0,0,0,24,1,0
E:\OOD\main\bomberman-master\bomberman-master\src\game\GameBoardGUI.java,game.GameBoardGUI,class,1,8,7,1,111,6,0,113,607,0.94947207,0.096551724,0.13793103,39,0,30,9,0,0,30,0,0,0,34,2,0,34,0,0,2,0,21,506,7,6,34,2,5,89,124,107,48,82,5,5,0,0,292,1,0
E:\OOD\main\bomberman-master\bomberman-master\src\bomberman\server\item\InterfaceItem.java,bomberman.server.item.InterfaceItem,interface,1,10,9,1,7,1,0,0,21,0.0,0.0,0.0,7,0,0,0,0,7,7,0,0,0,0,0,0,0,0,0,0,0,0,9,0,0,0,0,0,0,0,0,0,0,0,0,0,0,14,1,0
E:\OOD\main\bomberman-master\bomberman-master\src\bomberman\server\item\BonusFireFull.java,bomberman.server.item.BonusFireFull,class,2,2,0,2,14,1,0,1,66,0.8461538,0.07692308,0.07692308,13,0,13,0,0,0,13,0,0,0,6,0,0,6,0,0,0,0,0,47,6,0,1,0,1,0,4,6,2,6,1,0,0,0,24,1,0
E:\OOD\main\bomberman-master\bomberman-master\src\game\GameBoardGUI.java,game.GameBoardGUI$Anonymous4,anonymous,1,1,0,1,1,1,0,1,0,0.0,NaN,NaN,1,0,1,0,0,0,1,0,0,0,0,0,0,0,0,0,0,0,0,5,0,0,0,0,0,0,0,0,0,0,0,0,0,0,6,-1,0
E:\OOD\main\bomberman-master\bomberman-master\src\bomberman\server\item\BonusBomb.java,bomberman.server.item.BonusBomb,class,2,2,0,2,13,1,0,3,66,0.8461538,0.07692308,0.07692308,13,0,13,0,0,0,13,0,0,0,6,0,0,6,0,0,0,0,1,48,6,0,0,0,1,0,2,7,2,6,0,0,0,0,23,1,0
E:\OOD\main\bomberman-master\bomberman-master\src\game\GameBoardGUI.java,game.GameBoardGUI$Anonymous5,anonymous,1,1,0,1,1,1,0,1,0,0.0,NaN,NaN,1,0,1,0,0,0,1,0,0,0,0,0,0,0,0,0,0,0,0,5,0,0,0,0,0,0,0,0,0,0,0,0,0,0,6,-1,0
E:\OOD\main\bomberman-master\bomberman-master\src\game\GameBoardGUI.java,game.GameBoardGUI$Anonymous2,anonymous,1,1,0,1,1,1,0,1,0,0.0,NaN,NaN,1,0,1,0,0,0,1,0,0,0,0,0,0,0,0,0,0,0,0,5,0,0,0,0,0,0,0,0,0,0,0,0,0,0,6,-1,0
E:\OOD\main\bomberman-master\bomberman-master\src\game\GameBoardGUI.java,game.GameBoardGUI$Anonymous3,anonymous,1,1,0,1,1,1,0,1,0,0.0,NaN,NaN,1,0,1,0,0,0,1,0,0,0,0,0,0,0,0,0,0,0,0,5,1,0,0,0,0,0,0,0,0,0,0,0,0,0,6,-1,0
E:\OOD\main\bomberman-master\bomberman-master\src\bomberman\server\item\BonusSpeed.java,bomberman.server.item.BonusSpeed,class,2,2,0,2,15,1,0,2,66,0.8461538,0.07692308,0.07692308,13,0,13,0,0,0,13,0,0,0,6,0,0,6,0,0,0,0,0,47,6,0,1,0,0,0,4,6,2,6,1,0,0,0,23,1,0
E:\OOD\main\bomberman-master\bomberman-master\src\game\GameBoardGUI.java,game.GameBoardGUI$Anonymous1,anonymous,1,1,0,1,1,1,0,1,0,0.0,NaN,NaN,1,0,1,0,0,0,1,0,0,0,0,0,0,0,0,0,0,0,0,5,1,0,0,0,0,0,0,0,0,0,0,0,0,0,6,-1,0
E:\OOD\main\bomberman-master\bomberman-master\src\bomberman\server\item\Door.java,bomberman.server.item.Door,class,0,0,0,0,0,1,0,0,0,0.0,-1.0,-1.0,0,0,0,0,0,0,0,0,0,0,0,0,0,0,0,0,0,0,0,2,0,0,0,0,0,0,0,0,0,0,0,0,0,0,1,1,0
E:\OOD\main\bomberman-master\bomberman-master\src\bomberman\server\Detonator.java,bomberman.server.Detonator,class,3,5,2,3,66,1,0,10,27,0.68571424,0.35164836,0.85714287,14,1,14,0,0,0,14,0,0,0,5,0,0,5,0,0,0,0,0,153,6,16,20,0,0,2,43,21,34,15,2,0,0,0,20,1,0
E:\OOD\main\bomberman-master\bomberman-master\src\bomberman\server\Square.java,bomberman.server.Square,class,2,7,5,2,32,1,0,4,57,0.81632656,0.18681319,0.3846154,14,0,14,0,0,0,14,0,0,0,7,0,0,7,0,0,0,0,0,110,7,0,1,0,2,21,15,16,13,8,1,0,0,0,19,1,0
E:\OOD\main\bomberman-master\bomberman-master\src\bomberman\server\enemy\Enemigo1.java,bomberman.server.enemy.Enemigo1,class,1,1,0,1,4,2,0,1,2,0.5,0.33333334,0.33333334,4,0,4,0,0,0,4,0,0,0,2,0,0,2,0,0,0,0,1,16,2,0,0,0,1,0,3,2,2,2,0,0,0,0,8,1,0
E:\OOD\main\bomberman-master\bomberman-master\src\bomberman\Game.java,bomberman.Game,class,3,3,0,3,5,2,0,13,0,0.0,NaN,NaN,1,1,1,0,0,0,1,0,0,0,0,0,0,0,0,0,0,0,2,32,0,1,0,1,1,6,4,7,3,4,2,0,0,0,40,1,0
E:\OOD\main\bomberman-master\bomberman-master\src\bomberman\server\Map.java,bomberman.server.Map,class,4,6,2,4,31,1,0,11,125,0.85380125,0.13450292,0.625731,19,0,19,0,0,0,19,0,0,0,9,0,0,9,0,0,0,0,2,114,9,9,3,0,1,0,36,28,3,19,4,0,0,0,25,1,0
E:\OOD\main\bomberman-master\bomberman-master\src\bomberman\client\ClientManager.java,bomberman.client.ClientManager,class,8,10,2,8,19,2,0,64,0,0.42857143,1.0,1.0,7,0,3,4,0,0,3,0,0,0,4,0,0,4,0,0,0,0,0,103,1,4,2,0,0,12,19,22,2,20,3,0,0,0,68,1,0
E:\OOD\main\bomberman-master\bomberman-master\src\bomberman\server\GameEngine.java,bomberman.server.GameEngine,class,8,11,3,8,65,2,0,36,103,0.8582996,0.18300654,0.39215687,19,1,18,1,0,0,18,0,0,0,13,1,0,13,0,0,0,0,5,219,10,3,11,1,8,32,40,53,31,30,5,0,0,0,152,1,0
E:\OOD\main\bomberman-master\bomberman-master\src\bomberman\server\enemy\Enemigo3.java,bomberman.server.enemy.Enemigo3,class,1,1,0,1,0,2,0,0,0,0.0,-1.0,-1.0,0,0,0,0,0,0,0,0,0,0,0,0,0,0,0,0,0,0,0,2,0,0,0,0,0,0,0,0,0,0,0,0,0,0,2,1,0
E:\OOD\main\bomberman-master\bomberman-master\src\bomberman\server\enemy\Enemigo2.java,bomberman.server.enemy.Enemigo2,class,1,1,0,1,3,2,0,0,1,0.5,0.33333334,0.33333334,3,0,3,0,0,0,3,0,0,0,2,0,0,2,0,0,0,0,0,13,2,0,0,0,0,0,1,1,0,2,0,0,0,0,8,1,0
E:\OOD\main\bomberman-master\bomberman-master\src\bomberman\server\item\BonusFire.java,bomberman.server.item.BonusFire,class,2,2,0,2,14,1,0,3,66,0.8461538,0.07692308,0.07692308,13,0,13,0,0,0,13,0,0,0,6,0,0,6,0,0,0,0,0,49,6,0,0,0,0,0,2,6,1,6,1,0,0,0,23,1,0
E:\OOD\main\bomberman-master\bomberman-master\src\bomberman\server\Player.java,bomberman.server.Player,class,1,14,13,1,33,1,0,11,261,0.8765433,0.12820514,0.9259259,27,0,27,0,0,0,27,0,0,0,12,0,0,12,0,0,0,0,0,127,12,0,1,0,3,9,16,31,7,13,1,0,0,0,28,1,0
E:\OOD\main\bomberman-master\bomberman-master\src\bomberman\server\item\RemoteControl.java,bomberman.server.item.RemoteControl,class,2,2,0,2,14,1,0,0,66,0.8461538,0.07692308,0.07692308,13,0,13,0,0,0,13,0,0,0,6,0,0,6,0,0,0,0,0,46,6,0,1,0,1,0,4,6,2,6,1,0,0,0,23,1,0
E:\OOD\main\bomberman-master\bomberman-master\src\bomberman\Constants.java,bomberman.Constants,class,0,3,3,0,0,1,3,0,0,NaN,-1.0,-1.0,0,0,0,0,0,0,0,0,0,0,42,42,42,0,0,0,42,0,0,44,0,0,0,0,0,0,42,42,0,42,0,0,0,0,39,1,0
E:\OOD\main\bomberman-master\bomberman-master\src\bomberman\server\enemy\InterfaceEnemy.java,bomberman.server.enemy.InterfaceEnemy,interface,1,5,4,1,7,1,0,0,21,0.0,0.0,0.0,7,0,0,0,0,7,7,0,0,0,0,0,0,0,0,0,0,0,0,9,0,0,0,0,0,0,0,0,0,0,0,0,0,0,15,1,0
E:\OOD\main\bomberman-master\bomberman-master\src\bomberman\server\item\BonusGeta.java,bomberman.server.item.BonusGeta,class,2,2,0,2,14,1,0,2,66,0.8461538,0.07692308,0.07692308,13,0,13,0,0,0,13,0,0,0,6,0,0,6,0,0,0,0,1,47,6,0,0,0,0,0,3,6,0,6,1,0,0,0,23,1,0
