file,class,method,variable,usage
E:\OOD\main\bomberman-master\bomberman-master\src\bomberman\server\enemy\Enemigo.java,bomberman.server.enemy.Enemigo,getX/0,x,1
E:\OOD\main\bomberman-master\bomberman-master\src\bomberman\server\enemy\Enemigo.java,bomberman.server.enemy.Enemigo,setX/1[int],x,3
E:\OOD\main\bomberman-master\bomberman-master\src\bomberman\server\enemy\Enemigo.java,bomberman.server.enemy.Enemigo,setAlive/1[boolean],alive,3
E:\OOD\main\bomberman-master\bomberman-master\src\bomberman\server\enemy\Enemigo.java,bomberman.server.enemy.Enemigo,setSpeed/1[int],speed,3
E:\OOD\main\bomberman-master\bomberman-master\src\bomberman\server\enemy\Enemigo.java,bomberman.server.enemy.Enemigo,setY/1[int],y,3
E:\OOD\main\bomberman-master\bomberman-master\src\bomberman\server\enemy\Enemigo.java,bomberman.server.enemy.Enemigo,isAlive/0,alive,1
E:\OOD\main\bomberman-master\bomberman-master\src\bomberman\server\enemy\Enemigo.java,bomberman.server.enemy.Enemigo,getSpeed/0,speed,1
E:\OOD\main\bomberman-master\bomberman-master\src\bomberman\server\enemy\Enemigo.java,bomberman.server.enemy.Enemigo,getY/0,y,1
E:\OOD\main\bomberman-master\bomberman-master\src\game\GameBoardGUI.java,game.GameBoardGUI,gb_setValueAbility1/1[int],jLabel15,1
E:\OOD\main\bomberman-master\bomberman-master\src\game\GameBoardGUI.java,game.GameBoardGUI,timedEvent/0,timeStartAnimationDamage,1
E:\OOD\main\bomberman-master\bomberman-master\src\game\GameBoardGUI.java,game.GameBoardGUI,timedEvent/0,damageSprite,1
E:\OOD\main\bomberman-master\bomberman-master\src\game\GameBoardGUI.java,game.GameBoardGUI,gb_repaintBoard/0,jLayeredPane1,1
E:\OOD\main\bomberman-master\bomberman-master\src\game\GameBoardGUI.java,game.GameBoardGUI,initComponents/0,jLabel3,6
E:\OOD\main\bomberman-master\bomberman-master\src\game\GameBoardGUI.java,game.GameBoardGUI,initComponents/0,jLabel17,6
E:\OOD\main\bomberman-master\bomberman-master\src\game\GameBoardGUI.java,game.GameBoardGUI,initComponents/0,jButton2,8
E:\OOD\main\bomberman-master\bomberman-master\src\game\GameBoardGUI.java,game.GameBoardGUI,initComponents/0,jLabel2,8
E:\OOD\main\bomberman-master\bomberman-master\src\game\GameBoardGUI.java,game.GameBoardGUI,initComponents/0,jButton1,8
E:\OOD\main\bomberman-master\bomberman-master\src\game\GameBoardGUI.java,game.GameBoardGUI,initComponents/0,jLabel5,6
E:\OOD\main\bomberman-master\bomberman-master\src\game\GameBoardGUI.java,game.GameBoardGUI,initComponents/0,jLabel4,6
E:\OOD\main\bomberman-master\bomberman-master\src\game\GameBoardGUI.java,game.GameBoardGUI,initComponents/0,jLabel7,6
E:\OOD\main\bomberman-master\bomberman-master\src\game\GameBoardGUI.java,game.GameBoardGUI,initComponents/0,jLabel6,6
E:\OOD\main\bomberman-master\bomberman-master\src\game\GameBoardGUI.java,game.GameBoardGUI,initComponents/0,jLabel8,6
E:\OOD\main\bomberman-master\bomberman-master\src\game\GameBoardGUI.java,game.GameBoardGUI,initComponents/0,jScrollPane1,5
E:\OOD\main\bomberman-master\bomberman-master\src\game\GameBoardGUI.java,game.GameBoardGUI,initComponents/0,jLayeredPane1,7
E:\OOD\main\bomberman-master\bomberman-master\src\game\GameBoardGUI.java,game.GameBoardGUI,initComponents/0,jLayeredPane2,7
E:\OOD\main\bomberman-master\bomberman-master\src\game\GameBoardGUI.java,game.GameBoardGUI,initComponents/0,jLayeredPane3,24
E:\OOD\main\bomberman-master\bomberman-master\src\game\GameBoardGUI.java,game.GameBoardGUI,initComponents/0,jTextArea2,6
E:\OOD\main\bomberman-master\bomberman-master\src\game\GameBoardGUI.java,game.GameBoardGUI,initComponents/0,jLabel10,6
E:\OOD\main\bomberman-master\bomberman-master\src\game\GameBoardGUI.java,game.GameBoardGUI,initComponents/0,jLabel11,6
E:\OOD\main\bomberman-master\bomberman-master\src\game\GameBoardGUI.java,game.GameBoardGUI,initComponents/0,jLabel12,6
E:\OOD\main\bomberman-master\bomberman-master\src\game\GameBoardGUI.java,game.GameBoardGUI,initComponents/0,jTextField1,4
E:\OOD\main\bomberman-master\bomberman-master\src\game\GameBoardGUI.java,game.GameBoardGUI,initComponents/0,jLabel13,6
E:\OOD\main\bomberman-master\bomberman-master\src\game\GameBoardGUI.java,game.GameBoardGUI,initComponents/0,jLabel14,6
E:\OOD\main\bomberman-master\bomberman-master\src\game\GameBoardGUI.java,game.GameBoardGUI,initComponents/0,jLabel15,6
E:\OOD\main\bomberman-master\bomberman-master\src\game\GameBoardGUI.java,game.GameBoardGUI,"GameBoardGUI/2[int,int]",boardWidth,3
E:\OOD\main\bomberman-master\bomberman-master\src\game\GameBoardGUI.java,game.GameBoardGUI,"GameBoardGUI/2[int,int]",lastAction,1
E:\OOD\main\bomberman-master\bomberman-master\src\game\GameBoardGUI.java,game.GameBoardGUI,"GameBoardGUI/2[int,int]",boardHeight,3
E:\OOD\main\bomberman-master\bomberman-master\src\game\GameBoardGUI.java,game.GameBoardGUI,gb_setPortraitPlayer/1[java.lang.String],jLabel2,3
E:\OOD\main\bomberman-master\bomberman-master\src\game\GameBoardGUI.java,game.GameBoardGUI,gb_setTextAbility1/1[java.lang.String],jLabel8,1
E:\OOD\main\bomberman-master\bomberman-master\src\game\GameBoardGUI.java,game.GameBoardGUI,gb_clearCommandBar/0,jTextField1,1
E:\OOD\main\bomberman-master\bomberman-master\src\game\GameBoardGUI.java,game.GameBoardGUI,"gb_moveSprite/3[int,int,int]",boardWidth,1
E:\OOD\main\bomberman-master\bomberman-master\src\game\GameBoardGUI.java,game.GameBoardGUI,"gb_moveSprite/3[int,int,int]",jLayeredPane1,2
E:\OOD\main\bomberman-master\bomberman-master\src\game\GameBoardGUI.java,game.GameBoardGUI,"gb_moveSprite/3[int,int,int]",boardHeight,1
E:\OOD\main\bomberman-master\bomberman-master\src\game\GameBoardGUI.java,game.GameBoardGUI,"gb_moveSprite/3[int,int,int]",sprites,1
E:\OOD\main\bomberman-master\bomberman-master\src\game\GameBoardGUI.java,game.GameBoardGUI,gb_getLastAction/0,lastAction,2
E:\OOD\main\bomberman-master\bomberman-master\src\game\GameBoardGUI.java,game.GameBoardGUI,gb_setValueAbility2/1[int],jLabel17,1
E:\OOD\main\bomberman-master\bomberman-master\src\game\GameBoardGUI.java,game.GameBoardGUI,jButton2ActionPerformed/1[java.awt.event.ActionEvent],lastAction,1
E:\OOD\main\bomberman-master\bomberman-master\src\game\GameBoardGUI.java,game.GameBoardGUI,gb_println/1[java.lang.String],jTextArea2,7
E:\OOD\main\bomberman-master\bomberman-master\src\game\GameBoardGUI.java,game.GameBoardGUI,gb_setTextLevel/1[java.lang.String],jLabel17,1
E:\OOD\main\bomberman-master\bomberman-master\src\game\GameBoardGUI.java,game.GameBoardGUI,"gb_setSpriteVisible/2[int,boolean]",sprites,2
E:\OOD\main\bomberman-master\bomberman-master\src\game\GameBoardGUI.java,game.GameBoardGUI,gb_animateDamage/0,timeStartAnimationDamage,1
E:\OOD\main\bomberman-master\bomberman-master\src\game\GameBoardGUI.java,game.GameBoardGUI,gb_animateDamage/0,damageSprite,1
E:\OOD\main\bomberman-master\bomberman-master\src\game\GameBoardGUI.java,game.GameBoardGUI,"gb_setSquareColor/5[int,int,int,int,int]",boardWidth,1
E:\OOD\main\bomberman-master\bomberman-master\src\game\GameBoardGUI.java,game.GameBoardGUI,"gb_setSquareColor/5[int,int,int,int,int]",boardSquares,1
E:\OOD\main\bomberman-master\bomberman-master\src\game\GameBoardGUI.java,game.GameBoardGUI,"gb_setSquareColor/5[int,int,int,int,int]",boardHeight,1
E:\OOD\main\bomberman-master\bomberman-master\src\game\GameBoardGUI.java,game.GameBoardGUI,gb_setTextAbility2/1[java.lang.String],jLabel10,1
E:\OOD\main\bomberman-master\bomberman-master\src\game\GameBoardGUI.java,game.GameBoardGUI,keyboardControl/1[java.awt.event.KeyEvent],lastAction,7
E:\OOD\main\bomberman-master\bomberman-master\src\game\GameBoardGUI.java,game.GameBoardGUI,keyboardControl/1[java.awt.event.KeyEvent],jTextField1,1
E:\OOD\main\bomberman-master\bomberman-master\src\game\GameBoardGUI.java,game.GameBoardGUI,gb_setValuePointsDown/1[int],jLabel13,3
E:\OOD\main\bomberman-master\bomberman-master\src\game\GameBoardGUI.java,game.GameBoardGUI,gb_setValuePointsUp/1[int],jLabel14,1
E:\OOD\main\bomberman-master\bomberman-master\src\game\GameBoardGUI.java,game.GameBoardGUI,jButton1ActionPerformed/1[java.awt.event.ActionEvent],lastAction,1
E:\OOD\main\bomberman-master\bomberman-master\src\game\GameBoardGUI.java,game.GameBoardGUI,"gb_addSprite/3[int,java.lang.String,boolean]",boardWidth,2
E:\OOD\main\bomberman-master\bomberman-master\src\game\GameBoardGUI.java,game.GameBoardGUI,"gb_addSprite/3[int,java.lang.String,boolean]",jLayeredPane1,7
E:\OOD\main\bomberman-master\bomberman-master\src\game\GameBoardGUI.java,game.GameBoardGUI,"gb_addSprite/3[int,java.lang.String,boolean]",boardHeight,2
E:\OOD\main\bomberman-master\bomberman-master\src\game\GameBoardGUI.java,game.GameBoardGUI,"gb_addSprite/3[int,java.lang.String,boolean]",sprites,5
E:\OOD\main\bomberman-master\bomberman-master\src\game\GameBoardGUI.java,game.GameBoardGUI,gb_setTextPlayerName/1[java.lang.String],jLabel3,1
E:\OOD\main\bomberman-master\bomberman-master\src\game\GameBoardGUI.java,game.GameBoardGUI,gb_setValueLevel/1[int],jLabel11,1
E:\OOD\main\bomberman-master\bomberman-master\src\game\GameBoardGUI.java,game.GameBoardGUI,"gb_moveSpriteCoord/3[int,int,int]",boardWidth,1
E:\OOD\main\bomberman-master\bomberman-master\src\game\GameBoardGUI.java,game.GameBoardGUI,"gb_moveSpriteCoord/3[int,int,int]",jLayeredPane1,2
E:\OOD\main\bomberman-master\bomberman-master\src\game\GameBoardGUI.java,game.GameBoardGUI,"gb_moveSpriteCoord/3[int,int,int]",boardHeight,1
E:\OOD\main\bomberman-master\bomberman-master\src\game\GameBoardGUI.java,game.GameBoardGUI,"gb_moveSpriteCoord/3[int,int,int]",sprites,1
E:\OOD\main\bomberman-master\bomberman-master\src\game\GameBoardGUI.java,game.GameBoardGUI,"gb_setSpriteImage/2[int,java.lang.String]",boardWidth,1
E:\OOD\main\bomberman-master\bomberman-master\src\game\GameBoardGUI.java,game.GameBoardGUI,"gb_setSpriteImage/2[int,java.lang.String]",jLayeredPane1,2
E:\OOD\main\bomberman-master\bomberman-master\src\game\GameBoardGUI.java,game.GameBoardGUI,"gb_setSpriteImage/2[int,java.lang.String]",boardHeight,1
E:\OOD\main\bomberman-master\bomberman-master\src\game\GameBoardGUI.java,game.GameBoardGUI,"gb_setSpriteImage/2[int,java.lang.String]",sprites,1
E:\OOD\main\bomberman-master\bomberman-master\src\game\GameBoardGUI.java,game.GameBoardGUI,gb_setTextPointsDown/1[java.lang.String],jLabel5,1
E:\OOD\main\bomberman-master\bomberman-master\src\game\GameBoardGUI.java,game.GameBoardGUI,preloadImages/0,boardWidth,1
E:\OOD\main\bomberman-master\bomberman-master\src\game\GameBoardGUI.java,game.GameBoardGUI,preloadImages/0,images,1
E:\OOD\main\bomberman-master\bomberman-master\src\game\GameBoardGUI.java,game.GameBoardGUI,preloadImages/0,jLayeredPane1,2
E:\OOD\main\bomberman-master\bomberman-master\src\game\GameBoardGUI.java,game.GameBoardGUI,preloadImages/0,boardHeight,1
E:\OOD\main\bomberman-master\bomberman-master\src\game\GameBoardGUI.java,game.GameBoardGUI,preloadImages/0,imageIcons,1
E:\OOD\main\bomberman-master\bomberman-master\src\game\GameBoardGUI.java,game.GameBoardGUI,gb_setValueHealthCurrent/1[int],jLabel12,5
E:\OOD\main\bomberman-master\bomberman-master\src\game\GameBoardGUI.java,game.GameBoardGUI,gb_clearSprites/0,jLayeredPane1,1
E:\OOD\main\bomberman-master\bomberman-master\src\game\GameBoardGUI.java,game.GameBoardGUI,gb_clearSprites/0,sprites,3
E:\OOD\main\bomberman-master\bomberman-master\src\game\GameBoardGUI.java,game.GameBoardGUI,"getImageIcon/3[java.lang.String,int,int]",boardWidth,1
E:\OOD\main\bomberman-master\bomberman-master\src\game\GameBoardGUI.java,game.GameBoardGUI,"getImageIcon/3[java.lang.String,int,int]",images,1
E:\OOD\main\bomberman-master\bomberman-master\src\game\GameBoardGUI.java,game.GameBoardGUI,"getImageIcon/3[java.lang.String,int,int]",jLayeredPane1,2
E:\OOD\main\bomberman-master\bomberman-master\src\game\GameBoardGUI.java,game.GameBoardGUI,"getImageIcon/3[java.lang.String,int,int]",boardHeight,1
E:\OOD\main\bomberman-master\bomberman-master\src\game\GameBoardGUI.java,game.GameBoardGUI,"getImageIcon/3[java.lang.String,int,int]",imageIcons,1
E:\OOD\main\bomberman-master\bomberman-master\src\game\GameBoardGUI.java,game.GameBoardGUI,gb_setTextPointsUp/1[java.lang.String],jLabel6,1
E:\OOD\main\bomberman-master\bomberman-master\src\game\GameBoardGUI.java,game.GameBoardGUI,"gb_setSquareImage/3[int,int,java.lang.String]",boardWidth,2
E:\OOD\main\bomberman-master\bomberman-master\src\game\GameBoardGUI.java,game.GameBoardGUI,"gb_setSquareImage/3[int,int,java.lang.String]",jLayeredPane1,2
E:\OOD\main\bomberman-master\bomberman-master\src\game\GameBoardGUI.java,game.GameBoardGUI,"gb_setSquareImage/3[int,int,java.lang.String]",boardSquares,2
E:\OOD\main\bomberman-master\bomberman-master\src\game\GameBoardGUI.java,game.GameBoardGUI,"gb_setSquareImage/3[int,int,java.lang.String]",boardHeight,2
E:\OOD\main\bomberman-master\bomberman-master\src\game\GameBoardGUI.java,game.GameBoardGUI,"initializeGUI/2[int,int]",boardWidth,6
E:\OOD\main\bomberman-master\bomberman-master\src\game\GameBoardGUI.java,game.GameBoardGUI,"initializeGUI/2[int,int]",timer,2
E:\OOD\main\bomberman-master\bomberman-master\src\game\GameBoardGUI.java,game.GameBoardGUI,"initializeGUI/2[int,int]",jLayeredPane1,3
E:\OOD\main\bomberman-master\bomberman-master\src\game\GameBoardGUI.java,game.GameBoardGUI,"initializeGUI/2[int,int]",jLayeredPane2,1
E:\OOD\main\bomberman-master\bomberman-master\src\game\GameBoardGUI.java,game.GameBoardGUI,"initializeGUI/2[int,int]",boardSquares,7
E:\OOD\main\bomberman-master\bomberman-master\src\game\GameBoardGUI.java,game.GameBoardGUI,"initializeGUI/2[int,int]",boardHeight,6
E:\OOD\main\bomberman-master\bomberman-master\src\game\GameBoardGUI.java,game.GameBoardGUI,"initializeGUI/2[int,int]",damageSprite,6
E:\OOD\main\bomberman-master\bomberman-master\src\game\GameBoardGUI.java,game.GameBoardGUI,"initializeGUI/2[int,int]",jLabel12,1
E:\OOD\main\bomberman-master\bomberman-master\src\game\GameBoardGUI.java,game.GameBoardGUI,"initializeGUI/2[int,int]",jTextField1,1
E:\OOD\main\bomberman-master\bomberman-master\src\game\GameBoardGUI.java,game.GameBoardGUI,"initializeGUI/2[int,int]",jLabel13,1
E:\OOD\main\bomberman-master\bomberman-master\src\game\GameBoardGUI.java,game.GameBoardGUI,"initializeGUI/2[int,int]",version,1
E:\OOD\main\bomberman-master\bomberman-master\src\game\GameBoardGUI.java,game.GameBoardGUI,gb_setValueHealthMax/1[int],jLabel12,2
E:\OOD\main\bomberman-master\bomberman-master\src\game\GameBoardGUI.java,game.GameBoardGUI,gb_clearConsole/0,jTextArea2,1
E:\OOD\main\bomberman-master\bomberman-master\src\game\GameBoardGUI.java,game.GameBoardGUI,gb_clearConsole/0,jTextField1,1
E:\OOD\main\bomberman-master\bomberman-master\src\bomberman\server\item\BonusFireFull.java,bomberman.server.item.BonusFireFull,setUtilizado/1[boolean],utilizado,3
E:\OOD\main\bomberman-master\bomberman-master\src\bomberman\server\item\BonusFireFull.java,bomberman.server.item.BonusFireFull,isUtilizado/0,utilizado,1
E:\OOD\main\bomberman-master\bomberman-master\src\bomberman\server\item\BonusFireFull.java,bomberman.server.item.BonusFireFull,setId/1[int],id,3
E:\OOD\main\bomberman-master\bomberman-master\src\bomberman\server\item\BonusFireFull.java,bomberman.server.item.BonusFireFull,getY/0,y,1
E:\OOD\main\bomberman-master\bomberman-master\src\bomberman\server\item\BonusFireFull.java,bomberman.server.item.BonusFireFull,setX/1[int],x,3
E:\OOD\main\bomberman-master\bomberman-master\src\bomberman\server\item\BonusFireFull.java,bomberman.server.item.BonusFireFull,getId/0,id,1
E:\OOD\main\bomberman-master\bomberman-master\src\bomberman\server\item\BonusFireFull.java,bomberman.server.item.BonusFireFull,getSpawn/0,spawn,1
E:\OOD\main\bomberman-master\bomberman-master\src\bomberman\server\item\BonusFireFull.java,bomberman.server.item.BonusFireFull,getX/0,x,1
E:\OOD\main\bomberman-master\bomberman-master\src\bomberman\server\item\BonusFireFull.java,bomberman.server.item.BonusFireFull,setSprite/1[java.lang.String],sprite,3
E:\OOD\main\bomberman-master\bomberman-master\src\bomberman\server\item\BonusFireFull.java,bomberman.server.item.BonusFireFull,getSprite/0,sprite,1
E:\OOD\main\bomberman-master\bomberman-master\src\bomberman\server\item\BonusFireFull.java,bomberman.server.item.BonusFireFull,setSpawn/1[int],spawn,3
E:\OOD\main\bomberman-master\bomberman-master\src\bomberman\server\item\BonusFireFull.java,bomberman.server.item.BonusFireFull,setY/1[int],y,3
E:\OOD\main\bomberman-master\bomberman-master\src\bomberman\server\item\BonusBomb.java,bomberman.server.item.BonusBomb,setUtilizado/1[boolean],utilizado,3
E:\OOD\main\bomberman-master\bomberman-master\src\bomberman\server\item\BonusBomb.java,bomberman.server.item.BonusBomb,isUtilizado/0,utilizado,1
E:\OOD\main\bomberman-master\bomberman-master\src\bomberman\server\item\BonusBomb.java,bomberman.server.item.BonusBomb,setId/1[int],id,3
E:\OOD\main\bomberman-master\bomberman-master\src\bomberman\server\item\BonusBomb.java,bomberman.server.item.BonusBomb,getY/0,y,1
E:\OOD\main\bomberman-master\bomberman-master\src\bomberman\server\item\BonusBomb.java,bomberman.server.item.BonusBomb,setX/1[int],x,3
E:\OOD\main\bomberman-master\bomberman-master\src\bomberman\server\item\BonusBomb.java,bomberman.server.item.BonusBomb,getId/0,id,1
E:\OOD\main\bomberman-master\bomberman-master\src\bomberman\server\item\BonusBomb.java,bomberman.server.item.BonusBomb,getSpawn/0,spawn,1
E:\OOD\main\bomberman-master\bomberman-master\src\bomberman\server\item\BonusBomb.java,bomberman.server.item.BonusBomb,getX/0,x,1
E:\OOD\main\bomberman-master\bomberman-master\src\bomberman\server\item\BonusBomb.java,bomberman.server.item.BonusBomb,setSprite/1[java.lang.String],sprite,3
E:\OOD\main\bomberman-master\bomberman-master\src\bomberman\server\item\BonusBomb.java,bomberman.server.item.BonusBomb,getSprite/0,sprite,1
E:\OOD\main\bomberman-master\bomberman-master\src\bomberman\server\item\BonusBomb.java,bomberman.server.item.BonusBomb,setSpawn/1[int],spawn,4
E:\OOD\main\bomberman-master\bomberman-master\src\bomberman\server\item\BonusBomb.java,bomberman.server.item.BonusBomb,setY/1[int],y,3
E:\OOD\main\bomberman-master\bomberman-master\src\bomberman\server\item\BonusSpeed.java,bomberman.server.item.BonusSpeed,setUtilizado/1[boolean],utilizado,3
E:\OOD\main\bomberman-master\bomberman-master\src\bomberman\server\item\BonusSpeed.java,bomberman.server.item.BonusSpeed,setId/1[int],id,3
E:\OOD\main\bomberman-master\bomberman-master\src\bomberman\server\item\BonusSpeed.java,bomberman.server.item.BonusSpeed,getY/0,y,1
E:\OOD\main\bomberman-master\bomberman-master\src\bomberman\server\item\BonusSpeed.java,bomberman.server.item.BonusSpeed,setX/1[int],x,3
E:\OOD\main\bomberman-master\bomberman-master\src\bomberman\server\item\BonusSpeed.java,bomberman.server.item.BonusSpeed,getId/0,id,1
E:\OOD\main\bomberman-master\bomberman-master\src\bomberman\server\item\BonusSpeed.java,bomberman.server.item.BonusSpeed,getSpawn/0,spawn,1
E:\OOD\main\bomberman-master\bomberman-master\src\bomberman\server\item\BonusSpeed.java,bomberman.server.item.BonusSpeed,setSprite/1[java.lang.String],sprite,3
E:\OOD\main\bomberman-master\bomberman-master\src\bomberman\server\item\BonusSpeed.java,bomberman.server.item.BonusSpeed,getSprite/0,sprite,1
E:\OOD\main\bomberman-master\bomberman-master\src\bomberman\server\item\BonusSpeed.java,bomberman.server.item.BonusSpeed,setSpawn/1[int],spawn,3
E:\OOD\main\bomberman-master\bomberman-master\src\bomberman\server\item\BonusSpeed.java,bomberman.server.item.BonusSpeed,isUtilizado/0,utilizado,1
E:\OOD\main\bomberman-master\bomberman-master\src\bomberman\server\item\BonusSpeed.java,bomberman.server.item.BonusSpeed,getX/0,x,1
E:\OOD\main\bomberman-master\bomberman-master\src\bomberman\server\item\BonusSpeed.java,bomberman.server.item.BonusSpeed,setY/1[int],y,3
E:\OOD\main\bomberman-master\bomberman-master\src\bomberman\server\Detonator.java,bomberman.server.Detonator,getPlayer/0,player,1
E:\OOD\main\bomberman-master\bomberman-master\src\bomberman\server\Detonator.java,bomberman.server.Detonator,setCasillaX/1[int],casillaX,3
E:\OOD\main\bomberman-master\bomberman-master\src\bomberman\server\Detonator.java,bomberman.server.Detonator,getMap/0,map,1
E:\OOD\main\bomberman-master\bomberman-master\src\bomberman\server\Detonator.java,bomberman.server.Detonator,getTiempo/0,tiempo,1
E:\OOD\main\bomberman-master\bomberman-master\src\bomberman\server\Detonator.java,bomberman.server.Detonator,"antiDetonate/2[bomberman.server.Square[][],int]",casillaX,9
E:\OOD\main\bomberman-master\bomberman-master\src\bomberman\server\Detonator.java,bomberman.server.Detonator,"antiDetonate/2[bomberman.server.Square[][],int]",casillaY,9
E:\OOD\main\bomberman-master\bomberman-master\src\bomberman\server\Detonator.java,bomberman.server.Detonator,"antiDetonate/2[bomberman.server.Square[][],int]",map,10
E:\OOD\main\bomberman-master\bomberman-master\src\bomberman\server\Detonator.java,bomberman.server.Detonator,setTiempo/1[long],tiempo,3
E:\OOD\main\bomberman-master\bomberman-master\src\bomberman\server\Detonator.java,bomberman.server.Detonator,"Detonator/5[int,int,long,bomberman.server.Player,bomberman.server.Square[][]]",casillaX,3
E:\OOD\main\bomberman-master\bomberman-master\src\bomberman\server\Detonator.java,bomberman.server.Detonator,"Detonator/5[int,int,long,bomberman.server.Player,bomberman.server.Square[][]]",casillaY,3
E:\OOD\main\bomberman-master\bomberman-master\src\bomberman\server\Detonator.java,bomberman.server.Detonator,"Detonator/5[int,int,long,bomberman.server.Player,bomberman.server.Square[][]]",tiempo,2
E:\OOD\main\bomberman-master\bomberman-master\src\bomberman\server\Detonator.java,bomberman.server.Detonator,"Detonator/5[int,int,long,bomberman.server.Player,bomberman.server.Square[][]]",map,2
E:\OOD\main\bomberman-master\bomberman-master\src\bomberman\server\Detonator.java,bomberman.server.Detonator,"Detonator/5[int,int,long,bomberman.server.Player,bomberman.server.Square[][]]",player,3
E:\OOD\main\bomberman-master\bomberman-master\src\bomberman\server\Detonator.java,bomberman.server.Detonator,getCasillaX/0,casillaX,1
E:\OOD\main\bomberman-master\bomberman-master\src\bomberman\server\Detonator.java,bomberman.server.Detonator,setMap/1[bomberman.server.Square[][]],map,3
E:\OOD\main\bomberman-master\bomberman-master\src\bomberman\server\Detonator.java,bomberman.server.Detonator,setPlayer/1[bomberman.server.Player],player,3
E:\OOD\main\bomberman-master\bomberman-master\src\bomberman\server\Detonator.java,bomberman.server.Detonator,getCasillaY/0,casillaY,1
E:\OOD\main\bomberman-master\bomberman-master\src\bomberman\server\Detonator.java,bomberman.server.Detonator,"Detonate/3[bomberman.server.Square[][],int,long]",casillaX,22
E:\OOD\main\bomberman-master\bomberman-master\src\bomberman\server\Detonator.java,bomberman.server.Detonator,"Detonate/3[bomberman.server.Square[][],int,long]",casillaY,22
E:\OOD\main\bomberman-master\bomberman-master\src\bomberman\server\Detonator.java,bomberman.server.Detonator,"Detonate/3[bomberman.server.Square[][],int,long]",tiempo,11
E:\OOD\main\bomberman-master\bomberman-master\src\bomberman\server\Detonator.java,bomberman.server.Detonator,"Detonate/3[bomberman.server.Square[][],int,long]",map,23
E:\OOD\main\bomberman-master\bomberman-master\src\bomberman\server\Detonator.java,bomberman.server.Detonator,setCasillaY/1[int],casillaY,3
E:\OOD\main\bomberman-master\bomberman-master\src\bomberman\server\Square.java,bomberman.server.Square,getSprite/0,detonatingTime,1
E:\OOD\main\bomberman-master\bomberman-master\src\bomberman\server\Square.java,bomberman.server.Square,getSprite/0,spriteBomb,6
E:\OOD\main\bomberman-master\bomberman-master\src\bomberman\server\Square.java,bomberman.server.Square,getSprite/0,sprite,1
E:\OOD\main\bomberman-master\bomberman-master\src\bomberman\server\Square.java,bomberman.server.Square,getSprite/0,spriteTime,12
E:\OOD\main\bomberman-master\bomberman-master\src\bomberman\server\Square.java,bomberman.server.Square,getSprite/0,time,1
E:\OOD\main\bomberman-master\bomberman-master\src\bomberman\server\Square.java,bomberman.server.Square,getSpriteTime/0,spriteTime,1
E:\OOD\main\bomberman-master\bomberman-master\src\bomberman\server\Square.java,bomberman.server.Square,getColor/0,color,1
E:\OOD\main\bomberman-master\bomberman-master\src\bomberman\server\Square.java,bomberman.server.Square,isSolid/0,type,2
E:\OOD\main\bomberman-master\bomberman-master\src\bomberman\server\Square.java,bomberman.server.Square,setSpriteTime/1[int],spriteTime,3
E:\OOD\main\bomberman-master\bomberman-master\src\bomberman\server\Square.java,bomberman.server.Square,setSprite/1[java.lang.String],sprite,3
E:\OOD\main\bomberman-master\bomberman-master\src\bomberman\server\Square.java,bomberman.server.Square,getTime/0,time,1
E:\OOD\main\bomberman-master\bomberman-master\src\bomberman\server\Square.java,bomberman.server.Square,setType/1[int],type,3
E:\OOD\main\bomberman-master\bomberman-master\src\bomberman\server\Square.java,bomberman.server.Square,getDetonatingTime/0,detonatingTime,1
E:\OOD\main\bomberman-master\bomberman-master\src\bomberman\server\Square.java,bomberman.server.Square,setColor/1[int[]],color,3
E:\OOD\main\bomberman-master\bomberman-master\src\bomberman\server\Square.java,bomberman.server.Square,getType/0,type,1
E:\OOD\main\bomberman-master\bomberman-master\src\bomberman\server\Square.java,bomberman.server.Square,Square/1[int],type,2
E:\OOD\main\bomberman-master\bomberman-master\src\bomberman\server\Square.java,bomberman.server.Square,setTime/1[long],time,3
E:\OOD\main\bomberman-master\bomberman-master\src\bomberman\server\Square.java,bomberman.server.Square,setDetonatingTime/1[long],detonatingTime,3
E:\OOD\main\bomberman-master\bomberman-master\src\bomberman\server\enemy\Enemigo1.java,bomberman.server.enemy.Enemigo1,getSpawn/0,spawn,1
E:\OOD\main\bomberman-master\bomberman-master\src\bomberman\server\enemy\Enemigo1.java,bomberman.server.enemy.Enemigo1,setPoints/1[int],points,2
E:\OOD\main\bomberman-master\bomberman-master\src\bomberman\server\enemy\Enemigo1.java,bomberman.server.enemy.Enemigo1,setSpawn/1[int],spawn,2
E:\OOD\main\bomberman-master\bomberman-master\src\bomberman\server\enemy\Enemigo1.java,bomberman.server.enemy.Enemigo1,getPoints/0,points,1
E:\OOD\main\bomberman-master\bomberman-master\src\bomberman\server\Map.java,bomberman.server.Map,setMap/1[bomberman.server.Square[][]],map,20
E:\OOD\main\bomberman-master\bomberman-master\src\bomberman\server\Map.java,bomberman.server.Map,setNpcs/1[bomberman.server.enemy.InterfaceEnemy[]],npcs,3
E:\OOD\main\bomberman-master\bomberman-master\src\bomberman\server\Map.java,bomberman.server.Map,getR/0,r,1
E:\OOD\main\bomberman-master\bomberman-master\src\bomberman\server\Map.java,bomberman.server.Map,"Map/6[int,int,int,int,java.util.Random,int]",r,2
E:\OOD\main\bomberman-master\bomberman-master\src\bomberman\server\Map.java,bomberman.server.Map,"Map/6[int,int,int,int,java.util.Random,int]",level,2
E:\OOD\main\bomberman-master\bomberman-master\src\bomberman\server\Map.java,bomberman.server.Map,"Map/6[int,int,int,int,java.util.Random,int]",width,2
E:\OOD\main\bomberman-master\bomberman-master\src\bomberman\server\Map.java,bomberman.server.Map,"Map/6[int,int,int,int,java.util.Random,int]",initialY,2
E:\OOD\main\bomberman-master\bomberman-master\src\bomberman\server\Map.java,bomberman.server.Map,"Map/6[int,int,int,int,java.util.Random,int]",initialX,2
E:\OOD\main\bomberman-master\bomberman-master\src\bomberman\server\Map.java,bomberman.server.Map,"Map/6[int,int,int,int,java.util.Random,int]",map,1
E:\OOD\main\bomberman-master\bomberman-master\src\bomberman\server\Map.java,bomberman.server.Map,"Map/6[int,int,int,int,java.util.Random,int]",height,2
E:\OOD\main\bomberman-master\bomberman-master\src\bomberman\server\Map.java,bomberman.server.Map,setLevel/1[int],level,3
E:\OOD\main\bomberman-master\bomberman-master\src\bomberman\server\Map.java,bomberman.server.Map,setItems/1[bomberman.server.item.InterfaceItem[]],items,3
E:\OOD\main\bomberman-master\bomberman-master\src\bomberman\server\Map.java,bomberman.server.Map,setHeight/1[int],height,3
E:\OOD\main\bomberman-master\bomberman-master\src\bomberman\server\Map.java,bomberman.server.Map,setR/1[java.util.Random],r,3
E:\OOD\main\bomberman-master\bomberman-master\src\bomberman\server\Map.java,bomberman.server.Map,getLevel/0,level,1
E:\OOD\main\bomberman-master\bomberman-master\src\bomberman\server\Map.java,bomberman.server.Map,getNpcs/0,npcs,1
E:\OOD\main\bomberman-master\bomberman-master\src\bomberman\server\Map.java,bomberman.server.Map,setWidth/1[int],width,3
E:\OOD\main\bomberman-master\bomberman-master\src\bomberman\server\Map.java,bomberman.server.Map,setInitialY/1[int],initialY,3
E:\OOD\main\bomberman-master\bomberman-master\src\bomberman\server\Map.java,bomberman.server.Map,getItems/0,items,1
E:\OOD\main\bomberman-master\bomberman-master\src\bomberman\server\Map.java,bomberman.server.Map,getInitialY/0,initialY,1
E:\OOD\main\bomberman-master\bomberman-master\src\bomberman\server\Map.java,bomberman.server.Map,getWidth/0,width,1
E:\OOD\main\bomberman-master\bomberman-master\src\bomberman\server\Map.java,bomberman.server.Map,getMap/0,map,1
E:\OOD\main\bomberman-master\bomberman-master\src\bomberman\server\Map.java,bomberman.server.Map,getInitialX/0,initialX,1
E:\OOD\main\bomberman-master\bomberman-master\src\bomberman\server\Map.java,bomberman.server.Map,getHeight/0,height,1
E:\OOD\main\bomberman-master\bomberman-master\src\bomberman\server\Map.java,bomberman.server.Map,setInitialX/1[int],initialX,3
E:\OOD\main\bomberman-master\bomberman-master\src\bomberman\client\ClientManager.java,bomberman.client.ClientManager,repaintBoard/0,controller,4
E:\OOD\main\bomberman-master\bomberman-master\src\bomberman\client\ClientManager.java,bomberman.client.ClientManager,repaintBoard/0,gui,8
E:\OOD\main\bomberman-master\bomberman-master\src\bomberman\client\ClientManager.java,bomberman.client.ClientManager,getLastAction/0,gui,1
E:\OOD\main\bomberman-master\bomberman-master\src\bomberman\client\ClientManager.java,bomberman.client.ClientManager,updateView/1[java.lang.String],currentLevel,2
E:\OOD\main\bomberman-master\bomberman-master\src\bomberman\client\ClientManager.java,bomberman.client.ClientManager,updateView/1[java.lang.String],controller,2
E:\OOD\main\bomberman-master\bomberman-master\src\bomberman\client\ClientManager.java,bomberman.client.ClientManager,updateView/1[java.lang.String],gui,3
E:\OOD\main\bomberman-master\bomberman-master\src\bomberman\client\ClientManager.java,bomberman.client.ClientManager,changeLevel/0,controller,3
E:\OOD\main\bomberman-master\bomberman-master\src\bomberman\client\ClientManager.java,bomberman.client.ClientManager,changeLevel/0,gui,9
E:\OOD\main\bomberman-master\bomberman-master\src\bomberman\client\ClientManager.java,bomberman.client.ClientManager,updateConsole/0,controller,2
E:\OOD\main\bomberman-master\bomberman-master\src\bomberman\client\ClientManager.java,bomberman.client.ClientManager,updateConsole/0,gui,2
E:\OOD\main\bomberman-master\bomberman-master\src\bomberman\client\ClientManager.java,bomberman.client.ClientManager,ClientManager/1[bomberman.server.GameEngine],controller,1
E:\OOD\main\bomberman-master\bomberman-master\src\bomberman\client\ClientManager.java,bomberman.client.ClientManager,ClientManager/1[bomberman.server.GameEngine],gui,6
E:\OOD\main\bomberman-master\bomberman-master\src\bomberman\client\ClientManager.java,bomberman.client.ClientManager,updateScore/0,currentLevel,1
E:\OOD\main\bomberman-master\bomberman-master\src\bomberman\client\ClientManager.java,bomberman.client.ClientManager,updateScore/0,controller,1
E:\OOD\main\bomberman-master\bomberman-master\src\bomberman\client\ClientManager.java,bomberman.client.ClientManager,updateScore/0,gui,10
E:\OOD\main\bomberman-master\bomberman-master\src\bomberman\client\ClientManager.java,bomberman.client.ClientManager,updateScore/0,previousPlayerHealth,2
E:\OOD\main\bomberman-master\bomberman-master\src\bomberman\server\GameEngine.java,bomberman.server.GameEngine,setContador/1[long],contador,3
E:\OOD\main\bomberman-master\bomberman-master\src\bomberman\server\GameEngine.java,bomberman.server.GameEngine,getMessages/0,messages,2
E:\OOD\main\bomberman-master\bomberman-master\src\bomberman\server\GameEngine.java,bomberman.server.GameEngine,initGame/1[java.lang.String],r,1
E:\OOD\main\bomberman-master\bomberman-master\src\bomberman\server\GameEngine.java,bomberman.server.GameEngine,initGame/1[java.lang.String],levels,1
E:\OOD\main\bomberman-master\bomberman-master\src\bomberman\server\GameEngine.java,bomberman.server.GameEngine,initGame/1[java.lang.String],player,2
E:\OOD\main\bomberman-master\bomberman-master\src\bomberman\server\GameEngine.java,bomberman.server.GameEngine,setGameFinished/1[boolean],gameFinished,3
E:\OOD\main\bomberman-master\bomberman-master\src\bomberman\server\GameEngine.java,bomberman.server.GameEngine,setAlert/1[java.lang.String],alert,3
E:\OOD\main\bomberman-master\bomberman-master\src\bomberman\server\GameEngine.java,bomberman.server.GameEngine,getNPCs/0,currentLevel,1
E:\OOD\main\bomberman-master\bomberman-master\src\bomberman\server\GameEngine.java,bomberman.server.GameEngine,getNPCs/0,levels,1
E:\OOD\main\bomberman-master\bomberman-master\src\bomberman\server\GameEngine.java,bomberman.server.GameEngine,"changeLevel/3[int,int,int]",currentLevel,4
E:\OOD\main\bomberman-master\bomberman-master\src\bomberman\server\GameEngine.java,bomberman.server.GameEngine,"changeLevel/3[int,int,int]",r,1
E:\OOD\main\bomberman-master\bomberman-master\src\bomberman\server\GameEngine.java,bomberman.server.GameEngine,"changeLevel/3[int,int,int]",levels,2
E:\OOD\main\bomberman-master\bomberman-master\src\bomberman\server\GameEngine.java,bomberman.server.GameEngine,"changeLevel/3[int,int,int]",player,1
E:\OOD\main\bomberman-master\bomberman-master\src\bomberman\server\GameEngine.java,bomberman.server.GameEngine,addMessage/1[java.lang.String],messages,1
E:\OOD\main\bomberman-master\bomberman-master\src\bomberman\server\GameEngine.java,bomberman.server.GameEngine,getMap/0,currentLevel,1
E:\OOD\main\bomberman-master\bomberman-master\src\bomberman\server\GameEngine.java,bomberman.server.GameEngine,getMap/0,levels,1
E:\OOD\main\bomberman-master\bomberman-master\src\bomberman\server\GameEngine.java,bomberman.server.GameEngine,getItems/0,currentLevel,1
E:\OOD\main\bomberman-master\bomberman-master\src\bomberman\server\GameEngine.java,bomberman.server.GameEngine,getItems/0,levels,1
E:\OOD\main\bomberman-master\bomberman-master\src\bomberman\server\GameEngine.java,bomberman.server.GameEngine,getContador/0,contador,1
E:\OOD\main\bomberman-master\bomberman-master\src\bomberman\server\GameEngine.java,bomberman.server.GameEngine,getLevel/0,currentLevel,1
E:\OOD\main\bomberman-master\bomberman-master\src\bomberman\server\GameEngine.java,bomberman.server.GameEngine,isGameFinished/0,gameFinished,1
E:\OOD\main\bomberman-master\bomberman-master\src\bomberman\server\GameEngine.java,bomberman.server.GameEngine,addAlert/1[java.lang.String],alert,1
E:\OOD\main\bomberman-master\bomberman-master\src\bomberman\server\GameEngine.java,bomberman.server.GameEngine,performAction/1[java.lang.String],currentLevel,1
E:\OOD\main\bomberman-master\bomberman-master\src\bomberman\server\GameEngine.java,bomberman.server.GameEngine,performAction/1[java.lang.String],colaExtintor,5
E:\OOD\main\bomberman-master\bomberman-master\src\bomberman\server\GameEngine.java,bomberman.server.GameEngine,performAction/1[java.lang.String],contador,6
E:\OOD\main\bomberman-master\bomberman-master\src\bomberman\server\GameEngine.java,bomberman.server.GameEngine,performAction/1[java.lang.String],colaBombas,9
E:\OOD\main\bomberman-master\bomberman-master\src\bomberman\server\GameEngine.java,bomberman.server.GameEngine,performAction/1[java.lang.String],gameFinished,3
E:\OOD\main\bomberman-master\bomberman-master\src\bomberman\server\GameEngine.java,bomberman.server.GameEngine,performAction/1[java.lang.String],god,4
E:\OOD\main\bomberman-master\bomberman-master\src\bomberman\server\GameEngine.java,bomberman.server.GameEngine,performAction/1[java.lang.String],levels,1
E:\OOD\main\bomberman-master\bomberman-master\src\bomberman\server\GameEngine.java,bomberman.server.GameEngine,performAction/1[java.lang.String],noclip,5
E:\OOD\main\bomberman-master\bomberman-master\src\bomberman\server\GameEngine.java,bomberman.server.GameEngine,performAction/1[java.lang.String],player,29
E:\OOD\main\bomberman-master\bomberman-master\src\bomberman\server\GameEngine.java,bomberman.server.GameEngine,GameEngine/0,engine,1
E:\OOD\main\bomberman-master\bomberman-master\src\bomberman\server\GameEngine.java,bomberman.server.GameEngine,getEngine/0,engine,1
E:\OOD\main\bomberman-master\bomberman-master\src\bomberman\server\GameEngine.java,bomberman.server.GameEngine,getAlert/0,alert,2
E:\OOD\main\bomberman-master\bomberman-master\src\bomberman\server\GameEngine.java,bomberman.server.GameEngine,getPlayer/0,player,1
E:\OOD\main\bomberman-master\bomberman-master\src\bomberman\server\enemy\Enemigo2.java,bomberman.server.enemy.Enemigo2,getSpawn/0,spawn,1
E:\OOD\main\bomberman-master\bomberman-master\src\bomberman\server\enemy\Enemigo2.java,bomberman.server.enemy.Enemigo2,getPoints/0,points,1
E:\OOD\main\bomberman-master\bomberman-master\src\bomberman\server\enemy\Enemigo2.java,bomberman.server.enemy.Enemigo2,setPoints/1[int],points,2
E:\OOD\main\bomberman-master\bomberman-master\src\bomberman\server\item\BonusFire.java,bomberman.server.item.BonusFire,setUtilizado/1[boolean],utilizado,3
E:\OOD\main\bomberman-master\bomberman-master\src\bomberman\server\item\BonusFire.java,bomberman.server.item.BonusFire,getY/0,y,1
E:\OOD\main\bomberman-master\bomberman-master\src\bomberman\server\item\BonusFire.java,bomberman.server.item.BonusFire,setId/1[int],id,3
E:\OOD\main\bomberman-master\bomberman-master\src\bomberman\server\item\BonusFire.java,bomberman.server.item.BonusFire,setX/1[int],x,3
E:\OOD\main\bomberman-master\bomberman-master\src\bomberman\server\item\BonusFire.java,bomberman.server.item.BonusFire,getId/0,id,1
E:\OOD\main\bomberman-master\bomberman-master\src\bomberman\server\item\BonusFire.java,bomberman.server.item.BonusFire,getSpawn/0,spawn,1
E:\OOD\main\bomberman-master\bomberman-master\src\bomberman\server\item\BonusFire.java,bomberman.server.item.BonusFire,setSprite/1[java.lang.String],sprite,3
E:\OOD\main\bomberman-master\bomberman-master\src\bomberman\server\item\BonusFire.java,bomberman.server.item.BonusFire,setSpawn/1[int],spawn,2
E:\OOD\main\bomberman-master\bomberman-master\src\bomberman\server\item\BonusFire.java,bomberman.server.item.BonusFire,getSprite/0,sprite,1
E:\OOD\main\bomberman-master\bomberman-master\src\bomberman\server\item\BonusFire.java,bomberman.server.item.BonusFire,setY/1[int],y,3
E:\OOD\main\bomberman-master\bomberman-master\src\bomberman\server\item\BonusFire.java,bomberman.server.item.BonusFire,isUtilizado/0,utilizado,1
E:\OOD\main\bomberman-master\bomberman-master\src\bomberman\server\item\BonusFire.java,bomberman.server.item.BonusFire,getX/0,x,1
E:\OOD\main\bomberman-master\bomberman-master\src\bomberman\server\Player.java,bomberman.server.Player,"move/2[int,int]",x,6
E:\OOD\main\bomberman-master\bomberman-master\src\bomberman\server\Player.java,bomberman.server.Player,"move/2[int,int]",sprite,2
E:\OOD\main\bomberman-master\bomberman-master\src\bomberman\server\Player.java,bomberman.server.Player,"move/2[int,int]",y,6
E:\OOD\main\bomberman-master\bomberman-master\src\bomberman\server\Player.java,bomberman.server.Player,"move/2[int,int]",health,1
E:\OOD\main\bomberman-master\bomberman-master\src\bomberman\server\Player.java,bomberman.server.Player,"move/2[int,int]",frame,5
E:\OOD\main\bomberman-master\bomberman-master\src\bomberman\server\Player.java,bomberman.server.Player,getSprite/0,sprite,1
E:\OOD\main\bomberman-master\bomberman-master\src\bomberman\server\Player.java,bomberman.server.Player,getName/0,name,1
E:\OOD\main\bomberman-master\bomberman-master\src\bomberman\server\Player.java,bomberman.server.Player,setBombs/1[int],bombs,3
E:\OOD\main\bomberman-master\bomberman-master\src\bomberman\server\Player.java,bomberman.server.Player,getX/0,x,1
E:\OOD\main\bomberman-master\bomberman-master\src\bomberman\server\Player.java,bomberman.server.Player,setPortrait/1[java.lang.String],portrait,3
E:\OOD\main\bomberman-master\bomberman-master\src\bomberman\server\Player.java,bomberman.server.Player,setHealthMax/1[int],healthMax,3
E:\OOD\main\bomberman-master\bomberman-master\src\bomberman\server\Player.java,bomberman.server.Player,getScore/0,score,1
E:\OOD\main\bomberman-master\bomberman-master\src\bomberman\server\Player.java,bomberman.server.Player,getPortrait/0,portrait,1
E:\OOD\main\bomberman-master\bomberman-master\src\bomberman\server\Player.java,bomberman.server.Player,getFire/0,fire,1
E:\OOD\main\bomberman-master\bomberman-master\src\bomberman\server\Player.java,bomberman.server.Player,getBombs/0,bombs,1
E:\OOD\main\bomberman-master\bomberman-master\src\bomberman\server\Player.java,bomberman.server.Player,"Player/11[java.lang.String,int,int,int,int,int,int,java.lang.String,java.lang.String,int,int]",score,2
E:\OOD\main\bomberman-master\bomberman-master\src\bomberman\server\Player.java,bomberman.server.Player,"Player/11[java.lang.String,int,int,int,int,int,int,java.lang.String,java.lang.String,int,int]",healthMax,2
E:\OOD\main\bomberman-master\bomberman-master\src\bomberman\server\Player.java,bomberman.server.Player,"Player/11[java.lang.String,int,int,int,int,int,int,java.lang.String,java.lang.String,int,int]",name,2
E:\OOD\main\bomberman-master\bomberman-master\src\bomberman\server\Player.java,bomberman.server.Player,"Player/11[java.lang.String,int,int,int,int,int,int,java.lang.String,java.lang.String,int,int]",bombs,2
E:\OOD\main\bomberman-master\bomberman-master\src\bomberman\server\Player.java,bomberman.server.Player,"Player/11[java.lang.String,int,int,int,int,int,int,java.lang.String,java.lang.String,int,int]",sprite,2
E:\OOD\main\bomberman-master\bomberman-master\src\bomberman\server\Player.java,bomberman.server.Player,"Player/11[java.lang.String,int,int,int,int,int,int,java.lang.String,java.lang.String,int,int]",x,2
E:\OOD\main\bomberman-master\bomberman-master\src\bomberman\server\Player.java,bomberman.server.Player,"Player/11[java.lang.String,int,int,int,int,int,int,java.lang.String,java.lang.String,int,int]",health,2
E:\OOD\main\bomberman-master\bomberman-master\src\bomberman\server\Player.java,bomberman.server.Player,"Player/11[java.lang.String,int,int,int,int,int,int,java.lang.String,java.lang.String,int,int]",fire,2
E:\OOD\main\bomberman-master\bomberman-master\src\bomberman\server\Player.java,bomberman.server.Player,"Player/11[java.lang.String,int,int,int,int,int,int,java.lang.String,java.lang.String,int,int]",y,2
E:\OOD\main\bomberman-master\bomberman-master\src\bomberman\server\Player.java,bomberman.server.Player,"Player/11[java.lang.String,int,int,int,int,int,int,java.lang.String,java.lang.String,int,int]",portrait,2
E:\OOD\main\bomberman-master\bomberman-master\src\bomberman\server\Player.java,bomberman.server.Player,"Player/11[java.lang.String,int,int,int,int,int,int,java.lang.String,java.lang.String,int,int]",speed,2
E:\OOD\main\bomberman-master\bomberman-master\src\bomberman\server\Player.java,bomberman.server.Player,setFrame/1[int],frame,3
E:\OOD\main\bomberman-master\bomberman-master\src\bomberman\server\Player.java,bomberman.server.Player,setX/1[int],x,3
E:\OOD\main\bomberman-master\bomberman-master\src\bomberman\server\Player.java,bomberman.server.Player,getFrame/0,frame,1
E:\OOD\main\bomberman-master\bomberman-master\src\bomberman\server\Player.java,bomberman.server.Player,getSpeed/0,speed,1
E:\OOD\main\bomberman-master\bomberman-master\src\bomberman\server\Player.java,bomberman.server.Player,setScore/1[int],score,3
E:\OOD\main\bomberman-master\bomberman-master\src\bomberman\server\Player.java,bomberman.server.Player,setSpeed/1[int],speed,3
E:\OOD\main\bomberman-master\bomberman-master\src\bomberman\server\Player.java,bomberman.server.Player,setY/1[int],y,3
E:\OOD\main\bomberman-master\bomberman-master\src\bomberman\server\Player.java,bomberman.server.Player,setName/1[java.lang.String],name,3
E:\OOD\main\bomberman-master\bomberman-master\src\bomberman\server\Player.java,bomberman.server.Player,setHealth/1[int],health,3
E:\OOD\main\bomberman-master\bomberman-master\src\bomberman\server\Player.java,bomberman.server.Player,getHealthMax/0,healthMax,1
E:\OOD\main\bomberman-master\bomberman-master\src\bomberman\server\Player.java,bomberman.server.Player,setSprite/1[java.lang.String],sprite,3
E:\OOD\main\bomberman-master\bomberman-master\src\bomberman\server\Player.java,bomberman.server.Player,getHealth/0,health,1
E:\OOD\main\bomberman-master\bomberman-master\src\bomberman\server\Player.java,bomberman.server.Player,getY/0,y,1
E:\OOD\main\bomberman-master\bomberman-master\src\bomberman\server\Player.java,bomberman.server.Player,setFire/1[int],fire,3
E:\OOD\main\bomberman-master\bomberman-master\src\bomberman\server\item\RemoteControl.java,bomberman.server.item.RemoteControl,setUtilizado/1[boolean],utilizado,3
E:\OOD\main\bomberman-master\bomberman-master\src\bomberman\server\item\RemoteControl.java,bomberman.server.item.RemoteControl,isUtilizado/0,utilizado,1
E:\OOD\main\bomberman-master\bomberman-master\src\bomberman\server\item\RemoteControl.java,bomberman.server.item.RemoteControl,setId/1[int],id,3
E:\OOD\main\bomberman-master\bomberman-master\src\bomberman\server\item\RemoteControl.java,bomberman.server.item.RemoteControl,getY/0,y,1
E:\OOD\main\bomberman-master\bomberman-master\src\bomberman\server\item\RemoteControl.java,bomberman.server.item.RemoteControl,setX/1[int],x,3
E:\OOD\main\bomberman-master\bomberman-master\src\bomberman\server\item\RemoteControl.java,bomberman.server.item.RemoteControl,getId/0,id,1
E:\OOD\main\bomberman-master\bomberman-master\src\bomberman\server\item\RemoteControl.java,bomberman.server.item.RemoteControl,getSpawn/0,spawn,1
E:\OOD\main\bomberman-master\bomberman-master\src\bomberman\server\item\RemoteControl.java,bomberman.server.item.RemoteControl,getX/0,x,1
E:\OOD\main\bomberman-master\bomberman-master\src\bomberman\server\item\RemoteControl.java,bomberman.server.item.RemoteControl,setSprite/1[java.lang.String],sprite,3
E:\OOD\main\bomberman-master\bomberman-master\src\bomberman\server\item\RemoteControl.java,bomberman.server.item.RemoteControl,getSprite/0,sprite,1
E:\OOD\main\bomberman-master\bomberman-master\src\bomberman\server\item\RemoteControl.java,bomberman.server.item.RemoteControl,setSpawn/1[int],spawn,3
E:\OOD\main\bomberman-master\bomberman-master\src\bomberman\server\item\RemoteControl.java,bomberman.server.item.RemoteControl,setY/1[int],y,3
E:\OOD\main\bomberman-master\bomberman-master\src\bomberman\server\item\BonusGeta.java,bomberman.server.item.BonusGeta,setUtilizado/1[boolean],utilizado,3
E:\OOD\main\bomberman-master\bomberman-master\src\bomberman\server\item\BonusGeta.java,bomberman.server.item.BonusGeta,isUtilizado/0,utilizado,1
E:\OOD\main\bomberman-master\bomberman-master\src\bomberman\server\item\BonusGeta.java,bomberman.server.item.BonusGeta,setId/1[int],id,3
E:\OOD\main\bomberman-master\bomberman-master\src\bomberman\server\item\BonusGeta.java,bomberman.server.item.BonusGeta,getY/0,y,1
E:\OOD\main\bomberman-master\bomberman-master\src\bomberman\server\item\BonusGeta.java,bomberman.server.item.BonusGeta,setX/1[int],x,3
E:\OOD\main\bomberman-master\bomberman-master\src\bomberman\server\item\BonusGeta.java,bomberman.server.item.BonusGeta,getId/0,id,1
E:\OOD\main\bomberman-master\bomberman-master\src\bomberman\server\item\BonusGeta.java,bomberman.server.item.BonusGeta,getSpawn/0,spawn,1
E:\OOD\main\bomberman-master\bomberman-master\src\bomberman\server\item\BonusGeta.java,bomberman.server.item.BonusGeta,getX/0,x,1
E:\OOD\main\bomberman-master\bomberman-master\src\bomberman\server\item\BonusGeta.java,bomberman.server.item.BonusGeta,setSprite/1[java.lang.String],sprite,3
E:\OOD\main\bomberman-master\bomberman-master\src\bomberman\server\item\BonusGeta.java,bomberman.server.item.BonusGeta,getSprite/0,sprite,1
E:\OOD\main\bomberman-master\bomberman-master\src\bomberman\server\item\BonusGeta.java,bomberman.server.item.BonusGeta,setSpawn/1[int],spawn,2
E:\OOD\main\bomberman-master\bomberman-master\src\bomberman\server\item\BonusGeta.java,bomberman.server.item.BonusGeta,setY/1[int],y,3
