file,class,method,constructor,line,cbo,cboModified,fanin,fanout,wmc,rfc,loc,returnsQty,variablesQty,parametersQty,methodsInvokedQty,methodsInvokedLocalQty,methodsInvokedIndirectLocalQty,loopQty,comparisonsQty,tryCatchQty,parenthesizedExpsQty,stringLiteralsQty,numbersQty,assignmentsQty,mathOperationsQty,maxNestedBlocksQty,anonymousClassesQty,innerClassesQty,lambdasQty,uniqueWordsQty,modifiers,logStatementsQty,hasJavaDoc
E:\OOD\main\bomberman-master\bomberman-master\src\bomberman\server\enemy\Enemigo.java,bomberman.server.enemy.Enemigo,receiveAtack/0,false,45,1,1,0,1,1,1,3,0,0,0,1,1,1,0,0,0,0,0,0,0,0,0,0,0,0,5,1,0,false
E:\OOD\main\bomberman-master\bomberman-master\src\bomberman\server\enemy\Enemigo.java,bomberman.server.enemy.Enemigo,getX/0,false,20,0,0,0,0,1,0,3,1,0,0,0,0,0,0,0,0,0,0,0,0,0,0,0,0,0,3,1,0,false
E:\OOD\main\bomberman-master\bomberman-master\src\bomberman\server\enemy\Enemigo.java,bomberman.server.enemy.Enemigo,setX/1[int],false,23,0,0,0,0,1,0,3,0,0,1,0,0,0,0,0,0,0,0,0,1,0,0,0,0,0,3,1,0,false
E:\OOD\main\bomberman-master\bomberman-master\src\bomberman\server\enemy\Enemigo.java,bomberman.server.enemy.Enemigo,getSprite/0,false,49,0,0,0,0,1,0,3,1,0,0,0,0,0,0,0,0,0,0,0,0,0,0,0,0,0,3,1,0,false
E:\OOD\main\bomberman-master\bomberman-master\src\bomberman\server\enemy\Enemigo.java,bomberman.server.enemy.Enemigo,getId/0,false,54,0,0,0,0,1,0,3,1,0,0,0,0,0,0,0,0,0,0,1,0,0,0,0,0,0,2,1,0,false
E:\OOD\main\bomberman-master\bomberman-master\src\bomberman\server\enemy\Enemigo.java,bomberman.server.enemy.Enemigo,setAlive/1[boolean],false,38,0,1,1,0,1,0,3,0,0,1,0,0,0,0,0,0,0,0,0,1,0,0,0,0,0,3,1,0,false
E:\OOD\main\bomberman-master\bomberman-master\src\bomberman\server\enemy\Enemigo.java,bomberman.server.enemy.Enemigo,setSpeed/1[int],false,16,0,0,0,0,1,0,3,0,0,1,0,0,0,0,0,0,0,0,0,1,0,0,0,0,0,3,1,0,false
E:\OOD\main\bomberman-master\bomberman-master\src\bomberman\server\enemy\Enemigo.java,bomberman.server.enemy.Enemigo,setY/1[int],false,30,0,0,0,0,1,0,3,0,0,1,0,0,0,0,0,0,0,0,0,1,0,0,0,0,0,3,1,0,false
E:\OOD\main\bomberman-master\bomberman-master\src\bomberman\server\enemy\Enemigo.java,bomberman.server.enemy.Enemigo,isAlive/0,false,34,0,0,0,0,1,0,3,1,0,0,0,0,0,0,0,0,0,0,0,0,0,0,0,0,0,3,1,0,false
E:\OOD\main\bomberman-master\bomberman-master\src\bomberman\server\enemy\Enemigo.java,bomberman.server.enemy.Enemigo,getSpeed/0,false,13,0,0,0,0,1,0,3,1,0,0,0,0,0,0,0,0,0,0,0,0,0,0,0,0,0,3,1,0,false
E:\OOD\main\bomberman-master\bomberman-master\src\bomberman\server\enemy\Enemigo.java,bomberman.server.enemy.Enemigo,aplicarEfecto/1[bomberman.server.Player],false,42,1,2,0,2,1,2,3,0,0,1,2,0,0,0,0,0,0,0,1,0,1,0,0,0,0,4,1,0,false
E:\OOD\main\bomberman-master\bomberman-master\src\bomberman\server\enemy\Enemigo.java,bomberman.server.enemy.Enemigo,getY/0,false,27,0,0,0,0,1,0,3,1,0,0,0,0,0,0,0,0,0,0,0,0,0,0,0,0,0,3,1,0,false
E:\OOD\main\bomberman-master\bomberman-master\src\game\GameBoardGUI.java,game.GameBoardGUI,gb_setValueAbility1/1[int],false,396,0,1,1,0,1,2,3,0,0,1,2,0,0,0,0,0,0,0,0,0,0,0,0,0,0,11,1,0,true
E:\OOD\main\bomberman-master\bomberman-master\src\game\GameBoardGUI.java,game.GameBoardGUI,timedEvent/0,false,128,0,1,1,0,2,2,5,0,0,0,2,0,0,0,0,0,0,0,1,0,1,1,0,0,0,7,2,0,false
E:\OOD\main\bomberman-master\bomberman-master\src\game\GameBoardGUI.java,game.GameBoardGUI,gb_repaintBoard/0,false,462,0,1,1,0,1,1,3,0,0,0,1,0,0,0,0,0,0,0,0,0,0,0,0,0,0,8,1,0,true
E:\OOD\main\bomberman-master\bomberman-master\src\game\GameBoardGUI.java,game.GameBoardGUI,initComponents/0,false,640,0,2,1,1,1,41,118,0,4,0,41,0,0,0,0,0,0,27,77,26,0,0,2,0,0,71,2,0,true
E:\OOD\main\bomberman-master\bomberman-master\src\game\GameBoardGUI.java,game.GameBoardGUI,"GameBoardGUI/2[int,int]",true,621,1,4,1,3,1,4,11,0,0,2,4,2,4,0,0,0,0,1,0,1,0,0,1,0,0,28,1,0,true
E:\OOD\main\bomberman-master\bomberman-master\src\game\GameBoardGUI.java,game.GameBoardGUI,gb_setPortraitPlayer/1[java.lang.String],false,298,1,2,1,1,2,5,5,0,1,1,5,1,2,0,1,0,0,2,0,1,1,1,0,0,0,23,1,0,true
E:\OOD\main\bomberman-master\bomberman-master\src\game\GameBoardGUI.java,game.GameBoardGUI,gb_setTextAbility1/1[java.lang.String],false,388,0,1,1,0,1,1,3,0,0,1,1,0,0,0,0,0,0,0,0,0,0,0,0,0,0,10,1,0,true
E:\OOD\main\bomberman-master\bomberman-master\src\game\GameBoardGUI.java,game.GameBoardGUI,gb_clearCommandBar/0,false,443,0,0,0,0,1,1,3,0,0,0,1,0,0,0,0,0,0,1,0,0,0,0,0,0,0,7,1,0,true
E:\OOD\main\bomberman-master\bomberman-master\src\game\GameBoardGUI.java,game.GameBoardGUI,gb_showMessageDialog/1[java.lang.String],false,310,0,2,2,0,2,2,4,0,0,1,2,0,0,0,1,0,0,2,0,0,0,1,0,0,0,18,1,0,true
E:\OOD\main\bomberman-master\bomberman-master\src\game\GameBoardGUI.java,game.GameBoardGUI,"gb_moveSprite/3[int,int,int]",false,248,0,1,1,0,2,5,7,0,3,3,5,0,0,0,1,0,0,2,0,3,5,1,0,0,0,26,1,0,true
E:\OOD\main\bomberman-master\bomberman-master\src\game\GameBoardGUI.java,game.GameBoardGUI,gb_getLastAction/0,false,182,0,1,1,0,1,1,5,1,1,0,1,0,0,0,0,0,0,1,0,2,0,0,0,0,0,19,1,0,true
E:\OOD\main\bomberman-master\bomberman-master\src\game\GameBoardGUI.java,game.GameBoardGUI,gb_setValueAbility2/1[int],false,412,0,1,1,0,1,2,3,0,0,1,2,0,0,0,0,0,0,0,0,0,0,0,0,0,0,10,1,0,true
E:\OOD\main\bomberman-master\bomberman-master\src\game\GameBoardGUI.java,game.GameBoardGUI,jButton2ActionPerformed/1[java.awt.event.ActionEvent],false,906,0,1,1,0,2,1,6,0,1,1,1,0,0,0,1,0,0,3,0,2,0,1,0,0,0,12,2,0,false
E:\OOD\main\bomberman-master\bomberman-master\src\game\GameBoardGUI.java,game.GameBoardGUI,gb_println/1[java.lang.String],false,470,0,1,1,0,3,5,8,0,0,1,5,0,0,0,2,0,0,2,1,0,2,2,0,0,0,17,1,0,true
E:\OOD\main\bomberman-master\bomberman-master\src\game\GameBoardGUI.java,game.GameBoardGUI,gb_setTextLevel/1[java.lang.String],false,420,0,0,0,0,1,1,3,0,0,1,1,0,0,0,0,0,0,0,0,0,0,0,0,0,0,9,1,0,true
E:\OOD\main\bomberman-master\bomberman-master\src\game\GameBoardGUI.java,game.GameBoardGUI,"gb_setSpriteVisible/2[int,boolean]",false,279,0,2,2,0,2,3,4,0,0,2,3,0,0,0,1,0,0,2,0,0,1,1,0,0,0,20,1,0,true
E:\OOD\main\bomberman-master\bomberman-master\src\game\GameBoardGUI.java,game.GameBoardGUI,gb_animateDamage/0,false,289,0,1,1,0,1,2,4,0,0,0,2,0,0,0,0,0,0,0,0,1,0,0,0,0,0,12,1,0,true
E:\OOD\main\bomberman-master\bomberman-master\src\game\GameBoardGUI.java,game.GameBoardGUI,"getScaledInstance/5[java.awt.image.BufferedImage,int,int,java.lang.Object,boolean]",false,568,0,2,2,0,14,7,36,2,6,5,7,0,0,1,4,0,1,0,4,13,0,3,0,0,0,20,2,0,false
E:\OOD\main\bomberman-master\bomberman-master\src\game\GameBoardGUI.java,game.GameBoardGUI,"gb_setSquareColor/5[int,int,int,int,int]",false,142,0,1,1,0,11,2,7,0,0,5,2,0,0,0,0,0,0,7,8,0,2,2,0,0,0,30,1,0,true
E:\OOD\main\bomberman-master\bomberman-master\src\game\GameBoardGUI.java,game.GameBoardGUI,gb_setTextAbility2/1[java.lang.String],false,404,0,1,1,0,1,1,3,0,0,1,1,0,0,0,0,0,0,0,0,0,0,0,0,0,0,10,1,0,true
E:\OOD\main\bomberman-master\bomberman-master\src\game\GameBoardGUI.java,game.GameBoardGUI,keyboardControl/1[java.awt.event.KeyEvent],false,531,0,1,1,0,9,3,34,1,1,1,3,0,0,0,8,0,0,7,0,15,1,2,0,0,0,10,2,0,false
E:\OOD\main\bomberman-master\bomberman-master\src\game\GameBoardGUI.java,game.GameBoardGUI,gb_setValuePointsDown/1[int],false,356,0,1,1,0,2,3,5,0,0,1,3,0,0,0,1,0,0,0,1,0,0,1,0,0,0,12,1,0,true
E:\OOD\main\bomberman-master\bomberman-master\src\game\GameBoardGUI.java,game.GameBoardGUI,gb_setValuePointsUp/1[int],false,340,0,1,1,0,1,2,3,0,0,1,2,0,0,0,0,0,0,0,0,0,0,0,0,0,0,10,1,0,true
E:\OOD\main\bomberman-master\bomberman-master\src\game\GameBoardGUI.java,game.GameBoardGUI,jButton1ActionPerformed/1[java.awt.event.ActionEvent],false,899,0,1,1,0,2,1,6,0,1,1,1,0,0,0,1,0,0,3,0,2,1,1,0,0,0,13,2,0,false
E:\OOD\main\bomberman-master\bomberman-master\src\game\GameBoardGUI.java,game.GameBoardGUI,"gb_addSprite/3[int,java.lang.String,boolean]",false,195,1,3,2,1,4,14,19,0,5,3,14,1,2,0,2,0,0,2,1,5,5,2,0,0,0,47,1,0,true
E:\OOD\main\bomberman-master\bomberman-master\src\game\GameBoardGUI.java,game.GameBoardGUI,gb_setTextPlayerName/1[java.lang.String],false,321,0,1,1,0,2,2,4,0,0,1,2,0,0,0,1,0,0,1,0,0,0,1,0,0,0,14,1,0,true
E:\OOD\main\bomberman-master\bomberman-master\src\game\GameBoardGUI.java,game.GameBoardGUI,gb_setValueLevel/1[int],false,428,0,1,1,0,1,2,3,0,0,1,2,0,0,0,0,0,0,0,0,0,0,0,0,0,0,9,1,0,true
E:\OOD\main\bomberman-master\bomberman-master\src\game\GameBoardGUI.java,game.GameBoardGUI,"gb_moveSpriteCoord/3[int,int,int]",false,264,0,1,1,0,2,5,7,0,3,3,5,0,0,0,1,0,4,2,2,3,7,1,0,0,0,30,1,0,true
E:\OOD\main\bomberman-master\bomberman-master\src\game\GameBoardGUI.java,game.GameBoardGUI,"gb_setSpriteImage/2[int,java.lang.String]",false,227,1,2,1,1,3,6,10,0,4,2,6,1,2,0,2,0,0,2,0,4,3,1,0,0,0,36,1,0,true
E:\OOD\main\bomberman-master\bomberman-master\src\game\GameBoardGUI.java,game.GameBoardGUI,gb_setTextPointsDown/1[java.lang.String],false,348,0,1,1,0,1,1,3,0,0,1,1,0,0,0,0,0,0,0,0,0,0,0,0,0,0,11,1,0,true
E:\OOD\main\bomberman-master\bomberman-master\src\game\GameBoardGUI.java,game.GameBoardGUI,preloadImages/0,false,483,1,2,1,1,6,11,29,0,6,0,11,1,1,1,2,1,0,5,1,6,5,5,0,0,0,38,2,0,false
E:\OOD\main\bomberman-master\bomberman-master\src\game\GameBoardGUI.java,game.GameBoardGUI,gb_setValueHealthCurrent/1[int],false,368,0,1,1,0,2,6,5,0,0,1,6,0,0,0,0,0,0,3,3,0,2,1,0,0,0,13,1,0,true
E:\OOD\main\bomberman-master\bomberman-master\src\game\GameBoardGUI.java,game.GameBoardGUI,gb_clearSprites/0,false,450,0,1,1,0,2,7,5,0,1,0,7,0,0,1,0,0,0,0,0,1,0,1,0,0,0,9,1,0,true
E:\OOD\main\bomberman-master\bomberman-master\src\game\GameBoardGUI.java,game.GameBoardGUI,"getImageIcon/3[java.lang.String,int,int]",false,516,1,6,5,1,4,5,10,3,3,3,5,1,1,0,3,0,0,0,0,3,2,3,0,0,0,16,2,0,false
E:\OOD\main\bomberman-master\bomberman-master\src\game\GameBoardGUI.java,game.GameBoardGUI,gb_setTextPointsUp/1[java.lang.String],false,332,0,1,1,0,1,1,3,0,0,1,1,0,0,0,0,0,0,0,0,0,0,0,0,0,0,10,1,0,true
E:\OOD\main\bomberman-master\bomberman-master\src\game\GameBoardGUI.java,game.GameBoardGUI,"gb_setSquareImage/3[int,int,java.lang.String]",false,159,1,2,1,1,7,5,13,0,3,3,5,1,2,0,2,0,0,5,2,3,4,4,0,0,0,33,1,0,true
E:\OOD\main\bomberman-master\bomberman-master\src\game\GameBoardGUI.java,game.GameBoardGUI,"initializeGUI/2[int,int]",false,51,1,4,1,3,9,27,63,0,5,2,27,2,3,3,0,1,0,4,21,11,5,4,2,0,0,52,2,0,false
E:\OOD\main\bomberman-master\bomberman-master\src\game\GameBoardGUI.java,game.GameBoardGUI,gb_setValueHealthMax/1[int],false,380,0,1,1,0,1,3,3,0,0,1,3,0,0,0,0,0,0,2,1,0,1,0,0,0,0,12,1,0,true
E:\OOD\main\bomberman-master\bomberman-master\src\game\GameBoardGUI.java,game.GameBoardGUI,gb_clearConsole/0,false,435,0,1,1,0,1,1,4,0,0,0,1,0,0,0,0,0,0,2,0,0,0,0,0,0,0,8,1,0,true
E:\OOD\main\bomberman-master\bomberman-master\src\bomberman\server\item\InterfaceItem.java,bomberman.server.item.InterfaceItem,isUtilizado/0,false,11,0,0,0,0,1,0,1,0,0,0,0,0,0,0,0,0,0,0,0,0,0,0,0,0,0,2,0,0,false
E:\OOD\main\bomberman-master\bomberman-master\src\bomberman\server\item\InterfaceItem.java,bomberman.server.item.InterfaceItem,getX/0,false,6,0,1,1,0,1,0,1,0,0,0,0,0,0,0,0,0,0,0,0,0,0,0,0,0,0,2,0,0,false
E:\OOD\main\bomberman-master\bomberman-master\src\bomberman\server\item\InterfaceItem.java,bomberman.server.item.InterfaceItem,getY/0,false,7,0,1,1,0,1,0,1,0,0,0,0,0,0,0,0,0,0,0,0,0,0,0,0,0,0,2,0,0,false
E:\OOD\main\bomberman-master\bomberman-master\src\bomberman\server\item\InterfaceItem.java,bomberman.server.item.InterfaceItem,getSpawn/0,false,13,0,0,0,0,1,0,1,0,0,0,0,0,0,0,0,0,0,0,0,0,0,0,0,0,0,2,0,0,false
E:\OOD\main\bomberman-master\bomberman-master\src\bomberman\server\item\InterfaceItem.java,bomberman.server.item.InterfaceItem,getId/0,false,9,0,1,1,0,1,0,1,0,0,0,0,0,0,0,0,0,0,0,0,0,0,0,0,0,0,2,0,0,false
E:\OOD\main\bomberman-master\bomberman-master\src\bomberman\server\item\InterfaceItem.java,bomberman.server.item.InterfaceItem,getSprite/0,false,8,0,1,1,0,1,0,1,0,0,0,0,0,0,0,0,0,0,0,0,0,0,0,0,0,0,2,0,0,false
E:\OOD\main\bomberman-master\bomberman-master\src\bomberman\server\item\InterfaceItem.java,bomberman.server.item.InterfaceItem,aplicarEfecto/1[bomberman.server.Player],false,10,1,0,0,0,1,0,1,0,0,1,0,0,0,0,0,0,0,0,0,0,0,0,0,0,0,4,0,0,false
E:\OOD\main\bomberman-master\bomberman-master\src\bomberman\server\item\BonusFireFull.java,bomberman.server.item.BonusFireFull,setUtilizado/1[boolean],false,82,0,0,0,0,1,0,3,0,0,1,0,0,0,0,0,0,0,0,0,1,0,0,0,0,0,3,1,0,false
E:\OOD\main\bomberman-master\bomberman-master\src\bomberman\server\item\BonusFireFull.java,bomberman.server.item.BonusFireFull,isUtilizado/0,false,78,0,0,0,0,1,0,3,1,0,0,0,0,0,0,0,0,0,0,0,0,0,0,0,0,0,3,1,0,false
E:\OOD\main\bomberman-master\bomberman-master\src\bomberman\server\item\BonusFireFull.java,bomberman.server.item.BonusFireFull,setId/1[int],false,49,0,0,0,0,1,0,3,0,0,1,0,0,0,0,0,0,0,0,0,1,0,0,0,0,0,3,1,0,false
E:\OOD\main\bomberman-master\bomberman-master\src\bomberman\server\item\BonusFireFull.java,bomberman.server.item.BonusFireFull,getY/0,false,35,0,0,0,0,1,0,3,1,0,0,0,0,0,0,0,0,0,0,0,0,0,0,0,0,0,3,1,0,false
E:\OOD\main\bomberman-master\bomberman-master\src\bomberman\server\item\BonusFireFull.java,bomberman.server.item.BonusFireFull,setX/1[int],false,29,0,0,0,0,1,0,3,0,0,1,0,0,0,0,0,0,0,0,0,1,0,0,0,0,0,3,1,0,false
E:\OOD\main\bomberman-master\bomberman-master\src\bomberman\server\item\BonusFireFull.java,bomberman.server.item.BonusFireFull,getId/0,false,45,0,0,0,0,1,0,3,1,0,0,0,0,0,0,0,0,0,0,0,0,0,0,0,0,0,3,1,0,false
E:\OOD\main\bomberman-master\bomberman-master\src\bomberman\server\item\BonusFireFull.java,bomberman.server.item.BonusFireFull,getSpawn/0,false,54,0,0,0,0,1,0,3,1,0,0,0,0,0,0,0,0,0,0,0,0,0,0,0,0,0,3,1,0,false
E:\OOD\main\bomberman-master\bomberman-master\src\bomberman\server\item\BonusFireFull.java,bomberman.server.item.BonusFireFull,getX/0,false,25,0,0,0,0,1,0,3,1,0,0,0,0,0,0,0,0,0,0,0,0,0,0,0,0,0,3,1,0,false
E:\OOD\main\bomberman-master\bomberman-master\src\bomberman\server\item\BonusFireFull.java,bomberman.server.item.BonusFireFull,setSprite/1[java.lang.String],false,73,0,0,0,0,1,0,3,0,0,1,0,0,0,0,0,0,0,0,0,1,0,0,0,0,0,3,1,0,false
E:\OOD\main\bomberman-master\bomberman-master\src\bomberman\server\item\BonusFireFull.java,bomberman.server.item.BonusFireFull,aplicarEfecto/1[bomberman.server.Player],false,18,1,1,0,1,1,1,3,0,0,1,1,0,0,0,0,0,0,0,0,0,0,0,0,0,0,4,1,0,false
E:\OOD\main\bomberman-master\bomberman-master\src\bomberman\server\item\BonusFireFull.java,bomberman.server.item.BonusFireFull,getSprite/0,false,69,0,0,0,0,1,0,3,1,0,0,0,0,0,0,0,0,0,0,0,0,0,0,0,0,0,3,1,0,false
E:\OOD\main\bomberman-master\bomberman-master\src\bomberman\server\item\BonusFireFull.java,bomberman.server.item.BonusFireFull,setSpawn/1[int],false,61,0,0,0,0,2,0,3,0,0,1,0,0,0,0,1,0,1,0,4,1,2,1,0,0,0,3,1,0,false
E:\OOD\main\bomberman-master\bomberman-master\src\bomberman\server\item\BonusFireFull.java,bomberman.server.item.BonusFireFull,setY/1[int],false,39,0,0,0,0,1,0,3,0,0,1,0,0,0,0,0,0,0,0,0,1,0,0,0,0,0,3,1,0,false
E:\OOD\main\bomberman-master\bomberman-master\src\game\GameBoardGUI.java,game.GameBoardGUI$Anonymous4,actionPerformed/1[java.awt.event.ActionEvent],false,673,1,3,0,3,1,1,3,0,0,1,1,0,0,0,0,0,0,0,0,0,0,0,0,0,0,6,1,0,false
E:\OOD\main\bomberman-master\bomberman-master\src\bomberman\server\item\BonusBomb.java,bomberman.server.item.BonusBomb,setUtilizado/1[boolean],false,82,0,0,0,0,1,0,3,0,0,1,0,0,0,0,0,0,0,0,0,1,0,0,0,0,0,3,1,0,false
E:\OOD\main\bomberman-master\bomberman-master\src\bomberman\server\item\BonusBomb.java,bomberman.server.item.BonusBomb,isUtilizado/0,false,78,0,0,0,0,1,0,3,1,0,0,0,0,0,0,0,0,0,0,0,0,0,0,0,0,0,3,1,0,false
E:\OOD\main\bomberman-master\bomberman-master\src\bomberman\server\item\BonusBomb.java,bomberman.server.item.BonusBomb,setId/1[int],false,49,0,0,0,0,1,0,3,0,0,1,0,0,0,0,0,0,0,0,0,1,0,0,0,0,0,3,1,0,false
E:\OOD\main\bomberman-master\bomberman-master\src\bomberman\server\item\BonusBomb.java,bomberman.server.item.BonusBomb,getY/0,false,35,0,0,0,0,1,0,3,1,0,0,0,0,0,0,0,0,0,0,0,0,0,0,0,0,0,3,1,0,false
E:\OOD\main\bomberman-master\bomberman-master\src\bomberman\server\item\BonusBomb.java,bomberman.server.item.BonusBomb,setX/1[int],false,29,0,0,0,0,1,0,3,0,0,1,0,0,0,0,0,0,0,0,0,1,0,0,0,0,0,3,1,0,false
E:\OOD\main\bomberman-master\bomberman-master\src\bomberman\server\item\BonusBomb.java,bomberman.server.item.BonusBomb,getId/0,false,45,0,0,0,0,1,0,3,1,0,0,0,0,0,0,0,0,0,0,0,0,0,0,0,0,0,3,1,0,false
E:\OOD\main\bomberman-master\bomberman-master\src\bomberman\server\item\BonusBomb.java,bomberman.server.item.BonusBomb,getSpawn/0,false,54,0,0,0,0,1,0,3,1,0,0,0,0,0,0,0,0,0,0,0,0,0,0,0,0,0,3,1,0,false
E:\OOD\main\bomberman-master\bomberman-master\src\bomberman\server\item\BonusBomb.java,bomberman.server.item.BonusBomb,getX/0,false,25,0,0,0,0,1,0,3,1,0,0,0,0,0,0,0,0,0,0,0,0,0,0,0,0,0,3,1,0,false
E:\OOD\main\bomberman-master\bomberman-master\src\bomberman\server\item\BonusBomb.java,bomberman.server.item.BonusBomb,setSprite/1[java.lang.String],false,73,0,0,0,0,1,0,3,0,0,1,0,0,0,0,0,0,0,0,0,1,0,0,0,0,0,3,1,0,false
E:\OOD\main\bomberman-master\bomberman-master\src\bomberman\server\item\BonusBomb.java,bomberman.server.item.BonusBomb,aplicarEfecto/1[bomberman.server.Player],false,18,1,2,0,2,1,2,3,0,0,1,2,0,0,0,0,0,0,0,1,0,1,0,0,0,0,4,1,0,false
E:\OOD\main\bomberman-master\bomberman-master\src\bomberman\server\item\BonusBomb.java,bomberman.server.item.BonusBomb,getSprite/0,false,69,0,0,0,0,1,0,3,1,0,0,0,0,0,0,0,0,0,0,0,0,0,0,0,0,0,3,1,0,false
E:\OOD\main\bomberman-master\bomberman-master\src\bomberman\server\item\BonusBomb.java,bomberman.server.item.BonusBomb,setSpawn/1[int],false,61,0,0,0,0,1,1,4,0,0,1,1,0,0,0,0,0,1,0,1,2,1,0,0,0,0,3,1,0,false
E:\OOD\main\bomberman-master\bomberman-master\src\bomberman\server\item\BonusBomb.java,bomberman.server.item.BonusBomb,setY/1[int],false,39,0,0,0,0,1,0,3,0,0,1,0,0,0,0,0,0,0,0,0,1,0,0,0,0,0,3,1,0,false
E:\OOD\main\bomberman-master\bomberman-master\src\game\GameBoardGUI.java,game.GameBoardGUI$Anonymous5,actionPerformed/1[java.awt.event.ActionEvent],false,682,1,3,0,3,1,1,3,0,0,1,1,0,0,0,0,0,0,0,0,0,0,0,0,0,0,6,1,0,false
E:\OOD\main\bomberman-master\bomberman-master\src\game\GameBoardGUI.java,game.GameBoardGUI$Anonymous2,actionPerformed/1[java.awt.event.ActionEvent],false,112,1,3,0,3,1,1,3,0,0,1,1,0,0,0,0,0,0,0,0,0,0,0,0,0,0,6,1,0,false
E:\OOD\main\bomberman-master\bomberman-master\src\game\GameBoardGUI.java,game.GameBoardGUI$Anonymous3,dispatchKeyEvent/1[java.awt.event.KeyEvent],false,627,1,1,0,1,1,1,3,1,0,1,1,0,0,0,0,0,0,0,0,0,0,0,0,0,0,6,1,0,false
E:\OOD\main\bomberman-master\bomberman-master\src\bomberman\server\item\BonusSpeed.java,bomberman.server.item.BonusSpeed,setUtilizado/1[boolean],false,83,0,0,0,0,1,0,3,0,0,1,0,0,0,0,0,0,0,0,0,1,0,0,0,0,0,3,1,0,false
E:\OOD\main\bomberman-master\bomberman-master\src\bomberman\server\item\BonusSpeed.java,bomberman.server.item.BonusSpeed,setId/1[int],false,50,0,0,0,0,1,0,3,0,0,1,0,0,0,0,0,0,0,0,0,1,0,0,0,0,0,3,1,0,false
E:\OOD\main\bomberman-master\bomberman-master\src\bomberman\server\item\BonusSpeed.java,bomberman.server.item.BonusSpeed,getY/0,false,36,0,0,0,0,1,0,3,1,0,0,0,0,0,0,0,0,0,0,0,0,0,0,0,0,0,3,1,0,false
E:\OOD\main\bomberman-master\bomberman-master\src\bomberman\server\item\BonusSpeed.java,bomberman.server.item.BonusSpeed,setX/1[int],false,30,0,0,0,0,1,0,3,0,0,1,0,0,0,0,0,0,0,0,0,1,0,0,0,0,0,3,1,0,false
E:\OOD\main\bomberman-master\bomberman-master\src\bomberman\server\item\BonusSpeed.java,bomberman.server.item.BonusSpeed,getId/0,false,46,0,0,0,0,1,0,3,1,0,0,0,0,0,0,0,0,0,0,0,0,0,0,0,0,0,3,1,0,false
E:\OOD\main\bomberman-master\bomberman-master\src\bomberman\server\item\BonusSpeed.java,bomberman.server.item.BonusSpeed,getSpawn/0,false,55,0,0,0,0,1,0,3,1,0,0,0,0,0,0,0,0,0,0,0,0,0,0,0,0,0,3,1,0,false
E:\OOD\main\bomberman-master\bomberman-master\src\bomberman\server\item\BonusSpeed.java,bomberman.server.item.BonusSpeed,setSprite/1[java.lang.String],false,74,0,0,0,0,1,0,3,0,0,1,0,0,0,0,0,0,0,0,0,1,0,0,0,0,0,3,1,0,false
E:\OOD\main\bomberman-master\bomberman-master\src\bomberman\server\item\BonusSpeed.java,bomberman.server.item.BonusSpeed,aplicarEfecto/1[bomberman.server.Player],false,18,1,2,0,2,2,2,3,0,0,1,2,0,0,0,0,0,0,0,1,0,1,1,0,0,0,4,1,0,false
E:\OOD\main\bomberman-master\bomberman-master\src\bomberman\server\item\BonusSpeed.java,bomberman.server.item.BonusSpeed,getSprite/0,false,70,0,0,0,0,1,0,3,1,0,0,0,0,0,0,0,0,0,0,0,0,0,0,0,0,0,3,1,0,false
E:\OOD\main\bomberman-master\bomberman-master\src\bomberman\server\item\BonusSpeed.java,bomberman.server.item.BonusSpeed,setSpawn/1[int],false,62,0,0,0,0,2,0,3,0,0,1,0,0,0,0,1,0,0,0,3,1,1,1,0,0,0,3,1,0,false
E:\OOD\main\bomberman-master\bomberman-master\src\bomberman\server\item\BonusSpeed.java,bomberman.server.item.BonusSpeed,isUtilizado/0,false,79,0,0,0,0,1,0,3,1,0,0,0,0,0,0,0,0,0,0,0,0,0,0,0,0,0,3,1,0,false
E:\OOD\main\bomberman-master\bomberman-master\src\bomberman\server\item\BonusSpeed.java,bomberman.server.item.BonusSpeed,getX/0,false,26,0,0,0,0,1,0,3,1,0,0,0,0,0,0,0,0,0,0,0,0,0,0,0,0,0,3,1,0,false
E:\OOD\main\bomberman-master\bomberman-master\src\bomberman\server\item\BonusSpeed.java,bomberman.server.item.BonusSpeed,setY/1[int],false,40,0,0,0,0,1,0,3,0,0,1,0,0,0,0,0,0,0,0,0,1,0,0,0,0,0,3,1,0,false
E:\OOD\main\bomberman-master\bomberman-master\src\game\GameBoardGUI.java,game.GameBoardGUI$Anonymous1,dispatchKeyEvent/1[java.awt.event.KeyEvent],false,81,1,1,0,1,1,1,3,1,0,1,1,0,0,0,0,0,0,0,0,0,0,0,0,0,0,6,1,0,false
E:\OOD\main\bomberman-master\bomberman-master\src\bomberman\server\Detonator.java,bomberman.server.Detonator,getPlayer/0,false,171,1,0,0,0,1,0,3,1,0,0,0,0,0,0,0,0,0,0,0,0,0,0,0,0,0,3,1,0,false
E:\OOD\main\bomberman-master\bomberman-master\src\bomberman\server\Detonator.java,bomberman.server.Detonator,setCasillaX/1[int],false,151,0,1,1,0,1,0,3,0,0,1,0,0,0,0,0,0,0,0,0,1,0,0,0,0,0,4,1,0,false
E:\OOD\main\bomberman-master\bomberman-master\src\bomberman\server\Detonator.java,bomberman.server.Detonator,getMap/0,false,179,1,0,0,0,1,0,3,1,0,0,0,0,0,0,0,0,0,0,0,0,0,0,0,0,0,3,1,0,false
E:\OOD\main\bomberman-master\bomberman-master\src\bomberman\server\Detonator.java,bomberman.server.Detonator,getTiempo/0,false,163,0,1,1,0,1,0,3,1,0,0,0,0,0,0,0,0,0,0,0,0,0,0,0,0,0,3,1,0,false
E:\OOD\main\bomberman-master\bomberman-master\src\bomberman\server\Detonator.java,bomberman.server.Detonator,"antiDetonate/2[bomberman.server.Square[][],int]",false,95,1,3,1,2,25,4,42,0,5,2,4,0,0,8,8,0,0,1,20,8,9,2,0,0,0,5,1,0,false
E:\OOD\main\bomberman-master\bomberman-master\src\bomberman\server\Detonator.java,bomberman.server.Detonator,setTiempo/1[long],false,167,0,2,2,0,1,0,3,0,0,1,0,0,0,0,0,0,0,0,0,1,0,0,0,0,0,3,1,0,false
E:\OOD\main\bomberman-master\bomberman-master\src\bomberman\server\Detonator.java,bomberman.server.Detonator,"Detonator/5[int,int,long,bomberman.server.Player,bomberman.server.Square[][]]",true,14,3,7,1,6,1,6,7,0,0,5,6,3,1,0,0,0,0,0,2,0,3,0,0,0,0,9,1,0,false
E:\OOD\main\bomberman-master\bomberman-master\src\bomberman\server\Detonator.java,bomberman.server.Detonator,getCasillaX/0,false,147,0,0,0,0,1,0,3,1,0,0,0,0,0,0,0,0,0,0,0,0,0,0,0,0,0,4,1,0,false
E:\OOD\main\bomberman-master\bomberman-master\src\bomberman\server\Detonator.java,bomberman.server.Detonator,setMap/1[bomberman.server.Square[][]],false,183,1,0,0,0,1,0,3,0,0,1,0,0,0,0,0,0,0,0,0,1,0,0,0,0,0,3,1,0,false
E:\OOD\main\bomberman-master\bomberman-master\src\bomberman\server\Detonator.java,bomberman.server.Detonator,setPlayer/1[bomberman.server.Player],false,175,1,0,0,0,1,0,3,0,0,1,0,0,0,0,0,0,0,0,0,1,0,0,0,0,0,3,1,0,false
E:\OOD\main\bomberman-master\bomberman-master\src\bomberman\server\Detonator.java,bomberman.server.Detonator,getDetonators/0,false,187,1,0,0,0,1,0,3,1,0,0,0,0,0,0,0,0,0,0,0,0,0,0,0,0,0,3,9,0,false
E:\OOD\main\bomberman-master\bomberman-master\src\bomberman\server\Detonator.java,bomberman.server.Detonator,getCasillaY/0,false,155,0,0,0,0,1,0,3,1,0,0,0,0,0,0,0,0,0,0,0,0,0,0,0,0,0,4,1,0,false
E:\OOD\main\bomberman-master\bomberman-master\src\bomberman\server\Detonator.java,bomberman.server.Detonator,"Detonate/3[bomberman.server.Square[][],int,long]",false,25,2,5,1,4,29,6,64,0,5,3,6,1,1,8,12,0,0,1,21,8,22,2,0,0,0,7,1,0,false
E:\OOD\main\bomberman-master\bomberman-master\src\bomberman\server\Detonator.java,bomberman.server.Detonator,setCasillaY/1[int],false,159,0,1,1,0,1,0,3,0,0,1,0,0,0,0,0,0,0,0,0,1,0,0,0,0,0,4,1,0,false
E:\OOD\main\bomberman-master\bomberman-master\src\bomberman\server\Square.java,bomberman.server.Square,getSprite/0,false,78,1,3,1,2,17,3,55,1,0,0,3,2,1,0,0,0,2,21,12,7,13,1,0,0,0,9,1,0,false
E:\OOD\main\bomberman-master\bomberman-master\src\bomberman\server\Square.java,bomberman.server.Square,getSpriteTime/0,false,51,0,0,0,0,1,0,3,1,0,0,0,0,0,0,0,0,0,0,0,0,0,0,0,0,0,4,1,0,false
E:\OOD\main\bomberman-master\bomberman-master\src\bomberman\server\Square.java,bomberman.server.Square,getColor/0,false,70,1,1,1,0,1,0,3,1,0,0,0,0,0,0,0,0,0,0,0,0,0,0,0,0,0,3,1,0,false
E:\OOD\main\bomberman-master\bomberman-master\src\bomberman\server\Square.java,bomberman.server.Square,isSolid/0,false,59,0,1,1,0,3,0,10,1,1,0,0,0,0,0,1,0,0,0,0,2,0,1,0,0,0,6,1,0,false
E:\OOD\main\bomberman-master\bomberman-master\src\bomberman\server\Square.java,bomberman.server.Square,setSpriteTime/1[int],false,55,0,0,0,0,1,0,3,0,0,1,0,0,0,0,0,0,0,0,0,1,0,0,0,0,0,4,1,0,false
E:\OOD\main\bomberman-master\bomberman-master\src\bomberman\server\Square.java,bomberman.server.Square,setSprite/1[java.lang.String],false,140,0,1,1,0,1,0,3,0,0,1,0,0,0,0,0,0,0,0,0,1,0,0,0,0,0,3,1,0,false
E:\OOD\main\bomberman-master\bomberman-master\src\bomberman\server\Square.java,bomberman.server.Square,getTime/0,false,43,0,0,0,0,1,0,3,1,0,0,0,0,0,0,0,0,0,0,0,0,0,0,0,0,0,3,1,0,false
E:\OOD\main\bomberman-master\bomberman-master\src\bomberman\server\Square.java,bomberman.server.Square,setType/1[int],false,31,0,5,5,0,1,0,3,0,0,1,0,0,0,0,0,0,0,0,0,1,0,0,0,0,0,3,1,0,false
E:\OOD\main\bomberman-master\bomberman-master\src\bomberman\server\Square.java,bomberman.server.Square,getDetonatingTime/0,false,35,0,0,0,0,1,0,3,1,0,0,0,0,0,0,0,0,0,0,0,0,0,0,0,0,0,4,1,0,false
E:\OOD\main\bomberman-master\bomberman-master\src\bomberman\server\Square.java,bomberman.server.Square,setColor/1[int[]],false,74,1,0,0,0,1,0,3,0,0,1,0,0,0,0,0,0,0,0,0,1,0,0,0,0,0,3,1,0,false
E:\OOD\main\bomberman-master\bomberman-master\src\bomberman\server\Square.java,bomberman.server.Square,getType/0,false,27,0,5,5,0,1,0,3,1,0,0,0,0,0,0,0,0,0,0,0,0,0,0,0,0,0,3,1,0,false
E:\OOD\main\bomberman-master\bomberman-master\src\bomberman\server\Square.java,bomberman.server.Square,Square/1[int],true,22,1,2,1,1,1,1,3,0,0,1,1,1,1,0,0,0,0,0,0,0,0,0,0,0,0,4,1,0,false
E:\OOD\main\bomberman-master\bomberman-master\src\bomberman\server\Square.java,bomberman.server.Square,setTime/1[long],false,47,0,1,1,0,1,0,3,0,0,1,0,0,0,0,0,0,0,0,0,1,0,0,0,0,0,3,1,0,false
E:\OOD\main\bomberman-master\bomberman-master\src\bomberman\server\Square.java,bomberman.server.Square,setDetonatingTime/1[long],false,39,0,1,1,0,1,0,3,0,0,1,0,0,0,0,0,0,0,0,0,1,0,0,0,0,0,4,1,0,false
E:\OOD\main\bomberman-master\bomberman-master\src\bomberman\server\enemy\Enemigo1.java,bomberman.server.enemy.Enemigo1,getSpawn/0,false,7,0,0,0,0,1,0,3,1,0,0,0,0,0,0,0,0,0,0,0,0,0,0,0,0,0,3,1,0,false
E:\OOD\main\bomberman-master\bomberman-master\src\bomberman\server\enemy\Enemigo1.java,bomberman.server.enemy.Enemigo1,setPoints/1[int],false,16,0,0,0,0,1,0,3,0,0,1,0,0,0,0,0,0,0,0,1,1,0,0,0,0,0,3,1,0,false
E:\OOD\main\bomberman-master\bomberman-master\src\bomberman\server\enemy\Enemigo1.java,bomberman.server.enemy.Enemigo1,setSpawn/1[int],false,10,0,0,0,0,1,1,3,0,0,1,1,0,0,0,0,0,1,0,2,1,2,0,0,0,0,3,1,0,false
E:\OOD\main\bomberman-master\bomberman-master\src\bomberman\server\enemy\Enemigo1.java,bomberman.server.enemy.Enemigo1,getPoints/0,false,13,0,0,0,0,1,0,3,1,0,0,0,0,0,0,0,0,0,0,0,0,0,0,0,0,0,3,1,0,false
E:\OOD\main\bomberman-master\bomberman-master\src\bomberman\Game.java,bomberman.Game,main/1[java.lang.String[]],false,24,2,9,0,9,5,13,30,0,4,1,13,0,0,1,0,1,1,6,4,7,3,2,0,0,0,32,9,0,true
E:\OOD\main\bomberman-master\bomberman-master\src\bomberman\server\Map.java,bomberman.server.Map,setMap/1[bomberman.server.Square[][]],false,101,1,4,1,3,13,4,43,0,10,1,4,0,0,9,3,0,1,0,34,19,3,4,0,0,0,7,1,0,false
E:\OOD\main\bomberman-master\bomberman-master\src\bomberman\server\Map.java,bomberman.server.Map,setNpcs/1[bomberman.server.enemy.InterfaceEnemy[]],false,93,1,0,0,0,1,0,3,0,0,1,0,0,0,0,0,0,0,0,0,1,0,0,0,0,0,3,1,0,false
E:\OOD\main\bomberman-master\bomberman-master\src\bomberman\server\Map.java,bomberman.server.Map,getR/0,false,65,0,0,0,0,1,0,3,1,0,0,0,0,0,0,0,0,0,0,0,0,0,0,0,0,0,4,1,0,false
E:\OOD\main\bomberman-master\bomberman-master\src\bomberman\server\Map.java,bomberman.server.Map,"Map/6[int,int,int,int,java.util.Random,int]",true,22,1,8,1,7,1,7,9,0,0,6,7,7,1,0,0,0,0,0,0,0,0,0,0,0,0,15,1,0,false
E:\OOD\main\bomberman-master\bomberman-master\src\bomberman\server\Map.java,bomberman.server.Map,setLevel/1[int],false,77,0,1,1,0,1,0,3,0,0,1,0,0,0,0,0,0,0,0,0,1,0,0,0,0,0,3,1,0,false
E:\OOD\main\bomberman-master\bomberman-master\src\bomberman\server\Map.java,bomberman.server.Map,setItems/1[bomberman.server.item.InterfaceItem[]],false,85,1,0,0,0,1,0,3,0,0,1,0,0,0,0,0,0,0,0,0,1,0,0,0,0,0,3,1,0,false
E:\OOD\main\bomberman-master\bomberman-master\src\bomberman\server\Map.java,bomberman.server.Map,setHeight/1[int],false,45,0,1,1,0,1,0,3,0,0,1,0,0,0,0,0,0,0,0,0,1,0,0,0,0,0,3,1,0,false
E:\OOD\main\bomberman-master\bomberman-master\src\bomberman\server\Map.java,bomberman.server.Map,setR/1[java.util.Random],false,69,0,1,1,0,1,0,3,0,0,1,0,0,0,0,0,0,0,0,0,1,0,0,0,0,0,4,1,0,false
E:\OOD\main\bomberman-master\bomberman-master\src\bomberman\server\Map.java,bomberman.server.Map,getLevel/0,false,73,0,0,0,0,1,0,3,1,0,0,0,0,0,0,0,0,0,0,0,0,0,0,0,0,0,3,1,0,false
E:\OOD\main\bomberman-master\bomberman-master\src\bomberman\server\Map.java,bomberman.server.Map,getNpcs/0,false,89,1,1,1,0,1,0,3,1,0,0,0,0,0,0,0,0,0,0,0,0,0,0,0,0,0,3,1,0,false
E:\OOD\main\bomberman-master\bomberman-master\src\bomberman\server\Map.java,bomberman.server.Map,setWidth/1[int],false,37,0,1,1,0,1,0,3,0,0,1,0,0,0,0,0,0,0,0,0,1,0,0,0,0,0,3,1,0,false
E:\OOD\main\bomberman-master\bomberman-master\src\bomberman\server\Map.java,bomberman.server.Map,setInitialY/1[int],false,61,0,1,1,0,1,0,3,0,0,1,0,0,0,0,0,0,0,0,0,1,0,0,0,0,0,4,1,0,false
E:\OOD\main\bomberman-master\bomberman-master\src\bomberman\server\Map.java,bomberman.server.Map,getItems/0,false,81,1,1,1,0,1,0,3,1,0,0,0,0,0,0,0,0,0,0,0,0,0,0,0,0,0,3,1,0,false
E:\OOD\main\bomberman-master\bomberman-master\src\bomberman\server\Map.java,bomberman.server.Map,getInitialY/0,false,57,0,0,0,0,1,0,3,1,0,0,0,0,0,0,0,0,0,0,0,0,0,0,0,0,0,4,1,0,false
E:\OOD\main\bomberman-master\bomberman-master\src\bomberman\server\Map.java,bomberman.server.Map,getWidth/0,false,33,0,0,0,0,1,0,3,1,0,0,0,0,0,0,0,0,0,0,0,0,0,0,0,0,0,3,1,0,false
E:\OOD\main\bomberman-master\bomberman-master\src\bomberman\server\Map.java,bomberman.server.Map,getMap/0,false,97,1,2,2,0,1,0,3,1,0,0,0,0,0,0,0,0,0,0,0,0,0,0,0,0,0,3,1,0,false
E:\OOD\main\bomberman-master\bomberman-master\src\bomberman\server\Map.java,bomberman.server.Map,getInitialX/0,false,49,0,0,0,0,1,0,3,1,0,0,0,0,0,0,0,0,0,0,0,0,0,0,0,0,0,4,1,0,false
E:\OOD\main\bomberman-master\bomberman-master\src\bomberman\server\Map.java,bomberman.server.Map,getHeight/0,false,41,0,0,0,0,1,0,3,1,0,0,0,0,0,0,0,0,0,0,0,0,0,0,0,0,0,3,1,0,false
E:\OOD\main\bomberman-master\bomberman-master\src\bomberman\server\Map.java,bomberman.server.Map,setInitialX/1[int],false,53,0,1,1,0,1,0,3,0,0,1,0,0,0,0,0,0,0,0,0,1,0,0,0,0,0,4,1,0,false
E:\OOD\main\bomberman-master\bomberman-master\src\bomberman\client\ClientManager.java,bomberman.client.ClientManager,repaintBoard/0,false,158,6,18,1,17,4,19,26,0,8,0,19,0,0,2,0,0,0,4,10,8,2,3,0,0,0,19,2,0,true
E:\OOD\main\bomberman-master\bomberman-master\src\bomberman\client\ClientManager.java,bomberman.client.ClientManager,getLastAction/0,false,65,1,2,1,1,1,2,3,1,0,0,2,0,0,0,0,0,0,0,0,0,0,0,0,0,0,11,1,0,true
E:\OOD\main\bomberman-master\bomberman-master\src\bomberman\client\ClientManager.java,bomberman.client.ClientManager,updateView/1[java.lang.String],false,32,3,7,1,6,5,7,15,0,0,1,7,3,1,0,2,0,0,4,0,1,0,1,0,0,0,10,1,0,false
E:\OOD\main\bomberman-master\bomberman-master\src\bomberman\client\ClientManager.java,bomberman.client.ClientManager,changeLevel/0,false,121,5,18,0,18,3,18,18,0,5,0,18,0,0,2,0,0,0,0,5,5,0,1,0,0,0,13,2,0,true
E:\OOD\main\bomberman-master\bomberman-master\src\bomberman\client\ClientManager.java,bomberman.client.ClientManager,updateConsole/0,false,75,2,5,1,4,3,5,10,0,2,0,5,0,0,0,0,0,0,0,2,2,0,1,0,0,0,12,2,0,true
E:\OOD\main\bomberman-master\bomberman-master\src\bomberman\client\ClientManager.java,bomberman.client.ClientManager,ClientManager/1[bomberman.server.GameEngine],true,19,2,6,1,5,1,5,9,0,0,1,5,0,0,0,0,0,0,4,0,2,0,0,0,0,0,13,1,0,false
E:\OOD\main\bomberman-master\bomberman-master\src\bomberman\client\ClientManager.java,bomberman.client.ClientManager,updateScore/0,false,92,3,20,1,19,2,19,16,0,1,0,19,0,0,0,0,0,0,0,0,2,0,1,0,0,0,18,2,0,true
E:\OOD\main\bomberman-master\bomberman-master\src\bomberman\server\GameEngine.java,bomberman.server.GameEngine,setContador/1[long],false,135,0,1,1,0,1,0,3,0,0,1,0,0,0,0,0,0,0,0,0,1,0,0,0,0,0,3,1,0,false
E:\OOD\main\bomberman-master\bomberman-master\src\bomberman\server\GameEngine.java,bomberman.server.GameEngine,getMessages/0,false,95,0,1,1,0,1,0,5,1,1,0,0,0,0,0,0,0,0,1,0,2,0,0,0,0,0,36,1,0,true
E:\OOD\main\bomberman-master\bomberman-master\src\bomberman\server\GameEngine.java,bomberman.server.GameEngine,initGame/1[java.lang.String],false,63,3,5,2,3,1,2,9,0,2,1,2,1,1,0,0,0,0,0,3,5,0,0,0,0,0,13,2,0,false
E:\OOD\main\bomberman-master\bomberman-master\src\bomberman\server\GameEngine.java,bomberman.server.GameEngine,setGameFinished/1[boolean],false,165,0,1,1,0,1,0,3,0,0,1,0,0,0,0,0,0,0,0,0,1,0,0,0,0,0,4,1,0,false
E:\OOD\main\bomberman-master\bomberman-master\src\bomberman\server\GameEngine.java,bomberman.server.GameEngine,setAlert/1[java.lang.String],false,107,0,1,1,0,1,0,3,0,0,1,0,0,0,0,0,0,0,0,0,1,0,0,0,0,0,3,1,0,false
E:\OOD\main\bomberman-master\bomberman-master\src\bomberman\server\GameEngine.java,bomberman.server.GameEngine,getNPCs/0,false,148,2,3,2,1,1,1,3,1,0,0,1,0,0,0,0,0,0,0,0,0,0,0,0,0,0,4,1,0,false
E:\OOD\main\bomberman-master\bomberman-master\src\bomberman\server\GameEngine.java,bomberman.server.GameEngine,"changeLevel/3[int,int,int]",false,79,2,4,2,2,2,1,7,0,0,3,1,0,0,0,1,0,0,0,2,2,2,1,0,0,0,9,1,0,false
E:\OOD\main\bomberman-master\bomberman-master\src\bomberman\server\GameEngine.java,bomberman.server.GameEngine,addMessage/1[java.lang.String],false,119,0,1,1,0,1,0,3,0,0,1,0,0,0,0,0,0,0,1,0,1,1,0,0,0,0,31,1,0,true
E:\OOD\main\bomberman-master\bomberman-master\src\bomberman\server\GameEngine.java,bomberman.server.GameEngine,getMap/0,false,153,2,2,1,1,1,1,3,1,0,0,1,0,0,0,0,0,0,0,0,0,0,0,0,0,0,2,1,0,false
E:\OOD\main\bomberman-master\bomberman-master\src\bomberman\server\GameEngine.java,bomberman.server.GameEngine,getItems/0,false,143,2,3,2,1,1,1,3,1,0,0,1,0,0,0,0,0,0,0,0,0,0,0,0,0,0,2,1,0,false
E:\OOD\main\bomberman-master\bomberman-master\src\bomberman\server\GameEngine.java,bomberman.server.GameEngine,getContador/0,false,131,0,1,1,0,1,0,3,1,0,0,0,0,0,0,0,0,0,0,0,0,0,0,0,0,0,3,1,0,false
E:\OOD\main\bomberman-master\bomberman-master\src\bomberman\server\GameEngine.java,bomberman.server.GameEngine,getLevel/0,false,139,0,1,1,0,1,0,3,1,0,0,0,0,0,0,0,0,0,0,0,0,0,0,0,0,0,3,1,0,false
E:\OOD\main\bomberman-master\bomberman-master\src\bomberman\server\GameEngine.java,bomberman.server.GameEngine,isGameFinished/0,false,161,0,1,1,0,1,0,3,1,0,0,0,0,0,0,0,0,0,0,0,0,0,0,0,0,0,4,1,0,false
E:\OOD\main\bomberman-master\bomberman-master\src\bomberman\server\GameEngine.java,bomberman.server.GameEngine,addAlert/1[java.lang.String],false,123,0,0,0,0,1,0,3,0,0,1,0,0,0,0,0,0,0,1,0,1,1,0,0,0,0,4,1,0,false
E:\OOD\main\bomberman-master\bomberman-master\src\bomberman\server\GameEngine.java,bomberman.server.GameEngine,performAction/1[java.lang.String],false,181,5,25,1,24,46,33,135,0,13,1,33,4,2,3,10,1,8,25,33,27,27,5,0,0,0,75,1,0,true
E:\OOD\main\bomberman-master\bomberman-master\src\bomberman\server\GameEngine.java,bomberman.server.GameEngine,GameEngine/0,true,57,1,2,1,1,1,1,4,0,0,0,1,1,2,0,0,0,0,1,0,1,0,0,0,0,0,4,1,0,true
E:\OOD\main\bomberman-master\bomberman-master\src\bomberman\server\GameEngine.java,bomberman.server.GameEngine,getEngine/0,false,157,1,0,0,0,1,0,3,1,0,0,0,0,0,0,0,0,0,0,0,0,0,0,0,0,0,4,9,0,false
E:\OOD\main\bomberman-master\bomberman-master\src\bomberman\server\GameEngine.java,bomberman.server.GameEngine,getAlert/0,false,101,0,1,1,0,1,0,5,1,1,0,0,0,0,0,0,0,0,1,0,2,0,0,0,0,0,4,1,0,false
E:\OOD\main\bomberman-master\bomberman-master\src\bomberman\server\GameEngine.java,bomberman.server.GameEngine,getPlayer/0,false,127,1,3,3,0,1,0,3,1,0,0,0,0,0,0,0,0,0,0,0,0,0,0,0,0,0,3,1,0,false
E:\OOD\main\bomberman-master\bomberman-master\src\bomberman\server\enemy\Enemigo2.java,bomberman.server.enemy.Enemigo2,getSpawn/0,false,10,0,0,0,0,1,0,3,1,0,0,0,0,0,0,0,0,0,0,0,0,0,0,0,0,0,3,1,0,false
E:\OOD\main\bomberman-master\bomberman-master\src\bomberman\server\enemy\Enemigo2.java,bomberman.server.enemy.Enemigo2,getPoints/0,false,21,0,0,0,0,1,0,3,1,0,0,0,0,0,0,0,0,0,0,0,0,0,0,0,0,0,3,1,0,false
E:\OOD\main\bomberman-master\bomberman-master\src\bomberman\server\enemy\Enemigo2.java,bomberman.server.enemy.Enemigo2,setPoints/1[int],false,24,0,0,0,0,1,0,3,0,0,1,0,0,0,0,0,0,0,0,1,1,0,0,0,0,0,3,1,0,false
E:\OOD\main\bomberman-master\bomberman-master\src\bomberman\server\item\BonusFire.java,bomberman.server.item.BonusFire,setUtilizado/1[boolean],false,83,0,0,0,0,1,0,3,0,0,1,0,0,0,0,0,0,0,0,0,1,0,0,0,0,0,3,1,0,false
E:\OOD\main\bomberman-master\bomberman-master\src\bomberman\server\item\BonusFire.java,bomberman.server.item.BonusFire,getY/0,false,37,0,0,0,0,1,0,3,1,0,0,0,0,0,0,0,0,0,0,0,0,0,0,0,0,0,3,1,0,false
E:\OOD\main\bomberman-master\bomberman-master\src\bomberman\server\item\BonusFire.java,bomberman.server.item.BonusFire,setId/1[int],false,51,0,0,0,0,1,0,3,0,0,1,0,0,0,0,0,0,0,0,0,1,0,0,0,0,0,3,1,0,false
E:\OOD\main\bomberman-master\bomberman-master\src\bomberman\server\item\BonusFire.java,bomberman.server.item.BonusFire,setX/1[int],false,31,0,0,0,0,1,0,3,0,0,1,0,0,0,0,0,0,0,0,0,1,0,0,0,0,0,3,1,0,false
E:\OOD\main\bomberman-master\bomberman-master\src\bomberman\server\item\BonusFire.java,bomberman.server.item.BonusFire,getId/0,false,47,0,0,0,0,1,0,3,1,0,0,0,0,0,0,0,0,0,0,0,0,0,0,0,0,0,3,1,0,false
E:\OOD\main\bomberman-master\bomberman-master\src\bomberman\server\item\BonusFire.java,bomberman.server.item.BonusFire,getSpawn/0,false,56,0,0,0,0,1,0,3,1,0,0,0,0,0,0,0,0,0,0,0,0,0,0,0,0,0,3,1,0,false
E:\OOD\main\bomberman-master\bomberman-master\src\bomberman\server\item\BonusFire.java,bomberman.server.item.BonusFire,setSprite/1[java.lang.String],false,74,0,0,0,0,1,0,3,0,0,1,0,0,0,0,0,0,0,0,0,1,0,0,0,0,0,3,1,0,false
E:\OOD\main\bomberman-master\bomberman-master\src\bomberman\server\item\BonusFire.java,bomberman.server.item.BonusFire,aplicarEfecto/1[bomberman.server.Player],false,18,1,3,0,3,2,3,5,0,0,1,3,0,0,0,0,0,0,0,1,0,1,1,0,0,0,4,1,0,false
E:\OOD\main\bomberman-master\bomberman-master\src\bomberman\server\item\BonusFire.java,bomberman.server.item.BonusFire,setSpawn/1[int],false,63,0,0,0,0,1,0,3,0,0,1,0,0,0,0,0,0,0,0,1,1,0,0,0,0,0,3,1,0,false
E:\OOD\main\bomberman-master\bomberman-master\src\bomberman\server\item\BonusFire.java,bomberman.server.item.BonusFire,getSprite/0,false,70,0,0,0,0,1,0,3,1,0,0,0,0,0,0,0,0,0,0,0,0,0,0,0,0,0,3,1,0,false
E:\OOD\main\bomberman-master\bomberman-master\src\bomberman\server\item\BonusFire.java,bomberman.server.item.BonusFire,setY/1[int],false,41,0,0,0,0,1,0,3,0,0,1,0,0,0,0,0,0,0,0,0,1,0,0,0,0,0,3,1,0,false
E:\OOD\main\bomberman-master\bomberman-master\src\bomberman\server\item\BonusFire.java,bomberman.server.item.BonusFire,isUtilizado/0,false,79,0,0,0,0,1,0,3,1,0,0,0,0,0,0,0,0,0,0,0,0,0,0,0,0,0,3,1,0,false
E:\OOD\main\bomberman-master\bomberman-master\src\bomberman\server\item\BonusFire.java,bomberman.server.item.BonusFire,getX/0,false,27,0,0,0,0,1,0,3,1,0,0,0,0,0,0,0,0,0,0,0,0,0,0,0,0,0,3,1,0,false
E:\OOD\main\bomberman-master\bomberman-master\src\bomberman\server\Player.java,bomberman.server.Player,"move/2[int,int]",false,22,1,4,2,2,7,2,26,0,1,2,2,2,1,0,1,0,3,7,7,8,7,1,0,0,0,9,1,0,false
E:\OOD\main\bomberman-master\bomberman-master\src\bomberman\server\Player.java,bomberman.server.Player,getSprite/0,false,143,0,3,3,0,1,0,3,1,0,0,0,0,0,0,0,0,0,0,0,0,0,0,0,0,0,3,1,0,false
E:\OOD\main\bomberman-master\bomberman-master\src\bomberman\server\Player.java,bomberman.server.Player,getName/0,false,72,0,2,2,0,1,0,3,1,0,0,0,0,0,0,0,0,0,0,0,0,0,0,0,0,0,3,1,0,false
E:\OOD\main\bomberman-master\bomberman-master\src\bomberman\server\Player.java,bomberman.server.Player,setBombs/1[int],false,87,0,4,4,0,1,0,3,0,0,1,0,0,0,0,0,0,0,0,0,1,0,0,0,0,0,3,1,0,false
E:\OOD\main\bomberman-master\bomberman-master\src\bomberman\server\Player.java,bomberman.server.Player,Player/0,true,51,0,1,1,0,1,0,2,0,0,0,0,0,0,0,0,0,0,0,0,0,0,0,0,0,0,1,1,0,false
E:\OOD\main\bomberman-master\bomberman-master\src\bomberman\server\Player.java,bomberman.server.Player,getX/0,false,152,0,3,3,0,1,0,3,1,0,0,0,0,0,0,0,0,0,0,0,0,0,0,0,0,0,3,1,0,false
E:\OOD\main\bomberman-master\bomberman-master\src\bomberman\server\Player.java,bomberman.server.Player,setPortrait/1[java.lang.String],false,140,0,1,1,0,1,0,3,0,0,1,0,0,0,0,0,0,0,0,0,1,0,0,0,0,0,3,1,0,false
E:\OOD\main\bomberman-master\bomberman-master\src\bomberman\server\Player.java,bomberman.server.Player,setHealthMax/1[int],false,108,0,1,1,0,1,0,3,0,0,1,0,0,0,0,0,0,0,0,0,1,0,0,0,0,0,4,1,0,false
E:\OOD\main\bomberman-master\bomberman-master\src\bomberman\server\Player.java,bomberman.server.Player,getScore/0,false,78,0,1,1,0,1,0,3,1,0,0,0,0,0,0,0,0,0,0,0,0,0,0,0,0,0,3,1,0,false
E:\OOD\main\bomberman-master\bomberman-master\src\bomberman\server\Player.java,bomberman.server.Player,getPortrait/0,false,137,0,1,1,0,1,0,3,1,0,0,0,0,0,0,0,0,0,0,0,0,0,0,0,0,0,3,1,0,false
E:\OOD\main\bomberman-master\bomberman-master\src\bomberman\server\Player.java,bomberman.server.Player,getFire/0,false,119,0,3,3,0,1,0,3,1,0,0,0,0,0,0,0,0,0,0,0,0,0,0,0,0,0,3,1,0,false
E:\OOD\main\bomberman-master\bomberman-master\src\bomberman\server\Player.java,bomberman.server.Player,getBombs/0,false,84,0,5,5,0,1,0,3,1,0,0,0,0,0,0,0,0,0,0,0,0,0,0,0,0,0,3,1,0,false
E:\OOD\main\bomberman-master\bomberman-master\src\bomberman\server\Player.java,bomberman.server.Player,"Player/11[java.lang.String,int,int,int,int,int,int,java.lang.String,java.lang.String,int,int]",true,55,1,11,0,11,1,11,13,0,0,11,11,11,1,0,0,0,0,0,0,0,0,0,0,0,0,23,1,0,false
E:\OOD\main\bomberman-master\bomberman-master\src\bomberman\server\Player.java,bomberman.server.Player,setFrame/1[int],false,131,0,0,0,0,1,0,3,0,0,1,0,0,0,0,0,0,0,0,0,1,0,0,0,0,0,3,1,0,false
E:\OOD\main\bomberman-master\bomberman-master\src\bomberman\server\Player.java,bomberman.server.Player,setX/1[int],false,155,0,2,2,0,1,0,3,0,0,1,0,0,0,0,0,0,0,0,0,1,0,0,0,0,0,3,1,0,false
E:\OOD\main\bomberman-master\bomberman-master\src\bomberman\server\Player.java,bomberman.server.Player,getFrame/0,false,125,0,2,2,0,1,0,3,1,0,0,0,0,0,0,0,0,0,0,0,0,0,0,0,0,0,3,1,0,false
E:\OOD\main\bomberman-master\bomberman-master\src\bomberman\server\Player.java,bomberman.server.Player,getSpeed/0,false,111,0,3,3,0,1,0,3,1,0,0,0,0,0,0,0,0,0,0,0,0,0,0,0,0,0,3,1,0,false
E:\OOD\main\bomberman-master\bomberman-master\src\bomberman\server\Player.java,bomberman.server.Player,setScore/1[int],false,81,0,1,1,0,1,0,3,0,0,1,0,0,0,0,0,0,0,0,0,1,0,0,0,0,0,3,1,0,false
E:\OOD\main\bomberman-master\bomberman-master\src\bomberman\server\Player.java,bomberman.server.Player,setSpeed/1[int],false,115,0,3,3,0,1,0,3,0,0,1,0,0,0,0,0,0,0,0,0,1,0,0,0,0,0,3,1,0,false
E:\OOD\main\bomberman-master\bomberman-master\src\bomberman\server\Player.java,bomberman.server.Player,setY/1[int],false,161,0,2,2,0,1,0,3,0,0,1,0,0,0,0,0,0,0,0,0,1,0,0,0,0,0,3,1,0,false
E:\OOD\main\bomberman-master\bomberman-master\src\bomberman\server\Player.java,bomberman.server.Player,setName/1[java.lang.String],false,75,0,2,2,0,1,0,3,0,0,1,0,0,0,0,0,0,0,0,0,1,0,0,0,0,0,3,1,0,false
E:\OOD\main\bomberman-master\bomberman-master\src\bomberman\server\Player.java,bomberman.server.Player,setHealth/1[int],false,102,0,3,3,0,1,0,3,0,0,1,0,0,0,0,0,0,0,0,0,1,0,0,0,0,0,3,1,0,false
E:\OOD\main\bomberman-master\bomberman-master\src\bomberman\server\Player.java,bomberman.server.Player,getHealthMax/0,false,105,0,1,1,0,1,0,3,1,0,0,0,0,0,0,0,0,0,0,0,0,0,0,0,0,0,4,1,0,false
E:\OOD\main\bomberman-master\bomberman-master\src\bomberman\server\Player.java,bomberman.server.Player,setSprite/1[java.lang.String],false,148,0,1,1,0,1,0,3,0,0,1,0,0,0,0,0,0,0,0,0,1,0,0,0,0,0,3,1,0,false
E:\OOD\main\bomberman-master\bomberman-master\src\bomberman\server\Player.java,bomberman.server.Player,getHealth/0,false,99,0,3,3,0,1,0,3,1,0,0,0,0,0,0,0,0,0,0,0,0,0,0,0,0,0,3,1,0,false
E:\OOD\main\bomberman-master\bomberman-master\src\bomberman\server\Player.java,bomberman.server.Player,getY/0,false,158,0,3,3,0,1,0,3,1,0,0,0,0,0,0,0,0,0,0,0,0,0,0,0,0,0,3,1,0,false
E:\OOD\main\bomberman-master\bomberman-master\src\bomberman\server\Player.java,bomberman.server.Player,setFire/1[int],false,122,0,3,3,0,1,0,3,0,0,1,0,0,0,0,0,0,0,0,0,1,0,0,0,0,0,3,1,0,false
E:\OOD\main\bomberman-master\bomberman-master\src\bomberman\server\item\RemoteControl.java,bomberman.server.item.RemoteControl,setUtilizado/1[boolean],false,82,0,0,0,0,1,0,3,0,0,1,0,0,0,0,0,0,0,0,0,1,0,0,0,0,0,3,1,0,false
E:\OOD\main\bomberman-master\bomberman-master\src\bomberman\server\item\RemoteControl.java,bomberman.server.item.RemoteControl,isUtilizado/0,false,78,0,0,0,0,1,0,3,1,0,0,0,0,0,0,0,0,0,0,0,0,0,0,0,0,0,3,1,0,false
E:\OOD\main\bomberman-master\bomberman-master\src\bomberman\server\item\RemoteControl.java,bomberman.server.item.RemoteControl,setId/1[int],false,49,0,0,0,0,1,0,3,0,0,1,0,0,0,0,0,0,0,0,0,1,0,0,0,0,0,3,1,0,false
E:\OOD\main\bomberman-master\bomberman-master\src\bomberman\server\item\RemoteControl.java,bomberman.server.item.RemoteControl,getY/0,false,35,0,0,0,0,1,0,3,1,0,0,0,0,0,0,0,0,0,0,0,0,0,0,0,0,0,3,1,0,false
E:\OOD\main\bomberman-master\bomberman-master\src\bomberman\server\item\RemoteControl.java,bomberman.server.item.RemoteControl,setX/1[int],false,29,0,0,0,0,1,0,3,0,0,1,0,0,0,0,0,0,0,0,0,1,0,0,0,0,0,3,1,0,false
E:\OOD\main\bomberman-master\bomberman-master\src\bomberman\server\item\RemoteControl.java,bomberman.server.item.RemoteControl,getId/0,false,45,0,0,0,0,1,0,3,1,0,0,0,0,0,0,0,0,0,0,0,0,0,0,0,0,0,3,1,0,false
E:\OOD\main\bomberman-master\bomberman-master\src\bomberman\server\item\RemoteControl.java,bomberman.server.item.RemoteControl,getSpawn/0,false,54,0,0,0,0,1,0,3,1,0,0,0,0,0,0,0,0,0,0,0,0,0,0,0,0,0,3,1,0,false
E:\OOD\main\bomberman-master\bomberman-master\src\bomberman\server\item\RemoteControl.java,bomberman.server.item.RemoteControl,getX/0,false,25,0,0,0,0,1,0,3,1,0,0,0,0,0,0,0,0,0,0,0,0,0,0,0,0,0,3,1,0,false
E:\OOD\main\bomberman-master\bomberman-master\src\bomberman\server\item\RemoteControl.java,bomberman.server.item.RemoteControl,setSprite/1[java.lang.String],false,73,0,0,0,0,1,0,3,0,0,1,0,0,0,0,0,0,0,0,0,1,0,0,0,0,0,3,1,0,false
E:\OOD\main\bomberman-master\bomberman-master\src\bomberman\server\item\RemoteControl.java,bomberman.server.item.RemoteControl,aplicarEfecto/1[bomberman.server.Player],false,18,1,0,0,0,1,0,2,0,0,1,0,0,0,0,0,0,0,0,0,0,0,0,0,0,0,4,1,0,false
E:\OOD\main\bomberman-master\bomberman-master\src\bomberman\server\item\RemoteControl.java,bomberman.server.item.RemoteControl,getSprite/0,false,69,0,0,0,0,1,0,3,1,0,0,0,0,0,0,0,0,0,0,0,0,0,0,0,0,0,3,1,0,false
E:\OOD\main\bomberman-master\bomberman-master\src\bomberman\server\item\RemoteControl.java,bomberman.server.item.RemoteControl,setSpawn/1[int],false,61,0,0,0,0,2,0,3,0,0,1,0,0,0,0,1,0,1,0,4,1,2,1,0,0,0,3,1,0,false
E:\OOD\main\bomberman-master\bomberman-master\src\bomberman\server\item\RemoteControl.java,bomberman.server.item.RemoteControl,setY/1[int],false,39,0,0,0,0,1,0,3,0,0,1,0,0,0,0,0,0,0,0,0,1,0,0,0,0,0,3,1,0,false
E:\OOD\main\bomberman-master\bomberman-master\src\bomberman\server\enemy\InterfaceEnemy.java,bomberman.server.enemy.InterfaceEnemy,receiveAtack/0,false,11,0,0,0,0,1,0,1,0,0,0,0,0,0,0,0,0,0,0,0,0,0,0,0,0,0,2,0,0,false
E:\OOD\main\bomberman-master\bomberman-master\src\bomberman\server\enemy\InterfaceEnemy.java,bomberman.server.enemy.InterfaceEnemy,getX/0,false,6,0,1,1,0,1,0,1,0,0,0,0,0,0,0,0,0,0,0,0,0,0,0,0,0,0,2,0,0,false
E:\OOD\main\bomberman-master\bomberman-master\src\bomberman\server\enemy\InterfaceEnemy.java,bomberman.server.enemy.InterfaceEnemy,getY/0,false,7,0,1,1,0,1,0,1,0,0,0,0,0,0,0,0,0,0,0,0,0,0,0,0,0,0,2,0,0,false
E:\OOD\main\bomberman-master\bomberman-master\src\bomberman\server\enemy\InterfaceEnemy.java,bomberman.server.enemy.InterfaceEnemy,isAlive/0,false,10,0,0,0,0,1,0,1,0,0,0,0,0,0,0,0,0,0,0,0,0,0,0,0,0,0,2,0,0,false
E:\OOD\main\bomberman-master\bomberman-master\src\bomberman\server\enemy\InterfaceEnemy.java,bomberman.server.enemy.InterfaceEnemy,getId/0,false,9,0,1,1,0,1,0,1,0,0,0,0,0,0,0,0,0,0,0,0,0,0,0,0,0,0,2,0,0,false
E:\OOD\main\bomberman-master\bomberman-master\src\bomberman\server\enemy\InterfaceEnemy.java,bomberman.server.enemy.InterfaceEnemy,aplicarEfecto/1[bomberman.server.Player],false,12,1,0,0,0,1,0,1,0,0,1,0,0,0,0,0,0,0,0,0,0,0,0,0,0,0,4,0,0,false
E:\OOD\main\bomberman-master\bomberman-master\src\bomberman\server\enemy\InterfaceEnemy.java,bomberman.server.enemy.InterfaceEnemy,getSprite/0,false,8,0,1,1,0,1,0,1,0,0,0,0,0,0,0,0,0,0,0,0,0,0,0,0,0,0,2,0,0,false
E:\OOD\main\bomberman-master\bomberman-master\src\bomberman\server\item\BonusGeta.java,bomberman.server.item.BonusGeta,setUtilizado/1[boolean],false,82,0,0,0,0,1,0,3,0,0,1,0,0,0,0,0,0,0,0,0,1,0,0,0,0,0,3,1,0,false
E:\OOD\main\bomberman-master\bomberman-master\src\bomberman\server\item\BonusGeta.java,bomberman.server.item.BonusGeta,isUtilizado/0,false,78,0,0,0,0,1,0,3,1,0,0,0,0,0,0,0,0,0,0,0,0,0,0,0,0,0,3,1,0,false
E:\OOD\main\bomberman-master\bomberman-master\src\bomberman\server\item\BonusGeta.java,bomberman.server.item.BonusGeta,setId/1[int],false,49,0,0,0,0,1,0,3,0,0,1,0,0,0,0,0,0,0,0,0,1,0,0,0,0,0,3,1,0,false
E:\OOD\main\bomberman-master\bomberman-master\src\bomberman\server\item\BonusGeta.java,bomberman.server.item.BonusGeta,getY/0,false,35,0,0,0,0,1,0,3,1,0,0,0,0,0,0,0,0,0,0,0,0,0,0,0,0,0,3,1,0,false
E:\OOD\main\bomberman-master\bomberman-master\src\bomberman\server\item\BonusGeta.java,bomberman.server.item.BonusGeta,setX/1[int],false,29,0,0,0,0,1,0,3,0,0,1,0,0,0,0,0,0,0,0,0,1,0,0,0,0,0,3,1,0,false
E:\OOD\main\bomberman-master\bomberman-master\src\bomberman\server\item\BonusGeta.java,bomberman.server.item.BonusGeta,getId/0,false,45,0,0,0,0,1,0,3,1,0,0,0,0,0,0,0,0,0,0,0,0,0,0,0,0,0,3,1,0,false
E:\OOD\main\bomberman-master\bomberman-master\src\bomberman\server\item\BonusGeta.java,bomberman.server.item.BonusGeta,getSpawn/0,false,54,0,0,0,0,1,0,3,1,0,0,0,0,0,0,0,0,0,0,0,0,0,0,0,0,0,3,1,0,false
E:\OOD\main\bomberman-master\bomberman-master\src\bomberman\server\item\BonusGeta.java,bomberman.server.item.BonusGeta,getX/0,false,25,0,0,0,0,1,0,3,1,0,0,0,0,0,0,0,0,0,0,0,0,0,0,0,0,0,3,1,0,false
E:\OOD\main\bomberman-master\bomberman-master\src\bomberman\server\item\BonusGeta.java,bomberman.server.item.BonusGeta,setSprite/1[java.lang.String],false,73,0,0,0,0,1,0,3,0,0,1,0,0,0,0,0,0,0,0,0,1,0,0,0,0,0,3,1,0,false
E:\OOD\main\bomberman-master\bomberman-master\src\bomberman\server\item\BonusGeta.java,bomberman.server.item.BonusGeta,aplicarEfecto/1[bomberman.server.Player],false,18,1,1,0,1,1,1,3,0,0,1,1,0,0,0,0,0,0,0,1,0,0,0,0,0,0,4,1,0,false
E:\OOD\main\bomberman-master\bomberman-master\src\bomberman\server\item\BonusGeta.java,bomberman.server.item.BonusGeta,getSprite/0,false,69,0,0,0,0,1,0,3,1,0,0,0,0,0,0,0,0,0,0,0,0,0,0,0,0,0,3,1,0,false
E:\OOD\main\bomberman-master\bomberman-master\src\bomberman\server\item\BonusGeta.java,bomberman.server.item.BonusGeta,setSpawn/1[int],false,61,0,0,0,0,2,1,3,0,0,1,1,0,0,0,0,0,0,0,2,1,0,1,0,0,0,3,1,0,false
E:\OOD\main\bomberman-master\bomberman-master\src\bomberman\server\item\BonusGeta.java,bomberman.server.item.BonusGeta,setY/1[int],false,39,0,0,0,0,1,0,3,0,0,1,0,0,0,0,0,0,0,0,0,1,0,0,0,0,0,3,1,0,false
