file,class,method,variable,usage
E:\OOD\main\bomberman-master\bomberman-master\src\bomberman\server\enemy\Enemigo.java,bomberman.server.enemy.Enemigo,setX/1[int],x,2
E:\OOD\main\bomberman-master\bomberman-master\src\bomberman\server\enemy\Enemigo.java,bomberman.server.enemy.Enemigo,setAlive/1[boolean],alive,2
E:\OOD\main\bomberman-master\bomberman-master\src\bomberman\server\enemy\Enemigo.java,bomberman.server.enemy.Enemigo,setSpeed/1[int],speed,2
E:\OOD\main\bomberman-master\bomberman-master\src\bomberman\server\enemy\Enemigo.java,bomberman.server.enemy.Enemigo,setY/1[int],y,2
E:\OOD\main\bomberman-master\bomberman-master\src\bomberman\server\enemy\Enemigo.java,bomberman.server.enemy.Enemigo,aplicarEfecto/1[bomberman.server.Player],player,2
E:\OOD\main\bomberman-master\bomberman-master\src\game\GameBoardGUI.java,game.GameBoardGUI,gb_setValueAbility1/1[int],ability1,1
E:\OOD\main\bomberman-master\bomberman-master\src\game\GameBoardGUI.java,game.GameBoardGUI,initComponents/0,layout,6
E:\OOD\main\bomberman-master\bomberman-master\src\game\GameBoardGUI.java,game.GameBoardGUI,initComponents/0,jLayeredPane3Layout,30
E:\OOD\main\bomberman-master\bomberman-master\src\game\GameBoardGUI.java,game.GameBoardGUI,initComponents/0,jLayeredPane2Layout,8
E:\OOD\main\bomberman-master\bomberman-master\src\game\GameBoardGUI.java,game.GameBoardGUI,initComponents/0,jLayeredPane1Layout,5
E:\OOD\main\bomberman-master\bomberman-master\src\game\GameBoardGUI.java,game.GameBoardGUI,"GameBoardGUI/2[int,int]",boardWidth,1
E:\OOD\main\bomberman-master\bomberman-master\src\game\GameBoardGUI.java,game.GameBoardGUI,"GameBoardGUI/2[int,int]",boardHeight,1
E:\OOD\main\bomberman-master\bomberman-master\src\game\GameBoardGUI.java,game.GameBoardGUI,gb_setPortraitPlayer/1[java.lang.String],i,2
E:\OOD\main\bomberman-master\bomberman-master\src\game\GameBoardGUI.java,game.GameBoardGUI,gb_setPortraitPlayer/1[java.lang.String],portraitFileName,2
E:\OOD\main\bomberman-master\bomberman-master\src\game\GameBoardGUI.java,game.GameBoardGUI,gb_setTextAbility1/1[java.lang.String],textAbility1,1
E:\OOD\main\bomberman-master\bomberman-master\src\game\GameBoardGUI.java,game.GameBoardGUI,gb_showMessageDialog/1[java.lang.String],text,2
E:\OOD\main\bomberman-master\bomberman-master\src\game\GameBoardGUI.java,game.GameBoardGUI,"gb_moveSprite/3[int,int,int]",squareWidth,1
E:\OOD\main\bomberman-master\bomberman-master\src\game\GameBoardGUI.java,game.GameBoardGUI,"gb_moveSprite/3[int,int,int]",squareHeight,1
E:\OOD\main\bomberman-master\bomberman-master\src\game\GameBoardGUI.java,game.GameBoardGUI,"gb_moveSprite/3[int,int,int]",x,1
E:\OOD\main\bomberman-master\bomberman-master\src\game\GameBoardGUI.java,game.GameBoardGUI,"gb_moveSprite/3[int,int,int]",y,1
E:\OOD\main\bomberman-master\bomberman-master\src\game\GameBoardGUI.java,game.GameBoardGUI,"gb_moveSprite/3[int,int,int]",id,2
E:\OOD\main\bomberman-master\bomberman-master\src\game\GameBoardGUI.java,game.GameBoardGUI,"gb_moveSprite/3[int,int,int]",l,2
E:\OOD\main\bomberman-master\bomberman-master\src\game\GameBoardGUI.java,game.GameBoardGUI,gb_getLastAction/0,out,1
E:\OOD\main\bomberman-master\bomberman-master\src\game\GameBoardGUI.java,game.GameBoardGUI,gb_setValueAbility2/1[int],ability2,1
E:\OOD\main\bomberman-master\bomberman-master\src\game\GameBoardGUI.java,game.GameBoardGUI,jButton2ActionPerformed/1[java.awt.event.ActionEvent],result,1
E:\OOD\main\bomberman-master\bomberman-master\src\game\GameBoardGUI.java,game.GameBoardGUI,jButton2ActionPerformed/1[java.awt.event.ActionEvent],evt,0
E:\OOD\main\bomberman-master\bomberman-master\src\game\GameBoardGUI.java,game.GameBoardGUI,gb_println/1[java.lang.String],text,3
E:\OOD\main\bomberman-master\bomberman-master\src\game\GameBoardGUI.java,game.GameBoardGUI,gb_setTextLevel/1[java.lang.String],textLevel,1
E:\OOD\main\bomberman-master\bomberman-master\src\game\GameBoardGUI.java,game.GameBoardGUI,"gb_setSpriteVisible/2[int,boolean]",visible,1
E:\OOD\main\bomberman-master\bomberman-master\src\game\GameBoardGUI.java,game.GameBoardGUI,"gb_setSpriteVisible/2[int,boolean]",id,3
E:\OOD\main\bomberman-master\bomberman-master\src\game\GameBoardGUI.java,game.GameBoardGUI,"getScaledInstance/5[java.awt.image.BufferedImage,int,int,java.lang.Object,boolean]",higherQuality,3
E:\OOD\main\bomberman-master\bomberman-master\src\game\GameBoardGUI.java,game.GameBoardGUI,"getScaledInstance/5[java.awt.image.BufferedImage,int,int,java.lang.Object,boolean]",ret,3
E:\OOD\main\bomberman-master\bomberman-master\src\game\GameBoardGUI.java,game.GameBoardGUI,"getScaledInstance/5[java.awt.image.BufferedImage,int,int,java.lang.Object,boolean]",img,7
E:\OOD\main\bomberman-master\bomberman-master\src\game\GameBoardGUI.java,game.GameBoardGUI,"getScaledInstance/5[java.awt.image.BufferedImage,int,int,java.lang.Object,boolean]",targetHeight,7
E:\OOD\main\bomberman-master\bomberman-master\src\game\GameBoardGUI.java,game.GameBoardGUI,"getScaledInstance/5[java.awt.image.BufferedImage,int,int,java.lang.Object,boolean]",tmp,2
E:\OOD\main\bomberman-master\bomberman-master\src\game\GameBoardGUI.java,game.GameBoardGUI,"getScaledInstance/5[java.awt.image.BufferedImage,int,int,java.lang.Object,boolean]",hint,1
E:\OOD\main\bomberman-master\bomberman-master\src\game\GameBoardGUI.java,game.GameBoardGUI,"getScaledInstance/5[java.awt.image.BufferedImage,int,int,java.lang.Object,boolean]",w,9
E:\OOD\main\bomberman-master\bomberman-master\src\game\GameBoardGUI.java,game.GameBoardGUI,"getScaledInstance/5[java.awt.image.BufferedImage,int,int,java.lang.Object,boolean]",h,9
E:\OOD\main\bomberman-master\bomberman-master\src\game\GameBoardGUI.java,game.GameBoardGUI,"getScaledInstance/5[java.awt.image.BufferedImage,int,int,java.lang.Object,boolean]",g2,3
E:\OOD\main\bomberman-master\bomberman-master\src\game\GameBoardGUI.java,game.GameBoardGUI,"getScaledInstance/5[java.awt.image.BufferedImage,int,int,java.lang.Object,boolean]",type,1
E:\OOD\main\bomberman-master\bomberman-master\src\game\GameBoardGUI.java,game.GameBoardGUI,"getScaledInstance/5[java.awt.image.BufferedImage,int,int,java.lang.Object,boolean]",targetWidth,7
E:\OOD\main\bomberman-master\bomberman-master\src\game\GameBoardGUI.java,game.GameBoardGUI,"gb_setSquareColor/5[int,int,int,int,int]",red,4
E:\OOD\main\bomberman-master\bomberman-master\src\game\GameBoardGUI.java,game.GameBoardGUI,"gb_setSquareColor/5[int,int,int,int,int]",green,4
E:\OOD\main\bomberman-master\bomberman-master\src\game\GameBoardGUI.java,game.GameBoardGUI,"gb_setSquareColor/5[int,int,int,int,int]",blue,4
E:\OOD\main\bomberman-master\bomberman-master\src\game\GameBoardGUI.java,game.GameBoardGUI,"gb_setSquareColor/5[int,int,int,int,int]",x,4
E:\OOD\main\bomberman-master\bomberman-master\src\game\GameBoardGUI.java,game.GameBoardGUI,"gb_setSquareColor/5[int,int,int,int,int]",y,4
E:\OOD\main\bomberman-master\bomberman-master\src\game\GameBoardGUI.java,game.GameBoardGUI,gb_setTextAbility2/1[java.lang.String],textAbility2,1
E:\OOD\main\bomberman-master\bomberman-master\src\game\GameBoardGUI.java,game.GameBoardGUI,keyboardControl/1[java.awt.event.KeyEvent],consumed,8
E:\OOD\main\bomberman-master\bomberman-master\src\game\GameBoardGUI.java,game.GameBoardGUI,keyboardControl/1[java.awt.event.KeyEvent],e,8
E:\OOD\main\bomberman-master\bomberman-master\src\game\GameBoardGUI.java,game.GameBoardGUI,gb_setValuePointsDown/1[int],pointsDown,2
E:\OOD\main\bomberman-master\bomberman-master\src\game\GameBoardGUI.java,game.GameBoardGUI,gb_setValuePointsUp/1[int],pointsUp,1
E:\OOD\main\bomberman-master\bomberman-master\src\game\GameBoardGUI.java,game.GameBoardGUI,jButton1ActionPerformed/1[java.awt.event.ActionEvent],result,2
E:\OOD\main\bomberman-master\bomberman-master\src\game\GameBoardGUI.java,game.GameBoardGUI,jButton1ActionPerformed/1[java.awt.event.ActionEvent],evt,0
E:\OOD\main\bomberman-master\bomberman-master\src\game\GameBoardGUI.java,game.GameBoardGUI,"gb_addSprite/3[int,java.lang.String,boolean]",characterHeight,2
E:\OOD\main\bomberman-master\bomberman-master\src\game\GameBoardGUI.java,game.GameBoardGUI,"gb_addSprite/3[int,java.lang.String,boolean]",top,1
E:\OOD\main\bomberman-master\bomberman-master\src\game\GameBoardGUI.java,game.GameBoardGUI,"gb_addSprite/3[int,java.lang.String,boolean]",previous,2
E:\OOD\main\bomberman-master\bomberman-master\src\game\GameBoardGUI.java,game.GameBoardGUI,"gb_addSprite/3[int,java.lang.String,boolean]",spriteFileName,2
E:\OOD\main\bomberman-master\bomberman-master\src\game\GameBoardGUI.java,game.GameBoardGUI,"gb_addSprite/3[int,java.lang.String,boolean]",icon,2
E:\OOD\main\bomberman-master\bomberman-master\src\game\GameBoardGUI.java,game.GameBoardGUI,"gb_addSprite/3[int,java.lang.String,boolean]",newCharacter,5
E:\OOD\main\bomberman-master\bomberman-master\src\game\GameBoardGUI.java,game.GameBoardGUI,"gb_addSprite/3[int,java.lang.String,boolean]",id,5
E:\OOD\main\bomberman-master\bomberman-master\src\game\GameBoardGUI.java,game.GameBoardGUI,"gb_addSprite/3[int,java.lang.String,boolean]",characterWidth,2
E:\OOD\main\bomberman-master\bomberman-master\src\game\GameBoardGUI.java,game.GameBoardGUI,gb_setTextPlayerName/1[java.lang.String],name,2
E:\OOD\main\bomberman-master\bomberman-master\src\game\GameBoardGUI.java,game.GameBoardGUI,gb_setValueLevel/1[int],level,1
E:\OOD\main\bomberman-master\bomberman-master\src\game\GameBoardGUI.java,game.GameBoardGUI,"gb_moveSpriteCoord/3[int,int,int]",x,1
E:\OOD\main\bomberman-master\bomberman-master\src\game\GameBoardGUI.java,game.GameBoardGUI,"gb_moveSpriteCoord/3[int,int,int]",y,1
E:\OOD\main\bomberman-master\bomberman-master\src\game\GameBoardGUI.java,game.GameBoardGUI,"gb_moveSpriteCoord/3[int,int,int]",id,2
E:\OOD\main\bomberman-master\bomberman-master\src\game\GameBoardGUI.java,game.GameBoardGUI,"gb_moveSpriteCoord/3[int,int,int]",l,2
E:\OOD\main\bomberman-master\bomberman-master\src\game\GameBoardGUI.java,game.GameBoardGUI,"gb_moveSpriteCoord/3[int,int,int]",stepHeight,1
E:\OOD\main\bomberman-master\bomberman-master\src\game\GameBoardGUI.java,game.GameBoardGUI,"gb_moveSpriteCoord/3[int,int,int]",stepWidth,1
E:\OOD\main\bomberman-master\bomberman-master\src\game\GameBoardGUI.java,game.GameBoardGUI,"gb_setSpriteImage/2[int,java.lang.String]",characterHeight,1
E:\OOD\main\bomberman-master\bomberman-master\src\game\GameBoardGUI.java,game.GameBoardGUI,"gb_setSpriteImage/2[int,java.lang.String]",spriteFileName,2
E:\OOD\main\bomberman-master\bomberman-master\src\game\GameBoardGUI.java,game.GameBoardGUI,"gb_setSpriteImage/2[int,java.lang.String]",icon,2
E:\OOD\main\bomberman-master\bomberman-master\src\game\GameBoardGUI.java,game.GameBoardGUI,"gb_setSpriteImage/2[int,java.lang.String]",sprite,2
E:\OOD\main\bomberman-master\bomberman-master\src\game\GameBoardGUI.java,game.GameBoardGUI,"gb_setSpriteImage/2[int,java.lang.String]",id,1
E:\OOD\main\bomberman-master\bomberman-master\src\game\GameBoardGUI.java,game.GameBoardGUI,"gb_setSpriteImage/2[int,java.lang.String]",characterWidth,1
E:\OOD\main\bomberman-master\bomberman-master\src\game\GameBoardGUI.java,game.GameBoardGUI,gb_setTextPointsDown/1[java.lang.String],textPointsDown,1
E:\OOD\main\bomberman-master\bomberman-master\src\game\GameBoardGUI.java,game.GameBoardGUI,preloadImages/0,spriteHeight,1
E:\OOD\main\bomberman-master\bomberman-master\src\game\GameBoardGUI.java,game.GameBoardGUI,preloadImages/0,img,3
E:\OOD\main\bomberman-master\bomberman-master\src\game\GameBoardGUI.java,game.GameBoardGUI,preloadImages/0,imgFolder,7
E:\OOD\main\bomberman-master\bomberman-master\src\game\GameBoardGUI.java,game.GameBoardGUI,preloadImages/0,ruta,2
E:\OOD\main\bomberman-master\bomberman-master\src\game\GameBoardGUI.java,game.GameBoardGUI,preloadImages/0,e,1
E:\OOD\main\bomberman-master\bomberman-master\src\game\GameBoardGUI.java,game.GameBoardGUI,preloadImages/0,i,7
E:\OOD\main\bomberman-master\bomberman-master\src\game\GameBoardGUI.java,game.GameBoardGUI,preloadImages/0,spriteWidth,1
E:\OOD\main\bomberman-master\bomberman-master\src\game\GameBoardGUI.java,game.GameBoardGUI,gb_setValueHealthCurrent/1[int],health,2
E:\OOD\main\bomberman-master\bomberman-master\src\game\GameBoardGUI.java,game.GameBoardGUI,gb_clearSprites/0,it,2
E:\OOD\main\bomberman-master\bomberman-master\src\game\GameBoardGUI.java,game.GameBoardGUI,"getImageIcon/3[java.lang.String,int,int]",spriteHeight,1
E:\OOD\main\bomberman-master\bomberman-master\src\game\GameBoardGUI.java,game.GameBoardGUI,"getImageIcon/3[java.lang.String,int,int]",fileName,2
E:\OOD\main\bomberman-master\bomberman-master\src\game\GameBoardGUI.java,game.GameBoardGUI,"getImageIcon/3[java.lang.String,int,int]",width,2
E:\OOD\main\bomberman-master\bomberman-master\src\game\GameBoardGUI.java,game.GameBoardGUI,"getImageIcon/3[java.lang.String,int,int]",i,2
E:\OOD\main\bomberman-master\bomberman-master\src\game\GameBoardGUI.java,game.GameBoardGUI,"getImageIcon/3[java.lang.String,int,int]",spriteWidth,1
E:\OOD\main\bomberman-master\bomberman-master\src\game\GameBoardGUI.java,game.GameBoardGUI,"getImageIcon/3[java.lang.String,int,int]",height,2
E:\OOD\main\bomberman-master\bomberman-master\src\game\GameBoardGUI.java,game.GameBoardGUI,gb_setTextPointsUp/1[java.lang.String],textPointsUp,1
E:\OOD\main\bomberman-master\bomberman-master\src\game\GameBoardGUI.java,game.GameBoardGUI,"gb_setSquareImage/3[int,int,java.lang.String]",fileName,4
E:\OOD\main\bomberman-master\bomberman-master\src\game\GameBoardGUI.java,game.GameBoardGUI,"gb_setSquareImage/3[int,int,java.lang.String]",squareWidth,2
E:\OOD\main\bomberman-master\bomberman-master\src\game\GameBoardGUI.java,game.GameBoardGUI,"gb_setSquareImage/3[int,int,java.lang.String]",squareHeight,2
E:\OOD\main\bomberman-master\bomberman-master\src\game\GameBoardGUI.java,game.GameBoardGUI,"gb_setSquareImage/3[int,int,java.lang.String]",x,5
E:\OOD\main\bomberman-master\bomberman-master\src\game\GameBoardGUI.java,game.GameBoardGUI,"gb_setSquareImage/3[int,int,java.lang.String]",y,5
E:\OOD\main\bomberman-master\bomberman-master\src\game\GameBoardGUI.java,game.GameBoardGUI,"gb_setSquareImage/3[int,int,java.lang.String]",i,1
E:\OOD\main\bomberman-master\bomberman-master\src\game\GameBoardGUI.java,game.GameBoardGUI,"initializeGUI/2[int,int]",boardWidth,5
E:\OOD\main\bomberman-master\bomberman-master\src\game\GameBoardGUI.java,game.GameBoardGUI,"initializeGUI/2[int,int]",squareWidth,2
E:\OOD\main\bomberman-master\bomberman-master\src\game\GameBoardGUI.java,game.GameBoardGUI,"initializeGUI/2[int,int]",squareHeight,2
E:\OOD\main\bomberman-master\bomberman-master\src\game\GameBoardGUI.java,game.GameBoardGUI,"initializeGUI/2[int,int]",ex,7
E:\OOD\main\bomberman-master\bomberman-master\src\game\GameBoardGUI.java,game.GameBoardGUI,"initializeGUI/2[int,int]",boardHeight,5
E:\OOD\main\bomberman-master\bomberman-master\src\game\GameBoardGUI.java,game.GameBoardGUI,"initializeGUI/2[int,int]",listener,1
E:\OOD\main\bomberman-master\bomberman-master\src\game\GameBoardGUI.java,game.GameBoardGUI,"initializeGUI/2[int,int]",i,9
E:\OOD\main\bomberman-master\bomberman-master\src\game\GameBoardGUI.java,game.GameBoardGUI,"initializeGUI/2[int,int]",j,9
E:\OOD\main\bomberman-master\bomberman-master\src\game\GameBoardGUI.java,game.GameBoardGUI,"initializeGUI/2[int,int]",info,2
E:\OOD\main\bomberman-master\bomberman-master\src\game\GameBoardGUI.java,game.GameBoardGUI,gb_setValueHealthMax/1[int],health,1
E:\OOD\main\bomberman-master\bomberman-master\src\bomberman\server\item\InterfaceItem.java,bomberman.server.item.InterfaceItem,aplicarEfecto/1[bomberman.server.Player],player,0
E:\OOD\main\bomberman-master\bomberman-master\src\bomberman\server\item\BonusFireFull.java,bomberman.server.item.BonusFireFull,setUtilizado/1[boolean],utilizado,2
E:\OOD\main\bomberman-master\bomberman-master\src\bomberman\server\item\BonusFireFull.java,bomberman.server.item.BonusFireFull,setId/1[int],id,2
E:\OOD\main\bomberman-master\bomberman-master\src\bomberman\server\item\BonusFireFull.java,bomberman.server.item.BonusFireFull,setX/1[int],x,2
E:\OOD\main\bomberman-master\bomberman-master\src\bomberman\server\item\BonusFireFull.java,bomberman.server.item.BonusFireFull,setSprite/1[java.lang.String],sprite,2
E:\OOD\main\bomberman-master\bomberman-master\src\bomberman\server\item\BonusFireFull.java,bomberman.server.item.BonusFireFull,aplicarEfecto/1[bomberman.server.Player],player,1
E:\OOD\main\bomberman-master\bomberman-master\src\bomberman\server\item\BonusFireFull.java,bomberman.server.item.BonusFireFull,setSpawn/1[int],spawn,2
E:\OOD\main\bomberman-master\bomberman-master\src\bomberman\server\item\BonusFireFull.java,bomberman.server.item.BonusFireFull,setY/1[int],y,2
E:\OOD\main\bomberman-master\bomberman-master\src\game\GameBoardGUI.java,game.GameBoardGUI$Anonymous4,actionPerformed/1[java.awt.event.ActionEvent],evt,1
E:\OOD\main\bomberman-master\bomberman-master\src\bomberman\server\item\BonusBomb.java,bomberman.server.item.BonusBomb,setUtilizado/1[boolean],utilizado,2
E:\OOD\main\bomberman-master\bomberman-master\src\bomberman\server\item\BonusBomb.java,bomberman.server.item.BonusBomb,setId/1[int],id,2
E:\OOD\main\bomberman-master\bomberman-master\src\bomberman\server\item\BonusBomb.java,bomberman.server.item.BonusBomb,setX/1[int],x,2
E:\OOD\main\bomberman-master\bomberman-master\src\bomberman\server\item\BonusBomb.java,bomberman.server.item.BonusBomb,setSprite/1[java.lang.String],sprite,2
E:\OOD\main\bomberman-master\bomberman-master\src\bomberman\server\item\BonusBomb.java,bomberman.server.item.BonusBomb,aplicarEfecto/1[bomberman.server.Player],player,2
E:\OOD\main\bomberman-master\bomberman-master\src\bomberman\server\item\BonusBomb.java,bomberman.server.item.BonusBomb,setSpawn/1[int],spawn,3
E:\OOD\main\bomberman-master\bomberman-master\src\bomberman\server\item\BonusBomb.java,bomberman.server.item.BonusBomb,setY/1[int],y,2
E:\OOD\main\bomberman-master\bomberman-master\src\game\GameBoardGUI.java,game.GameBoardGUI$Anonymous5,actionPerformed/1[java.awt.event.ActionEvent],evt,1
E:\OOD\main\bomberman-master\bomberman-master\src\game\GameBoardGUI.java,game.GameBoardGUI$Anonymous2,actionPerformed/1[java.awt.event.ActionEvent],event,0
E:\OOD\main\bomberman-master\bomberman-master\src\game\GameBoardGUI.java,game.GameBoardGUI$Anonymous3,dispatchKeyEvent/1[java.awt.event.KeyEvent],e,1
E:\OOD\main\bomberman-master\bomberman-master\src\bomberman\server\item\BonusSpeed.java,bomberman.server.item.BonusSpeed,setUtilizado/1[boolean],utilizado,2
E:\OOD\main\bomberman-master\bomberman-master\src\bomberman\server\item\BonusSpeed.java,bomberman.server.item.BonusSpeed,setId/1[int],id,2
E:\OOD\main\bomberman-master\bomberman-master\src\bomberman\server\item\BonusSpeed.java,bomberman.server.item.BonusSpeed,setX/1[int],x,2
E:\OOD\main\bomberman-master\bomberman-master\src\bomberman\server\item\BonusSpeed.java,bomberman.server.item.BonusSpeed,setSprite/1[java.lang.String],sprite,2
E:\OOD\main\bomberman-master\bomberman-master\src\bomberman\server\item\BonusSpeed.java,bomberman.server.item.BonusSpeed,aplicarEfecto/1[bomberman.server.Player],player,3
E:\OOD\main\bomberman-master\bomberman-master\src\bomberman\server\item\BonusSpeed.java,bomberman.server.item.BonusSpeed,setSpawn/1[int],spawn,2
E:\OOD\main\bomberman-master\bomberman-master\src\bomberman\server\item\BonusSpeed.java,bomberman.server.item.BonusSpeed,setY/1[int],y,2
E:\OOD\main\bomberman-master\bomberman-master\src\game\GameBoardGUI.java,game.GameBoardGUI$Anonymous1,dispatchKeyEvent/1[java.awt.event.KeyEvent],e,1
E:\OOD\main\bomberman-master\bomberman-master\src\bomberman\server\Detonator.java,bomberman.server.Detonator,setCasillaX/1[int],casillaX,2
E:\OOD\main\bomberman-master\bomberman-master\src\bomberman\server\Detonator.java,bomberman.server.Detonator,"antiDetonate/2[bomberman.server.Square[][],int]",fire,4
E:\OOD\main\bomberman-master\bomberman-master\src\bomberman\server\Detonator.java,bomberman.server.Detonator,"antiDetonate/2[bomberman.server.Square[][],int]",i,26
E:\OOD\main\bomberman-master\bomberman-master\src\bomberman\server\Detonator.java,bomberman.server.Detonator,"antiDetonate/2[bomberman.server.Square[][],int]",j,27
E:\OOD\main\bomberman-master\bomberman-master\src\bomberman\server\Detonator.java,bomberman.server.Detonator,"antiDetonate/2[bomberman.server.Square[][],int]",map,9
E:\OOD\main\bomberman-master\bomberman-master\src\bomberman\server\Detonator.java,bomberman.server.Detonator,setTiempo/1[long],tiempo,2
E:\OOD\main\bomberman-master\bomberman-master\src\bomberman\server\Detonator.java,bomberman.server.Detonator,"Detonator/5[int,int,long,bomberman.server.Player,bomberman.server.Square[][]]",casillaX,2
E:\OOD\main\bomberman-master\bomberman-master\src\bomberman\server\Detonator.java,bomberman.server.Detonator,"Detonator/5[int,int,long,bomberman.server.Player,bomberman.server.Square[][]]",casillaY,2
E:\OOD\main\bomberman-master\bomberman-master\src\bomberman\server\Detonator.java,bomberman.server.Detonator,"Detonator/5[int,int,long,bomberman.server.Player,bomberman.server.Square[][]]",tiempo,1
E:\OOD\main\bomberman-master\bomberman-master\src\bomberman\server\Detonator.java,bomberman.server.Detonator,"Detonator/5[int,int,long,bomberman.server.Player,bomberman.server.Square[][]]",map,1
E:\OOD\main\bomberman-master\bomberman-master\src\bomberman\server\Detonator.java,bomberman.server.Detonator,"Detonator/5[int,int,long,bomberman.server.Player,bomberman.server.Square[][]]",player,2
E:\OOD\main\bomberman-master\bomberman-master\src\bomberman\server\Detonator.java,bomberman.server.Detonator,setMap/1[bomberman.server.Square[][]],map,2
E:\OOD\main\bomberman-master\bomberman-master\src\bomberman\server\Detonator.java,bomberman.server.Detonator,setPlayer/1[bomberman.server.Player],player,2
E:\OOD\main\bomberman-master\bomberman-master\src\bomberman\server\Detonator.java,bomberman.server.Detonator,"Detonate/3[bomberman.server.Square[][],int,long]",tiempo,10
E:\OOD\main\bomberman-master\bomberman-master\src\bomberman\server\Detonator.java,bomberman.server.Detonator,"Detonate/3[bomberman.server.Square[][],int,long]",fire,4
E:\OOD\main\bomberman-master\bomberman-master\src\bomberman\server\Detonator.java,bomberman.server.Detonator,"Detonate/3[bomberman.server.Square[][],int,long]",i,30
E:\OOD\main\bomberman-master\bomberman-master\src\bomberman\server\Detonator.java,bomberman.server.Detonator,"Detonate/3[bomberman.server.Square[][],int,long]",j,43
E:\OOD\main\bomberman-master\bomberman-master\src\bomberman\server\Detonator.java,bomberman.server.Detonator,"Detonate/3[bomberman.server.Square[][],int,long]",map,22
E:\OOD\main\bomberman-master\bomberman-master\src\bomberman\server\Detonator.java,bomberman.server.Detonator,setCasillaY/1[int],casillaY,2
E:\OOD\main\bomberman-master\bomberman-master\src\bomberman\server\Square.java,bomberman.server.Square,isSolid/0,solid,3
E:\OOD\main\bomberman-master\bomberman-master\src\bomberman\server\Square.java,bomberman.server.Square,setSpriteTime/1[int],spriteTime,2
E:\OOD\main\bomberman-master\bomberman-master\src\bomberman\server\Square.java,bomberman.server.Square,setSprite/1[java.lang.String],sprite,2
E:\OOD\main\bomberman-master\bomberman-master\src\bomberman\server\Square.java,bomberman.server.Square,setType/1[int],type,2
E:\OOD\main\bomberman-master\bomberman-master\src\bomberman\server\Square.java,bomberman.server.Square,setColor/1[int[]],color,2
E:\OOD\main\bomberman-master\bomberman-master\src\bomberman\server\Square.java,bomberman.server.Square,Square/1[int],type,1
E:\OOD\main\bomberman-master\bomberman-master\src\bomberman\server\Square.java,bomberman.server.Square,setTime/1[long],time,2
E:\OOD\main\bomberman-master\bomberman-master\src\bomberman\server\Square.java,bomberman.server.Square,setDetonatingTime/1[long],detonatingTime,2
E:\OOD\main\bomberman-master\bomberman-master\src\bomberman\server\enemy\Enemigo1.java,bomberman.server.enemy.Enemigo1,setPoints/1[int],points,1
E:\OOD\main\bomberman-master\bomberman-master\src\bomberman\server\enemy\Enemigo1.java,bomberman.server.enemy.Enemigo1,setSpawn/1[int],spawn,1
E:\OOD\main\bomberman-master\bomberman-master\src\bomberman\Game.java,bomberman.Game,main/1[java.lang.String[]],args,0
E:\OOD\main\bomberman-master\bomberman-master\src\bomberman\Game.java,bomberman.Game,main/1[java.lang.String[]],manager,2
E:\OOD\main\bomberman-master\bomberman-master\src\bomberman\Game.java,bomberman.Game,main/1[java.lang.String[]],lastAction,4
E:\OOD\main\bomberman-master\bomberman-master\src\bomberman\Game.java,bomberman.Game,main/1[java.lang.String[]],engine,7
E:\OOD\main\bomberman-master\bomberman-master\src\bomberman\Game.java,bomberman.Game,main/1[java.lang.String[]],ie,1
E:\OOD\main\bomberman-master\bomberman-master\src\bomberman\Game.java,bomberman.Game,main/1[java.lang.String[]],runApplication,3
E:\OOD\main\bomberman-master\bomberman-master\src\bomberman\server\Map.java,bomberman.server.Map,setMap/1[bomberman.server.Square[][]],random,2
E:\OOD\main\bomberman-master\bomberman-master\src\bomberman\server\Map.java,bomberman.server.Map,setMap/1[bomberman.server.Square[][]],i,28
E:\OOD\main\bomberman-master\bomberman-master\src\bomberman\server\Map.java,bomberman.server.Map,setMap/1[bomberman.server.Square[][]],j,19
E:\OOD\main\bomberman-master\bomberman-master\src\bomberman\server\Map.java,bomberman.server.Map,setMap/1[bomberman.server.Square[][]],map,22
E:\OOD\main\bomberman-master\bomberman-master\src\bomberman\server\Map.java,bomberman.server.Map,setNpcs/1[bomberman.server.enemy.InterfaceEnemy[]],npcs,2
E:\OOD\main\bomberman-master\bomberman-master\src\bomberman\server\Map.java,bomberman.server.Map,"Map/6[int,int,int,int,java.util.Random,int]",r,1
E:\OOD\main\bomberman-master\bomberman-master\src\bomberman\server\Map.java,bomberman.server.Map,"Map/6[int,int,int,int,java.util.Random,int]",level,1
E:\OOD\main\bomberman-master\bomberman-master\src\bomberman\server\Map.java,bomberman.server.Map,"Map/6[int,int,int,int,java.util.Random,int]",width,1
E:\OOD\main\bomberman-master\bomberman-master\src\bomberman\server\Map.java,bomberman.server.Map,"Map/6[int,int,int,int,java.util.Random,int]",initialY,1
E:\OOD\main\bomberman-master\bomberman-master\src\bomberman\server\Map.java,bomberman.server.Map,"Map/6[int,int,int,int,java.util.Random,int]",initialX,1
E:\OOD\main\bomberman-master\bomberman-master\src\bomberman\server\Map.java,bomberman.server.Map,"Map/6[int,int,int,int,java.util.Random,int]",height,1
E:\OOD\main\bomberman-master\bomberman-master\src\bomberman\server\Map.java,bomberman.server.Map,setLevel/1[int],level,2
E:\OOD\main\bomberman-master\bomberman-master\src\bomberman\server\Map.java,bomberman.server.Map,setItems/1[bomberman.server.item.InterfaceItem[]],items,2
E:\OOD\main\bomberman-master\bomberman-master\src\bomberman\server\Map.java,bomberman.server.Map,setHeight/1[int],height,2
E:\OOD\main\bomberman-master\bomberman-master\src\bomberman\server\Map.java,bomberman.server.Map,setR/1[java.util.Random],r,2
E:\OOD\main\bomberman-master\bomberman-master\src\bomberman\server\Map.java,bomberman.server.Map,setWidth/1[int],width,2
E:\OOD\main\bomberman-master\bomberman-master\src\bomberman\server\Map.java,bomberman.server.Map,setInitialY/1[int],initialY,2
E:\OOD\main\bomberman-master\bomberman-master\src\bomberman\server\Map.java,bomberman.server.Map,setInitialX/1[int],initialX,2
E:\OOD\main\bomberman-master\bomberman-master\src\bomberman\client\ClientManager.java,bomberman.client.ClientManager,repaintBoard/0,npcs,0
E:\OOD\main\bomberman-master\bomberman-master\src\bomberman\client\ClientManager.java,bomberman.client.ClientManager,repaintBoard/0,image,2
E:\OOD\main\bomberman-master\bomberman-master\src\bomberman\client\ClientManager.java,bomberman.client.ClientManager,repaintBoard/0,color,3
E:\OOD\main\bomberman-master\bomberman-master\src\bomberman\client\ClientManager.java,bomberman.client.ClientManager,repaintBoard/0,i,8
E:\OOD\main\bomberman-master\bomberman-master\src\bomberman\client\ClientManager.java,bomberman.client.ClientManager,repaintBoard/0,j,7
E:\OOD\main\bomberman-master\bomberman-master\src\bomberman\client\ClientManager.java,bomberman.client.ClientManager,repaintBoard/0,items,0
E:\OOD\main\bomberman-master\bomberman-master\src\bomberman\client\ClientManager.java,bomberman.client.ClientManager,repaintBoard/0,map,4
E:\OOD\main\bomberman-master\bomberman-master\src\bomberman\client\ClientManager.java,bomberman.client.ClientManager,repaintBoard/0,player,7
E:\OOD\main\bomberman-master\bomberman-master\src\bomberman\client\ClientManager.java,bomberman.client.ClientManager,updateView/1[java.lang.String],lastAction,3
E:\OOD\main\bomberman-master\bomberman-master\src\bomberman\client\ClientManager.java,bomberman.client.ClientManager,changeLevel/0,npcs,7
E:\OOD\main\bomberman-master\bomberman-master\src\bomberman\client\ClientManager.java,bomberman.client.ClientManager,changeLevel/0,i,16
E:\OOD\main\bomberman-master\bomberman-master\src\bomberman\client\ClientManager.java,bomberman.client.ClientManager,changeLevel/0,items,6
E:\OOD\main\bomberman-master\bomberman-master\src\bomberman\client\ClientManager.java,bomberman.client.ClientManager,changeLevel/0,player,3
E:\OOD\main\bomberman-master\bomberman-master\src\bomberman\client\ClientManager.java,bomberman.client.ClientManager,updateConsole/0,alert,2
E:\OOD\main\bomberman-master\bomberman-master\src\bomberman\client\ClientManager.java,bomberman.client.ClientManager,updateConsole/0,messages,2
E:\OOD\main\bomberman-master\bomberman-master\src\bomberman\client\ClientManager.java,bomberman.client.ClientManager,ClientManager/1[bomberman.server.GameEngine],theController,1
E:\OOD\main\bomberman-master\bomberman-master\src\bomberman\client\ClientManager.java,bomberman.client.ClientManager,updateScore/0,player,10
E:\OOD\main\bomberman-master\bomberman-master\src\bomberman\server\GameEngine.java,bomberman.server.GameEngine,setContador/1[long],contador,2
E:\OOD\main\bomberman-master\bomberman-master\src\bomberman\server\GameEngine.java,bomberman.server.GameEngine,getMessages/0,retorno,1
E:\OOD\main\bomberman-master\bomberman-master\src\bomberman\server\GameEngine.java,bomberman.server.GameEngine,initGame/1[java.lang.String],name,1
E:\OOD\main\bomberman-master\bomberman-master\src\bomberman\server\GameEngine.java,bomberman.server.GameEngine,initGame/1[java.lang.String],initialY,1
E:\OOD\main\bomberman-master\bomberman-master\src\bomberman\server\GameEngine.java,bomberman.server.GameEngine,initGame/1[java.lang.String],initialX,1
E:\OOD\main\bomberman-master\bomberman-master\src\bomberman\server\GameEngine.java,bomberman.server.GameEngine,setGameFinished/1[boolean],gameFinished,2
E:\OOD\main\bomberman-master\bomberman-master\src\bomberman\server\GameEngine.java,bomberman.server.GameEngine,setAlert/1[java.lang.String],alert,2
E:\OOD\main\bomberman-master\bomberman-master\src\bomberman\server\GameEngine.java,bomberman.server.GameEngine,"changeLevel/3[int,int,int]",level,1
E:\OOD\main\bomberman-master\bomberman-master\src\bomberman\server\GameEngine.java,bomberman.server.GameEngine,"changeLevel/3[int,int,int]",initialY,2
E:\OOD\main\bomberman-master\bomberman-master\src\bomberman\server\GameEngine.java,bomberman.server.GameEngine,"changeLevel/3[int,int,int]",initialX,2
E:\OOD\main\bomberman-master\bomberman-master\src\bomberman\server\GameEngine.java,bomberman.server.GameEngine,addMessage/1[java.lang.String],newMessage,1
E:\OOD\main\bomberman-master\bomberman-master\src\bomberman\server\GameEngine.java,bomberman.server.GameEngine,addAlert/1[java.lang.String],newAlert,1
E:\OOD\main\bomberman-master\bomberman-master\src\bomberman\server\GameEngine.java,bomberman.server.GameEngine,performAction/1[java.lang.String],newLevel,2
E:\OOD\main\bomberman-master\bomberman-master\src\bomberman\server\GameEngine.java,bomberman.server.GameEngine,performAction/1[java.lang.String],nuevaY,9
E:\OOD\main\bomberman-master\bomberman-master\src\bomberman\server\GameEngine.java,bomberman.server.GameEngine,performAction/1[java.lang.String],e,0
E:\OOD\main\bomberman-master\bomberman-master\src\bomberman\server\GameEngine.java,bomberman.server.GameEngine,performAction/1[java.lang.String],i,3
E:\OOD\main\bomberman-master\bomberman-master\src\bomberman\server\GameEngine.java,bomberman.server.GameEngine,performAction/1[java.lang.String],newSquareX,3
E:\OOD\main\bomberman-master\bomberman-master\src\bomberman\server\GameEngine.java,bomberman.server.GameEngine,performAction/1[java.lang.String],nextLevel,4
E:\OOD\main\bomberman-master\bomberman-master\src\bomberman\server\GameEngine.java,bomberman.server.GameEngine,performAction/1[java.lang.String],j,3
E:\OOD\main\bomberman-master\bomberman-master\src\bomberman\server\GameEngine.java,bomberman.server.GameEngine,performAction/1[java.lang.String],newSquareY,3
E:\OOD\main\bomberman-master\bomberman-master\src\bomberman\server\GameEngine.java,bomberman.server.GameEngine,performAction/1[java.lang.String],lastAction,12
E:\OOD\main\bomberman-master\bomberman-master\src\bomberman\server\GameEngine.java,bomberman.server.GameEngine,performAction/1[java.lang.String],name,5
E:\OOD\main\bomberman-master\bomberman-master\src\bomberman\server\GameEngine.java,bomberman.server.GameEngine,performAction/1[java.lang.String],currentSquareY,4
E:\OOD\main\bomberman-master\bomberman-master\src\bomberman\server\GameEngine.java,bomberman.server.GameEngine,performAction/1[java.lang.String],currentSquareX,4
E:\OOD\main\bomberman-master\bomberman-master\src\bomberman\server\GameEngine.java,bomberman.server.GameEngine,performAction/1[java.lang.String],nuevaX,9
E:\OOD\main\bomberman-master\bomberman-master\src\bomberman\server\GameEngine.java,bomberman.server.GameEngine,performAction/1[java.lang.String],map,10
E:\OOD\main\bomberman-master\bomberman-master\src\bomberman\server\GameEngine.java,bomberman.server.GameEngine,getAlert/0,retorno,1
E:\OOD\main\bomberman-master\bomberman-master\src\bomberman\server\enemy\Enemigo2.java,bomberman.server.enemy.Enemigo2,setPoints/1[int],points,1
E:\OOD\main\bomberman-master\bomberman-master\src\bomberman\server\item\BonusFire.java,bomberman.server.item.BonusFire,setUtilizado/1[boolean],utilizado,2
E:\OOD\main\bomberman-master\bomberman-master\src\bomberman\server\item\BonusFire.java,bomberman.server.item.BonusFire,setId/1[int],id,2
E:\OOD\main\bomberman-master\bomberman-master\src\bomberman\server\item\BonusFire.java,bomberman.server.item.BonusFire,setX/1[int],x,2
E:\OOD\main\bomberman-master\bomberman-master\src\bomberman\server\item\BonusFire.java,bomberman.server.item.BonusFire,setSprite/1[java.lang.String],sprite,2
E:\OOD\main\bomberman-master\bomberman-master\src\bomberman\server\item\BonusFire.java,bomberman.server.item.BonusFire,aplicarEfecto/1[bomberman.server.Player],player,3
E:\OOD\main\bomberman-master\bomberman-master\src\bomberman\server\item\BonusFire.java,bomberman.server.item.BonusFire,setSpawn/1[int],spawn,1
E:\OOD\main\bomberman-master\bomberman-master\src\bomberman\server\item\BonusFire.java,bomberman.server.item.BonusFire,setY/1[int],y,2
E:\OOD\main\bomberman-master\bomberman-master\src\bomberman\server\Player.java,bomberman.server.Player,"move/2[int,int]",x,5
E:\OOD\main\bomberman-master\bomberman-master\src\bomberman\server\Player.java,bomberman.server.Player,"move/2[int,int]",y,5
E:\OOD\main\bomberman-master\bomberman-master\src\bomberman\server\Player.java,bomberman.server.Player,"move/2[int,int]",direction,5
E:\OOD\main\bomberman-master\bomberman-master\src\bomberman\server\Player.java,bomberman.server.Player,setBombs/1[int],bombs,2
E:\OOD\main\bomberman-master\bomberman-master\src\bomberman\server\Player.java,bomberman.server.Player,setPortrait/1[java.lang.String],portrait,2
E:\OOD\main\bomberman-master\bomberman-master\src\bomberman\server\Player.java,bomberman.server.Player,setHealthMax/1[int],healthMax,2
E:\OOD\main\bomberman-master\bomberman-master\src\bomberman\server\Player.java,bomberman.server.Player,"Player/11[java.lang.String,int,int,int,int,int,int,java.lang.String,java.lang.String,int,int]",score,1
E:\OOD\main\bomberman-master\bomberman-master\src\bomberman\server\Player.java,bomberman.server.Player,"Player/11[java.lang.String,int,int,int,int,int,int,java.lang.String,java.lang.String,int,int]",healthMax,1
E:\OOD\main\bomberman-master\bomberman-master\src\bomberman\server\Player.java,bomberman.server.Player,"Player/11[java.lang.String,int,int,int,int,int,int,java.lang.String,java.lang.String,int,int]",name,1
E:\OOD\main\bomberman-master\bomberman-master\src\bomberman\server\Player.java,bomberman.server.Player,"Player/11[java.lang.String,int,int,int,int,int,int,java.lang.String,java.lang.String,int,int]",bombs,1
E:\OOD\main\bomberman-master\bomberman-master\src\bomberman\server\Player.java,bomberman.server.Player,"Player/11[java.lang.String,int,int,int,int,int,int,java.lang.String,java.lang.String,int,int]",sprite,1
E:\OOD\main\bomberman-master\bomberman-master\src\bomberman\server\Player.java,bomberman.server.Player,"Player/11[java.lang.String,int,int,int,int,int,int,java.lang.String,java.lang.String,int,int]",x,1
E:\OOD\main\bomberman-master\bomberman-master\src\bomberman\server\Player.java,bomberman.server.Player,"Player/11[java.lang.String,int,int,int,int,int,int,java.lang.String,java.lang.String,int,int]",health,1
E:\OOD\main\bomberman-master\bomberman-master\src\bomberman\server\Player.java,bomberman.server.Player,"Player/11[java.lang.String,int,int,int,int,int,int,java.lang.String,java.lang.String,int,int]",fire,1
E:\OOD\main\bomberman-master\bomberman-master\src\bomberman\server\Player.java,bomberman.server.Player,"Player/11[java.lang.String,int,int,int,int,int,int,java.lang.String,java.lang.String,int,int]",y,1
E:\OOD\main\bomberman-master\bomberman-master\src\bomberman\server\Player.java,bomberman.server.Player,"Player/11[java.lang.String,int,int,int,int,int,int,java.lang.String,java.lang.String,int,int]",portrait,1
E:\OOD\main\bomberman-master\bomberman-master\src\bomberman\server\Player.java,bomberman.server.Player,"Player/11[java.lang.String,int,int,int,int,int,int,java.lang.String,java.lang.String,int,int]",speed,1
E:\OOD\main\bomberman-master\bomberman-master\src\bomberman\server\Player.java,bomberman.server.Player,setFrame/1[int],frame,2
E:\OOD\main\bomberman-master\bomberman-master\src\bomberman\server\Player.java,bomberman.server.Player,setX/1[int],x,2
E:\OOD\main\bomberman-master\bomberman-master\src\bomberman\server\Player.java,bomberman.server.Player,setScore/1[int],score,2
E:\OOD\main\bomberman-master\bomberman-master\src\bomberman\server\Player.java,bomberman.server.Player,setSpeed/1[int],speed,2
E:\OOD\main\bomberman-master\bomberman-master\src\bomberman\server\Player.java,bomberman.server.Player,setY/1[int],y,2
E:\OOD\main\bomberman-master\bomberman-master\src\bomberman\server\Player.java,bomberman.server.Player,setName/1[java.lang.String],name,2
E:\OOD\main\bomberman-master\bomberman-master\src\bomberman\server\Player.java,bomberman.server.Player,setHealth/1[int],health,2
E:\OOD\main\bomberman-master\bomberman-master\src\bomberman\server\Player.java,bomberman.server.Player,setSprite/1[java.lang.String],sprite,2
E:\OOD\main\bomberman-master\bomberman-master\src\bomberman\server\Player.java,bomberman.server.Player,setFire/1[int],fire,2
E:\OOD\main\bomberman-master\bomberman-master\src\bomberman\server\item\RemoteControl.java,bomberman.server.item.RemoteControl,setUtilizado/1[boolean],utilizado,2
E:\OOD\main\bomberman-master\bomberman-master\src\bomberman\server\item\RemoteControl.java,bomberman.server.item.RemoteControl,setId/1[int],id,2
E:\OOD\main\bomberman-master\bomberman-master\src\bomberman\server\item\RemoteControl.java,bomberman.server.item.RemoteControl,setX/1[int],x,2
E:\OOD\main\bomberman-master\bomberman-master\src\bomberman\server\item\RemoteControl.java,bomberman.server.item.RemoteControl,setSprite/1[java.lang.String],sprite,2
E:\OOD\main\bomberman-master\bomberman-master\src\bomberman\server\item\RemoteControl.java,bomberman.server.item.RemoteControl,aplicarEfecto/1[bomberman.server.Player],player,0
E:\OOD\main\bomberman-master\bomberman-master\src\bomberman\server\item\RemoteControl.java,bomberman.server.item.RemoteControl,setSpawn/1[int],spawn,2
E:\OOD\main\bomberman-master\bomberman-master\src\bomberman\server\item\RemoteControl.java,bomberman.server.item.RemoteControl,setY/1[int],y,2
E:\OOD\main\bomberman-master\bomberman-master\src\bomberman\server\enemy\InterfaceEnemy.java,bomberman.server.enemy.InterfaceEnemy,aplicarEfecto/1[bomberman.server.Player],player,0
E:\OOD\main\bomberman-master\bomberman-master\src\bomberman\server\item\BonusGeta.java,bomberman.server.item.BonusGeta,setUtilizado/1[boolean],utilizado,2
E:\OOD\main\bomberman-master\bomberman-master\src\bomberman\server\item\BonusGeta.java,bomberman.server.item.BonusGeta,setId/1[int],id,2
E:\OOD\main\bomberman-master\bomberman-master\src\bomberman\server\item\BonusGeta.java,bomberman.server.item.BonusGeta,setX/1[int],x,2
E:\OOD\main\bomberman-master\bomberman-master\src\bomberman\server\item\BonusGeta.java,bomberman.server.item.BonusGeta,setSprite/1[java.lang.String],sprite,2
E:\OOD\main\bomberman-master\bomberman-master\src\bomberman\server\item\BonusGeta.java,bomberman.server.item.BonusGeta,aplicarEfecto/1[bomberman.server.Player],player,1
E:\OOD\main\bomberman-master\bomberman-master\src\bomberman\server\item\BonusGeta.java,bomberman.server.item.BonusGeta,setSpawn/1[int],spawn,1
E:\OOD\main\bomberman-master\bomberman-master\src\bomberman\server\item\BonusGeta.java,bomberman.server.item.BonusGeta,setY/1[int],y,2
