file,class,method,variable,usage
E:\OOD\main\Skribble-2.0-master\Skribble-2.0-master\src\Player.java,Player,getUniqueID/0,uniqueID,1
E:\OOD\main\Skribble-2.0-master\Skribble-2.0-master\src\Player.java,Player,addMessage/1[java.lang.String],messages,1
E:\OOD\main\Skribble-2.0-master\Skribble-2.0-master\src\Player.java,Player,clearWinners/0,winners,1
E:\OOD\main\Skribble-2.0-master\Skribble-2.0-master\src\Player.java,Player,nullifyArtist/0,artist,2
E:\OOD\main\Skribble-2.0-master\Skribble-2.0-master\src\Player.java,Player,"calculatePoints/2[int,int]",winners,3
E:\OOD\main\Skribble-2.0-master\Skribble-2.0-master\src\Player.java,Player,"calculatePoints/2[int,int]",placeLastRound,2
E:\OOD\main\Skribble-2.0-master\Skribble-2.0-master\src\Player.java,Player,"calculatePoints/2[int,int]",artist,1
E:\OOD\main\Skribble-2.0-master\Skribble-2.0-master\src\Player.java,Player,"calculatePoints/2[int,int]",pointsGainedLastRound,3
E:\OOD\main\Skribble-2.0-master\Skribble-2.0-master\src\Player.java,Player,getArtist/0,artist,1
E:\OOD\main\Skribble-2.0-master\Skribble-2.0-master\src\Player.java,Player,getScore/0,score,1
E:\OOD\main\Skribble-2.0-master\Skribble-2.0-master\src\Player.java,Player,isArtist/0,isArtist,2
E:\OOD\main\Skribble-2.0-master\Skribble-2.0-master\src\Player.java,Player,getWinners/0,winners,1
E:\OOD\main\Skribble-2.0-master\Skribble-2.0-master\src\Player.java,Player,getPointsGainedLastRound/0,pointsGainedLastRound,1
E:\OOD\main\Skribble-2.0-master\Skribble-2.0-master\src\Player.java,Player,gotUserName/0,gotUserName,2
E:\OOD\main\Skribble-2.0-master\Skribble-2.0-master\src\Player.java,Player,getName/0,name,1
E:\OOD\main\Skribble-2.0-master\Skribble-2.0-master\src\Player.java,Player,getMessages/0,messages,1
E:\OOD\main\Skribble-2.0-master\Skribble-2.0-master\src\Player.java,Player,resetScore/0,score,1
E:\OOD\main\Skribble-2.0-master\Skribble-2.0-master\src\Player.java,Player,clearPreviousArtists/0,previousArtists,1
E:\OOD\main\Skribble-2.0-master\Skribble-2.0-master\src\Player.java,Player,getIconImageNumber/0,iconImageNumber,1
E:\OOD\main\Skribble-2.0-master\Skribble-2.0-master\src\Player.java,Player,updateScore/0,winners,1
E:\OOD\main\Skribble-2.0-master\Skribble-2.0-master\src\Player.java,Player,updateScore/0,score,1
E:\OOD\main\Skribble-2.0-master\Skribble-2.0-master\src\Player.java,Player,updateScore/0,placeLastRound,1
E:\OOD\main\Skribble-2.0-master\Skribble-2.0-master\src\Player.java,Player,updateScore/0,pointsGainedLastRound,2
E:\OOD\main\Skribble-2.0-master\Skribble-2.0-master\src\Player.java,Player,updateScore/0,isArtist,1
E:\OOD\main\Skribble-2.0-master\Skribble-2.0-master\src\Player.java,Player,setName/1[java.lang.String],gotUserName,1
E:\OOD\main\Skribble-2.0-master\Skribble-2.0-master\src\Player.java,Player,setName/1[java.lang.String],name,3
E:\OOD\main\Skribble-2.0-master\Skribble-2.0-master\src\Player.java,Player,chooseAndSetArtist/1[java.util.ArrayList<Player>],artist,4
E:\OOD\main\Skribble-2.0-master\Skribble-2.0-master\src\Player.java,Player,chooseAndSetArtist/1[java.util.ArrayList<Player>],previousArtists,3
E:\OOD\main\Skribble-2.0-master\Skribble-2.0-master\src\Server.java,Server,isRunning/0,running,1
E:\OOD\main\Skribble-2.0-master\Skribble-2.0-master\src\Server.java,Server,setDrawingComponents/1[DrawingComponent[]],drawingComponents,1
E:\OOD\main\Skribble-2.0-master\Skribble-2.0-master\src\Server.java,Server,endRound/0,gameStatus,1
E:\OOD\main\Skribble-2.0-master\Skribble-2.0-master\src\Server.java,Server,endRound/0,players,1
E:\OOD\main\Skribble-2.0-master\Skribble-2.0-master\src\Server.java,Server,endRound/0,charLengthOfMagicWord,1
E:\OOD\main\Skribble-2.0-master\Skribble-2.0-master\src\Server.java,Server,endRound/0,roundsLeft,2
E:\OOD\main\Skribble-2.0-master\Skribble-2.0-master\src\Server.java,Server,endRound/0,timeRemainingInRound,2
E:\OOD\main\Skribble-2.0-master\Skribble-2.0-master\src\Server.java,Server,endRound/0,drawingComponents,1
E:\OOD\main\Skribble-2.0-master\Skribble-2.0-master\src\Server.java,Server,endRound/0,roundTimeLength,1
E:\OOD\main\Skribble-2.0-master\Skribble-2.0-master\src\Server.java,Server,endRound/0,gameTimer,1
E:\OOD\main\Skribble-2.0-master\Skribble-2.0-master\src\Server.java,Server,endRound/0,currentMagicWord,1
E:\OOD\main\Skribble-2.0-master\Skribble-2.0-master\src\Server.java,Server,playerConnected/1[Player],orange,1
E:\OOD\main\Skribble-2.0-master\Skribble-2.0-master\src\Server.java,Server,playerConnected/1[Player],red,1
E:\OOD\main\Skribble-2.0-master\Skribble-2.0-master\src\Server.java,Server,playerConnected/1[Player],players,2
E:\OOD\main\Skribble-2.0-master\Skribble-2.0-master\src\Server.java,Server,loadMagicWords/1[java.lang.String],magicWords,1
E:\OOD\main\Skribble-2.0-master\Skribble-2.0-master\src\Server.java,Server,getDataPackage/1[Player],totalNumOfRounds,1
E:\OOD\main\Skribble-2.0-master\Skribble-2.0-master\src\Server.java,Server,getDataPackage/1[Player],gameStatus,1
E:\OOD\main\Skribble-2.0-master\Skribble-2.0-master\src\Server.java,Server,getDataPackage/1[Player],players,1
E:\OOD\main\Skribble-2.0-master\Skribble-2.0-master\src\Server.java,Server,getDataPackage/1[Player],roundsLeft,1
E:\OOD\main\Skribble-2.0-master\Skribble-2.0-master\src\Server.java,Server,getDataPackage/1[Player],timeRemainingInRound,1
E:\OOD\main\Skribble-2.0-master\Skribble-2.0-master\src\Server.java,Server,getDataPackage/1[Player],drawingComponents,1
E:\OOD\main\Skribble-2.0-master\Skribble-2.0-master\src\Server.java,Server,getDataPackage/1[Player],currentMagicWord,1
E:\OOD\main\Skribble-2.0-master\Skribble-2.0-master\src\Server.java,Server,endGame/0,red,1
E:\OOD\main\Skribble-2.0-master\Skribble-2.0-master\src\Server.java,Server,endGame/0,totalNumOfRounds,1
E:\OOD\main\Skribble-2.0-master\Skribble-2.0-master\src\Server.java,Server,endGame/0,green,2
E:\OOD\main\Skribble-2.0-master\Skribble-2.0-master\src\Server.java,Server,endGame/0,gameStatus,1
E:\OOD\main\Skribble-2.0-master\Skribble-2.0-master\src\Server.java,Server,endGame/0,players,3
E:\OOD\main\Skribble-2.0-master\Skribble-2.0-master\src\Server.java,Server,endGame/0,roundsLeft,1
E:\OOD\main\Skribble-2.0-master\Skribble-2.0-master\src\Server.java,Server,newRound/0,magicWords,3
E:\OOD\main\Skribble-2.0-master\Skribble-2.0-master\src\Server.java,Server,newRound/0,blue,3
E:\OOD\main\Skribble-2.0-master\Skribble-2.0-master\src\Server.java,Server,newRound/0,gameStatus,1
E:\OOD\main\Skribble-2.0-master\Skribble-2.0-master\src\Server.java,Server,newRound/0,players,2
E:\OOD\main\Skribble-2.0-master\Skribble-2.0-master\src\Server.java,Server,newRound/0,charLengthOfMagicWord,1
E:\OOD\main\Skribble-2.0-master\Skribble-2.0-master\src\Server.java,Server,newRound/0,currentMagicWord,4
E:\OOD\main\Skribble-2.0-master\Skribble-2.0-master\src\Server.java,Server,newRound/0,gameTimer,1
E:\OOD\main\Skribble-2.0-master\Skribble-2.0-master\src\Server.java,Server,"newMessage/2[java.lang.String,Player]",green,2
E:\OOD\main\Skribble-2.0-master\Skribble-2.0-master\src\Server.java,Server,"newMessage/2[java.lang.String,Player]",gameStatus,1
E:\OOD\main\Skribble-2.0-master\Skribble-2.0-master\src\Server.java,Server,"newMessage/2[java.lang.String,Player]",players,3
E:\OOD\main\Skribble-2.0-master\Skribble-2.0-master\src\Server.java,Server,"newMessage/2[java.lang.String,Player]",charLengthOfMagicWord,1
E:\OOD\main\Skribble-2.0-master\Skribble-2.0-master\src\Server.java,Server,"newMessage/2[java.lang.String,Player]",timeRemainingInRound,1
E:\OOD\main\Skribble-2.0-master\Skribble-2.0-master\src\Server.java,Server,"newMessage/2[java.lang.String,Player]",currentMagicWord,2
E:\OOD\main\Skribble-2.0-master\Skribble-2.0-master\src\Server.java,Server,newMessage/1[java.lang.String],players,1
E:\OOD\main\Skribble-2.0-master\Skribble-2.0-master\src\Server.java,Server,playerDisconnected/1[Player],red,1
E:\OOD\main\Skribble-2.0-master\Skribble-2.0-master\src\Server.java,Server,playerDisconnected/1[Player],players,2
E:\OOD\main\Skribble-2.0-master\Skribble-2.0-master\src\Server.java,Server,playerDisconnected/1[Player],roundsLeft,1
E:\OOD\main\Skribble-2.0-master\Skribble-2.0-master\src\ServerInputThread.java,ServerInputThread,"ServerInputThread/3[Server,Player,java.net.Socket]",server,3
E:\OOD\main\Skribble-2.0-master\Skribble-2.0-master\src\ServerInputThread.java,ServerInputThread,"ServerInputThread/3[Server,Player,java.net.Socket]",in,1
E:\OOD\main\Skribble-2.0-master\Skribble-2.0-master\src\ServerInputThread.java,ServerInputThread,"ServerInputThread/3[Server,Player,java.net.Socket]",socket,4
E:\OOD\main\Skribble-2.0-master\Skribble-2.0-master\src\ServerInputThread.java,ServerInputThread,"ServerInputThread/3[Server,Player,java.net.Socket]",player,3
E:\OOD\main\Skribble-2.0-master\Skribble-2.0-master\src\ServerInputThread.java,ServerInputThread,run/0,server,4
E:\OOD\main\Skribble-2.0-master\Skribble-2.0-master\src\ServerInputThread.java,ServerInputThread,run/0,in,2
E:\OOD\main\Skribble-2.0-master\Skribble-2.0-master\src\ServerInputThread.java,ServerInputThread,run/0,socket,1
E:\OOD\main\Skribble-2.0-master\Skribble-2.0-master\src\ServerInputThread.java,ServerInputThread,run/0,player,3
E:\OOD\main\Skribble-2.0-master\Skribble-2.0-master\src\DrawingComponent.java,DrawingComponent,getSelectedToolType/0,selectedToolType,1
E:\OOD\main\Skribble-2.0-master\Skribble-2.0-master\src\DrawingComponent.java,DrawingComponent,getStroke/0,stroke,1
E:\OOD\main\Skribble-2.0-master\Skribble-2.0-master\src\DrawingComponent.java,DrawingComponent,setSelectedColour/1[java.awt.Color],col,2
E:\OOD\main\Skribble-2.0-master\Skribble-2.0-master\src\DrawingComponent.java,DrawingComponent,setSelectedColour/1[java.awt.Color],selectedColour,1
E:\OOD\main\Skribble-2.0-master\Skribble-2.0-master\src\DrawingComponent.java,DrawingComponent,getSelectedStrokeSize/0,selectedStrokeSize,1
E:\OOD\main\Skribble-2.0-master\Skribble-2.0-master\src\DrawingComponent.java,DrawingComponent,getCx/0,cx,1
E:\OOD\main\Skribble-2.0-master\Skribble-2.0-master\src\DrawingComponent.java,DrawingComponent,setSelectedToolType/1[java.lang.String],selectedToolType,1
E:\OOD\main\Skribble-2.0-master\Skribble-2.0-master\src\DrawingComponent.java,DrawingComponent,getSelectedColour/0,selectedColour,1
E:\OOD\main\Skribble-2.0-master\Skribble-2.0-master\src\DrawingComponent.java,DrawingComponent,getCy/0,cy,1
E:\OOD\main\Skribble-2.0-master\Skribble-2.0-master\src\DrawingComponent.java,DrawingComponent,getCol/0,col,1
E:\OOD\main\Skribble-2.0-master\Skribble-2.0-master\src\DrawingComponent.java,DrawingComponent,setSelectedStrokeSize/1[int],selectedStrokeSize,1
E:\OOD\main\Skribble-2.0-master\Skribble-2.0-master\src\DrawingComponent.java,DrawingComponent,setSelectedStrokeSize/1[int],stroke,2
E:\OOD\main\Skribble-2.0-master\Skribble-2.0-master\src\DrawingComponent.java,DrawingComponent,"DrawingComponent/2[int,int]",selectedToolType,1
E:\OOD\main\Skribble-2.0-master\Skribble-2.0-master\src\DrawingComponent.java,DrawingComponent,"DrawingComponent/2[int,int]",col,2
E:\OOD\main\Skribble-2.0-master\Skribble-2.0-master\src\DrawingComponent.java,DrawingComponent,"DrawingComponent/2[int,int]",selectedStrokeSize,1
E:\OOD\main\Skribble-2.0-master\Skribble-2.0-master\src\DrawingComponent.java,DrawingComponent,"DrawingComponent/2[int,int]",cx,3
E:\OOD\main\Skribble-2.0-master\Skribble-2.0-master\src\DrawingComponent.java,DrawingComponent,"DrawingComponent/2[int,int]",cy,3
E:\OOD\main\Skribble-2.0-master\Skribble-2.0-master\src\DrawingComponent.java,DrawingComponent,"DrawingComponent/2[int,int]",selectedColour,1
E:\OOD\main\Skribble-2.0-master\Skribble-2.0-master\src\DrawingComponent.java,DrawingComponent,"DrawingComponent/2[int,int]",ERASER,1
E:\OOD\main\Skribble-2.0-master\Skribble-2.0-master\src\DrawingComponent.java,DrawingComponent,"DrawingComponent/2[int,int]",stroke,1
E:\OOD\main\Skribble-2.0-master\Skribble-2.0-master\src\ClientInputThread.java,ClientInputThread,"ClientInputThread/2[java.net.Socket,Client]",objectInputStream,1
E:\OOD\main\Skribble-2.0-master\Skribble-2.0-master\src\ClientInputThread.java,ClientInputThread,"ClientInputThread/2[java.net.Socket,Client]",client,3
E:\OOD\main\Skribble-2.0-master\Skribble-2.0-master\src\ClientInputThread.java,ClientInputThread,run/0,objectInputStream,1
E:\OOD\main\Skribble-2.0-master\Skribble-2.0-master\src\ClientInputThread.java,ClientInputThread,run/0,client,2
E:\OOD\main\Skribble-2.0-master\Skribble-2.0-master\src\ClientOutputThread.java,ClientOutputThread,run/0,client,8
E:\OOD\main\Skribble-2.0-master\Skribble-2.0-master\src\ClientOutputThread.java,ClientOutputThread,run/0,out,6
E:\OOD\main\Skribble-2.0-master\Skribble-2.0-master\src\ClientOutputThread.java,ClientOutputThread,"ClientOutputThread/2[java.net.Socket,Client]",client,3
E:\OOD\main\Skribble-2.0-master\Skribble-2.0-master\src\ClientOutputThread.java,ClientOutputThread,"ClientOutputThread/2[java.net.Socket,Client]",out,1
E:\OOD\main\Skribble-2.0-master\Skribble-2.0-master\src\ScreenImage.java,ScreenImage,"writeImage/2[java.awt.image.BufferedImage,java.lang.String]",types,1
E:\OOD\main\Skribble-2.0-master\Skribble-2.0-master\src\Panel.java,Panel,loadAssets/0,thick2SelectedImage,1
E:\OOD\main\Skribble-2.0-master\Skribble-2.0-master\src\Panel.java,Panel,loadAssets/0,thick1SelectedImage,1
E:\OOD\main\Skribble-2.0-master\Skribble-2.0-master\src\Panel.java,Panel,loadAssets/0,thick3SelectedImage,1
E:\OOD\main\Skribble-2.0-master\Skribble-2.0-master\src\Panel.java,Panel,loadAssets/0,colorPickerImage,1
E:\OOD\main\Skribble-2.0-master\Skribble-2.0-master\src\Panel.java,Panel,loadAssets/0,bufferedColorPickerImage,1
E:\OOD\main\Skribble-2.0-master\Skribble-2.0-master\src\Panel.java,Panel,loadAssets/0,thick2Image,1
E:\OOD\main\Skribble-2.0-master\Skribble-2.0-master\src\Panel.java,Panel,loadAssets/0,alarmImage,1
E:\OOD\main\Skribble-2.0-master\Skribble-2.0-master\src\Panel.java,Panel,loadAssets/0,speakerImage,1
E:\OOD\main\Skribble-2.0-master\Skribble-2.0-master\src\Panel.java,Panel,loadAssets/0,bgImage,1
E:\OOD\main\Skribble-2.0-master\Skribble-2.0-master\src\Panel.java,Panel,loadAssets/0,canvasImage,1
E:\OOD\main\Skribble-2.0-master\Skribble-2.0-master\src\Panel.java,Panel,loadAssets/0,thick1Image,1
E:\OOD\main\Skribble-2.0-master\Skribble-2.0-master\src\Panel.java,Panel,loadAssets/0,letterPlaceHolderImage,1
E:\OOD\main\Skribble-2.0-master\Skribble-2.0-master\src\Panel.java,Panel,loadAssets/0,eraserSelectedImage,1
E:\OOD\main\Skribble-2.0-master\Skribble-2.0-master\src\Panel.java,Panel,loadAssets/0,OGCanvasImage,2
E:\OOD\main\Skribble-2.0-master\Skribble-2.0-master\src\Panel.java,Panel,loadAssets/0,thick4Image,1
E:\OOD\main\Skribble-2.0-master\Skribble-2.0-master\src\Panel.java,Panel,loadAssets/0,thick4SelectedImage,1
E:\OOD\main\Skribble-2.0-master\Skribble-2.0-master\src\Panel.java,Panel,loadAssets/0,thick3Image,1
E:\OOD\main\Skribble-2.0-master\Skribble-2.0-master\src\Panel.java,Panel,loadAssets/0,pencilSelectedImage,1
E:\OOD\main\Skribble-2.0-master\Skribble-2.0-master\src\Panel.java,Panel,loadAssets/0,eraserImage,1
E:\OOD\main\Skribble-2.0-master\Skribble-2.0-master\src\Panel.java,Panel,loadAssets/0,clearImage,1
E:\OOD\main\Skribble-2.0-master\Skribble-2.0-master\src\Panel.java,Panel,loadAssets/0,pencilImage,1
E:\OOD\main\Skribble-2.0-master\Skribble-2.0-master\src\Panel.java,Panel,loadAssets/0,textFont,1
E:\OOD\main\Skribble-2.0-master\Skribble-2.0-master\src\Panel.java,Panel,loadAssets/0,speakerMuteImage,1
E:\OOD\main\Skribble-2.0-master\Skribble-2.0-master\src\Panel.java,Panel,paintComponent/1[java.awt.Graphics],loadedAssets,1
E:\OOD\main\Skribble-2.0-master\Skribble-2.0-master\src\Panel.java,Panel,loadGuiComponents/0,playerPane,4
E:\OOD\main\Skribble-2.0-master\Skribble-2.0-master\src\Panel.java,Panel,loadGuiComponents/0,messageList,3
E:\OOD\main\Skribble-2.0-master\Skribble-2.0-master\src\Panel.java,Panel,loadGuiComponents/0,messagesToRender,1
E:\OOD\main\Skribble-2.0-master\Skribble-2.0-master\src\Panel.java,Panel,loadGuiComponents/0,playerList,4
E:\OOD\main\Skribble-2.0-master\Skribble-2.0-master\src\Panel.java,Panel,loadGuiComponents/0,dataPackage,2
E:\OOD\main\Skribble-2.0-master\Skribble-2.0-master\src\Panel.java,Panel,loadGuiComponents/0,messagePaneScrollBar,1
E:\OOD\main\Skribble-2.0-master\Skribble-2.0-master\src\Panel.java,Panel,loadGuiComponents/0,textFont,2
E:\OOD\main\Skribble-2.0-master\Skribble-2.0-master\src\Panel.java,Panel,loadGuiComponents/0,messagePane,5
E:\OOD\main\Skribble-2.0-master\Skribble-2.0-master\src\Panel.java,Panel,loadGuiComponents/0,textField,4
E:\OOD\main\Skribble-2.0-master\Skribble-2.0-master\src\Panel.java,Panel,addNotify/0,ready,1
E:\OOD\main\Skribble-2.0-master\Skribble-2.0-master\src\Panel.java,Panel,updateFromClient/0,messageList,1
E:\OOD\main\Skribble-2.0-master\Skribble-2.0-master\src\Panel.java,Panel,updateFromClient/0,messagesToRender,4
E:\OOD\main\Skribble-2.0-master\Skribble-2.0-master\src\Panel.java,Panel,updateFromClient/0,dataPackage,2
E:\OOD\main\Skribble-2.0-master\Skribble-2.0-master\src\Panel.java,Panel,updateFromClient/0,playerList,1
E:\OOD\main\Skribble-2.0-master\Skribble-2.0-master\src\Panel.java,Panel,updateFromClient/0,client,2
E:\OOD\main\Skribble-2.0-master\Skribble-2.0-master\src\Panel.java,Panel,updateFromClient/0,messagePaneScrollBar,2
E:\OOD\main\Skribble-2.0-master\Skribble-2.0-master\src\Panel.java,Panel,updateFromClient/0,previousMessagesToRenderSize,2
E:\OOD\main\Skribble-2.0-master\Skribble-2.0-master\src\Panel.java,Panel,updateFromClient/0,loadedAssets,2
E:\OOD\main\Skribble-2.0-master\Skribble-2.0-master\src\Panel.java,Panel,drawArtistToolsPane/1[java.awt.Graphics],thick2SelectedImage,1
E:\OOD\main\Skribble-2.0-master\Skribble-2.0-master\src\Panel.java,Panel,drawArtistToolsPane/1[java.awt.Graphics],clearPanel,2
E:\OOD\main\Skribble-2.0-master\Skribble-2.0-master\src\Panel.java,Panel,drawArtistToolsPane/1[java.awt.Graphics],thick1SelectedImage,1
E:\OOD\main\Skribble-2.0-master\Skribble-2.0-master\src\Panel.java,Panel,drawArtistToolsPane/1[java.awt.Graphics],thickSelectPanel2,4
E:\OOD\main\Skribble-2.0-master\Skribble-2.0-master\src\Panel.java,Panel,drawArtistToolsPane/1[java.awt.Graphics],thick3SelectedImage,1
E:\OOD\main\Skribble-2.0-master\Skribble-2.0-master\src\Panel.java,Panel,drawArtistToolsPane/1[java.awt.Graphics],colorPickerImage,3
E:\OOD\main\Skribble-2.0-master\Skribble-2.0-master\src\Panel.java,Panel,drawArtistToolsPane/1[java.awt.Graphics],thickSelectPanel1,4
E:\OOD\main\Skribble-2.0-master\Skribble-2.0-master\src\Panel.java,Panel,drawArtistToolsPane/1[java.awt.Graphics],pencilPanel,4
E:\OOD\main\Skribble-2.0-master\Skribble-2.0-master\src\Panel.java,Panel,drawArtistToolsPane/1[java.awt.Graphics],thick2Image,1
E:\OOD\main\Skribble-2.0-master\Skribble-2.0-master\src\Panel.java,Panel,drawArtistToolsPane/1[java.awt.Graphics],eraserSelectedImage,1
E:\OOD\main\Skribble-2.0-master\Skribble-2.0-master\src\Panel.java,Panel,drawArtistToolsPane/1[java.awt.Graphics],thick1Image,1
E:\OOD\main\Skribble-2.0-master\Skribble-2.0-master\src\Panel.java,Panel,drawArtistToolsPane/1[java.awt.Graphics],thickSelectPanel4,4
E:\OOD\main\Skribble-2.0-master\Skribble-2.0-master\src\Panel.java,Panel,drawArtistToolsPane/1[java.awt.Graphics],thickSelectPanel3,4
E:\OOD\main\Skribble-2.0-master\Skribble-2.0-master\src\Panel.java,Panel,drawArtistToolsPane/1[java.awt.Graphics],eraserPanel,4
E:\OOD\main\Skribble-2.0-master\Skribble-2.0-master\src\Panel.java,Panel,drawArtistToolsPane/1[java.awt.Graphics],thick4Image,1
E:\OOD\main\Skribble-2.0-master\Skribble-2.0-master\src\Panel.java,Panel,drawArtistToolsPane/1[java.awt.Graphics],thick4SelectedImage,1
E:\OOD\main\Skribble-2.0-master\Skribble-2.0-master\src\Panel.java,Panel,drawArtistToolsPane/1[java.awt.Graphics],thick3Image,1
E:\OOD\main\Skribble-2.0-master\Skribble-2.0-master\src\Panel.java,Panel,drawArtistToolsPane/1[java.awt.Graphics],colorPickerPanel,4
E:\OOD\main\Skribble-2.0-master\Skribble-2.0-master\src\Panel.java,Panel,drawArtistToolsPane/1[java.awt.Graphics],pencilSelectedImage,1
E:\OOD\main\Skribble-2.0-master\Skribble-2.0-master\src\Panel.java,Panel,drawArtistToolsPane/1[java.awt.Graphics],eraserImage,1
E:\OOD\main\Skribble-2.0-master\Skribble-2.0-master\src\Panel.java,Panel,drawArtistToolsPane/1[java.awt.Graphics],clearImage,1
E:\OOD\main\Skribble-2.0-master\Skribble-2.0-master\src\Panel.java,Panel,drawArtistToolsPane/1[java.awt.Graphics],pencilImage,1
E:\OOD\main\Skribble-2.0-master\Skribble-2.0-master\src\Panel.java,Panel,mousePressed/1[java.awt.event.MouseEvent],clearPanel,1
E:\OOD\main\Skribble-2.0-master\Skribble-2.0-master\src\Panel.java,Panel,mousePressed/1[java.awt.event.MouseEvent],thickSelectPanel2,1
E:\OOD\main\Skribble-2.0-master\Skribble-2.0-master\src\Panel.java,Panel,mousePressed/1[java.awt.event.MouseEvent],thickSelectPanel1,1
E:\OOD\main\Skribble-2.0-master\Skribble-2.0-master\src\Panel.java,Panel,mousePressed/1[java.awt.event.MouseEvent],pencilPanel,1
E:\OOD\main\Skribble-2.0-master\Skribble-2.0-master\src\Panel.java,Panel,mousePressed/1[java.awt.event.MouseEvent],bufferedColorPickerImage,1
E:\OOD\main\Skribble-2.0-master\Skribble-2.0-master\src\Panel.java,Panel,mousePressed/1[java.awt.event.MouseEvent],dataPackage,1
E:\OOD\main\Skribble-2.0-master\Skribble-2.0-master\src\Panel.java,Panel,mousePressed/1[java.awt.event.MouseEvent],canvasPanel,1
E:\OOD\main\Skribble-2.0-master\Skribble-2.0-master\src\Panel.java,Panel,mousePressed/1[java.awt.event.MouseEvent],screenshot,1
E:\OOD\main\Skribble-2.0-master\Skribble-2.0-master\src\Panel.java,Panel,mousePressed/1[java.awt.event.MouseEvent],canvasImage,1
E:\OOD\main\Skribble-2.0-master\Skribble-2.0-master\src\Panel.java,Panel,mousePressed/1[java.awt.event.MouseEvent],thickSelectPanel4,1
E:\OOD\main\Skribble-2.0-master\Skribble-2.0-master\src\Panel.java,Panel,mousePressed/1[java.awt.event.MouseEvent],thickSelectPanel3,1
E:\OOD\main\Skribble-2.0-master\Skribble-2.0-master\src\Panel.java,Panel,mousePressed/1[java.awt.event.MouseEvent],eraserPanel,1
E:\OOD\main\Skribble-2.0-master\Skribble-2.0-master\src\Panel.java,Panel,mousePressed/1[java.awt.event.MouseEvent],colorPickerPanel,3
E:\OOD\main\Skribble-2.0-master\Skribble-2.0-master\src\Panel.java,Panel,mousePressed/1[java.awt.event.MouseEvent],isMouseClicked,1
E:\OOD\main\Skribble-2.0-master\Skribble-2.0-master\src\Panel.java,Panel,mousePressed/1[java.awt.event.MouseEvent],y1,13
E:\OOD\main\Skribble-2.0-master\Skribble-2.0-master\src\Panel.java,Panel,mousePressed/1[java.awt.event.MouseEvent],x1,13
E:\OOD\main\Skribble-2.0-master\Skribble-2.0-master\src\Panel.java,Panel,mousePressed/1[java.awt.event.MouseEvent],drawingComponents,2
E:\OOD\main\Skribble-2.0-master\Skribble-2.0-master\src\Panel.java,Panel,mousePressed/1[java.awt.event.MouseEvent],clip,3
E:\OOD\main\Skribble-2.0-master\Skribble-2.0-master\src\Panel.java,Panel,mousePressed/1[java.awt.event.MouseEvent],playPausePanel,1
E:\OOD\main\Skribble-2.0-master\Skribble-2.0-master\src\Panel.java,Panel,loadRects/0,clearPanel,1
E:\OOD\main\Skribble-2.0-master\Skribble-2.0-master\src\Panel.java,Panel,loadRects/0,thickSelectPanel2,1
E:\OOD\main\Skribble-2.0-master\Skribble-2.0-master\src\Panel.java,Panel,loadRects/0,colorPickerImage,2
E:\OOD\main\Skribble-2.0-master\Skribble-2.0-master\src\Panel.java,Panel,loadRects/0,thickSelectPanel1,1
E:\OOD\main\Skribble-2.0-master\Skribble-2.0-master\src\Panel.java,Panel,loadRects/0,pencilPanel,1
E:\OOD\main\Skribble-2.0-master\Skribble-2.0-master\src\Panel.java,Panel,loadRects/0,thick2Image,2
E:\OOD\main\Skribble-2.0-master\Skribble-2.0-master\src\Panel.java,Panel,loadRects/0,canvasPanel,1
E:\OOD\main\Skribble-2.0-master\Skribble-2.0-master\src\Panel.java,Panel,loadRects/0,speakerImage,2
E:\OOD\main\Skribble-2.0-master\Skribble-2.0-master\src\Panel.java,Panel,loadRects/0,thick1Image,2
E:\OOD\main\Skribble-2.0-master\Skribble-2.0-master\src\Panel.java,Panel,loadRects/0,thickSelectPanel4,1
E:\OOD\main\Skribble-2.0-master\Skribble-2.0-master\src\Panel.java,Panel,loadRects/0,OGCanvasImage,2
E:\OOD\main\Skribble-2.0-master\Skribble-2.0-master\src\Panel.java,Panel,loadRects/0,thickSelectPanel3,1
E:\OOD\main\Skribble-2.0-master\Skribble-2.0-master\src\Panel.java,Panel,loadRects/0,eraserPanel,1
E:\OOD\main\Skribble-2.0-master\Skribble-2.0-master\src\Panel.java,Panel,loadRects/0,thick4Image,2
E:\OOD\main\Skribble-2.0-master\Skribble-2.0-master\src\Panel.java,Panel,loadRects/0,thick3Image,2
E:\OOD\main\Skribble-2.0-master\Skribble-2.0-master\src\Panel.java,Panel,loadRects/0,colorPickerPanel,1
E:\OOD\main\Skribble-2.0-master\Skribble-2.0-master\src\Panel.java,Panel,loadRects/0,eraserImage,2
E:\OOD\main\Skribble-2.0-master\Skribble-2.0-master\src\Panel.java,Panel,loadRects/0,clearImage,2
E:\OOD\main\Skribble-2.0-master\Skribble-2.0-master\src\Panel.java,Panel,loadRects/0,pencilImage,2
E:\OOD\main\Skribble-2.0-master\Skribble-2.0-master\src\Panel.java,Panel,loadRects/0,playPausePanel,1
E:\OOD\main\Skribble-2.0-master\Skribble-2.0-master\src\Panel.java,Panel,mouseReleased/1[java.awt.event.MouseEvent],isMouseClicked,2
E:\OOD\main\Skribble-2.0-master\Skribble-2.0-master\src\Panel.java,Panel,handleDrawingComponents/1[java.awt.Graphics],gotInitialPos,2
E:\OOD\main\Skribble-2.0-master\Skribble-2.0-master\src\Panel.java,Panel,handleDrawingComponents/1[java.awt.Graphics],dataPackage,1
E:\OOD\main\Skribble-2.0-master\Skribble-2.0-master\src\Panel.java,Panel,handleDrawingComponents/1[java.awt.Graphics],canvasPanel,8
E:\OOD\main\Skribble-2.0-master\Skribble-2.0-master\src\Panel.java,Panel,handleDrawingComponents/1[java.awt.Graphics],canvasImage,1
E:\OOD\main\Skribble-2.0-master\Skribble-2.0-master\src\Panel.java,Panel,handleDrawingComponents/1[java.awt.Graphics],screenshot,2
E:\OOD\main\Skribble-2.0-master\Skribble-2.0-master\src\Panel.java,Panel,handleDrawingComponents/1[java.awt.Graphics],finishedIterating,3
E:\OOD\main\Skribble-2.0-master\Skribble-2.0-master\src\Panel.java,Panel,handleDrawingComponents/1[java.awt.Graphics],legacyDCModeEnabled,1
E:\OOD\main\Skribble-2.0-master\Skribble-2.0-master\src\Panel.java,Panel,handleDrawingComponents/1[java.awt.Graphics],isMouseClicked,1
E:\OOD\main\Skribble-2.0-master\Skribble-2.0-master\src\Panel.java,Panel,handleDrawingComponents/1[java.awt.Graphics],client,1
E:\OOD\main\Skribble-2.0-master\Skribble-2.0-master\src\Panel.java,Panel,handleDrawingComponents/1[java.awt.Graphics],initialScreenPosY,2
E:\OOD\main\Skribble-2.0-master\Skribble-2.0-master\src\Panel.java,Panel,handleDrawingComponents/1[java.awt.Graphics],initialScreenPosX,2
E:\OOD\main\Skribble-2.0-master\Skribble-2.0-master\src\Panel.java,Panel,handleDrawingComponents/1[java.awt.Graphics],previousComponentSize,2
E:\OOD\main\Skribble-2.0-master\Skribble-2.0-master\src\Panel.java,Panel,handleDrawingComponents/1[java.awt.Graphics],drawingComponents,10
E:\OOD\main\Skribble-2.0-master\Skribble-2.0-master\src\Panel.java,Panel,Panel/1[Client],client,3
E:\OOD\main\Skribble-2.0-master\Skribble-2.0-master\src\Panel.java,Panel,Panel/1[Client],loadedAssets,1
E:\OOD\main\Skribble-2.0-master\Skribble-2.0-master\src\Panel.java,Panel,mouseDragged/1[java.awt.event.MouseEvent],dataPackage,1
E:\OOD\main\Skribble-2.0-master\Skribble-2.0-master\src\Panel.java,Panel,mouseDragged/1[java.awt.event.MouseEvent],y1,7
E:\OOD\main\Skribble-2.0-master\Skribble-2.0-master\src\Panel.java,Panel,mouseDragged/1[java.awt.event.MouseEvent],x1,7
E:\OOD\main\Skribble-2.0-master\Skribble-2.0-master\src\Panel.java,Panel,mouseDragged/1[java.awt.event.MouseEvent],canvasPanel,7
E:\OOD\main\Skribble-2.0-master\Skribble-2.0-master\src\Panel.java,Panel,mouseDragged/1[java.awt.event.MouseEvent],drawingComponents,1
E:\OOD\main\Skribble-2.0-master\Skribble-2.0-master\src\Panel.java,Panel,playSound/0,clip,3
E:\OOD\main\Skribble-2.0-master\Skribble-2.0-master\src\Panel.java,Panel,drawUI/1[java.awt.Graphics],playerPane,1
E:\OOD\main\Skribble-2.0-master\Skribble-2.0-master\src\Panel.java,Panel,drawUI/1[java.awt.Graphics],dataPackage,14
E:\OOD\main\Skribble-2.0-master\Skribble-2.0-master\src\Panel.java,Panel,drawUI/1[java.awt.Graphics],alarmImage,1
E:\OOD\main\Skribble-2.0-master\Skribble-2.0-master\src\Panel.java,Panel,drawUI/1[java.awt.Graphics],speakerImage,1
E:\OOD\main\Skribble-2.0-master\Skribble-2.0-master\src\Panel.java,Panel,drawUI/1[java.awt.Graphics],canvasPanel,4
E:\OOD\main\Skribble-2.0-master\Skribble-2.0-master\src\Panel.java,Panel,drawUI/1[java.awt.Graphics],bgImage,1
E:\OOD\main\Skribble-2.0-master\Skribble-2.0-master\src\Panel.java,Panel,drawUI/1[java.awt.Graphics],canvasImage,2
E:\OOD\main\Skribble-2.0-master\Skribble-2.0-master\src\Panel.java,Panel,drawUI/1[java.awt.Graphics],letterPlaceHolderImage,1
E:\OOD\main\Skribble-2.0-master\Skribble-2.0-master\src\Panel.java,Panel,drawUI/1[java.awt.Graphics],playerList,1
E:\OOD\main\Skribble-2.0-master\Skribble-2.0-master\src\Panel.java,Panel,drawUI/1[java.awt.Graphics],textFont,2
E:\OOD\main\Skribble-2.0-master\Skribble-2.0-master\src\Panel.java,Panel,drawUI/1[java.awt.Graphics],clip,1
E:\OOD\main\Skribble-2.0-master\Skribble-2.0-master\src\Panel.java,Panel,drawUI/1[java.awt.Graphics],speakerMuteImage,1
E:\OOD\main\Skribble-2.0-master\Skribble-2.0-master\src\Panel.java,Panel,drawUI/1[java.awt.Graphics],playPausePanel,4
E:\OOD\main\Skribble-2.0-master\Skribble-2.0-master\src\PanelExtension.java,PanelExtension,loadIcons/0,icon5,1
E:\OOD\main\Skribble-2.0-master\Skribble-2.0-master\src\PanelExtension.java,PanelExtension,loadIcons/0,icon6,1
E:\OOD\main\Skribble-2.0-master\Skribble-2.0-master\src\PanelExtension.java,PanelExtension,loadIcons/0,icon3,1
E:\OOD\main\Skribble-2.0-master\Skribble-2.0-master\src\PanelExtension.java,PanelExtension,loadIcons/0,icon4,1
E:\OOD\main\Skribble-2.0-master\Skribble-2.0-master\src\PanelExtension.java,PanelExtension,loadIcons/0,icon1,1
E:\OOD\main\Skribble-2.0-master\Skribble-2.0-master\src\PanelExtension.java,PanelExtension,loadIcons/0,icon2,1
E:\OOD\main\Skribble-2.0-master\Skribble-2.0-master\src\ListenForClients.java,ListenForClients,ListenForClients/1[Server],server,3
E:\OOD\main\Skribble-2.0-master\Skribble-2.0-master\src\ListenForClients.java,ListenForClients,run/0,server,2
E:\OOD\main\Skribble-2.0-master\Skribble-2.0-master\src\ListenForClients.java,ListenForClients,run/0,numberOfClients,2
E:\OOD\main\Skribble-2.0-master\Skribble-2.0-master\src\DataPackage.java,DataPackage,getPlayers/0,players,1
E:\OOD\main\Skribble-2.0-master\Skribble-2.0-master\src\DataPackage.java,DataPackage,getRoundsLeft/0,roundsLeft,1
E:\OOD\main\Skribble-2.0-master\Skribble-2.0-master\src\DataPackage.java,DataPackage,getDrawingComponents/0,drawingComponents,1
E:\OOD\main\Skribble-2.0-master\Skribble-2.0-master\src\DataPackage.java,DataPackage,getTimeRemaining/0,timeRemaining,1
E:\OOD\main\Skribble-2.0-master\Skribble-2.0-master\src\DataPackage.java,DataPackage,"DataPackage/8[java.lang.String,int,int,int,java.util.ArrayList<Player>,Player,DrawingComponent[],java.lang.String]",totalNumOfRounds,3
E:\OOD\main\Skribble-2.0-master\Skribble-2.0-master\src\DataPackage.java,DataPackage,"DataPackage/8[java.lang.String,int,int,int,java.util.ArrayList<Player>,Player,DrawingComponent[],java.lang.String]",gameStatus,3
E:\OOD\main\Skribble-2.0-master\Skribble-2.0-master\src\DataPackage.java,DataPackage,"DataPackage/8[java.lang.String,int,int,int,java.util.ArrayList<Player>,Player,DrawingComponent[],java.lang.String]",players,3
E:\OOD\main\Skribble-2.0-master\Skribble-2.0-master\src\DataPackage.java,DataPackage,"DataPackage/8[java.lang.String,int,int,int,java.util.ArrayList<Player>,Player,DrawingComponent[],java.lang.String]",magicWord,3
E:\OOD\main\Skribble-2.0-master\Skribble-2.0-master\src\DataPackage.java,DataPackage,"DataPackage/8[java.lang.String,int,int,int,java.util.ArrayList<Player>,Player,DrawingComponent[],java.lang.String]",roundsLeft,3
E:\OOD\main\Skribble-2.0-master\Skribble-2.0-master\src\DataPackage.java,DataPackage,"DataPackage/8[java.lang.String,int,int,int,java.util.ArrayList<Player>,Player,DrawingComponent[],java.lang.String]",myPlayer,3
E:\OOD\main\Skribble-2.0-master\Skribble-2.0-master\src\DataPackage.java,DataPackage,"DataPackage/8[java.lang.String,int,int,int,java.util.ArrayList<Player>,Player,DrawingComponent[],java.lang.String]",timeRemaining,3
E:\OOD\main\Skribble-2.0-master\Skribble-2.0-master\src\DataPackage.java,DataPackage,"DataPackage/8[java.lang.String,int,int,int,java.util.ArrayList<Player>,Player,DrawingComponent[],java.lang.String]",drawingComponents,3
E:\OOD\main\Skribble-2.0-master\Skribble-2.0-master\src\DataPackage.java,DataPackage,getGameStatus/0,gameStatus,1
E:\OOD\main\Skribble-2.0-master\Skribble-2.0-master\src\DataPackage.java,DataPackage,getTotalNumOfRounds/0,totalNumOfRounds,1
E:\OOD\main\Skribble-2.0-master\Skribble-2.0-master\src\DataPackage.java,DataPackage,getMagicWord/0,magicWord,1
E:\OOD\main\Skribble-2.0-master\Skribble-2.0-master\src\DataPackage.java,DataPackage,getMyPlayer/0,myPlayer,1
E:\OOD\main\Skribble-2.0-master\Skribble-2.0-master\src\Gui.java,Gui,Gui/1[Client],panel,2
E:\OOD\main\Skribble-2.0-master\Skribble-2.0-master\src\ServerOutputThread.java,ServerOutputThread,run/0,server,3
E:\OOD\main\Skribble-2.0-master\Skribble-2.0-master\src\ServerOutputThread.java,ServerOutputThread,run/0,objectOutputStream,3
E:\OOD\main\Skribble-2.0-master\Skribble-2.0-master\src\ServerOutputThread.java,ServerOutputThread,run/0,socket,1
E:\OOD\main\Skribble-2.0-master\Skribble-2.0-master\src\ServerOutputThread.java,ServerOutputThread,run/0,player,2
E:\OOD\main\Skribble-2.0-master\Skribble-2.0-master\src\ServerOutputThread.java,ServerOutputThread,"ServerOutputThread/3[Server,Player,java.net.Socket]",server,3
E:\OOD\main\Skribble-2.0-master\Skribble-2.0-master\src\ServerOutputThread.java,ServerOutputThread,"ServerOutputThread/3[Server,Player,java.net.Socket]",objectOutputStream,1
E:\OOD\main\Skribble-2.0-master\Skribble-2.0-master\src\ServerOutputThread.java,ServerOutputThread,"ServerOutputThread/3[Server,Player,java.net.Socket]",socket,4
E:\OOD\main\Skribble-2.0-master\Skribble-2.0-master\src\ServerOutputThread.java,ServerOutputThread,"ServerOutputThread/3[Server,Player,java.net.Socket]",player,3
E:\OOD\main\Skribble-2.0-master\Skribble-2.0-master\src\Client.java,Client,end/0,isRunning,1
E:\OOD\main\Skribble-2.0-master\Skribble-2.0-master\src\Client.java,Client,whileRunning/0,orange,1
E:\OOD\main\Skribble-2.0-master\Skribble-2.0-master\src\Client.java,Client,whileRunning/0,messagesToRender,1
E:\OOD\main\Skribble-2.0-master\Skribble-2.0-master\src\Client.java,Client,whileRunning/0,dataPackage,4
E:\OOD\main\Skribble-2.0-master\Skribble-2.0-master\src\Client.java,Client,whileRunning/0,promptedStartMessage,2
E:\OOD\main\Skribble-2.0-master\Skribble-2.0-master\src\Client.java,Client,updateUsersTextMessage/1[java.lang.String],userTextMessage,1
E:\OOD\main\Skribble-2.0-master\Skribble-2.0-master\src\Client.java,Client,isRunning/0,isRunning,2
E:\OOD\main\Skribble-2.0-master\Skribble-2.0-master\src\Client.java,Client,getDataPackage/0,dataPackage,1
E:\OOD\main\Skribble-2.0-master\Skribble-2.0-master\src\Client.java,Client,getUserTextMessage/0,userTextMessage,2
E:\OOD\main\Skribble-2.0-master\Skribble-2.0-master\src\Client.java,Client,getUserTextMessage/0,messagesToRender,2
E:\OOD\main\Skribble-2.0-master\Skribble-2.0-master\src\Client.java,Client,getUserTextMessage/0,dataPackage,4
E:\OOD\main\Skribble-2.0-master\Skribble-2.0-master\src\Client.java,Client,getUserTextMessage/0,promptedStartMessage,1
E:\OOD\main\Skribble-2.0-master\Skribble-2.0-master\src\Client.java,Client,getUserTextMessage/0,canReceiveMessages,1
E:\OOD\main\Skribble-2.0-master\Skribble-2.0-master\src\Client.java,Client,getDrawingComponents/0,drawingComponents,2
E:\OOD\main\Skribble-2.0-master\Skribble-2.0-master\src\Client.java,Client,getMessagesToRender/0,messagesToRender,1
E:\OOD\main\Skribble-2.0-master\Skribble-2.0-master\src\Client.java,Client,getDrawingComponentsArrayList/0,drawingComponents,1
E:\OOD\main\Skribble-2.0-master\Skribble-2.0-master\src\Client.java,Client,updateDataPackage/1[DataPackage],previousMessagesSize,4
E:\OOD\main\Skribble-2.0-master\Skribble-2.0-master\src\Client.java,Client,updateDataPackage/1[DataPackage],messagesToRender,1
E:\OOD\main\Skribble-2.0-master\Skribble-2.0-master\src\Client.java,Client,updateDataPackage/1[DataPackage],dataPackage,5
E:\OOD\main\Skribble-2.0-master\Skribble-2.0-master\src\Client.java,Client,updateDataPackage/1[DataPackage],canReceiveMessages,1
E:\OOD\main\Skribble-2.0-master\Skribble-2.0-master\src\Client.java,Client,updateDataPackage/1[DataPackage],drawingComponents,1
E:\OOD\main\Skribble-2.0-master\Skribble-2.0-master\src\Client.java,Client,additionalSetup/0,orange,1
E:\OOD\main\Skribble-2.0-master\Skribble-2.0-master\src\Client.java,Client,additionalSetup/0,messagesToRender,1
