file,class,method,constructor,line,cbo,cboModified,fanin,fanout,wmc,rfc,loc,returnsQty,variablesQty,parametersQty,methodsInvokedQty,methodsInvokedLocalQty,methodsInvokedIndirectLocalQty,loopQty,comparisonsQty,tryCatchQty,parenthesizedExpsQty,stringLiteralsQty,numbersQty,assignmentsQty,mathOperationsQty,maxNestedBlocksQty,anonymousClassesQty,innerClassesQty,lambdasQty,uniqueWordsQty,modifiers,logStatementsQty,hasJavaDoc
E:\OOD\main\Skribble-2.0-master\Skribble-2.0-master\src\Player.java,Player,getUniqueID/0,false,118,0,1,1,0,1,0,3,1,0,0,0,0,0,0,0,0,0,0,0,0,0,0,0,0,0,5,1,0,false
E:\OOD\main\Skribble-2.0-master\Skribble-2.0-master\src\Player.java,Player,addMessage/1[java.lang.String],false,106,0,5,5,0,1,1,3,0,0,1,1,0,0,0,0,0,0,0,0,0,0,0,0,0,0,3,1,0,false
E:\OOD\main\Skribble-2.0-master\Skribble-2.0-master\src\Player.java,Player,clearWinners/0,false,143,0,1,1,0,1,1,3,0,0,0,1,0,0,0,0,0,0,0,0,0,0,0,0,0,0,2,9,0,false
E:\OOD\main\Skribble-2.0-master\Skribble-2.0-master\src\Player.java,Player,nullifyArtist/0,false,36,0,1,1,0,2,0,6,0,0,0,0,0,0,0,1,0,0,0,0,2,0,1,0,0,0,5,9,0,false
E:\OOD\main\Skribble-2.0-master\Skribble-2.0-master\src\Player.java,Player,"calculatePoints/2[int,int]",false,148,0,2,2,0,3,5,21,0,2,2,5,0,0,0,2,0,1,0,8,8,5,2,0,0,0,13,1,0,false
E:\OOD\main\Skribble-2.0-master\Skribble-2.0-master\src\Player.java,Player,getArtist/0,false,31,1,1,1,0,1,0,3,1,0,0,0,0,0,0,0,0,0,0,0,0,0,0,0,0,0,4,9,0,false
E:\OOD\main\Skribble-2.0-master\Skribble-2.0-master\src\Player.java,Player,getScore/0,false,96,0,2,2,0,1,0,3,1,0,0,0,0,0,0,0,0,0,0,0,0,0,0,0,0,0,3,1,0,false
E:\OOD\main\Skribble-2.0-master\Skribble-2.0-master\src\Player.java,Player,isArtist/0,false,101,0,8,8,0,1,0,3,1,0,0,0,0,0,0,0,0,0,0,0,0,0,0,0,0,0,2,1,0,false
E:\OOD\main\Skribble-2.0-master\Skribble-2.0-master\src\Player.java,Player,getWinners/0,false,71,1,1,1,0,1,0,3,1,0,0,0,0,0,0,0,0,0,0,0,0,0,0,0,0,0,3,9,0,false
E:\OOD\main\Skribble-2.0-master\Skribble-2.0-master\src\Player.java,Player,getPointsGainedLastRound/0,false,123,0,1,1,0,1,0,3,1,0,0,0,0,0,0,0,0,0,0,0,0,0,0,0,0,0,6,1,0,false
E:\OOD\main\Skribble-2.0-master\Skribble-2.0-master\src\Player.java,Player,gotUserName/0,false,78,0,2,2,0,1,0,3,1,0,0,0,0,0,0,0,0,0,0,0,0,0,0,0,0,0,3,1,0,false
E:\OOD\main\Skribble-2.0-master\Skribble-2.0-master\src\Player.java,Player,getName/0,false,91,0,7,7,0,1,0,3,1,0,0,0,0,0,0,0,0,0,0,0,0,0,0,0,0,0,3,1,0,false
E:\OOD\main\Skribble-2.0-master\Skribble-2.0-master\src\Player.java,Player,getMessages/0,false,111,0,1,1,0,1,0,3,1,0,0,0,0,0,0,0,0,0,0,0,0,0,0,0,0,0,3,1,0,false
E:\OOD\main\Skribble-2.0-master\Skribble-2.0-master\src\Player.java,Player,resetScore/0,false,136,0,1,1,0,1,0,3,0,0,0,0,0,0,0,0,0,0,0,1,1,0,0,0,0,0,2,1,0,false
E:\OOD\main\Skribble-2.0-master\Skribble-2.0-master\src\Player.java,Player,clearPreviousArtists/0,false,66,0,1,1,0,1,1,3,0,0,0,1,0,0,0,0,0,0,0,0,0,0,0,0,0,0,3,9,0,false
E:\OOD\main\Skribble-2.0-master\Skribble-2.0-master\src\Player.java,Player,getIconImageNumber/0,false,116,0,1,1,0,1,0,3,1,0,0,0,0,0,0,0,0,0,0,0,0,0,0,0,0,0,5,1,0,false
E:\OOD\main\Skribble-2.0-master\Skribble-2.0-master\src\Player.java,Player,updateScore/0,false,128,0,1,1,0,3,1,7,0,0,0,1,0,0,0,0,0,0,0,2,3,0,1,0,0,0,7,1,0,false
E:\OOD\main\Skribble-2.0-master\Skribble-2.0-master\src\Player.java,Player,setName/1[java.lang.String],false,83,0,1,1,0,1,0,4,0,0,1,0,0,0,0,0,0,0,0,0,2,0,0,0,0,0,6,1,0,false
E:\OOD\main\Skribble-2.0-master\Skribble-2.0-master\src\Player.java,Player,chooseAndSetArtist/1[java.util.ArrayList<Player>],false,46,1,1,1,0,5,3,16,1,0,1,3,0,0,2,1,0,0,0,0,3,0,4,0,0,0,11,9,0,false
E:\OOD\main\Skribble-2.0-master\Skribble-2.0-master\src\Client.java,Client$Anonymous1,actionPerformed/1[java.awt.event.ActionEvent],false,52,1,1,0,1,2,2,8,0,0,1,2,0,0,0,0,1,0,0,0,0,0,1,0,0,0,7,1,0,false
E:\OOD\main\Skribble-2.0-master\Skribble-2.0-master\src\Server.java,Server,newGame/0,false,59,2,4,1,3,2,4,10,0,0,0,4,2,2,0,0,1,0,1,0,0,0,1,0,0,0,11,1,0,false
E:\OOD\main\Skribble-2.0-master\Skribble-2.0-master\src\Server.java,Server,main/1[java.lang.String[]],false,46,2,2,0,2,1,1,4,0,1,1,1,0,0,0,0,0,0,0,0,1,0,0,0,0,0,7,9,0,false
E:\OOD\main\Skribble-2.0-master\Skribble-2.0-master\src\Server.java,Server,isRunning/0,false,51,0,2,2,0,1,0,3,1,0,0,0,0,0,0,0,0,0,0,0,0,0,0,0,0,0,3,1,0,false
E:\OOD\main\Skribble-2.0-master\Skribble-2.0-master\src\Server.java,Server,setDrawingComponents/1[DrawingComponent[]],false,54,1,1,1,0,1,0,3,0,0,1,0,0,0,0,0,0,0,0,0,1,0,0,0,0,0,4,33,0,false
E:\OOD\main\Skribble-2.0-master\Skribble-2.0-master\src\Server.java,Server,endRound/0,false,107,2,10,3,7,5,10,28,0,0,0,10,2,3,1,2,1,0,0,2,4,0,1,0,0,0,26,1,0,false
E:\OOD\main\Skribble-2.0-master\Skribble-2.0-master\src\Server.java,Server,playerConnected/1[Player],false,133,1,3,1,2,3,3,9,0,0,1,3,0,0,1,1,0,0,3,0,0,2,2,0,0,0,12,33,0,false
E:\OOD\main\Skribble-2.0-master\Skribble-2.0-master\src\Server.java,Server,loadMagicWords/1[java.lang.String],false,210,0,1,1,0,2,4,9,0,3,1,4,0,0,1,0,0,0,0,1,3,0,1,0,0,0,14,1,0,false
E:\OOD\main\Skribble-2.0-master\Skribble-2.0-master\src\Server.java,Server,"randint/2[int,int]",false,221,0,1,1,0,1,1,3,1,0,2,1,0,0,0,0,0,2,0,1,0,4,0,0,0,0,3,9,0,false
E:\OOD\main\Skribble-2.0-master\Skribble-2.0-master\src\Server.java,Server,getDataPackage/1[Player],false,202,2,2,1,1,2,2,9,1,0,1,2,0,0,0,0,1,0,0,1,0,0,1,0,0,0,8,33,0,false
E:\OOD\main\Skribble-2.0-master\Skribble-2.0-master\src\Server.java,Server,endGame/0,false,87,2,6,1,5,5,6,18,0,1,0,6,1,1,2,1,0,0,4,1,4,3,2,0,0,0,21,1,0,false
E:\OOD\main\Skribble-2.0-master\Skribble-2.0-master\src\Server.java,Server,newRound/0,false,68,2,6,2,4,3,9,17,0,1,0,9,1,1,1,1,0,0,4,2,4,4,2,0,0,0,20,1,0,false
E:\OOD\main\Skribble-2.0-master\Skribble-2.0-master\src\Server.java,Server,"newMessage/2[java.lang.String,Player]",false,158,2,10,1,9,13,14,35,0,2,2,14,3,5,1,5,0,2,6,2,6,4,3,0,0,0,24,1,0,false
E:\OOD\main\Skribble-2.0-master\Skribble-2.0-master\src\Server.java,Server,newMessage/1[java.lang.String],false,193,1,3,2,1,3,1,7,0,0,1,1,0,0,1,1,0,0,0,0,0,0,2,0,0,0,7,1,0,false
E:\OOD\main\Skribble-2.0-master\Skribble-2.0-master\src\Server.java,Server,playerDisconnected/1[Player],false,145,2,6,2,4,3,6,11,0,0,1,6,2,4,0,0,0,0,2,2,1,1,1,0,0,0,13,33,0,false
E:\OOD\main\Skribble-2.0-master\Skribble-2.0-master\src\ServerInputThread.java,ServerInputThread,"ServerInputThread/3[Server,Player,java.net.Socket]",true,22,2,1,1,0,1,1,6,0,0,3,1,0,0,0,0,0,0,0,0,4,0,0,0,0,0,12,1,0,false
E:\OOD\main\Skribble-2.0-master\Skribble-2.0-master\src\ServerInputThread.java,ServerInputThread,run/0,false,29,3,5,0,5,8,8,36,0,2,0,8,0,0,1,1,4,1,0,0,2,0,5,0,0,0,17,1,0,false
E:\OOD\main\Skribble-2.0-master\Skribble-2.0-master\src\DrawingComponent.java,DrawingComponent,getSelectedToolType/0,false,62,0,2,2,0,1,0,3,1,0,0,0,0,0,0,0,0,0,0,0,0,0,0,0,0,0,5,8,0,false
E:\OOD\main\Skribble-2.0-master\Skribble-2.0-master\src\DrawingComponent.java,DrawingComponent,getStroke/0,false,51,0,1,1,0,1,0,3,1,0,0,0,0,0,0,0,0,0,0,0,0,0,0,0,0,0,3,1,0,false
E:\OOD\main\Skribble-2.0-master\Skribble-2.0-master\src\DrawingComponent.java,DrawingComponent,setSelectedColour/1[java.awt.Color],false,82,0,1,1,0,1,0,3,0,0,1,0,0,0,0,0,0,0,0,0,1,0,0,0,0,0,6,9,0,false
E:\OOD\main\Skribble-2.0-master\Skribble-2.0-master\src\DrawingComponent.java,DrawingComponent,getSelectedStrokeSize/0,false,72,0,1,1,0,1,0,3,1,0,0,0,0,0,0,0,0,0,0,0,0,0,0,0,0,0,5,9,0,false
E:\OOD\main\Skribble-2.0-master\Skribble-2.0-master\src\DrawingComponent.java,DrawingComponent,getCx/0,false,41,0,1,1,0,1,0,3,1,0,0,0,0,0,0,0,0,0,0,0,0,0,0,0,0,0,3,1,0,false
E:\OOD\main\Skribble-2.0-master\Skribble-2.0-master\src\DrawingComponent.java,DrawingComponent,setSelectedToolType/1[java.lang.String],false,67,0,1,1,0,1,0,3,0,0,1,0,0,0,0,0,0,0,0,0,1,0,0,0,0,0,6,9,0,false
E:\OOD\main\Skribble-2.0-master\Skribble-2.0-master\src\DrawingComponent.java,DrawingComponent,getSelectedColour/0,false,87,0,1,1,0,1,0,3,1,0,0,0,0,0,0,0,0,0,0,0,0,0,0,0,0,0,5,9,0,false
E:\OOD\main\Skribble-2.0-master\Skribble-2.0-master\src\DrawingComponent.java,DrawingComponent,getCy/0,false,46,0,1,1,0,1,0,3,1,0,0,0,0,0,0,0,0,0,0,0,0,0,0,0,0,0,3,1,0,false
E:\OOD\main\Skribble-2.0-master\Skribble-2.0-master\src\DrawingComponent.java,DrawingComponent,getCol/0,false,56,0,1,1,0,1,0,3,1,0,0,0,0,0,0,0,0,0,0,0,0,0,0,0,0,0,4,1,0,false
E:\OOD\main\Skribble-2.0-master\Skribble-2.0-master\src\DrawingComponent.java,DrawingComponent,setSelectedStrokeSize/1[int],false,77,0,1,1,0,1,0,3,0,0,1,0,0,0,0,0,0,0,0,0,1,0,0,0,0,0,6,9,0,false
E:\OOD\main\Skribble-2.0-master\Skribble-2.0-master\src\DrawingComponent.java,DrawingComponent,"DrawingComponent/2[int,int]",true,26,0,2,2,0,2,1,11,0,0,2,1,0,0,0,0,0,0,0,0,5,0,1,0,0,0,12,1,0,false
E:\OOD\main\Skribble-2.0-master\Skribble-2.0-master\src\Gui.java,Gui$TickListener,actionPerformed/1[java.awt.event.ActionEvent],false,42,1,1,0,1,3,2,6,0,0,1,2,0,0,0,1,0,0,0,0,0,0,1,0,0,0,7,1,0,false
E:\OOD\main\Skribble-2.0-master\Skribble-2.0-master\src\ClientInputThread.java,ClientInputThread,"ClientInputThread/2[java.net.Socket,Client]",true,12,1,1,1,0,1,1,4,0,0,2,1,0,0,0,0,0,0,0,0,2,0,0,0,0,0,11,1,0,false
E:\OOD\main\Skribble-2.0-master\Skribble-2.0-master\src\ClientInputThread.java,ClientInputThread,run/0,false,17,2,2,0,2,3,3,10,0,1,0,3,0,0,1,0,1,0,0,0,1,0,2,0,0,0,11,1,0,false
E:\OOD\main\Skribble-2.0-master\Skribble-2.0-master\src\ClientOutputThread.java,ClientOutputThread,run/0,false,21,3,8,0,8,11,14,43,0,1,0,14,0,0,2,2,4,0,0,2,1,0,5,0,0,0,10,1,0,false
E:\OOD\main\Skribble-2.0-master\Skribble-2.0-master\src\ClientOutputThread.java,ClientOutputThread,"ClientOutputThread/2[java.net.Socket,Client]",true,16,1,1,1,0,1,1,4,0,0,2,1,0,0,0,0,0,0,0,0,2,0,0,0,0,0,11,1,0,false
E:\OOD\main\Skribble-2.0-master\Skribble-2.0-master\src\Server.java,Server$TickListener,actionPerformed/1[java.awt.event.ActionEvent],false,229,1,1,0,1,2,1,6,0,0,1,1,0,0,0,0,0,0,0,1,0,0,1,0,0,0,10,1,0,false
E:\OOD\main\Skribble-2.0-master\Skribble-2.0-master\src\Panel.java,Panel$MKeyListener,keyPressed/1[java.awt.event.KeyEvent],false,322,1,1,0,1,3,5,8,0,0,1,5,0,0,0,1,0,0,2,0,0,0,2,0,0,0,5,1,0,false
E:\OOD\main\Skribble-2.0-master\Skribble-2.0-master\src\ScreenImage.java,ScreenImage,"createImage/2[javax.swing.JComponent,java.awt.Rectangle]",false,77,1,2,1,1,5,13,20,1,3,2,13,1,1,0,2,0,0,0,2,4,0,2,0,0,0,14,9,0,false
E:\OOD\main\Skribble-2.0-master\Skribble-2.0-master\src\ScreenImage.java,ScreenImage,createImage/1[javax.swing.JComponent],false,55,1,1,0,1,3,4,9,1,2,1,4,1,2,0,2,0,0,0,4,3,0,1,0,0,0,10,9,0,false
E:\OOD\main\Skribble-2.0-master\Skribble-2.0-master\src\ScreenImage.java,ScreenImage,layoutComponent/1[java.awt.Component],false,196,1,3,2,1,3,4,10,0,0,1,4,1,0,1,0,0,1,0,0,0,0,3,0,0,0,5,8,0,false
E:\OOD\main\Skribble-2.0-master\Skribble-2.0-master\src\ScreenImage.java,ScreenImage,createDesktopImage/0,false,122,1,1,0,1,1,3,5,1,2,0,3,1,1,0,0,0,0,0,2,2,0,0,0,0,0,38,9,0,true
E:\OOD\main\Skribble-2.0-master\Skribble-2.0-master\src\ScreenImage.java,ScreenImage,createImage/1[java.awt.Component],false,139,1,1,0,1,1,3,8,1,2,1,3,1,1,0,0,0,0,0,2,4,0,0,0,0,0,13,9,0,false
E:\OOD\main\Skribble-2.0-master\Skribble-2.0-master\src\ScreenImage.java,ScreenImage,createImage/1[java.awt.Rectangle],false,157,0,3,3,0,1,1,4,1,1,1,1,0,0,0,0,0,0,0,0,1,0,0,0,0,0,22,9,0,true
E:\OOD\main\Skribble-2.0-master\Skribble-2.0-master\src\ScreenImage.java,ScreenImage,"writeImage/2[java.awt.image.BufferedImage,java.lang.String]",false,171,0,0,0,0,4,4,16,1,4,2,4,0,0,0,2,0,0,4,2,4,2,1,0,0,0,31,9,0,true
E:\OOD\main\Skribble-2.0-master\Skribble-2.0-master\src\Panel.java,Panel,loadAssets/0,false,337,2,3,1,2,2,7,31,0,0,0,7,0,0,0,0,1,0,23,3,23,1,1,0,0,0,36,1,0,false
E:\OOD\main\Skribble-2.0-master\Skribble-2.0-master\src\Panel.java,Panel,mouseEntered/1[java.awt.event.MouseEvent],false,254,0,0,0,0,1,0,2,0,0,1,0,0,0,0,0,0,0,0,0,0,0,0,0,0,0,5,1,0,false
E:\OOD\main\Skribble-2.0-master\Skribble-2.0-master\src\Panel.java,Panel,paintComponent/1[java.awt.Graphics],false,82,1,2,0,2,3,2,6,0,0,1,2,2,2,0,1,0,0,0,0,0,0,1,0,0,0,13,1,0,false
E:\OOD\main\Skribble-2.0-master\Skribble-2.0-master\src\Panel.java,Panel,loadGuiComponents/0,false,385,3,6,1,5,1,14,20,0,0,0,14,0,0,0,0,0,0,0,9,6,0,0,0,0,0,18,2,0,false
E:\OOD\main\Skribble-2.0-master\Skribble-2.0-master\src\Panel.java,Panel,addNotify/0,false,409,0,0,0,0,1,2,5,0,0,0,2,0,0,0,0,0,0,0,0,1,0,0,0,0,0,6,1,0,false
E:\OOD\main\Skribble-2.0-master\Skribble-2.0-master\src\Panel.java,Panel,mouseMoved/1[java.awt.event.MouseEvent],false,319,0,0,0,0,1,0,2,0,0,1,0,0,0,0,0,0,0,0,0,0,0,0,0,0,0,5,1,0,false
E:\OOD\main\Skribble-2.0-master\Skribble-2.0-master\src\Panel.java,Panel,updateFromClient/0,false,65,2,5,2,3,4,9,12,0,0,0,9,0,0,0,0,0,0,0,0,3,0,1,0,0,0,13,1,0,false
E:\OOD\main\Skribble-2.0-master\Skribble-2.0-master\src\Panel.java,Panel,drawArtistToolsPane/1[java.awt.Graphics],false,214,1,4,1,3,6,12,37,0,2,1,12,0,0,0,3,0,0,0,5,2,4,1,0,0,0,14,1,0,false
E:\OOD\main\Skribble-2.0-master\Skribble-2.0-master\src\Panel.java,Panel,mousePressed/1[java.awt.event.MouseEvent],false,263,3,6,0,6,13,16,42,0,1,1,16,0,0,0,0,0,2,2,0,5,2,2,0,0,0,17,1,0,false
E:\OOD\main\Skribble-2.0-master\Skribble-2.0-master\src\Panel.java,Panel,loadRects/0,false,369,0,1,1,0,1,2,12,0,0,0,2,0,0,0,0,0,0,0,20,10,0,0,0,0,0,19,1,0,false
E:\OOD\main\Skribble-2.0-master\Skribble-2.0-master\src\Panel.java,Panel,mouseReleased/1[java.awt.event.MouseEvent],false,256,0,0,0,0,1,0,4,0,0,1,0,0,0,0,0,0,0,0,0,2,0,0,0,0,0,8,1,0,false
E:\OOD\main\Skribble-2.0-master\Skribble-2.0-master\src\Panel.java,Panel,handleDrawingComponents/1[java.awt.Graphics],false,161,4,8,1,7,13,19,50,0,4,1,19,0,0,2,0,1,1,0,9,12,12,6,0,0,0,43,1,0,false
E:\OOD\main\Skribble-2.0-master\Skribble-2.0-master\src\Panel.java,Panel,Panel/1[Client],true,46,2,6,1,5,1,8,12,0,0,1,8,5,1,0,0,0,0,0,0,2,0,0,0,0,0,24,1,0,false
E:\OOD\main\Skribble-2.0-master\Skribble-2.0-master\src\Panel.java,Panel,mouseClicked/1[java.awt.event.MouseEvent],false,260,0,0,0,0,1,0,2,0,0,1,0,0,0,0,0,0,0,0,0,0,0,0,0,0,0,5,1,0,false
E:\OOD\main\Skribble-2.0-master\Skribble-2.0-master\src\Panel.java,Panel,mouseDragged/1[java.awt.event.MouseEvent],false,296,3,4,0,4,10,14,19,0,6,1,14,0,0,1,0,0,9,0,6,10,19,4,0,0,0,15,33,0,false
E:\OOD\main\Skribble-2.0-master\Skribble-2.0-master\src\Panel.java,Panel,playSound/0,false,443,0,1,1,0,2,7,12,0,1,0,7,0,0,0,0,1,0,2,0,1,0,1,0,0,0,13,1,0,false
E:\OOD\main\Skribble-2.0-master\Skribble-2.0-master\src\Panel.java,Panel,mouseExited/1[java.awt.event.MouseEvent],false,255,0,0,0,0,1,0,2,0,0,1,0,0,0,0,0,0,0,0,0,0,0,0,0,0,0,5,1,0,false
E:\OOD\main\Skribble-2.0-master\Skribble-2.0-master\src\Panel.java,Panel,drawUI/1[java.awt.Graphics],false,92,3,12,1,11,12,26,47,0,5,1,26,1,1,2,1,0,12,8,36,5,24,4,0,0,0,17,1,0,false
E:\OOD\main\Skribble-2.0-master\Skribble-2.0-master\src\PanelExtension.java,PanelExtension,"playerListRenderer/2[java.awt.Font,Player]",false,46,2,2,1,1,1,0,49,1,0,2,0,0,0,0,0,0,0,0,0,0,0,0,1,0,0,36,8,0,false
E:\OOD\main\Skribble-2.0-master\Skribble-2.0-master\src\PanelExtension.java,PanelExtension,messageListRenderer/1[java.awt.Font],false,17,1,2,1,1,1,0,26,1,0,1,0,0,0,0,0,0,0,0,0,0,0,0,1,0,0,21,8,0,false
E:\OOD\main\Skribble-2.0-master\Skribble-2.0-master\src\PanelExtension.java,PanelExtension,loadIcons/0,false,97,0,1,1,0,1,0,8,0,0,0,0,0,0,0,0,0,0,6,0,6,0,0,0,0,0,12,8,0,false
E:\OOD\main\Skribble-2.0-master\Skribble-2.0-master\src\ListenForClients.java,ListenForClients,ListenForClients/1[Server],true,13,1,1,1,0,1,0,3,0,0,1,0,0,0,0,0,0,0,0,0,1,0,0,0,0,0,5,1,0,false
E:\OOD\main\Skribble-2.0-master\Skribble-2.0-master\src\ListenForClients.java,ListenForClients,run/0,false,17,3,3,0,3,5,6,27,0,5,0,6,0,0,1,0,2,0,2,4,6,0,3,0,0,0,26,1,0,false
E:\OOD\main\Skribble-2.0-master\Skribble-2.0-master\src\DataPackage.java,DataPackage,getPlayers/0,false,39,1,5,5,0,1,0,3,1,0,0,0,0,0,0,0,0,0,0,0,0,0,0,0,0,0,3,33,0,false
E:\OOD\main\Skribble-2.0-master\Skribble-2.0-master\src\DataPackage.java,DataPackage,getRoundsLeft/0,false,49,0,1,1,0,1,0,3,1,0,0,0,0,0,0,0,0,0,0,0,0,0,0,0,0,0,4,1,0,false
E:\OOD\main\Skribble-2.0-master\Skribble-2.0-master\src\DataPackage.java,DataPackage,getDrawingComponents/0,false,43,1,1,1,0,1,0,3,1,0,0,0,0,0,0,0,0,0,0,0,0,0,0,0,0,0,4,1,0,false
E:\OOD\main\Skribble-2.0-master\Skribble-2.0-master\src\DataPackage.java,DataPackage,getTimeRemaining/0,false,37,0,1,1,0,1,0,3,1,0,0,0,0,0,0,0,0,0,0,0,0,0,0,0,0,0,4,1,0,false
E:\OOD\main\Skribble-2.0-master\Skribble-2.0-master\src\DataPackage.java,DataPackage,"DataPackage/8[java.lang.String,int,int,int,java.util.ArrayList<Player>,Player,DrawingComponent[],java.lang.String]",true,23,2,1,1,0,1,0,10,0,0,8,0,0,0,0,0,0,0,0,0,8,0,0,0,0,0,19,1,0,false
E:\OOD\main\Skribble-2.0-master\Skribble-2.0-master\src\DataPackage.java,DataPackage,getGameStatus/0,false,45,0,5,5,0,1,0,3,1,0,0,0,0,0,0,0,0,0,0,0,0,0,0,0,0,0,4,1,0,false
E:\OOD\main\Skribble-2.0-master\Skribble-2.0-master\src\DataPackage.java,DataPackage,getTotalNumOfRounds/0,false,47,0,1,1,0,1,0,3,1,0,0,0,0,0,0,0,0,0,0,0,0,0,0,0,0,0,6,1,0,false
E:\OOD\main\Skribble-2.0-master\Skribble-2.0-master\src\DataPackage.java,DataPackage,getMagicWord/0,false,51,0,1,1,0,1,0,3,1,0,0,0,0,0,0,0,0,0,0,0,0,0,0,0,0,0,4,1,0,false
E:\OOD\main\Skribble-2.0-master\Skribble-2.0-master\src\DataPackage.java,DataPackage,getMyPlayer/0,false,41,1,8,8,0,1,0,3,1,0,0,0,0,0,0,0,0,0,0,0,0,0,0,0,0,0,4,1,0,false
E:\OOD\main\Skribble-2.0-master\Skribble-2.0-master\src\PanelExtension.java,PanelExtension$Anonymous1,"getListCellRendererComponent/5[javax.swing.JList<?>,java.lang.Object,int,boolean,boolean]",false,20,0,6,0,6,4,8,21,1,4,5,8,0,0,0,1,0,0,2,7,4,1,2,0,0,0,19,1,0,false
E:\OOD\main\Skribble-2.0-master\Skribble-2.0-master\src\Gui.java,Gui,Gui/1[Client],true,19,3,4,1,3,2,8,22,0,1,1,8,0,0,0,0,1,0,1,3,2,0,1,1,0,0,32,1,0,false
E:\OOD\main\Skribble-2.0-master\Skribble-2.0-master\src\PanelExtension.java,PanelExtension$Anonymous2,getIcon/1[int],false,79,0,1,1,0,6,0,20,6,0,1,0,0,0,0,5,0,0,0,5,0,0,1,0,0,0,11,2,0,false
E:\OOD\main\Skribble-2.0-master\Skribble-2.0-master\src\PanelExtension.java,PanelExtension$Anonymous2,"getListCellRendererComponent/5[javax.swing.JList<?>,java.lang.Object,int,boolean,boolean]",false,49,2,6,0,6,5,11,24,1,3,5,11,1,1,0,2,0,0,14,5,3,4,3,0,0,0,23,1,0,false
E:\OOD\main\Skribble-2.0-master\Skribble-2.0-master\src\ServerOutputThread.java,ServerOutputThread,run/0,false,25,2,3,0,3,6,9,32,0,1,0,9,0,0,1,0,4,0,0,1,1,0,3,0,0,0,13,1,0,false
E:\OOD\main\Skribble-2.0-master\Skribble-2.0-master\src\ServerOutputThread.java,ServerOutputThread,"ServerOutputThread/3[Server,Player,java.net.Socket]",true,18,2,1,1,0,1,1,6,0,0,3,1,0,0,0,0,0,0,0,0,4,0,0,0,0,0,12,1,0,false
E:\OOD\main\Skribble-2.0-master\Skribble-2.0-master\src\Gui.java,Gui$Anonymous1,windowClosing/1[java.awt.event.WindowEvent],false,35,1,1,0,1,1,1,3,0,0,1,1,0,0,0,0,0,0,0,0,0,0,0,0,0,0,5,1,0,false
E:\OOD\main\Skribble-2.0-master\Skribble-2.0-master\src\Client.java,Client,end/0,false,79,0,1,1,0,1,0,3,0,0,0,0,0,0,0,0,0,0,0,0,1,0,0,0,0,0,4,33,0,false
E:\OOD\main\Skribble-2.0-master\Skribble-2.0-master\src\Client.java,Client,whileRunning/0,false,91,1,4,1,3,5,7,6,0,0,0,7,0,0,0,1,0,0,1,2,1,1,1,0,0,0,10,1,0,false
E:\OOD\main\Skribble-2.0-master\Skribble-2.0-master\src\Client.java,Client,updateUsersTextMessage/1[java.lang.String],false,153,0,2,2,0,1,0,3,0,0,1,0,0,0,0,0,0,0,0,0,1,0,0,0,0,0,6,1,0,false
E:\OOD\main\Skribble-2.0-master\Skribble-2.0-master\src\Client.java,Client,isRunning/0,false,72,0,2,2,0,1,0,3,1,0,0,0,0,0,0,0,0,0,0,0,0,0,0,0,0,0,2,33,0,false
E:\OOD\main\Skribble-2.0-master\Skribble-2.0-master\src\Client.java,Client,getDataPackage/0,false,129,1,2,2,0,1,0,3,1,0,0,0,0,0,0,0,0,0,0,0,0,0,0,0,0,0,4,1,0,false
E:\OOD\main\Skribble-2.0-master\Skribble-2.0-master\src\Client.java,Client,"randint/2[int,int]",false,198,0,1,1,0,1,1,3,1,0,2,1,0,0,0,0,0,2,0,1,0,4,0,0,0,0,3,9,0,false
E:\OOD\main\Skribble-2.0-master\Skribble-2.0-master\src\Client.java,Client,getUserTextMessage/0,false,168,2,5,1,4,8,10,31,5,1,0,10,0,0,0,2,1,0,4,2,4,1,2,0,0,0,17,1,0,false
E:\OOD\main\Skribble-2.0-master\Skribble-2.0-master\src\Client.java,Client,getDrawingComponents/0,false,136,1,1,1,0,1,2,5,1,1,0,2,0,0,0,0,0,0,0,0,2,0,0,0,0,0,5,1,0,false
E:\OOD\main\Skribble-2.0-master\Skribble-2.0-master\src\Client.java,Client,getMessagesToRender/0,false,160,0,1,1,0,1,0,3,1,0,0,0,0,0,0,0,0,0,0,0,0,0,0,0,0,0,5,1,0,false
E:\OOD\main\Skribble-2.0-master\Skribble-2.0-master\src\Client.java,Client,main/1[java.lang.String[]],false,35,4,6,0,6,5,7,39,0,5,1,7,1,1,1,0,2,0,3,5,5,0,2,1,0,0,29,41,0,false
E:\OOD\main\Skribble-2.0-master\Skribble-2.0-master\src\Client.java,Client,getDrawingComponentsArrayList/0,false,145,1,1,1,0,1,0,3,1,0,0,0,0,0,0,0,0,0,0,0,0,0,0,0,0,0,6,1,0,false
E:\OOD\main\Skribble-2.0-master\Skribble-2.0-master\src\Client.java,Client,updateDataPackage/1[DataPackage],false,104,3,5,1,4,6,8,19,0,4,1,8,0,0,1,1,0,0,0,1,7,2,3,0,0,0,19,1,0,false
E:\OOD\main\Skribble-2.0-master\Skribble-2.0-master\src\Client.java,Client,additionalSetup/0,false,84,0,1,1,0,1,1,3,0,0,0,1,0,0,0,0,0,0,1,0,0,1,0,0,0,0,5,1,0,false
