file,class,method,variable,usage
E:\OOD\main\Skribble-2.0-master\Skribble-2.0-master\src\Player.java,Player,addMessage/1[java.lang.String],msg,1
E:\OOD\main\Skribble-2.0-master\Skribble-2.0-master\src\Player.java,Player,"calculatePoints/2[int,int]",secondsLeft,2
E:\OOD\main\Skribble-2.0-master\Skribble-2.0-master\src\Player.java,Player,"calculatePoints/2[int,int]",wordLen,1
E:\OOD\main\Skribble-2.0-master\Skribble-2.0-master\src\Player.java,Player,"calculatePoints/2[int,int]",points,4
E:\OOD\main\Skribble-2.0-master\Skribble-2.0-master\src\Player.java,Player,"calculatePoints/2[int,int]",exponent,4
E:\OOD\main\Skribble-2.0-master\Skribble-2.0-master\src\Player.java,Player,setName/1[java.lang.String],name,2
E:\OOD\main\Skribble-2.0-master\Skribble-2.0-master\src\Player.java,Player,chooseAndSetArtist/1[java.util.ArrayList<Player>],p,2
E:\OOD\main\Skribble-2.0-master\Skribble-2.0-master\src\Player.java,Player,chooseAndSetArtist/1[java.util.ArrayList<Player>],players,1
E:\OOD\main\Skribble-2.0-master\Skribble-2.0-master\src\Client.java,Client$Anonymous1,actionPerformed/1[java.awt.event.ActionEvent],e,0
E:\OOD\main\Skribble-2.0-master\Skribble-2.0-master\src\Client.java,Client$Anonymous1,actionPerformed/1[java.awt.event.ActionEvent],e1,1
E:\OOD\main\Skribble-2.0-master\Skribble-2.0-master\src\Server.java,Server,newGame/0,e,1
E:\OOD\main\Skribble-2.0-master\Skribble-2.0-master\src\Server.java,Server,main/1[java.lang.String[]],args,0
E:\OOD\main\Skribble-2.0-master\Skribble-2.0-master\src\Server.java,Server,main/1[java.lang.String[]],server,1
E:\OOD\main\Skribble-2.0-master\Skribble-2.0-master\src\Server.java,Server,setDrawingComponents/1[DrawingComponent[]],components,1
E:\OOD\main\Skribble-2.0-master\Skribble-2.0-master\src\Server.java,Server,endRound/0,p,1
E:\OOD\main\Skribble-2.0-master\Skribble-2.0-master\src\Server.java,Server,endRound/0,e,1
E:\OOD\main\Skribble-2.0-master\Skribble-2.0-master\src\Server.java,Server,playerConnected/1[Player],p,2
E:\OOD\main\Skribble-2.0-master\Skribble-2.0-master\src\Server.java,Server,playerConnected/1[Player],player,5
E:\OOD\main\Skribble-2.0-master\Skribble-2.0-master\src\Server.java,Server,loadMagicWords/1[java.lang.String],filename,1
E:\OOD\main\Skribble-2.0-master\Skribble-2.0-master\src\Server.java,Server,loadMagicWords/1[java.lang.String],i,2
E:\OOD\main\Skribble-2.0-master\Skribble-2.0-master\src\Server.java,Server,loadMagicWords/1[java.lang.String],numWords,1
E:\OOD\main\Skribble-2.0-master\Skribble-2.0-master\src\Server.java,Server,loadMagicWords/1[java.lang.String],inFile,4
E:\OOD\main\Skribble-2.0-master\Skribble-2.0-master\src\Server.java,Server,"randint/2[int,int]",high,1
E:\OOD\main\Skribble-2.0-master\Skribble-2.0-master\src\Server.java,Server,"randint/2[int,int]",low,2
E:\OOD\main\Skribble-2.0-master\Skribble-2.0-master\src\Server.java,Server,getDataPackage/1[Player],e,1
E:\OOD\main\Skribble-2.0-master\Skribble-2.0-master\src\Server.java,Server,getDataPackage/1[Player],player,1
E:\OOD\main\Skribble-2.0-master\Skribble-2.0-master\src\Server.java,Server,endGame/0,p,6
E:\OOD\main\Skribble-2.0-master\Skribble-2.0-master\src\Server.java,Server,endGame/0,winner,5
E:\OOD\main\Skribble-2.0-master\Skribble-2.0-master\src\Server.java,Server,newRound/0,p,4
E:\OOD\main\Skribble-2.0-master\Skribble-2.0-master\src\Server.java,Server,newRound/0,artist,2
E:\OOD\main\Skribble-2.0-master\Skribble-2.0-master\src\Server.java,Server,"newMessage/2[java.lang.String,Player]",msg,6
E:\OOD\main\Skribble-2.0-master\Skribble-2.0-master\src\Server.java,Server,"newMessage/2[java.lang.String,Player]",p,2
E:\OOD\main\Skribble-2.0-master\Skribble-2.0-master\src\Server.java,Server,"newMessage/2[java.lang.String,Player]",endRound,3
E:\OOD\main\Skribble-2.0-master\Skribble-2.0-master\src\Server.java,Server,"newMessage/2[java.lang.String,Player]",sender,9
E:\OOD\main\Skribble-2.0-master\Skribble-2.0-master\src\Server.java,Server,"newMessage/2[java.lang.String,Player]",message,5
E:\OOD\main\Skribble-2.0-master\Skribble-2.0-master\src\Server.java,Server,newMessage/1[java.lang.String],p,1
E:\OOD\main\Skribble-2.0-master\Skribble-2.0-master\src\Server.java,Server,newMessage/1[java.lang.String],message,2
E:\OOD\main\Skribble-2.0-master\Skribble-2.0-master\src\Server.java,Server,playerDisconnected/1[Player],player,3
E:\OOD\main\Skribble-2.0-master\Skribble-2.0-master\src\ServerInputThread.java,ServerInputThread,"ServerInputThread/3[Server,Player,java.net.Socket]",server,2
E:\OOD\main\Skribble-2.0-master\Skribble-2.0-master\src\ServerInputThread.java,ServerInputThread,"ServerInputThread/3[Server,Player,java.net.Socket]",socket,3
E:\OOD\main\Skribble-2.0-master\Skribble-2.0-master\src\ServerInputThread.java,ServerInputThread,"ServerInputThread/3[Server,Player,java.net.Socket]",player,2
E:\OOD\main\Skribble-2.0-master\Skribble-2.0-master\src\ServerInputThread.java,ServerInputThread,run/0,ignored,1
E:\OOD\main\Skribble-2.0-master\Skribble-2.0-master\src\ServerInputThread.java,ServerInputThread,run/0,inputLine,2
E:\OOD\main\Skribble-2.0-master\Skribble-2.0-master\src\ServerInputThread.java,ServerInputThread,run/0,e,3
E:\OOD\main\Skribble-2.0-master\Skribble-2.0-master\src\ServerInputThread.java,ServerInputThread,run/0,shapesArray,1
E:\OOD\main\Skribble-2.0-master\Skribble-2.0-master\src\DrawingComponent.java,DrawingComponent,setSelectedColour/1[java.awt.Color],col,1
E:\OOD\main\Skribble-2.0-master\Skribble-2.0-master\src\DrawingComponent.java,DrawingComponent,setSelectedToolType/1[java.lang.String],tool,1
E:\OOD\main\Skribble-2.0-master\Skribble-2.0-master\src\DrawingComponent.java,DrawingComponent,setSelectedStrokeSize/1[int],stroke,1
E:\OOD\main\Skribble-2.0-master\Skribble-2.0-master\src\DrawingComponent.java,DrawingComponent,"DrawingComponent/2[int,int]",cx,2
E:\OOD\main\Skribble-2.0-master\Skribble-2.0-master\src\DrawingComponent.java,DrawingComponent,"DrawingComponent/2[int,int]",cy,2
E:\OOD\main\Skribble-2.0-master\Skribble-2.0-master\src\Gui.java,Gui$TickListener,actionPerformed/1[java.awt.event.ActionEvent],evt,0
E:\OOD\main\Skribble-2.0-master\Skribble-2.0-master\src\ClientInputThread.java,ClientInputThread,"ClientInputThread/2[java.net.Socket,Client]",client,2
E:\OOD\main\Skribble-2.0-master\Skribble-2.0-master\src\ClientInputThread.java,ClientInputThread,"ClientInputThread/2[java.net.Socket,Client]",socket,1
E:\OOD\main\Skribble-2.0-master\Skribble-2.0-master\src\ClientInputThread.java,ClientInputThread,run/0,ignored,0
E:\OOD\main\Skribble-2.0-master\Skribble-2.0-master\src\ClientInputThread.java,ClientInputThread,run/0,dataPackage,1
E:\OOD\main\Skribble-2.0-master\Skribble-2.0-master\src\ClientOutputThread.java,ClientOutputThread,run/0,usersTextMessage,2
E:\OOD\main\Skribble-2.0-master\Skribble-2.0-master\src\ClientOutputThread.java,ClientOutputThread,run/0,e,7
E:\OOD\main\Skribble-2.0-master\Skribble-2.0-master\src\ClientOutputThread.java,ClientOutputThread,"ClientOutputThread/2[java.net.Socket,Client]",client,2
E:\OOD\main\Skribble-2.0-master\Skribble-2.0-master\src\ClientOutputThread.java,ClientOutputThread,"ClientOutputThread/2[java.net.Socket,Client]",socket,1
E:\OOD\main\Skribble-2.0-master\Skribble-2.0-master\src\Server.java,Server$TickListener,actionPerformed/1[java.awt.event.ActionEvent],evt,0
E:\OOD\main\Skribble-2.0-master\Skribble-2.0-master\src\Panel.java,Panel$MKeyListener,keyPressed/1[java.awt.event.KeyEvent],event,1
E:\OOD\main\Skribble-2.0-master\Skribble-2.0-master\src\ScreenImage.java,ScreenImage,"createImage/2[javax.swing.JComponent,java.awt.Rectangle]",image,2
E:\OOD\main\Skribble-2.0-master\Skribble-2.0-master\src\ScreenImage.java,ScreenImage,"createImage/2[javax.swing.JComponent,java.awt.Rectangle]",component,8
E:\OOD\main\Skribble-2.0-master\Skribble-2.0-master\src\ScreenImage.java,ScreenImage,"createImage/2[javax.swing.JComponent,java.awt.Rectangle]",d,4
E:\OOD\main\Skribble-2.0-master\Skribble-2.0-master\src\ScreenImage.java,ScreenImage,"createImage/2[javax.swing.JComponent,java.awt.Rectangle]",g2d,5
E:\OOD\main\Skribble-2.0-master\Skribble-2.0-master\src\ScreenImage.java,ScreenImage,"createImage/2[javax.swing.JComponent,java.awt.Rectangle]",region,8
E:\OOD\main\Skribble-2.0-master\Skribble-2.0-master\src\ScreenImage.java,ScreenImage,createImage/1[javax.swing.JComponent],component,4
E:\OOD\main\Skribble-2.0-master\Skribble-2.0-master\src\ScreenImage.java,ScreenImage,createImage/1[javax.swing.JComponent],d,6
E:\OOD\main\Skribble-2.0-master\Skribble-2.0-master\src\ScreenImage.java,ScreenImage,createImage/1[javax.swing.JComponent],region,1
E:\OOD\main\Skribble-2.0-master\Skribble-2.0-master\src\ScreenImage.java,ScreenImage,layoutComponent/1[java.awt.Component],component,4
E:\OOD\main\Skribble-2.0-master\Skribble-2.0-master\src\ScreenImage.java,ScreenImage,layoutComponent/1[java.awt.Component],child,1
E:\OOD\main\Skribble-2.0-master\Skribble-2.0-master\src\ScreenImage.java,ScreenImage,createDesktopImage/0,d,2
E:\OOD\main\Skribble-2.0-master\Skribble-2.0-master\src\ScreenImage.java,ScreenImage,createDesktopImage/0,region,1
E:\OOD\main\Skribble-2.0-master\Skribble-2.0-master\src\ScreenImage.java,ScreenImage,createImage/1[java.awt.Component],p,3
E:\OOD\main\Skribble-2.0-master\Skribble-2.0-master\src\ScreenImage.java,ScreenImage,createImage/1[java.awt.Component],component,2
E:\OOD\main\Skribble-2.0-master\Skribble-2.0-master\src\ScreenImage.java,ScreenImage,createImage/1[java.awt.Component],region,3
E:\OOD\main\Skribble-2.0-master\Skribble-2.0-master\src\ScreenImage.java,ScreenImage,createImage/1[java.awt.Rectangle],image,1
E:\OOD\main\Skribble-2.0-master\Skribble-2.0-master\src\ScreenImage.java,ScreenImage,createImage/1[java.awt.Rectangle],region,1
E:\OOD\main\Skribble-2.0-master\Skribble-2.0-master\src\ScreenImage.java,ScreenImage,"writeImage/2[java.awt.image.BufferedImage,java.lang.String]",image,1
E:\OOD\main\Skribble-2.0-master\Skribble-2.0-master\src\ScreenImage.java,ScreenImage,"writeImage/2[java.awt.image.BufferedImage,java.lang.String]",fileName,4
E:\OOD\main\Skribble-2.0-master\Skribble-2.0-master\src\ScreenImage.java,ScreenImage,"writeImage/2[java.awt.image.BufferedImage,java.lang.String]",offset,2
E:\OOD\main\Skribble-2.0-master\Skribble-2.0-master\src\ScreenImage.java,ScreenImage,"writeImage/2[java.awt.image.BufferedImage,java.lang.String]",message,3
E:\OOD\main\Skribble-2.0-master\Skribble-2.0-master\src\ScreenImage.java,ScreenImage,"writeImage/2[java.awt.image.BufferedImage,java.lang.String]",type,3
E:\OOD\main\Skribble-2.0-master\Skribble-2.0-master\src\Panel.java,Panel,loadAssets/0,e,1
E:\OOD\main\Skribble-2.0-master\Skribble-2.0-master\src\Panel.java,Panel,mouseEntered/1[java.awt.event.MouseEvent],e,0
E:\OOD\main\Skribble-2.0-master\Skribble-2.0-master\src\Panel.java,Panel,paintComponent/1[java.awt.Graphics],g,3
E:\OOD\main\Skribble-2.0-master\Skribble-2.0-master\src\Panel.java,Panel,mouseMoved/1[java.awt.event.MouseEvent],e,0
E:\OOD\main\Skribble-2.0-master\Skribble-2.0-master\src\Panel.java,Panel,drawArtistToolsPane/1[java.awt.Graphics],g,15
E:\OOD\main\Skribble-2.0-master\Skribble-2.0-master\src\Panel.java,Panel,drawArtistToolsPane/1[java.awt.Graphics],g2,3
E:\OOD\main\Skribble-2.0-master\Skribble-2.0-master\src\Panel.java,Panel,drawArtistToolsPane/1[java.awt.Graphics],strokeSize,3
E:\OOD\main\Skribble-2.0-master\Skribble-2.0-master\src\Panel.java,Panel,mousePressed/1[java.awt.event.MouseEvent],c,1
E:\OOD\main\Skribble-2.0-master\Skribble-2.0-master\src\Panel.java,Panel,mousePressed/1[java.awt.event.MouseEvent],e,2
E:\OOD\main\Skribble-2.0-master\Skribble-2.0-master\src\Panel.java,Panel,mouseReleased/1[java.awt.event.MouseEvent],e,0
E:\OOD\main\Skribble-2.0-master\Skribble-2.0-master\src\Panel.java,Panel,handleDrawingComponents/1[java.awt.Graphics],horizontalDisplacement,2
E:\OOD\main\Skribble-2.0-master\Skribble-2.0-master\src\Panel.java,Panel,handleDrawingComponents/1[java.awt.Graphics],s,15
E:\OOD\main\Skribble-2.0-master\Skribble-2.0-master\src\Panel.java,Panel,handleDrawingComponents/1[java.awt.Graphics],verticalDisplacement,2
E:\OOD\main\Skribble-2.0-master\Skribble-2.0-master\src\Panel.java,Panel,handleDrawingComponents/1[java.awt.Graphics],e,1
E:\OOD\main\Skribble-2.0-master\Skribble-2.0-master\src\Panel.java,Panel,handleDrawingComponents/1[java.awt.Graphics],g,6
E:\OOD\main\Skribble-2.0-master\Skribble-2.0-master\src\Panel.java,Panel,handleDrawingComponents/1[java.awt.Graphics],location,2
E:\OOD\main\Skribble-2.0-master\Skribble-2.0-master\src\Panel.java,Panel,handleDrawingComponents/1[java.awt.Graphics],currentLocation,2
E:\OOD\main\Skribble-2.0-master\Skribble-2.0-master\src\Panel.java,Panel,Panel/1[Client],client,2
E:\OOD\main\Skribble-2.0-master\Skribble-2.0-master\src\Panel.java,Panel,mouseClicked/1[java.awt.event.MouseEvent],e,0
E:\OOD\main\Skribble-2.0-master\Skribble-2.0-master\src\Panel.java,Panel,mouseDragged/1[java.awt.event.MouseEvent],mouseDist,5
E:\OOD\main\Skribble-2.0-master\Skribble-2.0-master\src\Panel.java,Panel,mouseDragged/1[java.awt.event.MouseEvent],dx,3
E:\OOD\main\Skribble-2.0-master\Skribble-2.0-master\src\Panel.java,Panel,mouseDragged/1[java.awt.event.MouseEvent],e,2
E:\OOD\main\Skribble-2.0-master\Skribble-2.0-master\src\Panel.java,Panel,mouseDragged/1[java.awt.event.MouseEvent],dy,3
E:\OOD\main\Skribble-2.0-master\Skribble-2.0-master\src\Panel.java,Panel,mouseDragged/1[java.awt.event.MouseEvent],y2,3
E:\OOD\main\Skribble-2.0-master\Skribble-2.0-master\src\Panel.java,Panel,mouseDragged/1[java.awt.event.MouseEvent],i,4
E:\OOD\main\Skribble-2.0-master\Skribble-2.0-master\src\Panel.java,Panel,mouseDragged/1[java.awt.event.MouseEvent],x2,3
E:\OOD\main\Skribble-2.0-master\Skribble-2.0-master\src\Panel.java,Panel,playSound/0,ex,1
E:\OOD\main\Skribble-2.0-master\Skribble-2.0-master\src\Panel.java,Panel,playSound/0,audioInputStream,1
E:\OOD\main\Skribble-2.0-master\Skribble-2.0-master\src\Panel.java,Panel,mouseExited/1[java.awt.event.MouseEvent],e,0
E:\OOD\main\Skribble-2.0-master\Skribble-2.0-master\src\Panel.java,Panel,drawUI/1[java.awt.Graphics],p,2
E:\OOD\main\Skribble-2.0-master\Skribble-2.0-master\src\Panel.java,Panel,drawUI/1[java.awt.Graphics],g,17
E:\OOD\main\Skribble-2.0-master\Skribble-2.0-master\src\Panel.java,Panel,drawUI/1[java.awt.Graphics],i,10
E:\OOD\main\Skribble-2.0-master\Skribble-2.0-master\src\Panel.java,Panel,drawUI/1[java.awt.Graphics],status,5
E:\OOD\main\Skribble-2.0-master\Skribble-2.0-master\src\Panel.java,Panel,drawUI/1[java.awt.Graphics],wordLen,3
E:\OOD\main\Skribble-2.0-master\Skribble-2.0-master\src\PanelExtension.java,PanelExtension,"playerListRenderer/2[java.awt.Font,Player]",myPlayer,0
E:\OOD\main\Skribble-2.0-master\Skribble-2.0-master\src\PanelExtension.java,PanelExtension,"playerListRenderer/2[java.awt.Font,Player]",textFont,0
E:\OOD\main\Skribble-2.0-master\Skribble-2.0-master\src\PanelExtension.java,PanelExtension,messageListRenderer/1[java.awt.Font],textFont,0
E:\OOD\main\Skribble-2.0-master\Skribble-2.0-master\src\ListenForClients.java,ListenForClients,ListenForClients/1[Server],server,2
E:\OOD\main\Skribble-2.0-master\Skribble-2.0-master\src\ListenForClients.java,ListenForClients,run/0,listening,2
E:\OOD\main\Skribble-2.0-master\Skribble-2.0-master\src\ListenForClients.java,ListenForClients,run/0,e,2
E:\OOD\main\Skribble-2.0-master\Skribble-2.0-master\src\ListenForClients.java,ListenForClients,run/0,serverSocket,1
E:\OOD\main\Skribble-2.0-master\Skribble-2.0-master\src\ListenForClients.java,ListenForClients,run/0,socket,2
E:\OOD\main\Skribble-2.0-master\Skribble-2.0-master\src\ListenForClients.java,ListenForClients,run/0,portNumber,1
E:\OOD\main\Skribble-2.0-master\Skribble-2.0-master\src\ListenForClients.java,ListenForClients,run/0,player,2
E:\OOD\main\Skribble-2.0-master\Skribble-2.0-master\src\DataPackage.java,DataPackage,"DataPackage/8[java.lang.String,int,int,int,java.util.ArrayList<Player>,Player,DrawingComponent[],java.lang.String]",totalNumOfRounds,2
E:\OOD\main\Skribble-2.0-master\Skribble-2.0-master\src\DataPackage.java,DataPackage,"DataPackage/8[java.lang.String,int,int,int,java.util.ArrayList<Player>,Player,DrawingComponent[],java.lang.String]",gameStatus,2
E:\OOD\main\Skribble-2.0-master\Skribble-2.0-master\src\DataPackage.java,DataPackage,"DataPackage/8[java.lang.String,int,int,int,java.util.ArrayList<Player>,Player,DrawingComponent[],java.lang.String]",players,2
E:\OOD\main\Skribble-2.0-master\Skribble-2.0-master\src\DataPackage.java,DataPackage,"DataPackage/8[java.lang.String,int,int,int,java.util.ArrayList<Player>,Player,DrawingComponent[],java.lang.String]",magicWord,2
E:\OOD\main\Skribble-2.0-master\Skribble-2.0-master\src\DataPackage.java,DataPackage,"DataPackage/8[java.lang.String,int,int,int,java.util.ArrayList<Player>,Player,DrawingComponent[],java.lang.String]",roundsLeft,2
E:\OOD\main\Skribble-2.0-master\Skribble-2.0-master\src\DataPackage.java,DataPackage,"DataPackage/8[java.lang.String,int,int,int,java.util.ArrayList<Player>,Player,DrawingComponent[],java.lang.String]",myPlayer,2
E:\OOD\main\Skribble-2.0-master\Skribble-2.0-master\src\DataPackage.java,DataPackage,"DataPackage/8[java.lang.String,int,int,int,java.util.ArrayList<Player>,Player,DrawingComponent[],java.lang.String]",timeRemaining,2
E:\OOD\main\Skribble-2.0-master\Skribble-2.0-master\src\DataPackage.java,DataPackage,"DataPackage/8[java.lang.String,int,int,int,java.util.ArrayList<Player>,Player,DrawingComponent[],java.lang.String]",drawingComponents,2
E:\OOD\main\Skribble-2.0-master\Skribble-2.0-master\src\PanelExtension.java,PanelExtension$Anonymous1,"getListCellRendererComponent/5[javax.swing.JList<?>,java.lang.Object,int,boolean,boolean]",c,3
E:\OOD\main\Skribble-2.0-master\Skribble-2.0-master\src\PanelExtension.java,PanelExtension$Anonymous1,"getListCellRendererComponent/5[javax.swing.JList<?>,java.lang.Object,int,boolean,boolean]",cellHasFocus,1
E:\OOD\main\Skribble-2.0-master\Skribble-2.0-master\src\PanelExtension.java,PanelExtension$Anonymous1,"getListCellRendererComponent/5[javax.swing.JList<?>,java.lang.Object,int,boolean,boolean]",messageParts,2
E:\OOD\main\Skribble-2.0-master\Skribble-2.0-master\src\PanelExtension.java,PanelExtension$Anonymous1,"getListCellRendererComponent/5[javax.swing.JList<?>,java.lang.Object,int,boolean,boolean]",isSelected,1
E:\OOD\main\Skribble-2.0-master\Skribble-2.0-master\src\PanelExtension.java,PanelExtension$Anonymous1,"getListCellRendererComponent/5[javax.swing.JList<?>,java.lang.Object,int,boolean,boolean]",index,2
E:\OOD\main\Skribble-2.0-master\Skribble-2.0-master\src\PanelExtension.java,PanelExtension$Anonymous1,"getListCellRendererComponent/5[javax.swing.JList<?>,java.lang.Object,int,boolean,boolean]",label,6
E:\OOD\main\Skribble-2.0-master\Skribble-2.0-master\src\PanelExtension.java,PanelExtension$Anonymous1,"getListCellRendererComponent/5[javax.swing.JList<?>,java.lang.Object,int,boolean,boolean]",list,1
E:\OOD\main\Skribble-2.0-master\Skribble-2.0-master\src\PanelExtension.java,PanelExtension$Anonymous1,"getListCellRendererComponent/5[javax.swing.JList<?>,java.lang.Object,int,boolean,boolean]",message,3
E:\OOD\main\Skribble-2.0-master\Skribble-2.0-master\src\PanelExtension.java,PanelExtension$Anonymous1,"getListCellRendererComponent/5[javax.swing.JList<?>,java.lang.Object,int,boolean,boolean]",value,2
E:\OOD\main\Skribble-2.0-master\Skribble-2.0-master\src\Gui.java,Gui,Gui/1[Client],e,1
E:\OOD\main\Skribble-2.0-master\Skribble-2.0-master\src\Gui.java,Gui,Gui/1[Client],client,1
E:\OOD\main\Skribble-2.0-master\Skribble-2.0-master\src\Gui.java,Gui,Gui/1[Client],myTimer,1
E:\OOD\main\Skribble-2.0-master\Skribble-2.0-master\src\PanelExtension.java,PanelExtension$Anonymous2,getIcon/1[int],iconNumber,5
E:\OOD\main\Skribble-2.0-master\Skribble-2.0-master\src\PanelExtension.java,PanelExtension$Anonymous2,"getListCellRendererComponent/5[javax.swing.JList<?>,java.lang.Object,int,boolean,boolean]",p,9
E:\OOD\main\Skribble-2.0-master\Skribble-2.0-master\src\PanelExtension.java,PanelExtension$Anonymous2,"getListCellRendererComponent/5[javax.swing.JList<?>,java.lang.Object,int,boolean,boolean]",c,3
E:\OOD\main\Skribble-2.0-master\Skribble-2.0-master\src\PanelExtension.java,PanelExtension$Anonymous2,"getListCellRendererComponent/5[javax.swing.JList<?>,java.lang.Object,int,boolean,boolean]",cellHasFocus,1
E:\OOD\main\Skribble-2.0-master\Skribble-2.0-master\src\PanelExtension.java,PanelExtension$Anonymous2,"getListCellRendererComponent/5[javax.swing.JList<?>,java.lang.Object,int,boolean,boolean]",isSelected,1
E:\OOD\main\Skribble-2.0-master\Skribble-2.0-master\src\PanelExtension.java,PanelExtension$Anonymous2,"getListCellRendererComponent/5[javax.swing.JList<?>,java.lang.Object,int,boolean,boolean]",index,2
E:\OOD\main\Skribble-2.0-master\Skribble-2.0-master\src\PanelExtension.java,PanelExtension$Anonymous2,"getListCellRendererComponent/5[javax.swing.JList<?>,java.lang.Object,int,boolean,boolean]",label,6
E:\OOD\main\Skribble-2.0-master\Skribble-2.0-master\src\PanelExtension.java,PanelExtension$Anonymous2,"getListCellRendererComponent/5[javax.swing.JList<?>,java.lang.Object,int,boolean,boolean]",list,1
E:\OOD\main\Skribble-2.0-master\Skribble-2.0-master\src\PanelExtension.java,PanelExtension$Anonymous2,"getListCellRendererComponent/5[javax.swing.JList<?>,java.lang.Object,int,boolean,boolean]",value,2
E:\OOD\main\Skribble-2.0-master\Skribble-2.0-master\src\ServerOutputThread.java,ServerOutputThread,run/0,e,5
E:\OOD\main\Skribble-2.0-master\Skribble-2.0-master\src\ServerOutputThread.java,ServerOutputThread,run/0,dataPackage,1
E:\OOD\main\Skribble-2.0-master\Skribble-2.0-master\src\ServerOutputThread.java,ServerOutputThread,run/0,ignore,0
E:\OOD\main\Skribble-2.0-master\Skribble-2.0-master\src\ServerOutputThread.java,ServerOutputThread,"ServerOutputThread/3[Server,Player,java.net.Socket]",server,2
E:\OOD\main\Skribble-2.0-master\Skribble-2.0-master\src\ServerOutputThread.java,ServerOutputThread,"ServerOutputThread/3[Server,Player,java.net.Socket]",socket,3
E:\OOD\main\Skribble-2.0-master\Skribble-2.0-master\src\ServerOutputThread.java,ServerOutputThread,"ServerOutputThread/3[Server,Player,java.net.Socket]",player,2
E:\OOD\main\Skribble-2.0-master\Skribble-2.0-master\src\Gui.java,Gui$Anonymous1,windowClosing/1[java.awt.event.WindowEvent],e,0
E:\OOD\main\Skribble-2.0-master\Skribble-2.0-master\src\Client.java,Client,updateUsersTextMessage/1[java.lang.String],message,1
E:\OOD\main\Skribble-2.0-master\Skribble-2.0-master\src\Client.java,Client,"randint/2[int,int]",high,1
E:\OOD\main\Skribble-2.0-master\Skribble-2.0-master\src\Client.java,Client,"randint/2[int,int]",low,2
E:\OOD\main\Skribble-2.0-master\Skribble-2.0-master\src\Client.java,Client,getUserTextMessage/0,msg,8
E:\OOD\main\Skribble-2.0-master\Skribble-2.0-master\src\Client.java,Client,getUserTextMessage/0,e,1
E:\OOD\main\Skribble-2.0-master\Skribble-2.0-master\src\Client.java,Client,getDrawingComponents/0,drawingComponentsArray,3
E:\OOD\main\Skribble-2.0-master\Skribble-2.0-master\src\Client.java,Client,main/1[java.lang.String[]],args,0
E:\OOD\main\Skribble-2.0-master\Skribble-2.0-master\src\Client.java,Client,main/1[java.lang.String[]],hostName,1
E:\OOD\main\Skribble-2.0-master\Skribble-2.0-master\src\Client.java,Client,main/1[java.lang.String[]],timer,1
E:\OOD\main\Skribble-2.0-master\Skribble-2.0-master\src\Client.java,Client,main/1[java.lang.String[]],e,3
E:\OOD\main\Skribble-2.0-master\Skribble-2.0-master\src\Client.java,Client,main/1[java.lang.String[]],client,5
E:\OOD\main\Skribble-2.0-master\Skribble-2.0-master\src\Client.java,Client,main/1[java.lang.String[]],socket,2
E:\OOD\main\Skribble-2.0-master\Skribble-2.0-master\src\Client.java,Client,main/1[java.lang.String[]],portNumber,1
E:\OOD\main\Skribble-2.0-master\Skribble-2.0-master\src\Client.java,Client,updateDataPackage/1[DataPackage],msg,1
E:\OOD\main\Skribble-2.0-master\Skribble-2.0-master\src\Client.java,Client,updateDataPackage/1[DataPackage],messages,4
E:\OOD\main\Skribble-2.0-master\Skribble-2.0-master\src\Client.java,Client,updateDataPackage/1[DataPackage],i,3
E:\OOD\main\Skribble-2.0-master\Skribble-2.0-master\src\Client.java,Client,updateDataPackage/1[DataPackage],pack,1
E:\OOD\main\Skribble-2.0-master\Skribble-2.0-master\src\Client.java,Client,updateDataPackage/1[DataPackage],numOfNewMessages,1
