file,class,type,cbo,cboModified,fanin,fanout,wmc,dit,noc,rfc,lcom,lcom*,tcc,lcc,totalMethodsQty,staticMethodsQty,publicMethodsQty,privateMethodsQty,protectedMethodsQty,defaultMethodsQty,visibleMethodsQty,abstractMethodsQty,finalMethodsQty,synchronizedMethodsQty,totalFieldsQty,staticFieldsQty,publicFieldsQty,privateFieldsQty,protectedFieldsQty,defaultFieldsQty,finalFieldsQty,synchronizedFieldsQty,nosi,loc,returnQty,loopQty,comparisonsQty,tryCatchQty,parenthesizedExpsQty,stringLiteralsQty,numbersQty,assignmentsQty,mathOperationsQty,variablesQty,maxNestedBlocksQty,anonymousClassesQty,innerClassesQty,lambdasQty,uniqueWordsQty,modifiers,logStatementsQty
E:\OOD\main\BoomMe-master\BoomMe-master\src\me\boom\Spark.java,me.boom.Spark,class,0,1,1,0,5,1,0,5,0,0.0,1.0,1.0,3,0,3,0,0,0,3,0,0,0,5,0,5,0,0,0,0,0,5,32,0,0,0,0,5,0,9,13,9,7,1,0,0,0,18,1,0
E:\OOD\main\BoomMe-master\BoomMe-master\src\me\boom\Player.java,me.boom.Player,class,4,6,2,4,23,2,0,31,23,0.80000013,0.2857143,0.75,11,0,8,3,0,0,8,0,0,0,15,4,4,11,0,0,4,0,1,115,3,4,2,0,1,1,33,36,7,24,3,0,0,0,68,1,0
E:\OOD\main\BoomMe-master\BoomMe-master\src\me\boom\TileType.java,me.boom.TileType,enum,0,1,1,0,0,1,0,0,0,0.0,-1.0,-1.0,0,0,0,0,0,0,0,0,0,0,0,0,0,0,0,0,0,0,0,1,0,0,0,0,0,0,0,0,0,0,0,0,0,0,5,1,0
E:\OOD\main\BoomMe-master\BoomMe-master\src\me\boom\Tile.java,me.boom.Tile,class,1,4,3,1,19,1,2,2,93,0.8015873,0.19607843,0.78431374,18,0,18,0,0,0,18,0,0,0,7,0,0,7,0,0,0,0,0,70,7,0,1,0,0,2,0,15,1,7,1,0,0,0,28,1,0
E:\OOD\main\BoomMe-master\BoomMe-master\src\me\boom\Main.java,me.boom.Main,class,1,1,0,1,1,1,0,2,0,1.0,NaN,NaN,1,1,1,0,0,0,1,0,0,0,1,1,1,0,0,0,0,0,1,7,0,0,0,0,0,64,0,2,0,2,0,0,0,0,7,1,0
E:\OOD\main\BoomMe-master\BoomMe-master\src\me\boom\Game.java,me.boom.Game,class,8,11,3,8,65,2,0,59,130,0.88961047,0.10294118,0.20588236,21,1,16,4,1,0,17,0,0,0,22,6,0,22,0,0,2,0,7,254,4,9,6,0,20,11,59,71,51,40,5,0,0,0,106,1,0
E:\OOD\main\BoomMe-master\BoomMe-master\src\me\boom\DeathFrameTile.java,me.boom.DeathFrameTile,class,0,1,1,0,4,1,0,2,0,0.5,1.0,1.0,4,0,4,0,0,0,4,0,0,0,6,2,2,4,0,0,0,0,1,24,1,0,0,0,1,0,4,8,1,6,0,0,0,0,23,1,0
E:\OOD\main\BoomMe-master\BoomMe-master\src\me\maps\MapLoader.java,me.maps.MapLoader,class,0,1,1,0,3,1,0,6,0,0.0,NaN,NaN,1,1,1,0,0,0,1,0,0,0,0,0,0,0,0,0,0,0,0,18,1,1,0,1,0,1,3,6,0,5,2,0,0,0,16,1,0
E:\OOD\main\BoomMe-master\BoomMe-master\src\me\boom\Bomb.java,me.boom.Bomb,class,4,6,2,4,50,2,0,24,35,0.82967037,0.29090908,0.6727273,14,0,11,3,0,0,11,0,0,0,13,3,0,13,0,0,3,0,0,167,4,4,12,0,2,5,69,31,53,20,3,0,0,0,108,1,0
