file,class,method,variable,usage
E:\OOD\main\BoomMe-master\BoomMe-master\src\me\boom\Spark.java,me.boom.Spark,render/1[java.awt.Graphics2D],posX,2
E:\OOD\main\BoomMe-master\BoomMe-master\src\me\boom\Spark.java,me.boom.Spark,render/1[java.awt.Graphics2D],posY,2
E:\OOD\main\BoomMe-master\BoomMe-master\src\me\boom\Spark.java,me.boom.Spark,render/1[java.awt.Graphics2D],dX,1
E:\OOD\main\BoomMe-master\BoomMe-master\src\me\boom\Spark.java,me.boom.Spark,render/1[java.awt.Graphics2D],dY,1
E:\OOD\main\BoomMe-master\BoomMe-master\src\me\boom\Spark.java,me.boom.Spark,render/1[java.awt.Graphics2D],life,1
E:\OOD\main\BoomMe-master\BoomMe-master\src\me\boom\Spark.java,me.boom.Spark,"reGenerate/4[float,float,float,int]",posX,1
E:\OOD\main\BoomMe-master\BoomMe-master\src\me\boom\Spark.java,me.boom.Spark,"reGenerate/4[float,float,float,int]",posY,1
E:\OOD\main\BoomMe-master\BoomMe-master\src\me\boom\Spark.java,me.boom.Spark,"reGenerate/4[float,float,float,int]",dX,1
E:\OOD\main\BoomMe-master\BoomMe-master\src\me\boom\Spark.java,me.boom.Spark,"reGenerate/4[float,float,float,int]",dY,1
E:\OOD\main\BoomMe-master\BoomMe-master\src\me\boom\Spark.java,me.boom.Spark,"reGenerate/4[float,float,float,int]",life,4
E:\OOD\main\BoomMe-master\BoomMe-master\src\me\boom\Spark.java,me.boom.Spark,update/0,posX,1
E:\OOD\main\BoomMe-master\BoomMe-master\src\me\boom\Spark.java,me.boom.Spark,update/0,posY,1
E:\OOD\main\BoomMe-master\BoomMe-master\src\me\boom\Spark.java,me.boom.Spark,update/0,dX,2
E:\OOD\main\BoomMe-master\BoomMe-master\src\me\boom\Spark.java,me.boom.Spark,update/0,dY,3
E:\OOD\main\BoomMe-master\BoomMe-master\src\me\boom\Spark.java,me.boom.Spark,update/0,life,2
E:\OOD\main\BoomMe-master\BoomMe-master\src\me\boom\Player.java,me.boom.Player,"Player/6[java.lang.String,int,int,int,int,int]",defaultX,1
E:\OOD\main\BoomMe-master\BoomMe-master\src\me\boom\Player.java,me.boom.Player,"Player/6[java.lang.String,int,int,int,int,int]",isDeath,1
E:\OOD\main\BoomMe-master\BoomMe-master\src\me\boom\Player.java,me.boom.Player,"Player/6[java.lang.String,int,int,int,int,int]",DEFAULT_ROTATION_SPEED,1
E:\OOD\main\BoomMe-master\BoomMe-master\src\me\boom\Player.java,me.boom.Player,"Player/6[java.lang.String,int,int,int,int,int]",rotationAngle,1
E:\OOD\main\BoomMe-master\BoomMe-master\src\me\boom\Player.java,me.boom.Player,"Player/6[java.lang.String,int,int,int,int,int]",enabledRotation,1
E:\OOD\main\BoomMe-master\BoomMe-master\src\me\boom\Player.java,me.boom.Player,"Player/6[java.lang.String,int,int,int,int,int]",playerTransformation,1
E:\OOD\main\BoomMe-master\BoomMe-master\src\me\boom\Player.java,me.boom.Player,"Player/6[java.lang.String,int,int,int,int,int]",hearts,2
E:\OOD\main\BoomMe-master\BoomMe-master\src\me\boom\Player.java,me.boom.Player,"Player/6[java.lang.String,int,int,int,int,int]",rotationSpeed,1
E:\OOD\main\BoomMe-master\BoomMe-master\src\me\boom\Player.java,me.boom.Player,"Player/6[java.lang.String,int,int,int,int,int]",defaultY,1
E:\OOD\main\BoomMe-master\BoomMe-master\src\me\boom\Player.java,me.boom.Player,disableRotation/0,enabledRotation,1
E:\OOD\main\BoomMe-master\BoomMe-master\src\me\boom\Player.java,me.boom.Player,getImage/0,warningImage,1
E:\OOD\main\BoomMe-master\BoomMe-master\src\me\boom\Player.java,me.boom.Player,getImage/0,currentWarningCounter,1
E:\OOD\main\BoomMe-master\BoomMe-master\src\me\boom\Player.java,me.boom.Player,loadWarningImage/0,warningImage,1
E:\OOD\main\BoomMe-master\BoomMe-master\src\me\boom\Player.java,me.boom.Player,render/1[java.awt.Graphics2D],playerTransformation,1
E:\OOD\main\BoomMe-master\BoomMe-master\src\me\boom\Player.java,me.boom.Player,render/1[java.awt.Graphics2D],hearts,1
E:\OOD\main\BoomMe-master\BoomMe-master\src\me\boom\Player.java,me.boom.Player,render/1[java.awt.Graphics2D],currentWarningCounter,2
E:\OOD\main\BoomMe-master\BoomMe-master\src\me\boom\Player.java,me.boom.Player,checkDeath/0,defaultX,1
E:\OOD\main\BoomMe-master\BoomMe-master\src\me\boom\Player.java,me.boom.Player,checkDeath/0,isDeath,1
E:\OOD\main\BoomMe-master\BoomMe-master\src\me\boom\Player.java,me.boom.Player,checkDeath/0,hearts,3
E:\OOD\main\BoomMe-master\BoomMe-master\src\me\boom\Player.java,me.boom.Player,checkDeath/0,defaultY,1
E:\OOD\main\BoomMe-master\BoomMe-master\src\me\boom\Player.java,me.boom.Player,updateTransformation/0,playerTransformation,5
E:\OOD\main\BoomMe-master\BoomMe-master\src\me\boom\Player.java,me.boom.Player,updateTransformation/0,enabledRotation,1
E:\OOD\main\BoomMe-master\BoomMe-master\src\me\boom\Player.java,me.boom.Player,updateTransformation/0,rotationAngle,3
E:\OOD\main\BoomMe-master\BoomMe-master\src\me\boom\Player.java,me.boom.Player,updateTransformation/0,LEFT_ROTATION_DIRECTION,1
E:\OOD\main\BoomMe-master\BoomMe-master\src\me\boom\Player.java,me.boom.Player,updateTransformation/0,rotationSpeed,4
E:\OOD\main\BoomMe-master\BoomMe-master\src\me\boom\Player.java,me.boom.Player,updateTransformation/0,rotationDirection,1
E:\OOD\main\BoomMe-master\BoomMe-master\src\me\boom\Player.java,me.boom.Player,enableRotation/1[int],enabledRotation,1
E:\OOD\main\BoomMe-master\BoomMe-master\src\me\boom\Player.java,me.boom.Player,enableRotation/1[int],rotationSpeed,1
E:\OOD\main\BoomMe-master\BoomMe-master\src\me\boom\Player.java,me.boom.Player,enableRotation/1[int],rotationDirection,1
E:\OOD\main\BoomMe-master\BoomMe-master\src\me\boom\Player.java,me.boom.Player,isDeath/0,isDeath,2
E:\OOD\main\BoomMe-master\BoomMe-master\src\me\boom\Player.java,me.boom.Player,hit/0,WARNING_COUNTER_MAX,1
E:\OOD\main\BoomMe-master\BoomMe-master\src\me\boom\Player.java,me.boom.Player,hit/0,currentWarningCounter,1
E:\OOD\main\BoomMe-master\BoomMe-master\src\me\boom\Tile.java,me.boom.Tile,getWidth/0,width,1
E:\OOD\main\BoomMe-master\BoomMe-master\src\me\boom\Tile.java,me.boom.Tile,"Tile/6[java.lang.String,int,int,int,int,me.boom.TileType]",image,2
E:\OOD\main\BoomMe-master\BoomMe-master\src\me\boom\Tile.java,me.boom.Tile,"Tile/6[java.lang.String,int,int,int,int,me.boom.TileType]",shape,1
E:\OOD\main\BoomMe-master\BoomMe-master\src\me\boom\Tile.java,me.boom.Tile,"Tile/6[java.lang.String,int,int,int,int,me.boom.TileType]",x,4
E:\OOD\main\BoomMe-master\BoomMe-master\src\me\boom\Tile.java,me.boom.Tile,"Tile/6[java.lang.String,int,int,int,int,me.boom.TileType]",width,4
E:\OOD\main\BoomMe-master\BoomMe-master\src\me\boom\Tile.java,me.boom.Tile,"Tile/6[java.lang.String,int,int,int,int,me.boom.TileType]",y,4
E:\OOD\main\BoomMe-master\BoomMe-master\src\me\boom\Tile.java,me.boom.Tile,"Tile/6[java.lang.String,int,int,int,int,me.boom.TileType]",type,3
E:\OOD\main\BoomMe-master\BoomMe-master\src\me\boom\Tile.java,me.boom.Tile,"Tile/6[java.lang.String,int,int,int,int,me.boom.TileType]",height,4
E:\OOD\main\BoomMe-master\BoomMe-master\src\me\boom\Tile.java,me.boom.Tile,setHeight/1[int],height,3
E:\OOD\main\BoomMe-master\BoomMe-master\src\me\boom\Tile.java,me.boom.Tile,getHeight/0,height,1
E:\OOD\main\BoomMe-master\BoomMe-master\src\me\boom\Tile.java,me.boom.Tile,getImage/0,image,1
E:\OOD\main\BoomMe-master\BoomMe-master\src\me\boom\Tile.java,me.boom.Tile,getY/0,y,1
E:\OOD\main\BoomMe-master\BoomMe-master\src\me\boom\Tile.java,me.boom.Tile,setImage/1[java.awt.image.BufferedImage],image,3
E:\OOD\main\BoomMe-master\BoomMe-master\src\me\boom\Tile.java,me.boom.Tile,setX/1[int],x,3
E:\OOD\main\BoomMe-master\BoomMe-master\src\me\boom\Tile.java,me.boom.Tile,getType/0,type,1
E:\OOD\main\BoomMe-master\BoomMe-master\src\me\boom\Tile.java,me.boom.Tile,getX/0,x,1
E:\OOD\main\BoomMe-master\BoomMe-master\src\me\boom\Tile.java,me.boom.Tile,setType/1[me.boom.TileType],type,3
E:\OOD\main\BoomMe-master\BoomMe-master\src\me\boom\Tile.java,me.boom.Tile,"Tile/5[java.lang.String,int,int,int,int]",x,2
E:\OOD\main\BoomMe-master\BoomMe-master\src\me\boom\Tile.java,me.boom.Tile,"Tile/5[java.lang.String,int,int,int,int]",width,2
E:\OOD\main\BoomMe-master\BoomMe-master\src\me\boom\Tile.java,me.boom.Tile,"Tile/5[java.lang.String,int,int,int,int]",y,2
E:\OOD\main\BoomMe-master\BoomMe-master\src\me\boom\Tile.java,me.boom.Tile,"Tile/5[java.lang.String,int,int,int,int]",height,2
E:\OOD\main\BoomMe-master\BoomMe-master\src\me\boom\Tile.java,me.boom.Tile,getShape/0,shape,1
E:\OOD\main\BoomMe-master\BoomMe-master\src\me\boom\Tile.java,me.boom.Tile,setY/1[int],y,3
E:\OOD\main\BoomMe-master\BoomMe-master\src\me\boom\Tile.java,me.boom.Tile,setWidth/1[int],width,3
E:\OOD\main\BoomMe-master\BoomMe-master\src\me\boom\Tile.java,me.boom.Tile,setShape/1[java.awt.Shape],shape,3
E:\OOD\main\BoomMe-master\BoomMe-master\src\me\boom\Game.java,me.boom.Game,renderGraphics/1[java.awt.Graphics2D],tiles,1
E:\OOD\main\BoomMe-master\BoomMe-master\src\me\boom\Game.java,me.boom.Game,renderGraphics/1[java.awt.Graphics2D],background,1
E:\OOD\main\BoomMe-master\BoomMe-master\src\me\boom\Game.java,me.boom.Game,renderGraphics/1[java.awt.Graphics2D],bomb,1
E:\OOD\main\BoomMe-master\BoomMe-master\src\me\boom\Game.java,me.boom.Game,renderGraphics/1[java.awt.Graphics2D],player,1
E:\OOD\main\BoomMe-master\BoomMe-master\src\me\boom\Game.java,me.boom.Game,loadTiles/0,tiles,1
E:\OOD\main\BoomMe-master\BoomMe-master\src\me\boom\Game.java,me.boom.Game,loadTiles/0,LIVES_COUNTER,1
E:\OOD\main\BoomMe-master\BoomMe-master\src\me\boom\Game.java,me.boom.Game,loadTiles/0,bitMap,5
E:\OOD\main\BoomMe-master\BoomMe-master\src\me\boom\Game.java,me.boom.Game,loadTiles/0,windowHeight,1
E:\OOD\main\BoomMe-master\BoomMe-master\src\me\boom\Game.java,me.boom.Game,loadTiles/0,windowWidth,1
E:\OOD\main\BoomMe-master\BoomMe-master\src\me\boom\Game.java,me.boom.Game,loadTiles/0,player,1
E:\OOD\main\BoomMe-master\BoomMe-master\src\me\boom\Game.java,me.boom.Game,"Game/3[int,int,java.lang.String[][]]",tiles,1
E:\OOD\main\BoomMe-master\BoomMe-master\src\me\boom\Game.java,me.boom.Game,"Game/3[int,int,java.lang.String[][]]",background,1
E:\OOD\main\BoomMe-master\BoomMe-master\src\me\boom\Game.java,me.boom.Game,"Game/3[int,int,java.lang.String[][]]",bitMap,3
E:\OOD\main\BoomMe-master\BoomMe-master\src\me\boom\Game.java,me.boom.Game,"Game/3[int,int,java.lang.String[][]]",windowHeight,1
E:\OOD\main\BoomMe-master\BoomMe-master\src\me\boom\Game.java,me.boom.Game,"Game/3[int,int,java.lang.String[][]]",windowWidth,1
E:\OOD\main\BoomMe-master\BoomMe-master\src\me\boom\Game.java,me.boom.Game,handleWindowInit/0,UPDATE_RATE,1
E:\OOD\main\BoomMe-master\BoomMe-master\src\me\boom\Game.java,me.boom.Game,handleMovement/0,speedY,2
E:\OOD\main\BoomMe-master\BoomMe-master\src\me\boom\Game.java,me.boom.Game,handleMovement/0,gravity,1
E:\OOD\main\BoomMe-master\BoomMe-master\src\me\boom\Game.java,me.boom.Game,handleMovement/0,speedX,1
E:\OOD\main\BoomMe-master\BoomMe-master\src\me\boom\Game.java,me.boom.Game,handleMovement/0,angle,2
E:\OOD\main\BoomMe-master\BoomMe-master\src\me\boom\Game.java,me.boom.Game,handleMovement/0,player,4
E:\OOD\main\BoomMe-master\BoomMe-master\src\me\boom\Game.java,me.boom.Game,setSpeed/0,speedY,1
E:\OOD\main\BoomMe-master\BoomMe-master\src\me\boom\Game.java,me.boom.Game,setSpeed/0,speedX,1
E:\OOD\main\BoomMe-master\BoomMe-master\src\me\boom\Game.java,me.boom.Game,runDeathAnimation/0,deathFrame,1
E:\OOD\main\BoomMe-master\BoomMe-master\src\me\boom\Game.java,me.boom.Game,runDeathAnimation/0,deathFrameTiles,4
E:\OOD\main\BoomMe-master\BoomMe-master\src\me\boom\Game.java,me.boom.Game,setAngle/0,gravity,2
E:\OOD\main\BoomMe-master\BoomMe-master\src\me\boom\Game.java,me.boom.Game,setAngle/0,angle,6
E:\OOD\main\BoomMe-master\BoomMe-master\src\me\boom\Game.java,me.boom.Game,setAngle/0,bombY,1
E:\OOD\main\BoomMe-master\BoomMe-master\src\me\boom\Game.java,me.boom.Game,setAngle/0,player,4
E:\OOD\main\BoomMe-master\BoomMe-master\src\me\boom\Game.java,me.boom.Game,setAngle/0,bombX,1
E:\OOD\main\BoomMe-master\BoomMe-master\src\me\boom\Game.java,me.boom.Game,handleBoom/0,bomb,1
E:\OOD\main\BoomMe-master\BoomMe-master\src\me\boom\Game.java,me.boom.Game,handleBoom/0,player,2
E:\OOD\main\BoomMe-master\BoomMe-master\src\me\boom\Game.java,me.boom.Game,"handleCollision/2[double,double]",tiles,1
E:\OOD\main\BoomMe-master\BoomMe-master\src\me\boom\Game.java,me.boom.Game,"handleCollision/2[double,double]",speedY,3
E:\OOD\main\BoomMe-master\BoomMe-master\src\me\boom\Game.java,me.boom.Game,"handleCollision/2[double,double]",gravity,5
E:\OOD\main\BoomMe-master\BoomMe-master\src\me\boom\Game.java,me.boom.Game,"handleCollision/2[double,double]",speedX,4
E:\OOD\main\BoomMe-master\BoomMe-master\src\me\boom\Game.java,me.boom.Game,"handleCollision/2[double,double]",angle,16
E:\OOD\main\BoomMe-master\BoomMe-master\src\me\boom\Game.java,me.boom.Game,"handleCollision/2[double,double]",player,21
E:\OOD\main\BoomMe-master\BoomMe-master\src\me\boom\Game.java,me.boom.Game,"render/3[java.awt.Graphics2D,int,int]",deathFrame,3
E:\OOD\main\BoomMe-master\BoomMe-master\src\me\boom\Game.java,me.boom.Game,"render/3[java.awt.Graphics2D,int,int]",deathFrameTiles,1
E:\OOD\main\BoomMe-master\BoomMe-master\src\me\boom\Game.java,me.boom.Game,"render/3[java.awt.Graphics2D,int,int]",player,1
E:\OOD\main\BoomMe-master\BoomMe-master\src\me\boom\Game.java,me.boom.Game,getInstance/0,instance,4
E:\OOD\main\BoomMe-master\BoomMe-master\src\me\boom\Game.java,me.boom.Game,update/0,UPDATE_RATE,1
E:\OOD\main\BoomMe-master\BoomMe-master\src\me\boom\Game.java,me.boom.Game,update/0,DEFAULT_BOMB_WIDTH,2
E:\OOD\main\BoomMe-master\BoomMe-master\src\me\boom\Game.java,me.boom.Game,update/0,bomb,7
E:\OOD\main\BoomMe-master\BoomMe-master\src\me\boom\Game.java,me.boom.Game,update/0,DEFAULT_BOMB_HEIGHT,2
E:\OOD\main\BoomMe-master\BoomMe-master\src\me\boom\Game.java,me.boom.Game,update/0,bombY,1
E:\OOD\main\BoomMe-master\BoomMe-master\src\me\boom\Game.java,me.boom.Game,update/0,player,3
E:\OOD\main\BoomMe-master\BoomMe-master\src\me\boom\Game.java,me.boom.Game,update/0,bombX,1
E:\OOD\main\BoomMe-master\BoomMe-master\src\me\boom\Game.java,me.boom.Game,bombExists/0,bomb,1
E:\OOD\main\BoomMe-master\BoomMe-master\src\me\boom\DeathFrameTile.java,me.boom.DeathFrameTile,render/1[java.awt.Graphics2D],image,1
E:\OOD\main\BoomMe-master\BoomMe-master\src\me\boom\DeathFrameTile.java,me.boom.DeathFrameTile,render/1[java.awt.Graphics2D],x,1
E:\OOD\main\BoomMe-master\BoomMe-master\src\me\boom\DeathFrameTile.java,me.boom.DeathFrameTile,render/1[java.awt.Graphics2D],y,1
E:\OOD\main\BoomMe-master\BoomMe-master\src\me\boom\DeathFrameTile.java,me.boom.DeathFrameTile,render/1[java.awt.Graphics2D],WIDTH,1
E:\OOD\main\BoomMe-master\BoomMe-master\src\me\boom\DeathFrameTile.java,me.boom.DeathFrameTile,render/1[java.awt.Graphics2D],HEIGHT,1
E:\OOD\main\BoomMe-master\BoomMe-master\src\me\boom\DeathFrameTile.java,me.boom.DeathFrameTile,"DeathFrameTile/3[java.awt.image.BufferedImage,int,int]",image,1
E:\OOD\main\BoomMe-master\BoomMe-master\src\me\boom\DeathFrameTile.java,me.boom.DeathFrameTile,"DeathFrameTile/3[java.awt.image.BufferedImage,int,int]",dY,1
E:\OOD\main\BoomMe-master\BoomMe-master\src\me\boom\DeathFrameTile.java,me.boom.DeathFrameTile,"DeathFrameTile/3[java.awt.image.BufferedImage,int,int]",x,3
E:\OOD\main\BoomMe-master\BoomMe-master\src\me\boom\DeathFrameTile.java,me.boom.DeathFrameTile,"DeathFrameTile/3[java.awt.image.BufferedImage,int,int]",y,3
E:\OOD\main\BoomMe-master\BoomMe-master\src\me\boom\DeathFrameTile.java,me.boom.DeathFrameTile,getY/0,y,1
E:\OOD\main\BoomMe-master\BoomMe-master\src\me\boom\DeathFrameTile.java,me.boom.DeathFrameTile,update/0,dY,2
E:\OOD\main\BoomMe-master\BoomMe-master\src\me\boom\DeathFrameTile.java,me.boom.DeathFrameTile,update/0,y,1
E:\OOD\main\BoomMe-master\BoomMe-master\src\me\boom\Bomb.java,me.boom.Bomb,handleCountdown/0,updateRate,1
E:\OOD\main\BoomMe-master\BoomMe-master\src\me\boom\Bomb.java,me.boom.Bomb,handleCountdown/0,explodeCountdown,2
E:\OOD\main\BoomMe-master\BoomMe-master\src\me\boom\Bomb.java,me.boom.Bomb,handleCountdown/0,countdownTile,23
E:\OOD\main\BoomMe-master\BoomMe-master\src\me\boom\Bomb.java,me.boom.Bomb,sizeUp/0,BOMB_CHANGING_FACTOR,4
E:\OOD\main\BoomMe-master\BoomMe-master\src\me\boom\Bomb.java,me.boom.Bomb,render/1[java.awt.Graphics2D],sparks,1
E:\OOD\main\BoomMe-master\BoomMe-master\src\me\boom\Bomb.java,me.boom.Bomb,render/1[java.awt.Graphics2D],explodeCountdownStart,1
E:\OOD\main\BoomMe-master\BoomMe-master\src\me\boom\Bomb.java,me.boom.Bomb,render/1[java.awt.Graphics2D],explodeCountdown,1
E:\OOD\main\BoomMe-master\BoomMe-master\src\me\boom\Bomb.java,me.boom.Bomb,render/1[java.awt.Graphics2D],countdownTile,5
E:\OOD\main\BoomMe-master\BoomMe-master\src\me\boom\Bomb.java,me.boom.Bomb,isTimeToChange/0,bombChangingCount,1
E:\OOD\main\BoomMe-master\BoomMe-master\src\me\boom\Bomb.java,me.boom.Bomb,increaseBombChangingCount/0,bombChangingCount,1
E:\OOD\main\BoomMe-master\BoomMe-master\src\me\boom\Bomb.java,me.boom.Bomb,toggleGrowing/0,growing,2
E:\OOD\main\BoomMe-master\BoomMe-master\src\me\boom\Bomb.java,me.boom.Bomb,update/0,updateRate,1
E:\OOD\main\BoomMe-master\BoomMe-master\src\me\boom\Bomb.java,me.boom.Bomb,update/0,sparks,1
E:\OOD\main\BoomMe-master\BoomMe-master\src\me\boom\Bomb.java,me.boom.Bomb,update/0,explodeCountdown,2
E:\OOD\main\BoomMe-master\BoomMe-master\src\me\boom\Bomb.java,me.boom.Bomb,"Bomb/7[java.lang.String,int,int,int,int,int,int]",growing,1
E:\OOD\main\BoomMe-master\BoomMe-master\src\me\boom\Bomb.java,me.boom.Bomb,"Bomb/7[java.lang.String,int,int,int,int,int,int]",updateRate,4
E:\OOD\main\BoomMe-master\BoomMe-master\src\me\boom\Bomb.java,me.boom.Bomb,"Bomb/7[java.lang.String,int,int,int,int,int,int]",sparks,2
E:\OOD\main\BoomMe-master\BoomMe-master\src\me\boom\Bomb.java,me.boom.Bomb,"Bomb/7[java.lang.String,int,int,int,int,int,int]",explodeCountdownStart,1
E:\OOD\main\BoomMe-master\BoomMe-master\src\me\boom\Bomb.java,me.boom.Bomb,"Bomb/7[java.lang.String,int,int,int,int,int,int]",explodeCountdown,1
E:\OOD\main\BoomMe-master\BoomMe-master\src\me\boom\Bomb.java,me.boom.Bomb,"Bomb/7[java.lang.String,int,int,int,int,int,int]",SPARKS_MAX,2
E:\OOD\main\BoomMe-master\BoomMe-master\src\me\boom\Bomb.java,me.boom.Bomb,"Bomb/7[java.lang.String,int,int,int,int,int,int]",bombChangingCount,3
E:\OOD\main\BoomMe-master\BoomMe-master\src\me\boom\Bomb.java,me.boom.Bomb,changeSize/0,BOMB_CHANGING_LIMIT,1
E:\OOD\main\BoomMe-master\BoomMe-master\src\me\boom\Bomb.java,me.boom.Bomb,changeSize/0,bombChangingCount,2
E:\OOD\main\BoomMe-master\BoomMe-master\src\me\boom\Bomb.java,me.boom.Bomb,sizeDown/0,BOMB_CHANGING_FACTOR,4
E:\OOD\main\BoomMe-master\BoomMe-master\src\me\boom\Bomb.java,me.boom.Bomb,isTimeToExplode/0,explodeCountdown,1
E:\OOD\main\BoomMe-master\BoomMe-master\src\me\boom\Bomb.java,me.boom.Bomb,isGrowing/0,growing,1
E:\OOD\main\BoomMe-master\BoomMe-master\src\me\boom\Bomb.java,me.boom.Bomb,shakeBomb/1[int],explodeCountdown,3
E:\OOD\main\BoomMe-master\BoomMe-master\src\me\boom\Bomb.java,me.boom.Bomb,shakeBomb/1[int],shakeX,3
E:\OOD\main\BoomMe-master\BoomMe-master\src\me\boom\Bomb.java,me.boom.Bomb,shakeBomb/1[int],shakeY,3
E:\OOD\main\BoomMe-master\BoomMe-master\src\me\boom\Bomb.java,me.boom.Bomb,shakeBomb/1[int],shakeCount,9
E:\OOD\main\BoomMe-master\BoomMe-master\src\me\boom\Bomb.java,me.boom.Bomb,"generateSparks/5[float,float,float,int,int]",sparks,1
