file,class,method,constructor,line,cbo,cboModified,fanin,fanout,wmc,rfc,loc,returnsQty,variablesQty,parametersQty,methodsInvokedQty,methodsInvokedLocalQty,methodsInvokedIndirectLocalQty,loopQty,comparisonsQty,tryCatchQty,parenthesizedExpsQty,stringLiteralsQty,numbersQty,assignmentsQty,mathOperationsQty,maxNestedBlocksQty,anonymousClassesQty,innerClassesQty,lambdasQty,uniqueWordsQty,modifiers,logStatementsQty,hasJavaDoc
E:\OOD\main\BoomMe-master\BoomMe-master\src\me\boom\Spark.java,me.boom.Spark,render/1[java.awt.Graphics2D],false,13,0,1,1,0,2,2,6,0,0,1,2,0,0,0,0,0,2,0,1,0,2,1,0,0,0,4,1,0,false
E:\OOD\main\BoomMe-master\BoomMe-master\src\me\boom\Spark.java,me.boom.Spark,"reGenerate/4[float,float,float,int]",false,32,0,1,1,0,1,3,9,0,2,4,3,0,0,0,0,0,3,0,3,7,7,0,0,0,0,8,1,0,false
E:\OOD\main\BoomMe-master\BoomMe-master\src\me\boom\Spark.java,me.boom.Spark,update/0,false,20,0,1,1,0,2,0,10,0,0,0,0,0,0,0,0,0,0,0,4,5,0,1,0,0,0,1,1,0,false
E:\OOD\main\BoomMe-master\BoomMe-master\src\me\boom\Player.java,me.boom.Player,"Player/6[java.lang.String,int,int,int,int,int]",true,37,2,3,1,2,2,2,16,0,2,6,2,1,1,1,0,0,0,1,6,10,1,1,0,0,0,28,1,0,false
E:\OOD\main\BoomMe-master\BoomMe-master\src\me\boom\Player.java,me.boom.Player,disableRotation/0,false,150,0,2,2,0,1,0,3,0,0,0,0,0,0,0,0,0,0,0,0,1,0,0,0,0,0,3,1,0,false
E:\OOD\main\BoomMe-master\BoomMe-master\src\me\boom\Player.java,me.boom.Player,getImage/0,false,163,0,1,1,0,2,1,7,2,1,0,1,0,0,0,0,0,0,0,1,1,0,1,0,0,0,8,1,0,false
E:\OOD\main\BoomMe-master\BoomMe-master\src\me\boom\Player.java,me.boom.Player,update/0,false,79,1,2,0,2,1,2,4,0,0,0,2,2,2,0,0,0,0,0,0,0,0,0,0,0,0,4,1,0,false
E:\OOD\main\BoomMe-master\BoomMe-master\src\me\boom\Player.java,me.boom.Player,loadWarningImage/0,false,56,1,1,1,0,4,8,17,0,5,0,8,0,0,2,1,0,0,0,11,9,0,3,0,0,0,9,2,0,false
E:\OOD\main\BoomMe-master\BoomMe-master\src\me\boom\Player.java,me.boom.Player,render/1[java.awt.Graphics2D],false,84,2,6,0,6,3,9,9,0,0,1,9,1,1,1,0,0,0,0,1,0,0,1,0,0,0,10,1,0,false
E:\OOD\main\BoomMe-master\BoomMe-master\src\me\boom\Player.java,me.boom.Player,checkDeath/0,false,101,3,6,1,5,3,9,11,0,0,0,9,1,1,0,0,0,0,0,1,1,1,2,0,0,0,7,2,0,false
E:\OOD\main\BoomMe-master\BoomMe-master\src\me\boom\Player.java,me.boom.Player,updateTransformation/0,false,116,1,5,1,4,4,7,20,0,1,0,7,0,0,0,1,0,1,0,8,5,5,2,0,0,0,20,2,0,false
E:\OOD\main\BoomMe-master\BoomMe-master\src\me\boom\Player.java,me.boom.Player,enableRotation/1[int],false,144,0,1,1,0,1,0,5,0,0,1,0,0,0,0,0,0,0,0,0,3,0,0,0,0,0,7,1,0,false
E:\OOD\main\BoomMe-master\BoomMe-master\src\me\boom\Player.java,me.boom.Player,isDeath/0,false,154,0,2,2,0,1,0,3,1,0,0,0,0,0,0,0,0,0,0,0,0,0,0,0,0,0,2,1,0,false
E:\OOD\main\BoomMe-master\BoomMe-master\src\me\boom\Player.java,me.boom.Player,hit/0,false,158,0,1,1,0,1,0,3,0,0,0,0,0,0,0,0,0,0,0,0,1,0,0,0,0,0,18,1,0,false
E:\OOD\main\BoomMe-master\BoomMe-master\src\me\boom\Tile.java,me.boom.Tile,getWidth/0,false,58,0,9,9,0,1,0,3,1,0,0,0,0,0,0,0,0,0,0,0,0,0,0,0,0,0,3,1,0,false
E:\OOD\main\BoomMe-master\BoomMe-master\src\me\boom\Tile.java,me.boom.Tile,render/1[java.awt.Graphics2D],false,102,0,1,1,0,1,0,2,0,0,1,0,0,0,0,0,0,0,0,0,0,0,0,0,0,0,4,1,0,false
E:\OOD\main\BoomMe-master\BoomMe-master\src\me\boom\Tile.java,me.boom.Tile,"Tile/6[java.lang.String,int,int,int,int,me.boom.TileType]",true,23,1,3,3,0,2,2,12,0,0,6,2,0,0,0,1,0,0,2,0,7,1,1,0,0,0,11,1,0,false
E:\OOD\main\BoomMe-master\BoomMe-master\src\me\boom\Tile.java,me.boom.Tile,setHeight/1[int],false,82,0,3,3,0,1,0,3,0,0,1,0,0,0,0,0,0,0,0,0,1,0,0,0,0,0,3,1,0,false
E:\OOD\main\BoomMe-master\BoomMe-master\src\me\boom\Tile.java,me.boom.Tile,getHeight/0,false,62,0,10,10,0,1,0,3,1,0,0,0,0,0,0,0,0,0,0,0,0,0,0,0,0,0,3,1,0,false
E:\OOD\main\BoomMe-master\BoomMe-master\src\me\boom\Tile.java,me.boom.Tile,update/0,false,106,0,1,1,0,1,0,2,0,0,0,0,0,0,0,0,0,0,0,0,0,0,0,0,0,0,1,1,0,false
E:\OOD\main\BoomMe-master\BoomMe-master\src\me\boom\Tile.java,me.boom.Tile,getImage/0,false,46,0,3,3,0,1,0,3,1,0,0,0,0,0,0,0,0,0,0,0,0,0,0,0,0,0,4,1,0,false
E:\OOD\main\BoomMe-master\BoomMe-master\src\me\boom\Tile.java,me.boom.Tile,getY/0,false,54,0,13,13,0,1,0,3,1,0,0,0,0,0,0,0,0,0,0,0,0,0,0,0,0,0,3,1,0,false
E:\OOD\main\BoomMe-master\BoomMe-master\src\me\boom\Tile.java,me.boom.Tile,setImage/1[java.awt.image.BufferedImage],false,66,0,0,0,0,1,0,3,0,0,1,0,0,0,0,0,0,0,0,0,1,0,0,0,0,0,4,1,0,false
E:\OOD\main\BoomMe-master\BoomMe-master\src\me\boom\Tile.java,me.boom.Tile,setX/1[int],false,70,0,7,7,0,1,0,3,0,0,1,0,0,0,0,0,0,0,0,0,1,0,0,0,0,0,3,1,0,false
E:\OOD\main\BoomMe-master\BoomMe-master\src\me\boom\Tile.java,me.boom.Tile,getType/0,false,86,1,2,2,0,1,0,3,1,0,0,0,0,0,0,0,0,0,0,0,0,0,0,0,0,0,4,1,0,false
E:\OOD\main\BoomMe-master\BoomMe-master\src\me\boom\Tile.java,me.boom.Tile,getX/0,false,50,0,13,13,0,1,0,3,1,0,0,0,0,0,0,0,0,0,0,0,0,0,0,0,0,0,3,1,0,false
E:\OOD\main\BoomMe-master\BoomMe-master\src\me\boom\Tile.java,me.boom.Tile,setType/1[me.boom.TileType],false,90,1,0,0,0,1,0,3,0,0,1,0,0,0,0,0,0,0,0,0,1,0,0,0,0,0,4,1,0,false
E:\OOD\main\BoomMe-master\BoomMe-master\src\me\boom\Tile.java,me.boom.Tile,"Tile/5[java.lang.String,int,int,int,int]",true,42,0,0,0,0,1,0,3,0,0,5,0,0,0,0,0,0,0,0,0,0,0,0,0,0,0,2,1,0,false
E:\OOD\main\BoomMe-master\BoomMe-master\src\me\boom\Tile.java,me.boom.Tile,getShape/0,false,94,0,1,1,0,1,0,3,1,0,0,0,0,0,0,0,0,0,0,0,0,0,0,0,0,0,3,1,0,false
E:\OOD\main\BoomMe-master\BoomMe-master\src\me\boom\Tile.java,me.boom.Tile,setY/1[int],false,74,0,7,7,0,1,0,3,0,0,1,0,0,0,0,0,0,0,0,0,1,0,0,0,0,0,3,1,0,false
E:\OOD\main\BoomMe-master\BoomMe-master\src\me\boom\Tile.java,me.boom.Tile,setWidth/1[int],false,78,0,3,3,0,1,0,3,0,0,1,0,0,0,0,0,0,0,0,0,1,0,0,0,0,0,3,1,0,false
E:\OOD\main\BoomMe-master\BoomMe-master\src\me\boom\Tile.java,me.boom.Tile,setShape/1[java.awt.Shape],false,98,0,0,0,0,1,0,3,0,0,1,0,0,0,0,0,0,0,0,0,1,0,0,0,0,0,3,1,0,false
E:\OOD\main\BoomMe-master\BoomMe-master\src\me\boom\Main.java,me.boom.Main,main/1[java.lang.String[]],false,21,1,1,0,1,1,2,4,0,1,1,2,0,0,0,0,0,0,0,0,1,0,0,0,0,0,4,9,0,false
E:\OOD\main\BoomMe-master\BoomMe-master\src\me\boom\Game.java,me.boom.Game,renderGraphics/1[java.awt.Graphics2D],false,128,3,9,1,8,3,10,10,0,0,1,10,1,1,1,0,0,0,0,2,0,0,1,0,0,0,9,2,0,false
E:\OOD\main\BoomMe-master\BoomMe-master\src\me\boom\Game.java,me.boom.Game,loadTiles/0,false,73,2,3,1,2,5,2,20,0,8,0,2,0,0,2,0,0,0,7,3,9,8,4,0,0,0,12,2,0,false
E:\OOD\main\BoomMe-master\BoomMe-master\src\me\boom\Game.java,me.boom.Game,"Game/3[int,int,java.lang.String[][]]",true,48,1,1,1,0,1,1,8,0,0,3,1,0,0,0,0,0,0,2,0,5,0,0,0,0,0,6,4,0,false
E:\OOD\main\BoomMe-master\BoomMe-master\src\me\boom\Game.java,me.boom.Game,"handleMouseDown/3[int,int,me.boom.GFMouseButton]",false,215,1,0,0,0,1,0,2,0,0,3,0,0,0,0,0,0,0,0,0,0,0,0,0,0,0,5,1,0,false
E:\OOD\main\BoomMe-master\BoomMe-master\src\me\boom\Game.java,me.boom.Game,handleWindowInit/0,false,100,1,1,0,1,1,3,5,0,0,0,3,1,1,0,0,0,0,0,0,0,0,0,0,0,0,18,1,0,false
E:\OOD\main\BoomMe-master\BoomMe-master\src\me\boom\Game.java,me.boom.Game,handleKeyUp/1[int],false,235,0,0,0,0,1,0,2,0,0,1,0,0,0,0,0,0,0,0,0,0,0,0,0,0,0,4,1,0,false
E:\OOD\main\BoomMe-master\BoomMe-master\src\me\boom\Game.java,me.boom.Game,handleMovement/0,false,271,2,6,1,5,2,7,9,0,2,0,7,1,1,0,0,0,4,0,0,3,4,1,0,0,0,9,1,0,false
E:\OOD\main\BoomMe-master\BoomMe-master\src\me\boom\Game.java,me.boom.Game,setSpeed/0,false,266,0,1,1,0,1,0,4,0,0,0,0,0,0,0,0,0,0,0,2,2,0,0,0,0,0,5,1,0,false
E:\OOD\main\BoomMe-master\BoomMe-master\src\me\boom\Game.java,me.boom.Game,runDeathAnimation/0,false,180,2,5,1,4,8,9,26,0,6,0,9,1,1,4,0,0,4,0,2,7,4,3,0,0,0,24,2,0,false
E:\OOD\main\BoomMe-master\BoomMe-master\src\me\boom\Game.java,me.boom.Game,setAngle/0,false,247,1,5,1,4,3,6,12,0,0,0,6,0,0,0,0,0,4,0,7,6,6,1,0,0,0,7,1,0,false
E:\OOD\main\BoomMe-master\BoomMe-master\src\me\boom\Game.java,me.boom.Game,handleBoom/0,false,239,3,5,1,4,2,5,6,0,0,0,5,2,1,0,0,0,2,0,0,1,0,0,0,0,0,12,1,0,false
E:\OOD\main\BoomMe-master\BoomMe-master\src\me\boom\Game.java,me.boom.Game,"handleCollision/2[double,double]",false,285,2,10,1,9,17,11,61,2,1,2,11,0,0,1,0,0,3,0,28,19,25,5,0,0,0,17,2,0,false
E:\OOD\main\BoomMe-master\BoomMe-master\src\me\boom\Game.java,me.boom.Game,closeGame/0,false,359,0,1,1,0,1,2,3,0,0,0,2,0,0,0,0,0,0,0,0,0,0,0,0,0,0,4,1,0,false
E:\OOD\main\BoomMe-master\BoomMe-master\src\me\boom\Game.java,me.boom.Game,"render/3[java.awt.Graphics2D,int,int]",false,107,3,3,0,3,4,6,15,0,0,3,6,1,2,1,1,0,1,0,0,2,0,2,0,0,0,18,1,0,false
E:\OOD\main\BoomMe-master\BoomMe-master\src\me\boom\Game.java,me.boom.Game,getInstance/0,false,60,2,4,2,2,3,1,11,1,1,0,1,0,0,0,2,0,0,1,2,2,0,3,0,0,0,7,9,0,false
E:\OOD\main\BoomMe-master\BoomMe-master\src\me\boom\Game.java,me.boom.Game,update/0,false,148,4,11,0,11,6,13,25,0,0,0,13,3,4,0,2,0,2,1,3,3,4,3,0,0,0,34,1,0,false
E:\OOD\main\BoomMe-master\BoomMe-master\src\me\boom\Game.java,me.boom.Game,handleWindowDestroy/0,false,210,0,0,0,0,1,0,2,0,0,0,0,0,0,0,0,0,0,0,0,0,0,0,0,0,0,3,1,0,false
E:\OOD\main\BoomMe-master\BoomMe-master\src\me\boom\Game.java,me.boom.Game,"handleMouseUp/3[int,int,me.boom.GFMouseButton]",false,220,1,0,0,0,1,0,2,0,0,3,0,0,0,0,0,0,0,0,0,0,0,0,0,0,0,5,1,0,false
E:\OOD\main\BoomMe-master\BoomMe-master\src\me\boom\Game.java,me.boom.Game,"handleMouseMove/2[int,int]",false,225,0,0,0,0,1,0,2,0,0,2,0,0,0,0,0,0,0,0,0,0,0,0,0,0,0,4,1,0,false
E:\OOD\main\BoomMe-master\BoomMe-master\src\me\boom\Game.java,me.boom.Game,bombExists/0,false,143,0,1,1,0,2,0,3,1,0,0,0,0,0,0,1,0,0,0,0,0,0,0,0,0,0,3,1,0,false
E:\OOD\main\BoomMe-master\BoomMe-master\src\me\boom\Game.java,me.boom.Game,handleKeyDown/1[int],false,230,0,0,0,0,1,0,2,0,0,1,0,0,0,0,0,0,0,0,0,0,0,0,0,0,0,4,1,0,false
E:\OOD\main\BoomMe-master\BoomMe-master\src\me\boom\DeathFrameTile.java,me.boom.DeathFrameTile,render/1[java.awt.Graphics2D],false,29,0,1,1,0,1,1,3,0,0,1,1,0,0,0,0,0,0,0,0,0,0,0,0,0,0,4,1,0,false
E:\OOD\main\BoomMe-master\BoomMe-master\src\me\boom\DeathFrameTile.java,me.boom.DeathFrameTile,"DeathFrameTile/3[java.awt.image.BufferedImage,int,int]",true,16,0,1,1,0,1,1,6,0,0,3,1,0,0,0,0,0,1,0,1,4,1,0,0,0,0,8,1,0,false
E:\OOD\main\BoomMe-master\BoomMe-master\src\me\boom\DeathFrameTile.java,me.boom.DeathFrameTile,getY/0,false,33,0,1,1,0,1,0,3,1,0,0,0,0,0,0,0,0,0,0,0,0,0,0,0,0,0,3,1,0,false
E:\OOD\main\BoomMe-master\BoomMe-master\src\me\boom\DeathFrameTile.java,me.boom.DeathFrameTile,update/0,false,24,0,1,1,0,1,0,4,0,0,0,0,0,0,0,0,0,0,0,1,2,0,0,0,0,0,1,1,0,false
E:\OOD\main\BoomMe-master\BoomMe-master\src\me\maps\MapLoader.java,me.maps.MapLoader,loadFromFile/1[java.lang.String],false,10,0,1,1,0,3,6,16,1,5,1,6,0,0,1,0,1,0,1,3,6,0,2,0,0,0,15,9,0,false
E:\OOD\main\BoomMe-master\BoomMe-master\src\me\boom\Bomb.java,me.boom.Bomb,handleCountdown/0,false,112,2,12,1,11,16,11,42,0,5,0,11,1,1,0,6,0,2,5,17,10,21,2,0,0,0,13,2,0,false
E:\OOD\main\BoomMe-master\BoomMe-master\src\me\boom\Bomb.java,me.boom.Bomb,sizeUp/0,false,200,1,9,1,8,1,8,6,0,0,0,8,0,0,0,0,0,0,0,2,0,6,0,0,0,0,15,1,0,false
E:\OOD\main\BoomMe-master\BoomMe-master\src\me\boom\Bomb.java,me.boom.Bomb,render/1[java.awt.Graphics2D],false,76,2,7,1,6,3,7,9,0,0,1,7,0,0,1,0,0,0,0,0,0,0,1,0,0,0,7,1,0,false
E:\OOD\main\BoomMe-master\BoomMe-master\src\me\boom\Bomb.java,me.boom.Bomb,isTimeToChange/0,false,58,0,1,1,0,2,0,3,1,0,0,0,0,0,0,1,0,0,0,2,0,1,0,0,0,0,17,1,0,true
E:\OOD\main\BoomMe-master\BoomMe-master\src\me\boom\Bomb.java,me.boom.Bomb,increaseBombChangingCount/0,false,196,0,1,1,0,1,0,3,0,0,0,0,0,0,0,0,0,0,0,0,0,0,0,0,0,0,4,1,0,false
E:\OOD\main\BoomMe-master\BoomMe-master\src\me\boom\Bomb.java,me.boom.Bomb,toggleGrowing/0,false,219,0,1,1,0,1,0,3,0,0,0,0,0,0,0,0,0,0,0,0,1,0,0,0,0,0,2,1,0,false
E:\OOD\main\BoomMe-master\BoomMe-master\src\me\boom\Bomb.java,me.boom.Bomb,update/0,false,63,3,8,1,7,3,7,10,0,0,0,7,3,2,1,0,0,0,0,4,0,5,1,0,0,0,8,1,0,false
E:\OOD\main\BoomMe-master\BoomMe-master\src\me\boom\Bomb.java,me.boom.Bomb,"Bomb/7[java.lang.String,int,int,int,int,int,int]",true,38,1,2,1,1,2,0,11,0,1,7,0,0,0,1,0,0,0,0,2,8,1,1,0,0,0,17,1,0,false
E:\OOD\main\BoomMe-master\BoomMe-master\src\me\boom\Bomb.java,me.boom.Bomb,changeSize/0,false,223,1,6,1,5,4,5,14,0,0,0,5,5,1,0,0,0,0,0,1,1,0,2,0,0,0,14,1,0,false
E:\OOD\main\BoomMe-master\BoomMe-master\src\me\boom\Bomb.java,me.boom.Bomb,sizeDown/0,false,207,1,9,1,8,1,8,6,0,0,0,8,0,0,0,0,0,0,0,2,0,6,0,0,0,0,15,1,0,false
E:\OOD\main\BoomMe-master\BoomMe-master\src\me\boom\Bomb.java,me.boom.Bomb,isTimeToExplode/0,false,107,0,2,2,0,2,0,3,1,0,0,0,0,0,0,1,0,0,0,1,0,0,0,0,0,0,4,1,0,false
E:\OOD\main\BoomMe-master\BoomMe-master\src\me\boom\Bomb.java,me.boom.Bomb,isGrowing/0,false,215,0,1,1,0,1,0,3,1,0,0,0,0,0,0,0,0,0,0,0,0,0,0,0,0,0,3,1,0,false
E:\OOD\main\BoomMe-master\BoomMe-master\src\me\boom\Bomb.java,me.boom.Bomb,shakeBomb/1[int],false,165,1,5,1,4,9,4,30,0,1,1,4,0,0,0,4,0,0,0,14,5,13,2,0,0,0,34,2,0,true
E:\OOD\main\BoomMe-master\BoomMe-master\src\me\boom\Bomb.java,me.boom.Bomb,"generateSparks/5[float,float,float,int,int]",false,96,1,2,1,1,4,1,9,1,0,5,1,0,0,1,0,0,0,0,2,0,0,3,0,0,0,12,2,0,true
