file,class,method,variable,usage
E:\OOD\main\BoomMe-master\BoomMe-master\src\me\boom\Spark.java,me.boom.Spark,render/1[java.awt.Graphics2D],g,2
E:\OOD\main\BoomMe-master\BoomMe-master\src\me\boom\Spark.java,me.boom.Spark,"reGenerate/4[float,float,float,int]",x,1
E:\OOD\main\BoomMe-master\BoomMe-master\src\me\boom\Spark.java,me.boom.Spark,"reGenerate/4[float,float,float,int]",y,1
E:\OOD\main\BoomMe-master\BoomMe-master\src\me\boom\Spark.java,me.boom.Spark,"reGenerate/4[float,float,float,int]",angle,2
E:\OOD\main\BoomMe-master\BoomMe-master\src\me\boom\Spark.java,me.boom.Spark,"reGenerate/4[float,float,float,int]",radius,1
E:\OOD\main\BoomMe-master\BoomMe-master\src\me\boom\Spark.java,me.boom.Spark,"reGenerate/4[float,float,float,int]",life,3
E:\OOD\main\BoomMe-master\BoomMe-master\src\me\boom\Spark.java,me.boom.Spark,"reGenerate/4[float,float,float,int]",speed,2
E:\OOD\main\BoomMe-master\BoomMe-master\src\me\boom\Player.java,me.boom.Player,"Player/6[java.lang.String,int,int,int,int,int]",fileName,1
E:\OOD\main\BoomMe-master\BoomMe-master\src\me\boom\Player.java,me.boom.Player,"Player/6[java.lang.String,int,int,int,int,int]",livesCounter,1
E:\OOD\main\BoomMe-master\BoomMe-master\src\me\boom\Player.java,me.boom.Player,"Player/6[java.lang.String,int,int,int,int,int]",x,2
E:\OOD\main\BoomMe-master\BoomMe-master\src\me\boom\Player.java,me.boom.Player,"Player/6[java.lang.String,int,int,int,int,int]",width,1
E:\OOD\main\BoomMe-master\BoomMe-master\src\me\boom\Player.java,me.boom.Player,"Player/6[java.lang.String,int,int,int,int,int]",y,2
E:\OOD\main\BoomMe-master\BoomMe-master\src\me\boom\Player.java,me.boom.Player,"Player/6[java.lang.String,int,int,int,int,int]",i,3
E:\OOD\main\BoomMe-master\BoomMe-master\src\me\boom\Player.java,me.boom.Player,"Player/6[java.lang.String,int,int,int,int,int]",heart,1
E:\OOD\main\BoomMe-master\BoomMe-master\src\me\boom\Player.java,me.boom.Player,"Player/6[java.lang.String,int,int,int,int,int]",height,1
E:\OOD\main\BoomMe-master\BoomMe-master\src\me\boom\Player.java,me.boom.Player,getImage/0,image,1
E:\OOD\main\BoomMe-master\BoomMe-master\src\me\boom\Player.java,me.boom.Player,loadWarningImage/0,x,4
E:\OOD\main\BoomMe-master\BoomMe-master\src\me\boom\Player.java,me.boom.Player,loadWarningImage/0,y,4
E:\OOD\main\BoomMe-master\BoomMe-master\src\me\boom\Player.java,me.boom.Player,loadWarningImage/0,source,1
E:\OOD\main\BoomMe-master\BoomMe-master\src\me\boom\Player.java,me.boom.Player,loadWarningImage/0,rgb,6
E:\OOD\main\BoomMe-master\BoomMe-master\src\me\boom\Player.java,me.boom.Player,loadWarningImage/0,target,2
E:\OOD\main\BoomMe-master\BoomMe-master\src\me\boom\Player.java,me.boom.Player,render/1[java.awt.Graphics2D],g,2
E:\OOD\main\BoomMe-master\BoomMe-master\src\me\boom\Player.java,me.boom.Player,render/1[java.awt.Graphics2D],heart,5
E:\OOD\main\BoomMe-master\BoomMe-master\src\me\boom\Player.java,me.boom.Player,updateTransformation/0,rotationAngleDirection,2
E:\OOD\main\BoomMe-master\BoomMe-master\src\me\boom\Player.java,me.boom.Player,enableRotation/1[int],leftOrRightDirection,1
E:\OOD\main\BoomMe-master\BoomMe-master\src\me\boom\Tile.java,me.boom.Tile,render/1[java.awt.Graphics2D],g,0
E:\OOD\main\BoomMe-master\BoomMe-master\src\me\boom\Tile.java,me.boom.Tile,"Tile/6[java.lang.String,int,int,int,int,me.boom.TileType]",fileName,2
E:\OOD\main\BoomMe-master\BoomMe-master\src\me\boom\Tile.java,me.boom.Tile,"Tile/6[java.lang.String,int,int,int,int,me.boom.TileType]",x,3
E:\OOD\main\BoomMe-master\BoomMe-master\src\me\boom\Tile.java,me.boom.Tile,"Tile/6[java.lang.String,int,int,int,int,me.boom.TileType]",width,3
E:\OOD\main\BoomMe-master\BoomMe-master\src\me\boom\Tile.java,me.boom.Tile,"Tile/6[java.lang.String,int,int,int,int,me.boom.TileType]",y,3
E:\OOD\main\BoomMe-master\BoomMe-master\src\me\boom\Tile.java,me.boom.Tile,"Tile/6[java.lang.String,int,int,int,int,me.boom.TileType]",type,2
E:\OOD\main\BoomMe-master\BoomMe-master\src\me\boom\Tile.java,me.boom.Tile,"Tile/6[java.lang.String,int,int,int,int,me.boom.TileType]",height,3
E:\OOD\main\BoomMe-master\BoomMe-master\src\me\boom\Tile.java,me.boom.Tile,setHeight/1[int],height,2
E:\OOD\main\BoomMe-master\BoomMe-master\src\me\boom\Tile.java,me.boom.Tile,setImage/1[java.awt.image.BufferedImage],image,2
E:\OOD\main\BoomMe-master\BoomMe-master\src\me\boom\Tile.java,me.boom.Tile,setX/1[int],x,2
E:\OOD\main\BoomMe-master\BoomMe-master\src\me\boom\Tile.java,me.boom.Tile,setType/1[me.boom.TileType],type,2
E:\OOD\main\BoomMe-master\BoomMe-master\src\me\boom\Tile.java,me.boom.Tile,"Tile/5[java.lang.String,int,int,int,int]",fileName,1
E:\OOD\main\BoomMe-master\BoomMe-master\src\me\boom\Tile.java,me.boom.Tile,"Tile/5[java.lang.String,int,int,int,int]",x,1
E:\OOD\main\BoomMe-master\BoomMe-master\src\me\boom\Tile.java,me.boom.Tile,"Tile/5[java.lang.String,int,int,int,int]",width,1
E:\OOD\main\BoomMe-master\BoomMe-master\src\me\boom\Tile.java,me.boom.Tile,"Tile/5[java.lang.String,int,int,int,int]",y,1
E:\OOD\main\BoomMe-master\BoomMe-master\src\me\boom\Tile.java,me.boom.Tile,"Tile/5[java.lang.String,int,int,int,int]",height,1
E:\OOD\main\BoomMe-master\BoomMe-master\src\me\boom\Tile.java,me.boom.Tile,setY/1[int],y,2
E:\OOD\main\BoomMe-master\BoomMe-master\src\me\boom\Tile.java,me.boom.Tile,setWidth/1[int],width,2
E:\OOD\main\BoomMe-master\BoomMe-master\src\me\boom\Tile.java,me.boom.Tile,setShape/1[java.awt.Shape],shape,2
E:\OOD\main\BoomMe-master\BoomMe-master\src\me\boom\Main.java,me.boom.Main,main/1[java.lang.String[]],args,0
E:\OOD\main\BoomMe-master\BoomMe-master\src\me\boom\Main.java,me.boom.Main,main/1[java.lang.String[]],game,1
E:\OOD\main\BoomMe-master\BoomMe-master\src\me\boom\Game.java,me.boom.Game,renderGraphics/1[java.awt.Graphics2D],g,4
E:\OOD\main\BoomMe-master\BoomMe-master\src\me\boom\Game.java,me.boom.Game,renderGraphics/1[java.awt.Graphics2D],tile,5
E:\OOD\main\BoomMe-master\BoomMe-master\src\me\boom\Game.java,me.boom.Game,loadTiles/0,columns,1
E:\OOD\main\BoomMe-master\BoomMe-master\src\me\boom\Game.java,me.boom.Game,loadTiles/0,width,4
E:\OOD\main\BoomMe-master\BoomMe-master\src\me\boom\Game.java,me.boom.Game,loadTiles/0,tile,3
E:\OOD\main\BoomMe-master\BoomMe-master\src\me\boom\Game.java,me.boom.Game,loadTiles/0,i,8
E:\OOD\main\BoomMe-master\BoomMe-master\src\me\boom\Game.java,me.boom.Game,loadTiles/0,j,7
E:\OOD\main\BoomMe-master\BoomMe-master\src\me\boom\Game.java,me.boom.Game,loadTiles/0,rows,1
E:\OOD\main\BoomMe-master\BoomMe-master\src\me\boom\Game.java,me.boom.Game,loadTiles/0,height,4
E:\OOD\main\BoomMe-master\BoomMe-master\src\me\boom\Game.java,me.boom.Game,"Game/3[int,int,java.lang.String[][]]",sizeX,2
E:\OOD\main\BoomMe-master\BoomMe-master\src\me\boom\Game.java,me.boom.Game,"Game/3[int,int,java.lang.String[][]]",bitMap,2
E:\OOD\main\BoomMe-master\BoomMe-master\src\me\boom\Game.java,me.boom.Game,"Game/3[int,int,java.lang.String[][]]",sizeY,2
E:\OOD\main\BoomMe-master\BoomMe-master\src\me\boom\Game.java,me.boom.Game,"handleMouseDown/3[int,int,me.boom.GFMouseButton]",gfMouseButton,0
E:\OOD\main\BoomMe-master\BoomMe-master\src\me\boom\Game.java,me.boom.Game,"handleMouseDown/3[int,int,me.boom.GFMouseButton]",i1,0
E:\OOD\main\BoomMe-master\BoomMe-master\src\me\boom\Game.java,me.boom.Game,"handleMouseDown/3[int,int,me.boom.GFMouseButton]",i,0
E:\OOD\main\BoomMe-master\BoomMe-master\src\me\boom\Game.java,me.boom.Game,handleKeyUp/1[int],i,0
E:\OOD\main\BoomMe-master\BoomMe-master\src\me\boom\Game.java,me.boom.Game,handleMovement/0,dX,2
E:\OOD\main\BoomMe-master\BoomMe-master\src\me\boom\Game.java,me.boom.Game,handleMovement/0,dY,2
E:\OOD\main\BoomMe-master\BoomMe-master\src\me\boom\Game.java,me.boom.Game,runDeathAnimation/0,posX,2
E:\OOD\main\BoomMe-master\BoomMe-master\src\me\boom\Game.java,me.boom.Game,runDeathAnimation/0,posY,2
E:\OOD\main\BoomMe-master\BoomMe-master\src\me\boom\Game.java,me.boom.Game,runDeathAnimation/0,aboveLine,2
E:\OOD\main\BoomMe-master\BoomMe-master\src\me\boom\Game.java,me.boom.Game,runDeathAnimation/0,bi,1
E:\OOD\main\BoomMe-master\BoomMe-master\src\me\boom\Game.java,me.boom.Game,runDeathAnimation/0,x,3
E:\OOD\main\BoomMe-master\BoomMe-master\src\me\boom\Game.java,me.boom.Game,runDeathAnimation/0,y,3
E:\OOD\main\BoomMe-master\BoomMe-master\src\me\boom\Game.java,me.boom.Game,runDeathAnimation/0,deathFrameTile,3
E:\OOD\main\BoomMe-master\BoomMe-master\src\me\boom\Game.java,me.boom.Game,"handleCollision/2[double,double]",temp,1
E:\OOD\main\BoomMe-master\BoomMe-master\src\me\boom\Game.java,me.boom.Game,"handleCollision/2[double,double]",dX,5
E:\OOD\main\BoomMe-master\BoomMe-master\src\me\boom\Game.java,me.boom.Game,"handleCollision/2[double,double]",t,19
E:\OOD\main\BoomMe-master\BoomMe-master\src\me\boom\Game.java,me.boom.Game,"handleCollision/2[double,double]",dY,5
E:\OOD\main\BoomMe-master\BoomMe-master\src\me\boom\Game.java,me.boom.Game,"render/3[java.awt.Graphics2D,int,int]",g,4
E:\OOD\main\BoomMe-master\BoomMe-master\src\me\boom\Game.java,me.boom.Game,"render/3[java.awt.Graphics2D,int,int]",i1,0
E:\OOD\main\BoomMe-master\BoomMe-master\src\me\boom\Game.java,me.boom.Game,"render/3[java.awt.Graphics2D,int,int]",i,0
E:\OOD\main\BoomMe-master\BoomMe-master\src\me\boom\Game.java,me.boom.Game,"render/3[java.awt.Graphics2D,int,int]",deathFrameTile,1
E:\OOD\main\BoomMe-master\BoomMe-master\src\me\boom\Game.java,me.boom.Game,getInstance/0,bitMap,1
E:\OOD\main\BoomMe-master\BoomMe-master\src\me\boom\Game.java,me.boom.Game,"handleMouseUp/3[int,int,me.boom.GFMouseButton]",gfMouseButton,0
E:\OOD\main\BoomMe-master\BoomMe-master\src\me\boom\Game.java,me.boom.Game,"handleMouseUp/3[int,int,me.boom.GFMouseButton]",i1,0
E:\OOD\main\BoomMe-master\BoomMe-master\src\me\boom\Game.java,me.boom.Game,"handleMouseUp/3[int,int,me.boom.GFMouseButton]",i,0
E:\OOD\main\BoomMe-master\BoomMe-master\src\me\boom\Game.java,me.boom.Game,"handleMouseMove/2[int,int]",i1,0
E:\OOD\main\BoomMe-master\BoomMe-master\src\me\boom\Game.java,me.boom.Game,"handleMouseMove/2[int,int]",i,0
E:\OOD\main\BoomMe-master\BoomMe-master\src\me\boom\Game.java,me.boom.Game,handleKeyDown/1[int],i,0
E:\OOD\main\BoomMe-master\BoomMe-master\src\me\boom\DeathFrameTile.java,me.boom.DeathFrameTile,render/1[java.awt.Graphics2D],g,1
E:\OOD\main\BoomMe-master\BoomMe-master\src\me\boom\DeathFrameTile.java,me.boom.DeathFrameTile,"DeathFrameTile/3[java.awt.image.BufferedImage,int,int]",x,2
E:\OOD\main\BoomMe-master\BoomMe-master\src\me\boom\DeathFrameTile.java,me.boom.DeathFrameTile,"DeathFrameTile/3[java.awt.image.BufferedImage,int,int]",y,2
E:\OOD\main\BoomMe-master\BoomMe-master\src\me\boom\DeathFrameTile.java,me.boom.DeathFrameTile,"DeathFrameTile/3[java.awt.image.BufferedImage,int,int]",bufferedImage,1
E:\OOD\main\BoomMe-master\BoomMe-master\src\me\maps\MapLoader.java,me.maps.MapLoader,loadFromFile/1[java.lang.String],file,1
E:\OOD\main\BoomMe-master\BoomMe-master\src\me\maps\MapLoader.java,me.maps.MapLoader,loadFromFile/1[java.lang.String],e,1
E:\OOD\main\BoomMe-master\BoomMe-master\src\me\maps\MapLoader.java,me.maps.MapLoader,loadFromFile/1[java.lang.String],line,1
E:\OOD\main\BoomMe-master\BoomMe-master\src\me\maps\MapLoader.java,me.maps.MapLoader,loadFromFile/1[java.lang.String],filePath,1
E:\OOD\main\BoomMe-master\BoomMe-master\src\me\maps\MapLoader.java,me.maps.MapLoader,loadFromFile/1[java.lang.String],bitMap,2
E:\OOD\main\BoomMe-master\BoomMe-master\src\me\maps\MapLoader.java,me.maps.MapLoader,loadFromFile/1[java.lang.String],scanner,2
E:\OOD\main\BoomMe-master\BoomMe-master\src\me\maps\MapLoader.java,me.maps.MapLoader,loadFromFile/1[java.lang.String],rows,2
E:\OOD\main\BoomMe-master\BoomMe-master\src\me\boom\Bomb.java,me.boom.Bomb,handleCountdown/0,countdownTileY,5
E:\OOD\main\BoomMe-master\BoomMe-master\src\me\boom\Bomb.java,me.boom.Bomb,handleCountdown/0,countdownTileW,6
E:\OOD\main\BoomMe-master\BoomMe-master\src\me\boom\Bomb.java,me.boom.Bomb,handleCountdown/0,countdownTileH,6
E:\OOD\main\BoomMe-master\BoomMe-master\src\me\boom\Bomb.java,me.boom.Bomb,handleCountdown/0,countdownTileX,5
E:\OOD\main\BoomMe-master\BoomMe-master\src\me\boom\Bomb.java,me.boom.Bomb,handleCountdown/0,currentNumber,4
E:\OOD\main\BoomMe-master\BoomMe-master\src\me\boom\Bomb.java,me.boom.Bomb,render/1[java.awt.Graphics2D],spark,1
E:\OOD\main\BoomMe-master\BoomMe-master\src\me\boom\Bomb.java,me.boom.Bomb,render/1[java.awt.Graphics2D],g,3
E:\OOD\main\BoomMe-master\BoomMe-master\src\me\boom\Bomb.java,me.boom.Bomb,update/0,spark,1
E:\OOD\main\BoomMe-master\BoomMe-master\src\me\boom\Bomb.java,me.boom.Bomb,"Bomb/7[java.lang.String,int,int,int,int,int,int]",fileName,1
E:\OOD\main\BoomMe-master\BoomMe-master\src\me\boom\Bomb.java,me.boom.Bomb,"Bomb/7[java.lang.String,int,int,int,int,int,int]",updateRate,3
E:\OOD\main\BoomMe-master\BoomMe-master\src\me\boom\Bomb.java,me.boom.Bomb,"Bomb/7[java.lang.String,int,int,int,int,int,int]",x,1
E:\OOD\main\BoomMe-master\BoomMe-master\src\me\boom\Bomb.java,me.boom.Bomb,"Bomb/7[java.lang.String,int,int,int,int,int,int]",width,1
E:\OOD\main\BoomMe-master\BoomMe-master\src\me\boom\Bomb.java,me.boom.Bomb,"Bomb/7[java.lang.String,int,int,int,int,int,int]",y,1
E:\OOD\main\BoomMe-master\BoomMe-master\src\me\boom\Bomb.java,me.boom.Bomb,"Bomb/7[java.lang.String,int,int,int,int,int,int]",i,3
E:\OOD\main\BoomMe-master\BoomMe-master\src\me\boom\Bomb.java,me.boom.Bomb,"Bomb/7[java.lang.String,int,int,int,int,int,int]",bombChangingCount,2
E:\OOD\main\BoomMe-master\BoomMe-master\src\me\boom\Bomb.java,me.boom.Bomb,"Bomb/7[java.lang.String,int,int,int,int,int,int]",height,1
E:\OOD\main\BoomMe-master\BoomMe-master\src\me\boom\Bomb.java,me.boom.Bomb,shakeBomb/1[int],moved,4
E:\OOD\main\BoomMe-master\BoomMe-master\src\me\boom\Bomb.java,me.boom.Bomb,shakeBomb/1[int],currentNumber,1
E:\OOD\main\BoomMe-master\BoomMe-master\src\me\boom\Bomb.java,me.boom.Bomb,"generateSparks/5[float,float,float,int,int]",cX,1
E:\OOD\main\BoomMe-master\BoomMe-master\src\me\boom\Bomb.java,me.boom.Bomb,"generateSparks/5[float,float,float,int,int]",spark,2
E:\OOD\main\BoomMe-master\BoomMe-master\src\me\boom\Bomb.java,me.boom.Bomb,"generateSparks/5[float,float,float,int,int]",cY,1
E:\OOD\main\BoomMe-master\BoomMe-master\src\me\boom\Bomb.java,me.boom.Bomb,"generateSparks/5[float,float,float,int,int]",count,2
E:\OOD\main\BoomMe-master\BoomMe-master\src\me\boom\Bomb.java,me.boom.Bomb,"generateSparks/5[float,float,float,int,int]",radius,1
E:\OOD\main\BoomMe-master\BoomMe-master\src\me\boom\Bomb.java,me.boom.Bomb,"generateSparks/5[float,float,float,int,int]",life,2
