file,class,type,cbo,cboModified,fanin,fanout,wmc,dit,noc,rfc,lcom,lcom*,tcc,lcc,totalMethodsQty,staticMethodsQty,publicMethodsQty,privateMethodsQty,protectedMethodsQty,defaultMethodsQty,visibleMethodsQty,abstractMethodsQty,finalMethodsQty,synchronizedMethodsQty,totalFieldsQty,staticFieldsQty,publicFieldsQty,privateFieldsQty,protectedFieldsQty,defaultFieldsQty,finalFieldsQty,synchronizedFieldsQty,nosi,loc,returnQty,loopQty,comparisonsQty,tryCatchQty,parenthesizedExpsQty,stringLiteralsQty,numbersQty,assignmentsQty,mathOperationsQty,variablesQty,maxNestedBlocksQty,anonymousClassesQty,innerClassesQty,lambdasQty,uniqueWordsQty,modifiers,logStatementsQty
E:\OOD\main\a-thousand-stars-master\a-thousand-stars-master\src\usefulMethods\UsefulItemMethods.java,usefulMethods.UsefulItemMethods,class,1,2,1,1,5,1,0,6,10,0.0,0.0,0.0,5,5,5,0,0,0,5,0,0,0,0,0,0,0,0,0,0,0,5,31,5,0,0,0,0,21,21,10,0,10,0,0,0,0,67,1,0
E:\OOD\main\a-thousand-stars-master\a-thousand-stars-master\src\mainPackage\Entity.java,mainPackage.Entity,class,2,9,7,2,7,1,0,0,0,0.2,NaN,NaN,1,0,1,0,0,0,1,0,0,0,15,0,14,0,0,1,0,0,0,43,0,1,5,0,0,0,2,19,0,16,3,0,0,0,32,1,0
E:\OOD\main\a-thousand-stars-master\a-thousand-stars-master\src\usefulMethods\UsefulAIMethods.java,usefulMethods.UsefulAIMethods,class,0,2,2,0,3,1,0,4,0,0.0,NaN,NaN,1,1,1,0,0,0,1,0,0,0,0,0,0,0,0,0,0,0,0,15,0,0,1,1,0,0,0,0,0,0,2,0,0,0,30,1,0
E:\OOD\main\a-thousand-stars-master\a-thousand-stars-master\src\artificialIntelligence\Player.java,artificialIntelligence.Player,class,3,4,1,3,11,1,0,2,8,0.6,0.1,0.1,5,0,5,0,0,0,5,0,0,0,1,0,1,0,0,0,0,0,2,32,0,0,4,0,0,0,4,5,2,1,2,0,0,0,13,1,0
E:\OOD\main\a-thousand-stars-master\a-thousand-stars-master\src\artificialIntelligence\DroppedItem.java,artificialIntelligence.DroppedItem,class,5,6,1,5,10,1,0,4,8,0.6,0.1,0.1,5,0,5,0,0,0,5,0,0,0,2,0,2,0,0,0,0,0,2,33,0,1,3,0,0,5,5,9,1,7,5,0,0,0,21,1,0
E:\OOD\main\a-thousand-stars-master\a-thousand-stars-master\src\mainPackage\Main.java,mainPackage.Main,class,8,9,1,8,84,5,0,49,138,0.8983871,0.12631579,0.29473683,20,1,15,0,0,5,20,0,0,2,31,28,28,0,0,3,2,0,24,310,0,7,28,1,0,10,67,115,27,55,6,0,0,0,102,1,0
E:\OOD\main\a-thousand-stars-master\a-thousand-stars-master\src\usefulMethods\UsefulParticleMethods.java,usefulMethods.UsefulParticleMethods,class,10,15,5,10,66,1,0,39,300,0.0,0.0,0.0,25,25,25,0,0,0,25,0,0,0,0,0,0,0,0,0,0,0,100,337,14,13,14,1,24,9,142,202,129,154,5,0,0,0,155,1,0
E:\OOD\main\a-thousand-stars-master\a-thousand-stars-master\src\artificialIntelligence\AI.java,artificialIntelligence.AI,interface,1,3,2,1,4,1,0,0,6,0.0,0.0,0.0,4,0,4,0,0,0,4,0,0,0,0,0,0,0,0,0,0,0,0,6,0,0,0,0,0,0,0,0,0,0,0,0,0,0,9,1,0
E:\OOD\main\a-thousand-stars-master\a-thousand-stars-master\src\usefulMethods\Sector.java,usefulMethods.Sector,class,1,4,3,1,1,1,0,0,0,0.5,NaN,NaN,1,0,1,0,0,0,1,0,0,0,2,0,2,0,0,0,0,0,0,7,0,0,0,0,0,0,0,2,0,2,0,0,0,0,6,1,0
E:\OOD\main\a-thousand-stars-master\a-thousand-stars-master\src\usefulMethods\UsefulSoundImageMethods.java,usefulMethods.UsefulSoundImageMethods,class,7,10,3,7,87,1,0,33,32,0.8055556,0.0,0.0,9,9,9,0,0,0,9,0,0,0,4,4,4,0,0,0,0,0,32,336,6,10,26,2,17,56,265,96,113,65,7,0,0,0,97,1,0
E:\OOD\main\a-thousand-stars-master\a-thousand-stars-master\src\mainPackage\Item.java,mainPackage.Item,class,0,5,5,0,5,1,0,0,10,0.80645144,0.0,0.0,5,0,5,0,0,0,5,0,0,0,31,0,31,0,0,0,0,0,0,73,0,0,0,0,0,0,1,39,0,31,0,0,0,0,60,1,0
E:\OOD\main\a-thousand-stars-master\a-thousand-stars-master\src\mainPackage\Particle.java,mainPackage.Particle,class,1,7,6,1,1,1,0,0,0,0.47058824,NaN,NaN,1,0,1,0,0,0,1,0,0,0,17,0,17,0,0,0,0,0,0,30,0,0,0,0,0,0,6,18,0,17,0,0,0,0,33,1,0
E:\OOD\main\a-thousand-stars-master\a-thousand-stars-master\src\usefulMethods\UsefulWorldGenMethods.java,usefulMethods.UsefulWorldGenMethods,class,3,4,1,3,15,1,0,5,1,0.0,0.0,0.0,2,2,2,0,0,0,2,0,0,0,0,0,0,0,0,0,0,0,0,46,0,5,2,0,4,0,5,24,8,19,7,0,0,0,28,1,0
