file,class,method,variable,usage
E:\OOD\main\a-thousand-stars-master\a-thousand-stars-master\src\mainPackage\Entity.java,mainPackage.Entity,"Entity/7[mainPackage.Particle,java.lang.String,java.lang.String,mainPackage.Item[],double,double,double]",CurrentHealth,1
E:\OOD\main\a-thousand-stars-master\a-thousand-stars-master\src\mainPackage\Entity.java,mainPackage.Entity,"Entity/7[mainPackage.Particle,java.lang.String,java.lang.String,mainPackage.Item[],double,double,double]",Type,1
E:\OOD\main\a-thousand-stars-master\a-thousand-stars-master\src\mainPackage\Entity.java,mainPackage.Entity,"Entity/7[mainPackage.Particle,java.lang.String,java.lang.String,mainPackage.Item[],double,double,double]",Shield,1
E:\OOD\main\a-thousand-stars-master\a-thousand-stars-master\src\mainPackage\Entity.java,mainPackage.Entity,"Entity/7[mainPackage.Particle,java.lang.String,java.lang.String,mainPackage.Item[],double,double,double]",HealthRegen,1
E:\OOD\main\a-thousand-stars-master\a-thousand-stars-master\src\mainPackage\Entity.java,mainPackage.Entity,"Entity/7[mainPackage.Particle,java.lang.String,java.lang.String,mainPackage.Item[],double,double,double]",Host,1
E:\OOD\main\a-thousand-stars-master\a-thousand-stars-master\src\mainPackage\Entity.java,mainPackage.Entity,"Entity/7[mainPackage.Particle,java.lang.String,java.lang.String,mainPackage.Item[],double,double,double]",Info,1
E:\OOD\main\a-thousand-stars-master\a-thousand-stars-master\src\mainPackage\Entity.java,mainPackage.Entity,"Entity/7[mainPackage.Particle,java.lang.String,java.lang.String,mainPackage.Item[],double,double,double]",MaxHealth,1
E:\OOD\main\a-thousand-stars-master\a-thousand-stars-master\src\mainPackage\Entity.java,mainPackage.Entity,"Entity/7[mainPackage.Particle,java.lang.String,java.lang.String,mainPackage.Item[],double,double,double]",Inventory,10
E:\OOD\main\a-thousand-stars-master\a-thousand-stars-master\src\mainPackage\Entity.java,mainPackage.Entity,"Entity/7[mainPackage.Particle,java.lang.String,java.lang.String,mainPackage.Item[],double,double,double]",Weapon,1
E:\OOD\main\a-thousand-stars-master\a-thousand-stars-master\src\mainPackage\Entity.java,mainPackage.Entity,"Entity/7[mainPackage.Particle,java.lang.String,java.lang.String,mainPackage.Item[],double,double,double]",Generator,1
E:\OOD\main\a-thousand-stars-master\a-thousand-stars-master\src\mainPackage\Entity.java,mainPackage.Entity,"Entity/7[mainPackage.Particle,java.lang.String,java.lang.String,mainPackage.Item[],double,double,double]",Thruster,1
E:\OOD\main\a-thousand-stars-master\a-thousand-stars-master\src\mainPackage\Entity.java,mainPackage.Entity,"Entity/7[mainPackage.Particle,java.lang.String,java.lang.String,mainPackage.Item[],double,double,double]",EntityDamageOnContact,1
E:\OOD\main\a-thousand-stars-master\a-thousand-stars-master\src\artificialIntelligence\Player.java,artificialIntelligence.Player,onTick/0,Host,2
E:\OOD\main\a-thousand-stars-master\a-thousand-stars-master\src\artificialIntelligence\Player.java,artificialIntelligence.Player,Player/1[mainPackage.Entity],Host,1
E:\OOD\main\a-thousand-stars-master\a-thousand-stars-master\src\artificialIntelligence\DroppedItem.java,artificialIntelligence.DroppedItem,"DroppedItem/2[mainPackage.Item,mainPackage.Entity]",Itemheld,1
E:\OOD\main\a-thousand-stars-master\a-thousand-stars-master\src\artificialIntelligence\DroppedItem.java,artificialIntelligence.DroppedItem,"DroppedItem/2[mainPackage.Item,mainPackage.Entity]",Host,1
E:\OOD\main\a-thousand-stars-master\a-thousand-stars-master\src\artificialIntelligence\DroppedItem.java,artificialIntelligence.DroppedItem,onClick/0,Itemheld,1
E:\OOD\main\a-thousand-stars-master\a-thousand-stars-master\src\mainPackage\Main.java,mainPackage.Main,mouseDragged/1[java.awt.event.MouseEvent],mousex,1
E:\OOD\main\a-thousand-stars-master\a-thousand-stars-master\src\mainPackage\Main.java,mainPackage.Main,mouseDragged/1[java.awt.event.MouseEvent],mousey,1
E:\OOD\main\a-thousand-stars-master\a-thousand-stars-master\src\mainPackage\Main.java,mainPackage.Main,gameloop/0,miliseconds,1
E:\OOD\main\a-thousand-stars-master\a-thousand-stars-master\src\mainPackage\Main.java,mainPackage.Main,gameloop/0,ParticleList,1
E:\OOD\main\a-thousand-stars-master\a-thousand-stars-master\src\mainPackage\Main.java,mainPackage.Main,gameloop/0,initialdate,2
E:\OOD\main\a-thousand-stars-master\a-thousand-stars-master\src\mainPackage\Main.java,mainPackage.Main,gameloop/0,gameTempActive,1
E:\OOD\main\a-thousand-stars-master\a-thousand-stars-master\src\mainPackage\Main.java,mainPackage.Main,gameloop/0,gamemiliseconds,1
E:\OOD\main\a-thousand-stars-master\a-thousand-stars-master\src\mainPackage\Main.java,mainPackage.Main,gameloop/0,gameActive,1
E:\OOD\main\a-thousand-stars-master\a-thousand-stars-master\src\mainPackage\Main.java,mainPackage.Main,keyPressed/1[java.awt.event.KeyEvent],upkeydown,1
E:\OOD\main\a-thousand-stars-master\a-thousand-stars-master\src\mainPackage\Main.java,mainPackage.Main,keyPressed/1[java.awt.event.KeyEvent],spacekeydown,1
E:\OOD\main\a-thousand-stars-master\a-thousand-stars-master\src\mainPackage\Main.java,mainPackage.Main,keyPressed/1[java.awt.event.KeyEvent],rightkeydown,1
E:\OOD\main\a-thousand-stars-master\a-thousand-stars-master\src\mainPackage\Main.java,mainPackage.Main,keyPressed/1[java.awt.event.KeyEvent],downkeydown,1
E:\OOD\main\a-thousand-stars-master\a-thousand-stars-master\src\mainPackage\Main.java,mainPackage.Main,keyPressed/1[java.awt.event.KeyEvent],leftkeydown,1
E:\OOD\main\a-thousand-stars-master\a-thousand-stars-master\src\mainPackage\Main.java,mainPackage.Main,UpdateAI/1[int],mousex,1
E:\OOD\main\a-thousand-stars-master\a-thousand-stars-master\src\mainPackage\Main.java,mainPackage.Main,UpdateAI/1[int],ParticleList,1
E:\OOD\main\a-thousand-stars-master\a-thousand-stars-master\src\mainPackage\Main.java,mainPackage.Main,UpdateAI/1[int],AIMap,1
E:\OOD\main\a-thousand-stars-master\a-thousand-stars-master\src\mainPackage\Main.java,mainPackage.Main,UpdateAI/1[int],EntityMap,1
E:\OOD\main\a-thousand-stars-master\a-thousand-stars-master\src\mainPackage\Main.java,mainPackage.Main,UpdateAI/1[int],mousey,1
E:\OOD\main\a-thousand-stars-master\a-thousand-stars-master\src\mainPackage\Main.java,mainPackage.Main,UpdateAI/1[int],screenCenteredY,1
E:\OOD\main\a-thousand-stars-master\a-thousand-stars-master\src\mainPackage\Main.java,mainPackage.Main,UpdateAI/1[int],screenCenteredX,1
E:\OOD\main\a-thousand-stars-master\a-thousand-stars-master\src\mainPackage\Main.java,mainPackage.Main,UpdateAI/1[int],leftmousepressedrecently,1
E:\OOD\main\a-thousand-stars-master\a-thousand-stars-master\src\mainPackage\Main.java,mainPackage.Main,UpdateAI/1[int],rightmousepressedrecently,1
E:\OOD\main\a-thousand-stars-master\a-thousand-stars-master\src\mainPackage\Main.java,mainPackage.Main,KillParticles/0,ParticleList,2
E:\OOD\main\a-thousand-stars-master\a-thousand-stars-master\src\mainPackage\Main.java,mainPackage.Main,main/1[java.lang.String[]],game,4
E:\OOD\main\a-thousand-stars-master\a-thousand-stars-master\src\mainPackage\Main.java,mainPackage.Main,UpdatePriorities/0,ParticleList,3
E:\OOD\main\a-thousand-stars-master\a-thousand-stars-master\src\mainPackage\Main.java,mainPackage.Main,UpdatePriorities/0,PlayerIndex,3
E:\OOD\main\a-thousand-stars-master\a-thousand-stars-master\src\mainPackage\Main.java,mainPackage.Main,UpdatePriorities/0,EntityMap,1
E:\OOD\main\a-thousand-stars-master\a-thousand-stars-master\src\mainPackage\Main.java,mainPackage.Main,keyReleased/1[java.awt.event.KeyEvent],upkeydown,1
E:\OOD\main\a-thousand-stars-master\a-thousand-stars-master\src\mainPackage\Main.java,mainPackage.Main,keyReleased/1[java.awt.event.KeyEvent],spacekeydown,1
E:\OOD\main\a-thousand-stars-master\a-thousand-stars-master\src\mainPackage\Main.java,mainPackage.Main,keyReleased/1[java.awt.event.KeyEvent],rightkeydown,1
E:\OOD\main\a-thousand-stars-master\a-thousand-stars-master\src\mainPackage\Main.java,mainPackage.Main,keyReleased/1[java.awt.event.KeyEvent],downkeydown,1
E:\OOD\main\a-thousand-stars-master\a-thousand-stars-master\src\mainPackage\Main.java,mainPackage.Main,keyReleased/1[java.awt.event.KeyEvent],leftkeydown,1
E:\OOD\main\a-thousand-stars-master\a-thousand-stars-master\src\mainPackage\Main.java,mainPackage.Main,mouseMoved/1[java.awt.event.MouseEvent],mousex,1
E:\OOD\main\a-thousand-stars-master\a-thousand-stars-master\src\mainPackage\Main.java,mainPackage.Main,mouseMoved/1[java.awt.event.MouseEvent],mousey,1
E:\OOD\main\a-thousand-stars-master\a-thousand-stars-master\src\mainPackage\Main.java,mainPackage.Main,UpdateEntity/1[int],ParticleList,1
E:\OOD\main\a-thousand-stars-master\a-thousand-stars-master\src\mainPackage\Main.java,mainPackage.Main,UpdateEntity/1[int],EntityMap,1
E:\OOD\main\a-thousand-stars-master\a-thousand-stars-master\src\mainPackage\Main.java,mainPackage.Main,UpdateParticle/1[int],ParticleList,1
E:\OOD\main\a-thousand-stars-master\a-thousand-stars-master\src\mainPackage\Main.java,mainPackage.Main,UpdateParticle/1[int],SectorSize,4
E:\OOD\main\a-thousand-stars-master\a-thousand-stars-master\src\mainPackage\Main.java,mainPackage.Main,UpdateParticle/1[int],MapSize,4
E:\OOD\main\a-thousand-stars-master\a-thousand-stars-master\src\mainPackage\Main.java,mainPackage.Main,mouseReleased/1[java.awt.event.MouseEvent],leftmousereleasedrecently,1
E:\OOD\main\a-thousand-stars-master\a-thousand-stars-master\src\mainPackage\Main.java,mainPackage.Main,mouseReleased/1[java.awt.event.MouseEvent],rightmousereleasedrecently,1
E:\OOD\main\a-thousand-stars-master\a-thousand-stars-master\src\mainPackage\Main.java,mainPackage.Main,mouseReleased/1[java.awt.event.MouseEvent],leftmousedown,1
E:\OOD\main\a-thousand-stars-master\a-thousand-stars-master\src\mainPackage\Main.java,mainPackage.Main,mouseReleased/1[java.awt.event.MouseEvent],rightmousedown,1
E:\OOD\main\a-thousand-stars-master\a-thousand-stars-master\src\mainPackage\Main.java,mainPackage.Main,mousePressed/1[java.awt.event.MouseEvent],leftmousedown,1
E:\OOD\main\a-thousand-stars-master\a-thousand-stars-master\src\mainPackage\Main.java,mainPackage.Main,mousePressed/1[java.awt.event.MouseEvent],rightmousedown,1
E:\OOD\main\a-thousand-stars-master\a-thousand-stars-master\src\mainPackage\Main.java,mainPackage.Main,mousePressed/1[java.awt.event.MouseEvent],leftmousepressedrecently,1
E:\OOD\main\a-thousand-stars-master\a-thousand-stars-master\src\mainPackage\Main.java,mainPackage.Main,mousePressed/1[java.awt.event.MouseEvent],rightmousepressedrecently,1
E:\OOD\main\a-thousand-stars-master\a-thousand-stars-master\src\mainPackage\Main.java,mainPackage.Main,paint/1[java.awt.Graphics],currentScreen,3
E:\OOD\main\a-thousand-stars-master\a-thousand-stars-master\src\mainPackage\Main.java,mainPackage.Main,paint/1[java.awt.Graphics],g2d,5
E:\OOD\main\a-thousand-stars-master\a-thousand-stars-master\src\mainPackage\Main.java,mainPackage.Main,paint/1[java.awt.Graphics],ColorBlack,1
E:\OOD\main\a-thousand-stars-master\a-thousand-stars-master\src\mainPackage\Main.java,mainPackage.Main,paint/1[java.awt.Graphics],leftmousereleasedrecently,1
E:\OOD\main\a-thousand-stars-master\a-thousand-stars-master\src\mainPackage\Main.java,mainPackage.Main,paint/1[java.awt.Graphics],rightmousereleasedrecently,1
E:\OOD\main\a-thousand-stars-master\a-thousand-stars-master\src\mainPackage\Main.java,mainPackage.Main,paint/1[java.awt.Graphics],leftmousepressedrecently,1
E:\OOD\main\a-thousand-stars-master\a-thousand-stars-master\src\mainPackage\Main.java,mainPackage.Main,paint/1[java.awt.Graphics],rightmousepressedrecently,1
E:\OOD\main\a-thousand-stars-master\a-thousand-stars-master\src\usefulMethods\Sector.java,usefulMethods.Sector,Sector/1[java.awt.Point],Location,1
E:\OOD\main\a-thousand-stars-master\a-thousand-stars-master\src\usefulMethods\UsefulSoundImageMethods.java,usefulMethods.UsefulSoundImageMethods,DrawTitleScreen/0,titlebackground,1
E:\OOD\main\a-thousand-stars-master\a-thousand-stars-master\src\usefulMethods\UsefulSoundImageMethods.java,usefulMethods.UsefulSoundImageMethods,DrawInventory/0,draggedindex,9
E:\OOD\main\a-thousand-stars-master\a-thousand-stars-master\src\usefulMethods\UsefulSoundImageMethods.java,usefulMethods.UsefulSoundImageMethods,DrawInventory/0,selectedindex,7
E:\OOD\main\a-thousand-stars-master\a-thousand-stars-master\src\usefulMethods\UsefulSoundImageMethods.java,usefulMethods.UsefulSoundImageMethods,PlayBackgroundMusic/1[java.lang.String],CurrentBackgroundMusic,1
E:\OOD\main\a-thousand-stars-master\a-thousand-stars-master\src\mainPackage\Item.java,mainPackage.Item,"InitializeGenerator/2[double,double]",PowerGenerated,1
E:\OOD\main\a-thousand-stars-master\a-thousand-stars-master\src\mainPackage\Item.java,mainPackage.Item,"InitializeGenerator/2[double,double]",IsGenerator,1
E:\OOD\main\a-thousand-stars-master\a-thousand-stars-master\src\mainPackage\Item.java,mainPackage.Item,"InitializeGenerator/2[double,double]",MaxPower,1
E:\OOD\main\a-thousand-stars-master\a-thousand-stars-master\src\mainPackage\Item.java,mainPackage.Item,"InitializeGenerator/2[double,double]",CurrentPower,1
E:\OOD\main\a-thousand-stars-master\a-thousand-stars-master\src\mainPackage\Item.java,mainPackage.Item,"InitializeWeapon/8[java.lang.String,double,double,double,int,double,double,double]",EntityFired,1
E:\OOD\main\a-thousand-stars-master\a-thousand-stars-master\src\mainPackage\Item.java,mainPackage.Item,"InitializeWeapon/8[java.lang.String,double,double,double,int,double,double,double]",Spread,1
E:\OOD\main\a-thousand-stars-master\a-thousand-stars-master\src\mainPackage\Item.java,mainPackage.Item,"InitializeWeapon/8[java.lang.String,double,double,double,int,double,double,double]",IsWeapon,1
E:\OOD\main\a-thousand-stars-master\a-thousand-stars-master\src\mainPackage\Item.java,mainPackage.Item,"InitializeWeapon/8[java.lang.String,double,double,double,int,double,double,double]",MaxWeaponReload,1
E:\OOD\main\a-thousand-stars-master\a-thousand-stars-master\src\mainPackage\Item.java,mainPackage.Item,"InitializeWeapon/8[java.lang.String,double,double,double,int,double,double,double]",CurrentWeaponReload,1
E:\OOD\main\a-thousand-stars-master\a-thousand-stars-master\src\mainPackage\Item.java,mainPackage.Item,"InitializeWeapon/8[java.lang.String,double,double,double,int,double,double,double]",WeaponRegeneration,1
E:\OOD\main\a-thousand-stars-master\a-thousand-stars-master\src\mainPackage\Item.java,mainPackage.Item,"InitializeWeapon/8[java.lang.String,double,double,double,int,double,double,double]",Velocity,1
E:\OOD\main\a-thousand-stars-master\a-thousand-stars-master\src\mainPackage\Item.java,mainPackage.Item,"InitializeWeapon/8[java.lang.String,double,double,double,int,double,double,double]",DamageBoost,1
E:\OOD\main\a-thousand-stars-master\a-thousand-stars-master\src\mainPackage\Item.java,mainPackage.Item,"InitializeWeapon/8[java.lang.String,double,double,double,int,double,double,double]",NumberFiredAtOnce,1
E:\OOD\main\a-thousand-stars-master\a-thousand-stars-master\src\mainPackage\Item.java,mainPackage.Item,"InitializeWeapon/8[java.lang.String,double,double,double,int,double,double,double]",PowerConsumptionWhenFired,1
E:\OOD\main\a-thousand-stars-master\a-thousand-stars-master\src\mainPackage\Item.java,mainPackage.Item,"InitializeShield/5[double,double,double,double,double]",CurrentHitpoints,1
E:\OOD\main\a-thousand-stars-master\a-thousand-stars-master\src\mainPackage\Item.java,mainPackage.Item,"InitializeShield/5[double,double,double,double,double]",PowerConsumptionPerRegenTick,1
E:\OOD\main\a-thousand-stars-master\a-thousand-stars-master\src\mainPackage\Item.java,mainPackage.Item,"InitializeShield/5[double,double,double,double,double]",FixTime,1
E:\OOD\main\a-thousand-stars-master\a-thousand-stars-master\src\mainPackage\Item.java,mainPackage.Item,"InitializeShield/5[double,double,double,double,double]",DamageMultiplier,1
E:\OOD\main\a-thousand-stars-master\a-thousand-stars-master\src\mainPackage\Item.java,mainPackage.Item,"InitializeShield/5[double,double,double,double,double]",RegenPerTick,1
E:\OOD\main\a-thousand-stars-master\a-thousand-stars-master\src\mainPackage\Item.java,mainPackage.Item,"InitializeShield/5[double,double,double,double,double]",CurrentFix,1
E:\OOD\main\a-thousand-stars-master\a-thousand-stars-master\src\mainPackage\Item.java,mainPackage.Item,"InitializeShield/5[double,double,double,double,double]",IsShield,1
E:\OOD\main\a-thousand-stars-master\a-thousand-stars-master\src\mainPackage\Item.java,mainPackage.Item,"InitializeShield/5[double,double,double,double,double]",MaxHitpoints,1
E:\OOD\main\a-thousand-stars-master\a-thousand-stars-master\src\mainPackage\Item.java,mainPackage.Item,"InitializeThruster/2[double,double]",IsThruster,1
E:\OOD\main\a-thousand-stars-master\a-thousand-stars-master\src\mainPackage\Item.java,mainPackage.Item,"InitializeThruster/2[double,double]",PowerConsumptionPerThrust,1
E:\OOD\main\a-thousand-stars-master\a-thousand-stars-master\src\mainPackage\Item.java,mainPackage.Item,"InitializeThruster/2[double,double]",Acceleration,1
E:\OOD\main\a-thousand-stars-master\a-thousand-stars-master\src\mainPackage\Item.java,mainPackage.Item,"Item/5[java.lang.String,java.lang.String,java.lang.String,int,java.awt.Image]",Type,1
E:\OOD\main\a-thousand-stars-master\a-thousand-stars-master\src\mainPackage\Item.java,mainPackage.Item,"Item/5[java.lang.String,java.lang.String,java.lang.String,int,java.awt.Image]",Description,1
E:\OOD\main\a-thousand-stars-master\a-thousand-stars-master\src\mainPackage\Item.java,mainPackage.Item,"Item/5[java.lang.String,java.lang.String,java.lang.String,int,java.awt.Image]",Sprite,1
E:\OOD\main\a-thousand-stars-master\a-thousand-stars-master\src\mainPackage\Item.java,mainPackage.Item,"Item/5[java.lang.String,java.lang.String,java.lang.String,int,java.awt.Image]",Value,1
E:\OOD\main\a-thousand-stars-master\a-thousand-stars-master\src\mainPackage\Item.java,mainPackage.Item,"Item/5[java.lang.String,java.lang.String,java.lang.String,int,java.awt.Image]",Name,1
E:\OOD\main\a-thousand-stars-master\a-thousand-stars-master\src\mainPackage\Particle.java,mainPackage.Particle,"Particle/9[double,double,double,double,double,double[],double[],java.awt.Color,java.awt.Color]",Mass,1
E:\OOD\main\a-thousand-stars-master\a-thousand-stars-master\src\mainPackage\Particle.java,mainPackage.Particle,"Particle/9[double,double,double,double,double,double[],double[],java.awt.Color,java.awt.Color]",Radius,1
E:\OOD\main\a-thousand-stars-master\a-thousand-stars-master\src\mainPackage\Particle.java,mainPackage.Particle,"Particle/9[double,double,double,double,double,double[],double[],java.awt.Color,java.awt.Color]",Magnitudes,1
E:\OOD\main\a-thousand-stars-master\a-thousand-stars-master\src\mainPackage\Particle.java,mainPackage.Particle,"Particle/9[double,double,double,double,double,double[],double[],java.awt.Color,java.awt.Color]",Fill,1
E:\OOD\main\a-thousand-stars-master\a-thousand-stars-master\src\mainPackage\Particle.java,mainPackage.Particle,"Particle/9[double,double,double,double,double,double[],double[],java.awt.Color,java.awt.Color]",Directions,1
E:\OOD\main\a-thousand-stars-master\a-thousand-stars-master\src\mainPackage\Particle.java,mainPackage.Particle,"Particle/9[double,double,double,double,double,double[],double[],java.awt.Color,java.awt.Color]",X,1
E:\OOD\main\a-thousand-stars-master\a-thousand-stars-master\src\mainPackage\Particle.java,mainPackage.Particle,"Particle/9[double,double,double,double,double,double[],double[],java.awt.Color,java.awt.Color]",Y,1
E:\OOD\main\a-thousand-stars-master\a-thousand-stars-master\src\mainPackage\Particle.java,mainPackage.Particle,"Particle/9[double,double,double,double,double,double[],double[],java.awt.Color,java.awt.Color]",Outline,1
E:\OOD\main\a-thousand-stars-master\a-thousand-stars-master\src\mainPackage\Particle.java,mainPackage.Particle,"Particle/9[double,double,double,double,double,double[],double[],java.awt.Color,java.awt.Color]",Rotation,1
