file,class,method,constructor,line,cbo,cboModified,fanin,fanout,wmc,rfc,loc,returnsQty,variablesQty,parametersQty,methodsInvokedQty,methodsInvokedLocalQty,methodsInvokedIndirectLocalQty,loopQty,comparisonsQty,tryCatchQty,parenthesizedExpsQty,stringLiteralsQty,numbersQty,assignmentsQty,mathOperationsQty,maxNestedBlocksQty,anonymousClassesQty,innerClassesQty,lambdasQty,uniqueWordsQty,modifiers,logStatementsQty,hasJavaDoc
E:\OOD\main\a-thousand-stars-master\a-thousand-stars-master\src\usefulMethods\UsefulItemMethods.java,usefulMethods.UsefulItemMethods,GlorbroxNuclearReactor/0,false,13,1,3,1,2,1,3,6,1,2,0,3,0,0,0,0,0,0,4,3,2,0,0,0,0,0,20,9,0,false
E:\OOD\main\a-thousand-stars-master\a-thousand-stars-master\src\usefulMethods\UsefulItemMethods.java,usefulMethods.UsefulItemMethods,ZetaCorpDefenseShield/0,false,31,1,3,1,2,1,3,6,1,2,0,3,0,0,0,0,0,0,4,6,2,0,0,0,0,0,17,9,0,false
E:\OOD\main\a-thousand-stars-master\a-thousand-stars-master\src\usefulMethods\UsefulItemMethods.java,usefulMethods.UsefulItemMethods,Ore/0,false,91,1,2,1,1,1,2,5,1,2,0,2,0,0,0,0,0,0,4,1,2,0,0,0,0,0,18,9,0,false
E:\OOD\main\a-thousand-stars-master\a-thousand-stars-master\src\usefulMethods\UsefulItemMethods.java,usefulMethods.UsefulItemMethods,StandardGalacticRocketryBasicThruster/0,false,51,1,3,1,2,1,3,6,1,2,0,3,0,0,0,0,0,0,4,3,2,0,0,0,0,0,15,9,0,false
E:\OOD\main\a-thousand-stars-master\a-thousand-stars-master\src\usefulMethods\UsefulItemMethods.java,usefulMethods.UsefulItemMethods,ZetaCorpAsteroidHarvester/0,false,67,1,3,1,2,1,3,6,1,2,0,3,0,0,0,0,0,0,5,8,2,0,0,0,0,0,18,9,0,false
E:\OOD\main\a-thousand-stars-master\a-thousand-stars-master\src\mainPackage\Entity.java,mainPackage.Entity,"Entity/7[mainPackage.Particle,java.lang.String,java.lang.String,mainPackage.Item[],double,double,double]",true,26,2,1,1,0,7,0,26,0,1,7,0,0,0,1,5,0,0,0,1,13,0,3,0,0,0,27,1,0,false
E:\OOD\main\a-thousand-stars-master\a-thousand-stars-master\src\usefulMethods\UsefulAIMethods.java,usefulMethods.UsefulAIMethods,"CallMethod/3[java.lang.Object,java.lang.String,java.lang.Object[]]",false,15,0,2,2,0,3,4,13,0,0,3,4,0,0,0,1,1,0,0,0,0,0,2,0,0,0,26,9,0,true
E:\OOD\main\a-thousand-stars-master\a-thousand-stars-master\src\artificialIntelligence\Player.java,artificialIntelligence.Player,onTick/0,false,22,1,2,0,2,7,2,20,0,0,0,2,0,0,0,4,0,0,0,4,4,2,2,0,0,0,4,1,0,false
E:\OOD\main\a-thousand-stars-master\a-thousand-stars-master\src\artificialIntelligence\Player.java,artificialIntelligence.Player,onDamagedbyEntity/1[mainPackage.Entity],false,51,1,0,0,0,1,0,2,0,0,1,0,0,0,0,0,0,0,0,0,0,0,0,0,0,0,4,1,0,false
E:\OOD\main\a-thousand-stars-master\a-thousand-stars-master\src\artificialIntelligence\Player.java,artificialIntelligence.Player,Player/1[mainPackage.Entity],true,11,1,1,1,0,1,0,3,0,0,1,0,0,0,0,0,0,0,0,0,1,0,0,0,0,0,4,1,0,false
E:\OOD\main\a-thousand-stars-master\a-thousand-stars-master\src\artificialIntelligence\Player.java,artificialIntelligence.Player,onClick/0,false,17,0,0,0,0,1,0,2,0,0,0,0,0,0,0,0,0,0,0,0,0,0,0,0,0,0,2,1,0,false
E:\OOD\main\a-thousand-stars-master\a-thousand-stars-master\src\artificialIntelligence\Player.java,artificialIntelligence.Player,onDeath/0,false,58,0,0,0,0,1,0,2,0,0,0,0,0,0,0,0,0,0,0,0,0,0,0,0,0,0,2,1,0,false
E:\OOD\main\a-thousand-stars-master\a-thousand-stars-master\src\artificialIntelligence\DroppedItem.java,artificialIntelligence.DroppedItem,onDeath/0,false,62,0,0,0,0,1,0,2,0,0,0,0,0,0,0,0,0,0,0,0,0,0,0,0,0,0,2,1,0,false
E:\OOD\main\a-thousand-stars-master\a-thousand-stars-master\src\artificialIntelligence\DroppedItem.java,artificialIntelligence.DroppedItem,onDamagedbyEntity/1[mainPackage.Entity],false,56,1,0,0,0,1,0,2,0,0,1,0,0,0,0,0,0,0,0,0,0,0,0,0,0,0,4,1,0,false
E:\OOD\main\a-thousand-stars-master\a-thousand-stars-master\src\artificialIntelligence\DroppedItem.java,artificialIntelligence.DroppedItem,"DroppedItem/2[mainPackage.Item,mainPackage.Entity]",true,13,2,1,1,0,1,0,4,0,0,2,0,0,0,0,0,0,0,0,0,2,0,0,0,0,0,6,1,0,false
E:\OOD\main\a-thousand-stars-master\a-thousand-stars-master\src\artificialIntelligence\DroppedItem.java,artificialIntelligence.DroppedItem,onClick/0,false,19,4,2,0,2,6,4,19,0,5,0,4,0,0,1,3,0,0,5,5,7,1,5,0,0,0,11,1,0,false
E:\OOD\main\a-thousand-stars-master\a-thousand-stars-master\src\artificialIntelligence\DroppedItem.java,artificialIntelligence.DroppedItem,onTick/0,false,50,0,0,0,0,1,0,2,0,0,0,0,0,0,0,0,0,0,0,0,0,0,0,0,0,0,2,1,0,false
E:\OOD\main\a-thousand-stars-master\a-thousand-stars-master\src\mainPackage\Main.java,mainPackage.Main,mouseClicked/1[java.awt.event.MouseEvent],false,49,0,0,0,0,1,0,2,0,0,1,0,0,0,0,0,0,0,0,0,0,0,0,0,0,0,5,1,0,false
E:\OOD\main\a-thousand-stars-master\a-thousand-stars-master\src\mainPackage\Main.java,mainPackage.Main,mouseDragged/1[java.awt.event.MouseEvent],false,91,0,0,0,0,1,2,4,0,0,1,2,0,0,0,0,0,0,0,0,2,0,0,0,0,0,7,1,0,false
E:\OOD\main\a-thousand-stars-master\a-thousand-stars-master\src\mainPackage\Main.java,mainPackage.Main,initialize/0,false,203,1,3,1,2,5,2,11,0,3,0,2,0,0,2,0,0,0,0,18,3,6,3,0,0,0,4,0,0,false
E:\OOD\main\a-thousand-stars-master\a-thousand-stars-master\src\mainPackage\Main.java,mainPackage.Main,gameloop/0,false,225,3,8,1,7,5,11,21,0,3,0,11,5,1,2,2,0,0,0,6,6,2,3,0,0,0,23,0,0,false
E:\OOD\main\a-thousand-stars-master\a-thousand-stars-master\src\mainPackage\Main.java,mainPackage.Main,keyPressed/1[java.awt.event.KeyEvent],false,106,0,0,0,0,6,1,17,0,0,1,1,0,0,0,5,0,0,0,0,5,0,1,0,0,0,11,1,0,false
E:\OOD\main\a-thousand-stars-master\a-thousand-stars-master\src\mainPackage\Main.java,mainPackage.Main,UpdateAI/1[int],false,257,3,2,1,1,6,5,18,0,8,1,5,0,0,0,2,0,0,2,2,8,9,3,0,0,0,24,0,0,false
E:\OOD\main\a-thousand-stars-master\a-thousand-stars-master\src\mainPackage\Main.java,mainPackage.Main,KillParticles/0,false,400,1,2,1,1,3,3,7,0,1,0,3,0,0,1,1,0,0,0,2,1,1,2,0,0,0,4,1,0,false
E:\OOD\main\a-thousand-stars-master\a-thousand-stars-master\src\mainPackage\Main.java,mainPackage.Main,mouseExited/1[java.awt.event.MouseEvent],false,53,0,0,0,0,1,0,2,0,0,1,0,0,0,0,0,0,0,0,0,0,0,0,0,0,0,5,1,0,false
E:\OOD\main\a-thousand-stars-master\a-thousand-stars-master\src\mainPackage\Main.java,mainPackage.Main,keyTyped/1[java.awt.event.KeyEvent],false,156,0,0,0,0,1,0,2,0,0,1,0,0,0,0,0,0,0,0,0,0,0,0,0,0,0,5,1,0,false
E:\OOD\main\a-thousand-stars-master\a-thousand-stars-master\src\mainPackage\Main.java,mainPackage.Main,main/1[java.lang.String[]],false,489,1,3,0,3,3,10,19,0,2,1,10,2,2,1,0,1,0,2,2,3,0,2,0,0,0,15,9,0,false
E:\OOD\main\a-thousand-stars-master\a-thousand-stars-master\src\mainPackage\Main.java,mainPackage.Main,UpdatePriorities/0,false,414,2,3,1,2,8,6,22,0,4,0,6,0,0,1,3,0,0,0,5,7,5,6,0,0,0,11,1,0,false
E:\OOD\main\a-thousand-stars-master\a-thousand-stars-master\src\mainPackage\Main.java,mainPackage.Main,mouseEntered/1[java.awt.event.MouseEvent],false,51,0,0,0,0,1,0,2,0,0,1,0,0,0,0,0,0,0,0,0,0,0,0,0,0,0,5,1,0,false
E:\OOD\main\a-thousand-stars-master\a-thousand-stars-master\src\mainPackage\Main.java,mainPackage.Main,keyReleased/1[java.awt.event.KeyEvent],false,132,0,0,0,0,6,1,17,0,0,1,1,0,0,0,5,0,0,0,0,5,0,1,0,0,0,11,1,0,false
E:\OOD\main\a-thousand-stars-master\a-thousand-stars-master\src\mainPackage\Main.java,mainPackage.Main,mouseMoved/1[java.awt.event.MouseEvent],false,99,0,0,0,0,1,2,4,0,0,1,2,0,0,0,0,0,0,0,0,2,0,0,0,0,0,7,1,0,false
E:\OOD\main\a-thousand-stars-master\a-thousand-stars-master\src\mainPackage\Main.java,mainPackage.Main,UpdateEntity/1[int],false,283,2,1,1,0,18,2,50,0,2,1,2,0,0,0,6,0,0,0,5,18,0,4,0,0,0,9,0,0,false
E:\OOD\main\a-thousand-stars-master\a-thousand-stars-master\src\mainPackage\Main.java,mainPackage.Main,UpdateParticle/1[int],false,360,1,1,1,0,7,1,27,0,1,1,1,0,0,0,1,0,0,0,8,13,4,2,0,0,0,8,0,0,false
E:\OOD\main\a-thousand-stars-master\a-thousand-stars-master\src\mainPackage\Main.java,mainPackage.Main,mouseReleased/1[java.awt.event.MouseEvent],false,73,0,0,0,0,3,2,11,0,0,1,2,0,0,0,0,0,0,0,0,4,0,1,0,0,0,11,33,0,false
E:\OOD\main\a-thousand-stars-master\a-thousand-stars-master\src\mainPackage\Main.java,mainPackage.Main,Main/1[javax.swing.JFrame],true,42,0,1,1,0,1,3,5,0,0,1,3,0,0,0,0,0,0,0,0,0,0,0,0,0,0,8,1,0,false
E:\OOD\main\a-thousand-stars-master\a-thousand-stars-master\src\mainPackage\Main.java,mainPackage.Main,mousePressed/1[java.awt.event.MouseEvent],false,57,0,0,0,0,3,2,11,0,0,1,2,0,0,0,0,0,0,0,0,4,0,1,0,0,0,10,33,0,false
E:\OOD\main\a-thousand-stars-master\a-thousand-stars-master\src\mainPackage\Main.java,mainPackage.Main,paint/1[java.awt.Graphics],false,453,1,4,0,4,4,10,25,0,0,1,10,0,0,0,3,0,0,4,5,5,0,1,0,0,0,18,1,0,false
E:\OOD\main\a-thousand-stars-master\a-thousand-stars-master\src\usefulMethods\UsefulParticleMethods.java,usefulMethods.UsefulParticleMethods,GetPlayerIndex/0,false,18,0,2,2,0,4,4,8,2,1,0,4,0,0,1,1,0,1,1,2,1,0,2,0,0,0,5,9,0,false
E:\OOD\main\a-thousand-stars-master\a-thousand-stars-master\src\usefulMethods\UsefulParticleMethods.java,usefulMethods.UsefulParticleMethods,"CreateAsteroid/3[double,double,double]",false,318,5,4,1,3,6,6,38,1,19,3,6,2,1,3,0,0,1,2,39,27,9,3,0,0,0,30,9,0,false
E:\OOD\main\a-thousand-stars-master\a-thousand-stars-master\src\usefulMethods\UsefulParticleMethods.java,usefulMethods.UsefulParticleMethods,"GetDistance/2[mainPackage.Particle,mainPackage.Particle]",false,123,1,3,3,0,1,2,3,1,0,2,2,0,0,0,0,0,0,0,2,0,3,0,0,0,0,4,9,0,false
E:\OOD\main\a-thousand-stars-master\a-thousand-stars-master\src\usefulMethods\UsefulParticleMethods.java,usefulMethods.UsefulParticleMethods,"AddVelocity/3[mainPackage.Particle,double,double]",false,145,1,0,0,0,1,2,4,0,0,3,2,0,0,0,0,0,0,0,0,2,2,0,0,0,0,5,9,0,false
E:\OOD\main\a-thousand-stars-master\a-thousand-stars-master\src\usefulMethods\UsefulParticleMethods.java,usefulMethods.UsefulParticleMethods,"GetMagnitudesForParticle/2[double[],double[]]",false,162,1,3,3,0,2,1,7,1,2,2,1,0,0,1,0,0,0,0,1,3,3,1,0,0,0,7,9,0,false
E:\OOD\main\a-thousand-stars-master\a-thousand-stars-master\src\usefulMethods\UsefulParticleMethods.java,usefulMethods.UsefulParticleMethods,"GetDistance/4[double,double,double,double]",false,128,0,0,0,0,1,2,3,1,0,4,2,0,0,0,0,0,0,0,2,0,3,0,0,0,0,5,9,0,false
E:\OOD\main\a-thousand-stars-master\a-thousand-stars-master\src\usefulMethods\UsefulParticleMethods.java,usefulMethods.UsefulParticleMethods,CheckCollision/0,false,46,2,4,1,3,11,8,34,0,20,0,8,3,2,4,4,0,6,0,2,20,11,5,0,0,0,25,9,0,false
E:\OOD\main\a-thousand-stars-master\a-thousand-stars-master\src\usefulMethods\UsefulParticleMethods.java,usefulMethods.UsefulParticleMethods,"CreateEntity/7[mainPackage.Particle,java.lang.String,java.lang.String,mainPackage.Item[],double,double,double]",false,186,3,5,4,1,1,1,5,1,1,7,1,0,0,0,0,0,0,0,0,1,0,0,0,0,0,5,9,0,false
E:\OOD\main\a-thousand-stars-master\a-thousand-stars-master\src\usefulMethods\UsefulParticleMethods.java,usefulMethods.UsefulParticleMethods,"GetRelativeVelocity/2[mainPackage.Particle,mainPackage.Particle]",false,133,1,0,0,0,1,2,3,1,0,2,2,0,0,0,0,0,0,0,2,0,3,0,0,0,0,5,9,0,false
E:\OOD\main\a-thousand-stars-master\a-thousand-stars-master\src\usefulMethods\UsefulParticleMethods.java,usefulMethods.UsefulParticleMethods,"AddVector/3[mainPackage.Particle,double,double]",false,404,1,1,1,0,1,2,4,0,0,3,2,0,0,0,0,0,2,0,0,2,4,0,0,0,0,5,9,0,false
E:\OOD\main\a-thousand-stars-master\a-thousand-stars-master\src\usefulMethods\UsefulParticleMethods.java,usefulMethods.UsefulParticleMethods,CreateItem/1[mainPackage.Item],false,367,6,4,1,3,1,4,21,1,16,1,4,2,1,0,0,0,0,1,10,17,0,0,0,0,0,23,9,0,false
E:\OOD\main\a-thousand-stars-master\a-thousand-stars-master\src\usefulMethods\UsefulParticleMethods.java,usefulMethods.UsefulParticleMethods,"GetSectorParticles/2[int,int]",false,98,2,1,1,0,8,1,14,1,2,2,1,0,0,0,1,1,0,0,2,2,0,2,0,0,0,15,9,0,false
E:\OOD\main\a-thousand-stars-master\a-thousand-stars-master\src\usefulMethods\UsefulParticleMethods.java,usefulMethods.UsefulParticleMethods,"CreatePlayer/2[double,double]",false,287,7,10,1,9,1,10,26,0,23,2,10,4,1,0,0,0,0,2,20,23,1,0,0,0,0,34,9,0,false
E:\OOD\main\a-thousand-stars-master\a-thousand-stars-master\src\usefulMethods\UsefulParticleMethods.java,usefulMethods.UsefulParticleMethods,"Explode/6[int,double,double,double,double,double]",false,505,3,4,1,3,2,9,24,0,16,6,9,3,1,1,0,0,2,0,20,21,17,1,0,0,0,30,9,0,false
E:\OOD\main\a-thousand-stars-master\a-thousand-stars-master\src\usefulMethods\UsefulParticleMethods.java,usefulMethods.UsefulParticleMethods,KillParticle/1[int],false,253,4,5,1,4,5,8,23,0,5,1,8,3,3,1,3,0,3,1,7,11,5,3,0,0,0,14,9,0,false
E:\OOD\main\a-thousand-stars-master\a-thousand-stars-master\src\usefulMethods\UsefulParticleMethods.java,usefulMethods.UsefulParticleMethods,"CreateElectronTorpedo/4[double,double,double,double]",false,432,4,5,1,4,1,7,25,1,17,4,7,4,1,0,0,0,0,2,19,21,0,0,0,0,0,39,9,0,false
E:\OOD\main\a-thousand-stars-master\a-thousand-stars-master\src\usefulMethods\UsefulParticleMethods.java,usefulMethods.UsefulParticleMethods,"DamageEntity/2[mainPackage.Entity,double]",false,492,1,1,1,0,3,0,9,0,0,2,0,0,0,0,2,0,0,0,0,3,1,1,0,0,0,5,9,0,false
E:\OOD\main\a-thousand-stars-master\a-thousand-stars-master\src\usefulMethods\UsefulParticleMethods.java,usefulMethods.UsefulParticleMethods,"RotateParticle/2[mainPackage.Particle,double]",false,424,1,0,0,0,1,0,3,0,0,2,0,0,0,0,0,0,0,0,0,1,0,0,0,0,0,3,9,0,false
E:\OOD\main\a-thousand-stars-master\a-thousand-stars-master\src\usefulMethods\UsefulParticleMethods.java,usefulMethods.UsefulParticleMethods,"GetDirectionsForParticle/2[double[],double[]]",false,152,1,3,3,0,2,1,7,1,2,2,1,0,0,1,0,0,0,0,1,3,0,1,0,0,0,7,9,0,false
E:\OOD\main\a-thousand-stars-master\a-thousand-stars-master\src\usefulMethods\UsefulParticleMethods.java,usefulMethods.UsefulParticleMethods,DestroyParticle/1[int],false,245,0,1,1,0,1,5,5,0,0,1,5,0,0,0,0,0,0,0,0,0,0,0,0,0,0,3,9,0,false
E:\OOD\main\a-thousand-stars-master\a-thousand-stars-master\src\usefulMethods\UsefulParticleMethods.java,usefulMethods.UsefulParticleMethods,ShootEntity/1[mainPackage.Entity],false,466,3,2,1,1,5,6,19,0,11,1,6,1,2,1,1,0,1,0,6,14,12,2,0,0,0,18,9,0,false
E:\OOD\main\a-thousand-stars-master\a-thousand-stars-master\src\usefulMethods\UsefulParticleMethods.java,usefulMethods.UsefulParticleMethods,"GetDirection/2[mainPackage.Particle,mainPackage.Particle]",false,139,1,1,1,0,1,1,3,1,0,2,1,0,0,0,0,0,0,0,0,0,2,0,0,0,0,4,9,0,false
E:\OOD\main\a-thousand-stars-master\a-thousand-stars-master\src\usefulMethods\UsefulParticleMethods.java,usefulMethods.UsefulParticleMethods,"CreateParticle/9[double,double,double,double,double,double[],double[],java.awt.Color,java.awt.Color]",false,176,2,6,5,1,1,2,5,1,1,9,2,0,0,0,0,0,0,0,1,1,1,0,0,0,0,4,9,0,false
E:\OOD\main\a-thousand-stars-master\a-thousand-stars-master\src\usefulMethods\UsefulParticleMethods.java,usefulMethods.UsefulParticleMethods,"CollideParticles/2[mainPackage.Particle,mainPackage.Particle]",false,199,3,3,1,2,1,7,33,0,17,2,7,2,1,0,0,0,8,0,6,27,52,0,0,0,0,25,9,0,false
E:\OOD\main\a-thousand-stars-master\a-thousand-stars-master\src\usefulMethods\UsefulParticleMethods.java,usefulMethods.UsefulParticleMethods,MoveEntity/1[mainPackage.Entity],false,410,2,2,1,1,4,1,9,0,1,1,1,1,1,0,2,0,0,0,0,2,0,2,0,0,0,7,9,0,false
E:\OOD\main\a-thousand-stars-master\a-thousand-stars-master\src\artificialIntelligence\AI.java,artificialIntelligence.AI,onTick/0,false,10,0,0,0,0,1,0,1,0,0,0,0,0,0,0,0,0,0,0,0,0,0,0,0,0,0,2,1,0,false
E:\OOD\main\a-thousand-stars-master\a-thousand-stars-master\src\artificialIntelligence\AI.java,artificialIntelligence.AI,onDeath/0,false,12,0,0,0,0,1,0,1,0,0,0,0,0,0,0,0,0,0,0,0,0,0,0,0,0,0,2,1,0,false
E:\OOD\main\a-thousand-stars-master\a-thousand-stars-master\src\artificialIntelligence\AI.java,artificialIntelligence.AI,onClick/0,false,8,0,0,0,0,1,0,1,0,0,0,0,0,0,0,0,0,0,0,0,0,0,0,0,0,0,2,1,0,false
E:\OOD\main\a-thousand-stars-master\a-thousand-stars-master\src\artificialIntelligence\AI.java,artificialIntelligence.AI,onDamagedbyEntity/1[mainPackage.Entity],false,14,1,0,0,0,1,0,1,0,0,1,0,0,0,0,0,0,0,0,0,0,0,0,0,0,0,4,1,0,false
E:\OOD\main\a-thousand-stars-master\a-thousand-stars-master\src\usefulMethods\Sector.java,usefulMethods.Sector,Sector/1[java.awt.Point],true,12,0,2,2,0,1,0,3,0,0,1,0,0,0,0,0,0,0,0,0,1,0,0,0,0,0,4,1,0,false
E:\OOD\main\a-thousand-stars-master\a-thousand-stars-master\src\usefulMethods\UsefulSoundImageMethods.java,usefulMethods.UsefulSoundImageMethods,DrawGameBar/0,false,139,4,3,1,2,11,8,59,0,4,0,8,1,1,0,6,0,10,23,62,11,13,2,0,0,0,17,9,0,false
E:\OOD\main\a-thousand-stars-master\a-thousand-stars-master\src\usefulMethods\UsefulSoundImageMethods.java,usefulMethods.UsefulSoundImageMethods,"DrawPopup/3[java.lang.String,java.lang.String[],java.lang.String[]]",false,407,1,2,1,1,11,10,57,3,17,3,10,1,1,4,0,1,0,2,58,22,32,3,0,0,0,26,9,0,false
E:\OOD\main\a-thousand-stars-master\a-thousand-stars-master\src\usefulMethods\UsefulSoundImageMethods.java,usefulMethods.UsefulSoundImageMethods,DrawTitleScreen/0,false,389,1,2,1,1,3,6,14,0,1,0,6,1,1,0,0,0,0,3,13,2,0,2,0,0,0,11,9,0,false
E:\OOD\main\a-thousand-stars-master\a-thousand-stars-master\src\usefulMethods\UsefulSoundImageMethods.java,usefulMethods.UsefulSoundImageMethods,"IsButtonClicked/4[int,int,int,int]",false,65,0,4,4,0,5,0,8,2,0,4,0,0,0,0,0,0,0,0,0,0,2,1,0,0,0,9,9,0,false
E:\OOD\main\a-thousand-stars-master\a-thousand-stars-master\src\usefulMethods\UsefulSoundImageMethods.java,usefulMethods.UsefulSoundImageMethods,DrawInventory/0,false,212,3,2,1,1,40,13,122,0,17,0,13,1,1,2,18,0,3,26,110,28,45,7,0,0,0,32,9,0,false
E:\OOD\main\a-thousand-stars-master\a-thousand-stars-master\src\usefulMethods\UsefulSoundImageMethods.java,usefulMethods.UsefulSoundImageMethods,PlayBackgroundMusic/1[java.lang.String],false,30,1,1,0,1,1,2,5,0,1,1,2,1,1,0,0,0,0,0,0,2,0,0,0,0,0,10,9,0,false
E:\OOD\main\a-thousand-stars-master\a-thousand-stars-master\src\usefulMethods\UsefulSoundImageMethods.java,usefulMethods.UsefulSoundImageMethods,PlaySound/1[java.lang.String],false,38,1,1,0,1,1,2,4,0,1,1,2,1,1,0,0,0,0,0,0,1,0,0,0,0,0,6,9,0,false
E:\OOD\main\a-thousand-stars-master\a-thousand-stars-master\src\usefulMethods\UsefulSoundImageMethods.java,usefulMethods.UsefulSoundImageMethods,DrawParticles/0,false,78,3,1,1,0,11,13,42,0,17,0,13,0,0,4,2,0,4,0,20,22,20,4,0,0,0,24,9,0,false
E:\OOD\main\a-thousand-stars-master\a-thousand-stars-master\src\usefulMethods\UsefulSoundImageMethods.java,usefulMethods.UsefulSoundImageMethods,GetSoundClip/1[java.lang.String],false,44,0,2,2,0,4,4,19,1,3,1,4,0,0,0,0,1,0,1,0,4,1,1,0,0,0,20,9,0,false
E:\OOD\main\a-thousand-stars-master\a-thousand-stars-master\src\mainPackage\Item.java,mainPackage.Item,"InitializeGenerator/2[double,double]",false,51,0,1,1,0,1,0,6,0,0,2,0,0,0,0,0,0,0,0,0,4,0,0,0,0,0,10,1,0,false
E:\OOD\main\a-thousand-stars-master\a-thousand-stars-master\src\mainPackage\Item.java,mainPackage.Item,"InitializeWeapon/8[java.lang.String,double,double,double,int,double,double,double]",false,79,0,1,1,0,1,0,12,0,0,8,0,0,0,0,0,0,0,0,0,10,0,0,0,0,0,28,1,0,false
E:\OOD\main\a-thousand-stars-master\a-thousand-stars-master\src\mainPackage\Item.java,mainPackage.Item,"InitializeShield/5[double,double,double,double,double]",false,59,0,1,1,0,1,0,10,0,0,5,0,0,0,0,0,0,0,0,1,8,0,0,0,0,0,21,1,0,false
E:\OOD\main\a-thousand-stars-master\a-thousand-stars-master\src\mainPackage\Item.java,mainPackage.Item,"InitializeThruster/2[double,double]",false,72,0,1,1,0,1,0,5,0,0,2,0,0,0,0,0,0,0,0,0,3,0,0,0,0,0,11,1,0,false
E:\OOD\main\a-thousand-stars-master\a-thousand-stars-master\src\mainPackage\Item.java,mainPackage.Item,"Item/5[java.lang.String,java.lang.String,java.lang.String,int,java.awt.Image]",true,92,0,5,5,0,1,0,7,0,0,5,0,0,0,0,0,0,0,0,0,5,0,0,0,0,0,11,1,0,false
E:\OOD\main\a-thousand-stars-master\a-thousand-stars-master\src\mainPackage\Particle.java,mainPackage.Particle,"Particle/9[double,double,double,double,double,double[],double[],java.awt.Color,java.awt.Color]",true,29,1,1,1,0,1,0,11,0,0,9,0,0,0,0,0,0,0,0,0,9,0,0,0,0,0,19,1,0,false
E:\OOD\main\a-thousand-stars-master\a-thousand-stars-master\src\usefulMethods\UsefulWorldGenMethods.java,usefulMethods.UsefulWorldGenMethods,ResetSectors/0,false,13,3,2,1,1,12,5,33,0,14,0,5,0,0,3,2,0,4,0,3,17,8,7,0,0,0,20,9,0,false
E:\OOD\main\a-thousand-stars-master\a-thousand-stars-master\src\usefulMethods\UsefulWorldGenMethods.java,usefulMethods.UsefulWorldGenMethods,InitializeSectors/0,false,61,1,1,0,1,3,0,11,0,5,0,0,0,0,2,0,0,0,0,2,7,0,2,0,0,0,9,9,0,false
