file,class,method,variable,usage
E:\OOD\main\a-thousand-stars-master\a-thousand-stars-master\src\usefulMethods\UsefulItemMethods.java,usefulMethods.UsefulItemMethods,GlorbroxNuclearReactor/0,sprite,1
E:\OOD\main\a-thousand-stars-master\a-thousand-stars-master\src\usefulMethods\UsefulItemMethods.java,usefulMethods.UsefulItemMethods,GlorbroxNuclearReactor/0,generator,2
E:\OOD\main\a-thousand-stars-master\a-thousand-stars-master\src\usefulMethods\UsefulItemMethods.java,usefulMethods.UsefulItemMethods,ZetaCorpDefenseShield/0,shield,2
E:\OOD\main\a-thousand-stars-master\a-thousand-stars-master\src\usefulMethods\UsefulItemMethods.java,usefulMethods.UsefulItemMethods,ZetaCorpDefenseShield/0,sprite,1
E:\OOD\main\a-thousand-stars-master\a-thousand-stars-master\src\usefulMethods\UsefulItemMethods.java,usefulMethods.UsefulItemMethods,Ore/0,ore,1
E:\OOD\main\a-thousand-stars-master\a-thousand-stars-master\src\usefulMethods\UsefulItemMethods.java,usefulMethods.UsefulItemMethods,Ore/0,sprite,1
E:\OOD\main\a-thousand-stars-master\a-thousand-stars-master\src\usefulMethods\UsefulItemMethods.java,usefulMethods.UsefulItemMethods,StandardGalacticRocketryBasicThruster/0,sprite,1
E:\OOD\main\a-thousand-stars-master\a-thousand-stars-master\src\usefulMethods\UsefulItemMethods.java,usefulMethods.UsefulItemMethods,StandardGalacticRocketryBasicThruster/0,thruster,2
E:\OOD\main\a-thousand-stars-master\a-thousand-stars-master\src\usefulMethods\UsefulItemMethods.java,usefulMethods.UsefulItemMethods,ZetaCorpAsteroidHarvester/0,weapon,2
E:\OOD\main\a-thousand-stars-master\a-thousand-stars-master\src\usefulMethods\UsefulItemMethods.java,usefulMethods.UsefulItemMethods,ZetaCorpAsteroidHarvester/0,sprite,1
E:\OOD\main\a-thousand-stars-master\a-thousand-stars-master\src\mainPackage\Entity.java,mainPackage.Entity,"Entity/7[mainPackage.Particle,java.lang.String,java.lang.String,mainPackage.Item[],double,double,double]",healthregen,1
E:\OOD\main\a-thousand-stars-master\a-thousand-stars-master\src\mainPackage\Entity.java,mainPackage.Entity,"Entity/7[mainPackage.Particle,java.lang.String,java.lang.String,mainPackage.Item[],double,double,double]",maxhealth,2
E:\OOD\main\a-thousand-stars-master\a-thousand-stars-master\src\mainPackage\Entity.java,mainPackage.Entity,"Entity/7[mainPackage.Particle,java.lang.String,java.lang.String,mainPackage.Item[],double,double,double]",host,1
E:\OOD\main\a-thousand-stars-master\a-thousand-stars-master\src\mainPackage\Entity.java,mainPackage.Entity,"Entity/7[mainPackage.Particle,java.lang.String,java.lang.String,mainPackage.Item[],double,double,double]",i,11
E:\OOD\main\a-thousand-stars-master\a-thousand-stars-master\src\mainPackage\Entity.java,mainPackage.Entity,"Entity/7[mainPackage.Particle,java.lang.String,java.lang.String,mainPackage.Item[],double,double,double]",type,1
E:\OOD\main\a-thousand-stars-master\a-thousand-stars-master\src\mainPackage\Entity.java,mainPackage.Entity,"Entity/7[mainPackage.Particle,java.lang.String,java.lang.String,mainPackage.Item[],double,double,double]",inventory,1
E:\OOD\main\a-thousand-stars-master\a-thousand-stars-master\src\mainPackage\Entity.java,mainPackage.Entity,"Entity/7[mainPackage.Particle,java.lang.String,java.lang.String,mainPackage.Item[],double,double,double]",entitydamageoncontact,1
E:\OOD\main\a-thousand-stars-master\a-thousand-stars-master\src\mainPackage\Entity.java,mainPackage.Entity,"Entity/7[mainPackage.Particle,java.lang.String,java.lang.String,mainPackage.Item[],double,double,double]",info,1
E:\OOD\main\a-thousand-stars-master\a-thousand-stars-master\src\usefulMethods\UsefulAIMethods.java,usefulMethods.UsefulAIMethods,"CallMethod/3[java.lang.Object,java.lang.String,java.lang.Object[]]",args,3
E:\OOD\main\a-thousand-stars-master\a-thousand-stars-master\src\usefulMethods\UsefulAIMethods.java,usefulMethods.UsefulAIMethods,"CallMethod/3[java.lang.Object,java.lang.String,java.lang.Object[]]",e,1
E:\OOD\main\a-thousand-stars-master\a-thousand-stars-master\src\usefulMethods\UsefulAIMethods.java,usefulMethods.UsefulAIMethods,"CallMethod/3[java.lang.Object,java.lang.String,java.lang.Object[]]",subject,4
E:\OOD\main\a-thousand-stars-master\a-thousand-stars-master\src\usefulMethods\UsefulAIMethods.java,usefulMethods.UsefulAIMethods,"CallMethod/3[java.lang.Object,java.lang.String,java.lang.Object[]]",methodname,2
E:\OOD\main\a-thousand-stars-master\a-thousand-stars-master\src\artificialIntelligence\Player.java,artificialIntelligence.Player,onDamagedbyEntity/1[mainPackage.Entity],damager,0
E:\OOD\main\a-thousand-stars-master\a-thousand-stars-master\src\artificialIntelligence\Player.java,artificialIntelligence.Player,Player/1[mainPackage.Entity],host,1
E:\OOD\main\a-thousand-stars-master\a-thousand-stars-master\src\artificialIntelligence\DroppedItem.java,artificialIntelligence.DroppedItem,onDamagedbyEntity/1[mainPackage.Entity],damager,0
E:\OOD\main\a-thousand-stars-master\a-thousand-stars-master\src\artificialIntelligence\DroppedItem.java,artificialIntelligence.DroppedItem,"DroppedItem/2[mainPackage.Item,mainPackage.Entity]",item,1
E:\OOD\main\a-thousand-stars-master\a-thousand-stars-master\src\artificialIntelligence\DroppedItem.java,artificialIntelligence.DroppedItem,"DroppedItem/2[mainPackage.Item,mainPackage.Entity]",host,1
E:\OOD\main\a-thousand-stars-master\a-thousand-stars-master\src\artificialIntelligence\DroppedItem.java,artificialIntelligence.DroppedItem,onClick/0,selectedanswer,1
E:\OOD\main\a-thousand-stars-master\a-thousand-stars-master\src\artificialIntelligence\DroppedItem.java,artificialIntelligence.DroppedItem,onClick/0,distance,1
E:\OOD\main\a-thousand-stars-master\a-thousand-stars-master\src\artificialIntelligence\DroppedItem.java,artificialIntelligence.DroppedItem,onClick/0,i,4
E:\OOD\main\a-thousand-stars-master\a-thousand-stars-master\src\artificialIntelligence\DroppedItem.java,artificialIntelligence.DroppedItem,onClick/0,inventory,3
E:\OOD\main\a-thousand-stars-master\a-thousand-stars-master\src\artificialIntelligence\DroppedItem.java,artificialIntelligence.DroppedItem,onClick/0,playerentity,2
E:\OOD\main\a-thousand-stars-master\a-thousand-stars-master\src\mainPackage\Main.java,mainPackage.Main,mouseClicked/1[java.awt.event.MouseEvent],e,0
E:\OOD\main\a-thousand-stars-master\a-thousand-stars-master\src\mainPackage\Main.java,mainPackage.Main,mouseDragged/1[java.awt.event.MouseEvent],e,2
E:\OOD\main\a-thousand-stars-master\a-thousand-stars-master\src\mainPackage\Main.java,mainPackage.Main,initialize/0,q,4
E:\OOD\main\a-thousand-stars-master\a-thousand-stars-master\src\mainPackage\Main.java,mainPackage.Main,initialize/0,bob,0
E:\OOD\main\a-thousand-stars-master\a-thousand-stars-master\src\mainPackage\Main.java,mainPackage.Main,initialize/0,i,4
E:\OOD\main\a-thousand-stars-master\a-thousand-stars-master\src\mainPackage\Main.java,mainPackage.Main,gameloop/0,date,2
E:\OOD\main\a-thousand-stars-master\a-thousand-stars-master\src\mainPackage\Main.java,mainPackage.Main,gameloop/0,a,2
E:\OOD\main\a-thousand-stars-master\a-thousand-stars-master\src\mainPackage\Main.java,mainPackage.Main,gameloop/0,i,5
E:\OOD\main\a-thousand-stars-master\a-thousand-stars-master\src\mainPackage\Main.java,mainPackage.Main,keyPressed/1[java.awt.event.KeyEvent],e,5
E:\OOD\main\a-thousand-stars-master\a-thousand-stars-master\src\mainPackage\Main.java,mainPackage.Main,UpdateAI/1[int],ydif,2
E:\OOD\main\a-thousand-stars-master\a-thousand-stars-master\src\mainPackage\Main.java,mainPackage.Main,UpdateAI/1[int],xdif,2
E:\OOD\main\a-thousand-stars-master\a-thousand-stars-master\src\mainPackage\Main.java,mainPackage.Main,UpdateAI/1[int],distance,1
E:\OOD\main\a-thousand-stars-master\a-thousand-stars-master\src\mainPackage\Main.java,mainPackage.Main,UpdateAI/1[int],obj,3
E:\OOD\main\a-thousand-stars-master\a-thousand-stars-master\src\mainPackage\Main.java,mainPackage.Main,UpdateAI/1[int],i,1
E:\OOD\main\a-thousand-stars-master\a-thousand-stars-master\src\mainPackage\Main.java,mainPackage.Main,UpdateAI/1[int],particle,4
E:\OOD\main\a-thousand-stars-master\a-thousand-stars-master\src\mainPackage\Main.java,mainPackage.Main,UpdateAI/1[int],entity,2
E:\OOD\main\a-thousand-stars-master\a-thousand-stars-master\src\mainPackage\Main.java,mainPackage.Main,UpdateAI/1[int],screenx,1
E:\OOD\main\a-thousand-stars-master\a-thousand-stars-master\src\mainPackage\Main.java,mainPackage.Main,UpdateAI/1[int],screeny,1
E:\OOD\main\a-thousand-stars-master\a-thousand-stars-master\src\mainPackage\Main.java,mainPackage.Main,KillParticles/0,i,4
E:\OOD\main\a-thousand-stars-master\a-thousand-stars-master\src\mainPackage\Main.java,mainPackage.Main,mouseExited/1[java.awt.event.MouseEvent],e,0
E:\OOD\main\a-thousand-stars-master\a-thousand-stars-master\src\mainPackage\Main.java,mainPackage.Main,keyTyped/1[java.awt.event.KeyEvent],e,0
E:\OOD\main\a-thousand-stars-master\a-thousand-stars-master\src\mainPackage\Main.java,mainPackage.Main,main/1[java.lang.String[]],args,0
E:\OOD\main\a-thousand-stars-master\a-thousand-stars-master\src\mainPackage\Main.java,mainPackage.Main,main/1[java.lang.String[]],e,1
E:\OOD\main\a-thousand-stars-master\a-thousand-stars-master\src\mainPackage\Main.java,mainPackage.Main,main/1[java.lang.String[]],icon,1
E:\OOD\main\a-thousand-stars-master\a-thousand-stars-master\src\mainPackage\Main.java,mainPackage.Main,main/1[java.lang.String[]],frame,6
E:\OOD\main\a-thousand-stars-master\a-thousand-stars-master\src\mainPackage\Main.java,mainPackage.Main,UpdatePriorities/0,PlayerParticle,1
E:\OOD\main\a-thousand-stars-master\a-thousand-stars-master\src\mainPackage\Main.java,mainPackage.Main,UpdatePriorities/0,distance,2
E:\OOD\main\a-thousand-stars-master\a-thousand-stars-master\src\mainPackage\Main.java,mainPackage.Main,UpdatePriorities/0,i,3
E:\OOD\main\a-thousand-stars-master\a-thousand-stars-master\src\mainPackage\Main.java,mainPackage.Main,UpdatePriorities/0,updated,11
E:\OOD\main\a-thousand-stars-master\a-thousand-stars-master\src\mainPackage\Main.java,mainPackage.Main,mouseEntered/1[java.awt.event.MouseEvent],e,0
E:\OOD\main\a-thousand-stars-master\a-thousand-stars-master\src\mainPackage\Main.java,mainPackage.Main,keyReleased/1[java.awt.event.KeyEvent],e,5
E:\OOD\main\a-thousand-stars-master\a-thousand-stars-master\src\mainPackage\Main.java,mainPackage.Main,mouseMoved/1[java.awt.event.MouseEvent],e,2
E:\OOD\main\a-thousand-stars-master\a-thousand-stars-master\src\mainPackage\Main.java,mainPackage.Main,UpdateEntity/1[int],i,1
E:\OOD\main\a-thousand-stars-master\a-thousand-stars-master\src\mainPackage\Main.java,mainPackage.Main,UpdateEntity/1[int],particle,1
E:\OOD\main\a-thousand-stars-master\a-thousand-stars-master\src\mainPackage\Main.java,mainPackage.Main,UpdateEntity/1[int],updated,52
E:\OOD\main\a-thousand-stars-master\a-thousand-stars-master\src\mainPackage\Main.java,mainPackage.Main,UpdateParticle/1[int],i,1
E:\OOD\main\a-thousand-stars-master\a-thousand-stars-master\src\mainPackage\Main.java,mainPackage.Main,UpdateParticle/1[int],updated,22
E:\OOD\main\a-thousand-stars-master\a-thousand-stars-master\src\mainPackage\Main.java,mainPackage.Main,mouseReleased/1[java.awt.event.MouseEvent],e,2
E:\OOD\main\a-thousand-stars-master\a-thousand-stars-master\src\mainPackage\Main.java,mainPackage.Main,Main/1[javax.swing.JFrame],frame,1
E:\OOD\main\a-thousand-stars-master\a-thousand-stars-master\src\mainPackage\Main.java,mainPackage.Main,mousePressed/1[java.awt.event.MouseEvent],e,2
E:\OOD\main\a-thousand-stars-master\a-thousand-stars-master\src\mainPackage\Main.java,mainPackage.Main,paint/1[java.awt.Graphics],g,2
E:\OOD\main\a-thousand-stars-master\a-thousand-stars-master\src\usefulMethods\UsefulParticleMethods.java,usefulMethods.UsefulParticleMethods,GetPlayerIndex/0,i,5
E:\OOD\main\a-thousand-stars-master\a-thousand-stars-master\src\usefulMethods\UsefulParticleMethods.java,usefulMethods.UsefulParticleMethods,"CreateAsteroid/3[double,double,double]",hostnumber,2
E:\OOD\main\a-thousand-stars-master\a-thousand-stars-master\src\usefulMethods\UsefulParticleMethods.java,usefulMethods.UsefulParticleMethods,"CreateAsteroid/3[double,double,double]",mass,4
E:\OOD\main\a-thousand-stars-master\a-thousand-stars-master\src\usefulMethods\UsefulParticleMethods.java,usefulMethods.UsefulParticleMethods,"CreateAsteroid/3[double,double,double]",rotation,1
E:\OOD\main\a-thousand-stars-master\a-thousand-stars-master\src\usefulMethods\UsefulParticleMethods.java,usefulMethods.UsefulParticleMethods,"CreateAsteroid/3[double,double,double]",damageoncontact,1
E:\OOD\main\a-thousand-stars-master\a-thousand-stars-master\src\usefulMethods\UsefulParticleMethods.java,usefulMethods.UsefulParticleMethods,"CreateAsteroid/3[double,double,double]",regen,1
E:\OOD\main\a-thousand-stars-master\a-thousand-stars-master\src\usefulMethods\UsefulParticleMethods.java,usefulMethods.UsefulParticleMethods,"CreateAsteroid/3[double,double,double]",i,9
E:\OOD\main\a-thousand-stars-master\a-thousand-stars-master\src\usefulMethods\UsefulParticleMethods.java,usefulMethods.UsefulParticleMethods,"CreateAsteroid/3[double,double,double]",health,1
E:\OOD\main\a-thousand-stars-master\a-thousand-stars-master\src\usefulMethods\UsefulParticleMethods.java,usefulMethods.UsefulParticleMethods,"CreateAsteroid/3[double,double,double]",fill,1
E:\OOD\main\a-thousand-stars-master\a-thousand-stars-master\src\usefulMethods\UsefulParticleMethods.java,usefulMethods.UsefulParticleMethods,"CreateAsteroid/3[double,double,double]",type,1
E:\OOD\main\a-thousand-stars-master\a-thousand-stars-master\src\usefulMethods\UsefulParticleMethods.java,usefulMethods.UsefulParticleMethods,"CreateAsteroid/3[double,double,double]",q,3
E:\OOD\main\a-thousand-stars-master\a-thousand-stars-master\src\usefulMethods\UsefulParticleMethods.java,usefulMethods.UsefulParticleMethods,"CreateAsteroid/3[double,double,double]",outline,1
E:\OOD\main\a-thousand-stars-master\a-thousand-stars-master\src\usefulMethods\UsefulParticleMethods.java,usefulMethods.UsefulParticleMethods,"CreateAsteroid/3[double,double,double]",directions,2
E:\OOD\main\a-thousand-stars-master\a-thousand-stars-master\src\usefulMethods\UsefulParticleMethods.java,usefulMethods.UsefulParticleMethods,"CreateAsteroid/3[double,double,double]",x,1
E:\OOD\main\a-thousand-stars-master\a-thousand-stars-master\src\usefulMethods\UsefulParticleMethods.java,usefulMethods.UsefulParticleMethods,"CreateAsteroid/3[double,double,double]",host,4
E:\OOD\main\a-thousand-stars-master\a-thousand-stars-master\src\usefulMethods\UsefulParticleMethods.java,usefulMethods.UsefulParticleMethods,"CreateAsteroid/3[double,double,double]",y,1
E:\OOD\main\a-thousand-stars-master\a-thousand-stars-master\src\usefulMethods\UsefulParticleMethods.java,usefulMethods.UsefulParticleMethods,"CreateAsteroid/3[double,double,double]",yvel,0
E:\OOD\main\a-thousand-stars-master\a-thousand-stars-master\src\usefulMethods\UsefulParticleMethods.java,usefulMethods.UsefulParticleMethods,"CreateAsteroid/3[double,double,double]",radius,3
E:\OOD\main\a-thousand-stars-master\a-thousand-stars-master\src\usefulMethods\UsefulParticleMethods.java,usefulMethods.UsefulParticleMethods,"CreateAsteroid/3[double,double,double]",magnitudes,4
E:\OOD\main\a-thousand-stars-master\a-thousand-stars-master\src\usefulMethods\UsefulParticleMethods.java,usefulMethods.UsefulParticleMethods,"CreateAsteroid/3[double,double,double]",xvel,0
E:\OOD\main\a-thousand-stars-master\a-thousand-stars-master\src\usefulMethods\UsefulParticleMethods.java,usefulMethods.UsefulParticleMethods,"CreateAsteroid/3[double,double,double]",items,5
E:\OOD\main\a-thousand-stars-master\a-thousand-stars-master\src\usefulMethods\UsefulParticleMethods.java,usefulMethods.UsefulParticleMethods,"CreateAsteroid/3[double,double,double]",info,1
E:\OOD\main\a-thousand-stars-master\a-thousand-stars-master\src\usefulMethods\UsefulParticleMethods.java,usefulMethods.UsefulParticleMethods,"GetDistance/2[mainPackage.Particle,mainPackage.Particle]",a,2
E:\OOD\main\a-thousand-stars-master\a-thousand-stars-master\src\usefulMethods\UsefulParticleMethods.java,usefulMethods.UsefulParticleMethods,"GetDistance/2[mainPackage.Particle,mainPackage.Particle]",i,2
E:\OOD\main\a-thousand-stars-master\a-thousand-stars-master\src\usefulMethods\UsefulParticleMethods.java,usefulMethods.UsefulParticleMethods,"AddVelocity/3[mainPackage.Particle,double,double]",modifiedParticle,2
E:\OOD\main\a-thousand-stars-master\a-thousand-stars-master\src\usefulMethods\UsefulParticleMethods.java,usefulMethods.UsefulParticleMethods,"AddVelocity/3[mainPackage.Particle,double,double]",magnitude,2
E:\OOD\main\a-thousand-stars-master\a-thousand-stars-master\src\usefulMethods\UsefulParticleMethods.java,usefulMethods.UsefulParticleMethods,"AddVelocity/3[mainPackage.Particle,double,double]",theta,2
E:\OOD\main\a-thousand-stars-master\a-thousand-stars-master\src\usefulMethods\UsefulParticleMethods.java,usefulMethods.UsefulParticleMethods,"GetMagnitudesForParticle/2[double[],double[]]",x,4
E:\OOD\main\a-thousand-stars-master\a-thousand-stars-master\src\usefulMethods\UsefulParticleMethods.java,usefulMethods.UsefulParticleMethods,"GetMagnitudesForParticle/2[double[],double[]]",y,2
E:\OOD\main\a-thousand-stars-master\a-thousand-stars-master\src\usefulMethods\UsefulParticleMethods.java,usefulMethods.UsefulParticleMethods,"GetMagnitudesForParticle/2[double[],double[]]",i,7
E:\OOD\main\a-thousand-stars-master\a-thousand-stars-master\src\usefulMethods\UsefulParticleMethods.java,usefulMethods.UsefulParticleMethods,"GetMagnitudesForParticle/2[double[],double[]]",magnitudes,2
E:\OOD\main\a-thousand-stars-master\a-thousand-stars-master\src\usefulMethods\UsefulParticleMethods.java,usefulMethods.UsefulParticleMethods,"GetDistance/4[double,double,double,double]",y1,1
E:\OOD\main\a-thousand-stars-master\a-thousand-stars-master\src\usefulMethods\UsefulParticleMethods.java,usefulMethods.UsefulParticleMethods,"GetDistance/4[double,double,double,double]",x1,1
E:\OOD\main\a-thousand-stars-master\a-thousand-stars-master\src\usefulMethods\UsefulParticleMethods.java,usefulMethods.UsefulParticleMethods,"GetDistance/4[double,double,double,double]",y2,1
E:\OOD\main\a-thousand-stars-master\a-thousand-stars-master\src\usefulMethods\UsefulParticleMethods.java,usefulMethods.UsefulParticleMethods,"GetDistance/4[double,double,double,double]",x2,1
E:\OOD\main\a-thousand-stars-master\a-thousand-stars-master\src\usefulMethods\UsefulParticleMethods.java,usefulMethods.UsefulParticleMethods,CheckCollision/0,r2,1
E:\OOD\main\a-thousand-stars-master\a-thousand-stars-master\src\usefulMethods\UsefulParticleMethods.java,usefulMethods.UsefulParticleMethods,CheckCollision/0,p1,16
E:\OOD\main\a-thousand-stars-master\a-thousand-stars-master\src\usefulMethods\UsefulParticleMethods.java,usefulMethods.UsefulParticleMethods,CheckCollision/0,ymin,1
E:\OOD\main\a-thousand-stars-master\a-thousand-stars-master\src\usefulMethods\UsefulParticleMethods.java,usefulMethods.UsefulParticleMethods,CheckCollision/0,xmin,1
E:\OOD\main\a-thousand-stars-master\a-thousand-stars-master\src\usefulMethods\UsefulParticleMethods.java,usefulMethods.UsefulParticleMethods,CheckCollision/0,yminsector,1
E:\OOD\main\a-thousand-stars-master\a-thousand-stars-master\src\usefulMethods\UsefulParticleMethods.java,usefulMethods.UsefulParticleMethods,CheckCollision/0,p2,6
E:\OOD\main\a-thousand-stars-master\a-thousand-stars-master\src\usefulMethods\UsefulParticleMethods.java,usefulMethods.UsefulParticleMethods,CheckCollision/0,ymaxsector,1
E:\OOD\main\a-thousand-stars-master\a-thousand-stars-master\src\usefulMethods\UsefulParticleMethods.java,usefulMethods.UsefulParticleMethods,CheckCollision/0,distance,1
E:\OOD\main\a-thousand-stars-master\a-thousand-stars-master\src\usefulMethods\UsefulParticleMethods.java,usefulMethods.UsefulParticleMethods,CheckCollision/0,i,3
E:\OOD\main\a-thousand-stars-master\a-thousand-stars-master\src\usefulMethods\UsefulParticleMethods.java,usefulMethods.UsefulParticleMethods,CheckCollision/0,particlelist,3
E:\OOD\main\a-thousand-stars-master\a-thousand-stars-master\src\usefulMethods\UsefulParticleMethods.java,usefulMethods.UsefulParticleMethods,CheckCollision/0,q,3
E:\OOD\main\a-thousand-stars-master\a-thousand-stars-master\src\usefulMethods\UsefulParticleMethods.java,usefulMethods.UsefulParticleMethods,CheckCollision/0,ymax,1
E:\OOD\main\a-thousand-stars-master\a-thousand-stars-master\src\usefulMethods\UsefulParticleMethods.java,usefulMethods.UsefulParticleMethods,CheckCollision/0,xmax,1
E:\OOD\main\a-thousand-stars-master\a-thousand-stars-master\src\usefulMethods\UsefulParticleMethods.java,usefulMethods.UsefulParticleMethods,CheckCollision/0,xminsector,1
E:\OOD\main\a-thousand-stars-master\a-thousand-stars-master\src\usefulMethods\UsefulParticleMethods.java,usefulMethods.UsefulParticleMethods,CheckCollision/0,x,3
E:\OOD\main\a-thousand-stars-master\a-thousand-stars-master\src\usefulMethods\UsefulParticleMethods.java,usefulMethods.UsefulParticleMethods,CheckCollision/0,y,3
E:\OOD\main\a-thousand-stars-master\a-thousand-stars-master\src\usefulMethods\UsefulParticleMethods.java,usefulMethods.UsefulParticleMethods,CheckCollision/0,xmaxsector,1
E:\OOD\main\a-thousand-stars-master\a-thousand-stars-master\src\usefulMethods\UsefulParticleMethods.java,usefulMethods.UsefulParticleMethods,CheckCollision/0,sectory,0
E:\OOD\main\a-thousand-stars-master\a-thousand-stars-master\src\usefulMethods\UsefulParticleMethods.java,usefulMethods.UsefulParticleMethods,CheckCollision/0,sectorx,0
E:\OOD\main\a-thousand-stars-master\a-thousand-stars-master\src\usefulMethods\UsefulParticleMethods.java,usefulMethods.UsefulParticleMethods,CheckCollision/0,r1,1
E:\OOD\main\a-thousand-stars-master\a-thousand-stars-master\src\usefulMethods\UsefulParticleMethods.java,usefulMethods.UsefulParticleMethods,"CreateEntity/7[mainPackage.Particle,java.lang.String,java.lang.String,mainPackage.Item[],double,double,double]",healthregen,1
E:\OOD\main\a-thousand-stars-master\a-thousand-stars-master\src\usefulMethods\UsefulParticleMethods.java,usefulMethods.UsefulParticleMethods,"CreateEntity/7[mainPackage.Particle,java.lang.String,java.lang.String,mainPackage.Item[],double,double,double]",newEntity,2
E:\OOD\main\a-thousand-stars-master\a-thousand-stars-master\src\usefulMethods\UsefulParticleMethods.java,usefulMethods.UsefulParticleMethods,"CreateEntity/7[mainPackage.Particle,java.lang.String,java.lang.String,mainPackage.Item[],double,double,double]",maxhealth,1
E:\OOD\main\a-thousand-stars-master\a-thousand-stars-master\src\usefulMethods\UsefulParticleMethods.java,usefulMethods.UsefulParticleMethods,"CreateEntity/7[mainPackage.Particle,java.lang.String,java.lang.String,mainPackage.Item[],double,double,double]",host,2
E:\OOD\main\a-thousand-stars-master\a-thousand-stars-master\src\usefulMethods\UsefulParticleMethods.java,usefulMethods.UsefulParticleMethods,"CreateEntity/7[mainPackage.Particle,java.lang.String,java.lang.String,mainPackage.Item[],double,double,double]",damageoncontact,1
E:\OOD\main\a-thousand-stars-master\a-thousand-stars-master\src\usefulMethods\UsefulParticleMethods.java,usefulMethods.UsefulParticleMethods,"CreateEntity/7[mainPackage.Particle,java.lang.String,java.lang.String,mainPackage.Item[],double,double,double]",type,1
E:\OOD\main\a-thousand-stars-master\a-thousand-stars-master\src\usefulMethods\UsefulParticleMethods.java,usefulMethods.UsefulParticleMethods,"CreateEntity/7[mainPackage.Particle,java.lang.String,java.lang.String,mainPackage.Item[],double,double,double]",items,1
E:\OOD\main\a-thousand-stars-master\a-thousand-stars-master\src\usefulMethods\UsefulParticleMethods.java,usefulMethods.UsefulParticleMethods,"CreateEntity/7[mainPackage.Particle,java.lang.String,java.lang.String,mainPackage.Item[],double,double,double]",info,1
E:\OOD\main\a-thousand-stars-master\a-thousand-stars-master\src\usefulMethods\UsefulParticleMethods.java,usefulMethods.UsefulParticleMethods,"GetRelativeVelocity/2[mainPackage.Particle,mainPackage.Particle]",a,2
E:\OOD\main\a-thousand-stars-master\a-thousand-stars-master\src\usefulMethods\UsefulParticleMethods.java,usefulMethods.UsefulParticleMethods,"GetRelativeVelocity/2[mainPackage.Particle,mainPackage.Particle]",i,2
E:\OOD\main\a-thousand-stars-master\a-thousand-stars-master\src\usefulMethods\UsefulParticleMethods.java,usefulMethods.UsefulParticleMethods,"AddVector/3[mainPackage.Particle,double,double]",particletoadd,4
E:\OOD\main\a-thousand-stars-master\a-thousand-stars-master\src\usefulMethods\UsefulParticleMethods.java,usefulMethods.UsefulParticleMethods,"AddVector/3[mainPackage.Particle,double,double]",force,2
E:\OOD\main\a-thousand-stars-master\a-thousand-stars-master\src\usefulMethods\UsefulParticleMethods.java,usefulMethods.UsefulParticleMethods,"AddVector/3[mainPackage.Particle,double,double]",theta,2
E:\OOD\main\a-thousand-stars-master\a-thousand-stars-master\src\usefulMethods\UsefulParticleMethods.java,usefulMethods.UsefulParticleMethods,CreateItem/1[mainPackage.Item],item,3
E:\OOD\main\a-thousand-stars-master\a-thousand-stars-master\src\usefulMethods\UsefulParticleMethods.java,usefulMethods.UsefulParticleMethods,CreateItem/1[mainPackage.Item],hostnumber,2
E:\OOD\main\a-thousand-stars-master\a-thousand-stars-master\src\usefulMethods\UsefulParticleMethods.java,usefulMethods.UsefulParticleMethods,CreateItem/1[mainPackage.Item],rotation,1
E:\OOD\main\a-thousand-stars-master\a-thousand-stars-master\src\usefulMethods\UsefulParticleMethods.java,usefulMethods.UsefulParticleMethods,CreateItem/1[mainPackage.Item],damageoncontact,1
E:\OOD\main\a-thousand-stars-master\a-thousand-stars-master\src\usefulMethods\UsefulParticleMethods.java,usefulMethods.UsefulParticleMethods,CreateItem/1[mainPackage.Item],regen,1
E:\OOD\main\a-thousand-stars-master\a-thousand-stars-master\src\usefulMethods\UsefulParticleMethods.java,usefulMethods.UsefulParticleMethods,CreateItem/1[mainPackage.Item],ai,1
E:\OOD\main\a-thousand-stars-master\a-thousand-stars-master\src\usefulMethods\UsefulParticleMethods.java,usefulMethods.UsefulParticleMethods,CreateItem/1[mainPackage.Item],health,1
E:\OOD\main\a-thousand-stars-master\a-thousand-stars-master\src\usefulMethods\UsefulParticleMethods.java,usefulMethods.UsefulParticleMethods,CreateItem/1[mainPackage.Item],fill,1
E:\OOD\main\a-thousand-stars-master\a-thousand-stars-master\src\usefulMethods\UsefulParticleMethods.java,usefulMethods.UsefulParticleMethods,CreateItem/1[mainPackage.Item],type,1
E:\OOD\main\a-thousand-stars-master\a-thousand-stars-master\src\usefulMethods\UsefulParticleMethods.java,usefulMethods.UsefulParticleMethods,CreateItem/1[mainPackage.Item],entityhost,2
E:\OOD\main\a-thousand-stars-master\a-thousand-stars-master\src\usefulMethods\UsefulParticleMethods.java,usefulMethods.UsefulParticleMethods,CreateItem/1[mainPackage.Item],outline,1
E:\OOD\main\a-thousand-stars-master\a-thousand-stars-master\src\usefulMethods\UsefulParticleMethods.java,usefulMethods.UsefulParticleMethods,CreateItem/1[mainPackage.Item],directions,1
E:\OOD\main\a-thousand-stars-master\a-thousand-stars-master\src\usefulMethods\UsefulParticleMethods.java,usefulMethods.UsefulParticleMethods,CreateItem/1[mainPackage.Item],host,2
E:\OOD\main\a-thousand-stars-master\a-thousand-stars-master\src\usefulMethods\UsefulParticleMethods.java,usefulMethods.UsefulParticleMethods,CreateItem/1[mainPackage.Item],radius,1
E:\OOD\main\a-thousand-stars-master\a-thousand-stars-master\src\usefulMethods\UsefulParticleMethods.java,usefulMethods.UsefulParticleMethods,CreateItem/1[mainPackage.Item],magnitudes,1
E:\OOD\main\a-thousand-stars-master\a-thousand-stars-master\src\usefulMethods\UsefulParticleMethods.java,usefulMethods.UsefulParticleMethods,CreateItem/1[mainPackage.Item],items,1
E:\OOD\main\a-thousand-stars-master\a-thousand-stars-master\src\usefulMethods\UsefulParticleMethods.java,usefulMethods.UsefulParticleMethods,CreateItem/1[mainPackage.Item],info,1
E:\OOD\main\a-thousand-stars-master\a-thousand-stars-master\src\usefulMethods\UsefulParticleMethods.java,usefulMethods.UsefulParticleMethods,"GetSectorParticles/2[int,int]",e,1
E:\OOD\main\a-thousand-stars-master\a-thousand-stars-master\src\usefulMethods\UsefulParticleMethods.java,usefulMethods.UsefulParticleMethods,"GetSectorParticles/2[int,int]",x,3
E:\OOD\main\a-thousand-stars-master\a-thousand-stars-master\src\usefulMethods\UsefulParticleMethods.java,usefulMethods.UsefulParticleMethods,"GetSectorParticles/2[int,int]",y,3
E:\OOD\main\a-thousand-stars-master\a-thousand-stars-master\src\usefulMethods\UsefulParticleMethods.java,usefulMethods.UsefulParticleMethods,"GetSectorParticles/2[int,int]",particlelist,2
E:\OOD\main\a-thousand-stars-master\a-thousand-stars-master\src\usefulMethods\UsefulParticleMethods.java,usefulMethods.UsefulParticleMethods,"GetSectorParticles/2[int,int]",sector,2
E:\OOD\main\a-thousand-stars-master\a-thousand-stars-master\src\usefulMethods\UsefulParticleMethods.java,usefulMethods.UsefulParticleMethods,"CreatePlayer/2[double,double]",shield,1
E:\OOD\main\a-thousand-stars-master\a-thousand-stars-master\src\usefulMethods\UsefulParticleMethods.java,usefulMethods.UsefulParticleMethods,"CreatePlayer/2[double,double]",mass,1
E:\OOD\main\a-thousand-stars-master\a-thousand-stars-master\src\usefulMethods\UsefulParticleMethods.java,usefulMethods.UsefulParticleMethods,"CreatePlayer/2[double,double]",generator,1
E:\OOD\main\a-thousand-stars-master\a-thousand-stars-master\src\usefulMethods\UsefulParticleMethods.java,usefulMethods.UsefulParticleMethods,"CreatePlayer/2[double,double]",type,1
E:\OOD\main\a-thousand-stars-master\a-thousand-stars-master\src\usefulMethods\UsefulParticleMethods.java,usefulMethods.UsefulParticleMethods,"CreatePlayer/2[double,double]",weapon,1
E:\OOD\main\a-thousand-stars-master\a-thousand-stars-master\src\usefulMethods\UsefulParticleMethods.java,usefulMethods.UsefulParticleMethods,"CreatePlayer/2[double,double]",maxhealth,1
E:\OOD\main\a-thousand-stars-master\a-thousand-stars-master\src\usefulMethods\UsefulParticleMethods.java,usefulMethods.UsefulParticleMethods,"CreatePlayer/2[double,double]",host,1
E:\OOD\main\a-thousand-stars-master\a-thousand-stars-master\src\usefulMethods\UsefulParticleMethods.java,usefulMethods.UsefulParticleMethods,"CreatePlayer/2[double,double]",ys,2
E:\OOD\main\a-thousand-stars-master\a-thousand-stars-master\src\usefulMethods\UsefulParticleMethods.java,usefulMethods.UsefulParticleMethods,"CreatePlayer/2[double,double]",radius,1
E:\OOD\main\a-thousand-stars-master\a-thousand-stars-master\src\usefulMethods\UsefulParticleMethods.java,usefulMethods.UsefulParticleMethods,"CreatePlayer/2[double,double]",magnitudes,1
E:\OOD\main\a-thousand-stars-master\a-thousand-stars-master\src\usefulMethods\UsefulParticleMethods.java,usefulMethods.UsefulParticleMethods,"CreatePlayer/2[double,double]",outlinecolor,1
E:\OOD\main\a-thousand-stars-master\a-thousand-stars-master\src\usefulMethods\UsefulParticleMethods.java,usefulMethods.UsefulParticleMethods,"CreatePlayer/2[double,double]",info,1
E:\OOD\main\a-thousand-stars-master\a-thousand-stars-master\src\usefulMethods\UsefulParticleMethods.java,usefulMethods.UsefulParticleMethods,"CreatePlayer/2[double,double]",player,2
E:\OOD\main\a-thousand-stars-master\a-thousand-stars-master\src\usefulMethods\UsefulParticleMethods.java,usefulMethods.UsefulParticleMethods,"CreatePlayer/2[double,double]",hostnumber,1
E:\OOD\main\a-thousand-stars-master\a-thousand-stars-master\src\usefulMethods\UsefulParticleMethods.java,usefulMethods.UsefulParticleMethods,"CreatePlayer/2[double,double]",rotation,1
E:\OOD\main\a-thousand-stars-master\a-thousand-stars-master\src\usefulMethods\UsefulParticleMethods.java,usefulMethods.UsefulParticleMethods,"CreatePlayer/2[double,double]",damageoncontact,1
E:\OOD\main\a-thousand-stars-master\a-thousand-stars-master\src\usefulMethods\UsefulParticleMethods.java,usefulMethods.UsefulParticleMethods,"CreatePlayer/2[double,double]",ai,1
E:\OOD\main\a-thousand-stars-master\a-thousand-stars-master\src\usefulMethods\UsefulParticleMethods.java,usefulMethods.UsefulParticleMethods,"CreatePlayer/2[double,double]",healthregen,1
E:\OOD\main\a-thousand-stars-master\a-thousand-stars-master\src\usefulMethods\UsefulParticleMethods.java,usefulMethods.UsefulParticleMethods,"CreatePlayer/2[double,double]",fillcolor,1
E:\OOD\main\a-thousand-stars-master\a-thousand-stars-master\src\usefulMethods\UsefulParticleMethods.java,usefulMethods.UsefulParticleMethods,"CreatePlayer/2[double,double]",directions,1
E:\OOD\main\a-thousand-stars-master\a-thousand-stars-master\src\usefulMethods\UsefulParticleMethods.java,usefulMethods.UsefulParticleMethods,"CreatePlayer/2[double,double]",x,1
E:\OOD\main\a-thousand-stars-master\a-thousand-stars-master\src\usefulMethods\UsefulParticleMethods.java,usefulMethods.UsefulParticleMethods,"CreatePlayer/2[double,double]",y,1
E:\OOD\main\a-thousand-stars-master\a-thousand-stars-master\src\usefulMethods\UsefulParticleMethods.java,usefulMethods.UsefulParticleMethods,"CreatePlayer/2[double,double]",thruster,1
E:\OOD\main\a-thousand-stars-master\a-thousand-stars-master\src\usefulMethods\UsefulParticleMethods.java,usefulMethods.UsefulParticleMethods,"CreatePlayer/2[double,double]",xs,2
E:\OOD\main\a-thousand-stars-master\a-thousand-stars-master\src\usefulMethods\UsefulParticleMethods.java,usefulMethods.UsefulParticleMethods,"CreatePlayer/2[double,double]",items,1
E:\OOD\main\a-thousand-stars-master\a-thousand-stars-master\src\usefulMethods\UsefulParticleMethods.java,usefulMethods.UsefulParticleMethods,"Explode/6[int,double,double,double,double,double]",startyvel,1
E:\OOD\main\a-thousand-stars-master\a-thousand-stars-master\src\usefulMethods\UsefulParticleMethods.java,usefulMethods.UsefulParticleMethods,"Explode/6[int,double,double,double,double,double]",startxvel,1
E:\OOD\main\a-thousand-stars-master\a-thousand-stars-master\src\usefulMethods\UsefulParticleMethods.java,usefulMethods.UsefulParticleMethods,"Explode/6[int,double,double,double,double,double]",hostnumber,1
E:\OOD\main\a-thousand-stars-master\a-thousand-stars-master\src\usefulMethods\UsefulParticleMethods.java,usefulMethods.UsefulParticleMethods,"Explode/6[int,double,double,double,double,double]",rotation,1
E:\OOD\main\a-thousand-stars-master\a-thousand-stars-master\src\usefulMethods\UsefulParticleMethods.java,usefulMethods.UsefulParticleMethods,"Explode/6[int,double,double,double,double,double]",mass,1
E:\OOD\main\a-thousand-stars-master\a-thousand-stars-master\src\usefulMethods\UsefulParticleMethods.java,usefulMethods.UsefulParticleMethods,"Explode/6[int,double,double,double,double,double]",i,2
E:\OOD\main\a-thousand-stars-master\a-thousand-stars-master\src\usefulMethods\UsefulParticleMethods.java,usefulMethods.UsefulParticleMethods,"Explode/6[int,double,double,double,double,double]",fillcolor,1
E:\OOD\main\a-thousand-stars-master\a-thousand-stars-master\src\usefulMethods\UsefulParticleMethods.java,usefulMethods.UsefulParticleMethods,"Explode/6[int,double,double,double,double,double]",newforce,2
E:\OOD\main\a-thousand-stars-master\a-thousand-stars-master\src\usefulMethods\UsefulParticleMethods.java,usefulMethods.UsefulParticleMethods,"Explode/6[int,double,double,double,double,double]",directions,1
E:\OOD\main\a-thousand-stars-master\a-thousand-stars-master\src\usefulMethods\UsefulParticleMethods.java,usefulMethods.UsefulParticleMethods,"Explode/6[int,double,double,double,double,double]",x,1
E:\OOD\main\a-thousand-stars-master\a-thousand-stars-master\src\usefulMethods\UsefulParticleMethods.java,usefulMethods.UsefulParticleMethods,"Explode/6[int,double,double,double,double,double]",host,7
E:\OOD\main\a-thousand-stars-master\a-thousand-stars-master\src\usefulMethods\UsefulParticleMethods.java,usefulMethods.UsefulParticleMethods,"Explode/6[int,double,double,double,double,double]",y,1
E:\OOD\main\a-thousand-stars-master\a-thousand-stars-master\src\usefulMethods\UsefulParticleMethods.java,usefulMethods.UsefulParticleMethods,"Explode/6[int,double,double,double,double,double]",force,3
E:\OOD\main\a-thousand-stars-master\a-thousand-stars-master\src\usefulMethods\UsefulParticleMethods.java,usefulMethods.UsefulParticleMethods,"Explode/6[int,double,double,double,double,double]",starty,1
E:\OOD\main\a-thousand-stars-master\a-thousand-stars-master\src\usefulMethods\UsefulParticleMethods.java,usefulMethods.UsefulParticleMethods,"Explode/6[int,double,double,double,double,double]",ys,2
E:\OOD\main\a-thousand-stars-master\a-thousand-stars-master\src\usefulMethods\UsefulParticleMethods.java,usefulMethods.UsefulParticleMethods,"Explode/6[int,double,double,double,double,double]",startx,1
E:\OOD\main\a-thousand-stars-master\a-thousand-stars-master\src\usefulMethods\UsefulParticleMethods.java,usefulMethods.UsefulParticleMethods,"Explode/6[int,double,double,double,double,double]",xs,2
E:\OOD\main\a-thousand-stars-master\a-thousand-stars-master\src\usefulMethods\UsefulParticleMethods.java,usefulMethods.UsefulParticleMethods,"Explode/6[int,double,double,double,double,double]",particles,2
E:\OOD\main\a-thousand-stars-master\a-thousand-stars-master\src\usefulMethods\UsefulParticleMethods.java,usefulMethods.UsefulParticleMethods,"Explode/6[int,double,double,double,double,double]",radius,1
E:\OOD\main\a-thousand-stars-master\a-thousand-stars-master\src\usefulMethods\UsefulParticleMethods.java,usefulMethods.UsefulParticleMethods,"Explode/6[int,double,double,double,double,double]",magnitudes,1
E:\OOD\main\a-thousand-stars-master\a-thousand-stars-master\src\usefulMethods\UsefulParticleMethods.java,usefulMethods.UsefulParticleMethods,"Explode/6[int,double,double,double,double,double]",outlinecolor,1
E:\OOD\main\a-thousand-stars-master\a-thousand-stars-master\src\usefulMethods\UsefulParticleMethods.java,usefulMethods.UsefulParticleMethods,"Explode/6[int,double,double,double,double,double]",direction,2
E:\OOD\main\a-thousand-stars-master\a-thousand-stars-master\src\usefulMethods\UsefulParticleMethods.java,usefulMethods.UsefulParticleMethods,KillParticle/1[int],q,4
E:\OOD\main\a-thousand-stars-master\a-thousand-stars-master\src\usefulMethods\UsefulParticleMethods.java,usefulMethods.UsefulParticleMethods,KillParticle/1[int],ai,1
E:\OOD\main\a-thousand-stars-master\a-thousand-stars-master\src\usefulMethods\UsefulParticleMethods.java,usefulMethods.UsefulParticleMethods,KillParticle/1[int],i,8
E:\OOD\main\a-thousand-stars-master\a-thousand-stars-master\src\usefulMethods\UsefulParticleMethods.java,usefulMethods.UsefulParticleMethods,KillParticle/1[int],entity,9
E:\OOD\main\a-thousand-stars-master\a-thousand-stars-master\src\usefulMethods\UsefulParticleMethods.java,usefulMethods.UsefulParticleMethods,KillParticle/1[int],itemint,1
E:\OOD\main\a-thousand-stars-master\a-thousand-stars-master\src\usefulMethods\UsefulParticleMethods.java,usefulMethods.UsefulParticleMethods,KillParticle/1[int],itemparticle,6
E:\OOD\main\a-thousand-stars-master\a-thousand-stars-master\src\usefulMethods\UsefulParticleMethods.java,usefulMethods.UsefulParticleMethods,"CreateElectronTorpedo/4[double,double,double,double]",hostnumber,2
E:\OOD\main\a-thousand-stars-master\a-thousand-stars-master\src\usefulMethods\UsefulParticleMethods.java,usefulMethods.UsefulParticleMethods,"CreateElectronTorpedo/4[double,double,double,double]",rotation,1
E:\OOD\main\a-thousand-stars-master\a-thousand-stars-master\src\usefulMethods\UsefulParticleMethods.java,usefulMethods.UsefulParticleMethods,"CreateElectronTorpedo/4[double,double,double,double]",mass,1
E:\OOD\main\a-thousand-stars-master\a-thousand-stars-master\src\usefulMethods\UsefulParticleMethods.java,usefulMethods.UsefulParticleMethods,"CreateElectronTorpedo/4[double,double,double,double]",damageoncontact,1
E:\OOD\main\a-thousand-stars-master\a-thousand-stars-master\src\usefulMethods\UsefulParticleMethods.java,usefulMethods.UsefulParticleMethods,"CreateElectronTorpedo/4[double,double,double,double]",type,1
E:\OOD\main\a-thousand-stars-master\a-thousand-stars-master\src\usefulMethods\UsefulParticleMethods.java,usefulMethods.UsefulParticleMethods,"CreateElectronTorpedo/4[double,double,double,double]",healthregen,1
E:\OOD\main\a-thousand-stars-master\a-thousand-stars-master\src\usefulMethods\UsefulParticleMethods.java,usefulMethods.UsefulParticleMethods,"CreateElectronTorpedo/4[double,double,double,double]",fillcolor,1
E:\OOD\main\a-thousand-stars-master\a-thousand-stars-master\src\usefulMethods\UsefulParticleMethods.java,usefulMethods.UsefulParticleMethods,"CreateElectronTorpedo/4[double,double,double,double]",directions,1
E:\OOD\main\a-thousand-stars-master\a-thousand-stars-master\src\usefulMethods\UsefulParticleMethods.java,usefulMethods.UsefulParticleMethods,"CreateElectronTorpedo/4[double,double,double,double]",maxhealth,1
E:\OOD\main\a-thousand-stars-master\a-thousand-stars-master\src\usefulMethods\UsefulParticleMethods.java,usefulMethods.UsefulParticleMethods,"CreateElectronTorpedo/4[double,double,double,double]",x,1
E:\OOD\main\a-thousand-stars-master\a-thousand-stars-master\src\usefulMethods\UsefulParticleMethods.java,usefulMethods.UsefulParticleMethods,"CreateElectronTorpedo/4[double,double,double,double]",host,5
E:\OOD\main\a-thousand-stars-master\a-thousand-stars-master\src\usefulMethods\UsefulParticleMethods.java,usefulMethods.UsefulParticleMethods,"CreateElectronTorpedo/4[double,double,double,double]",y,1
E:\OOD\main\a-thousand-stars-master\a-thousand-stars-master\src\usefulMethods\UsefulParticleMethods.java,usefulMethods.UsefulParticleMethods,"CreateElectronTorpedo/4[double,double,double,double]",ys,2
E:\OOD\main\a-thousand-stars-master\a-thousand-stars-master\src\usefulMethods\UsefulParticleMethods.java,usefulMethods.UsefulParticleMethods,"CreateElectronTorpedo/4[double,double,double,double]",xs,2
E:\OOD\main\a-thousand-stars-master\a-thousand-stars-master\src\usefulMethods\UsefulParticleMethods.java,usefulMethods.UsefulParticleMethods,"CreateElectronTorpedo/4[double,double,double,double]",yvel,2
E:\OOD\main\a-thousand-stars-master\a-thousand-stars-master\src\usefulMethods\UsefulParticleMethods.java,usefulMethods.UsefulParticleMethods,"CreateElectronTorpedo/4[double,double,double,double]",radius,1
E:\OOD\main\a-thousand-stars-master\a-thousand-stars-master\src\usefulMethods\UsefulParticleMethods.java,usefulMethods.UsefulParticleMethods,"CreateElectronTorpedo/4[double,double,double,double]",magnitudes,1
E:\OOD\main\a-thousand-stars-master\a-thousand-stars-master\src\usefulMethods\UsefulParticleMethods.java,usefulMethods.UsefulParticleMethods,"CreateElectronTorpedo/4[double,double,double,double]",xvel,2
E:\OOD\main\a-thousand-stars-master\a-thousand-stars-master\src\usefulMethods\UsefulParticleMethods.java,usefulMethods.UsefulParticleMethods,"CreateElectronTorpedo/4[double,double,double,double]",outlinecolor,1
E:\OOD\main\a-thousand-stars-master\a-thousand-stars-master\src\usefulMethods\UsefulParticleMethods.java,usefulMethods.UsefulParticleMethods,"CreateElectronTorpedo/4[double,double,double,double]",items,1
E:\OOD\main\a-thousand-stars-master\a-thousand-stars-master\src\usefulMethods\UsefulParticleMethods.java,usefulMethods.UsefulParticleMethods,"CreateElectronTorpedo/4[double,double,double,double]",info,1
E:\OOD\main\a-thousand-stars-master\a-thousand-stars-master\src\usefulMethods\UsefulParticleMethods.java,usefulMethods.UsefulParticleMethods,"DamageEntity/2[mainPackage.Entity,double]",damage,3
E:\OOD\main\a-thousand-stars-master\a-thousand-stars-master\src\usefulMethods\UsefulParticleMethods.java,usefulMethods.UsefulParticleMethods,"DamageEntity/2[mainPackage.Entity,double]",tobedamaged,6
E:\OOD\main\a-thousand-stars-master\a-thousand-stars-master\src\usefulMethods\UsefulParticleMethods.java,usefulMethods.UsefulParticleMethods,"RotateParticle/2[mainPackage.Particle,double]",rotated,1
E:\OOD\main\a-thousand-stars-master\a-thousand-stars-master\src\usefulMethods\UsefulParticleMethods.java,usefulMethods.UsefulParticleMethods,"RotateParticle/2[mainPackage.Particle,double]",newrotation,1
E:\OOD\main\a-thousand-stars-master\a-thousand-stars-master\src\usefulMethods\UsefulParticleMethods.java,usefulMethods.UsefulParticleMethods,"GetDirectionsForParticle/2[double[],double[]]",directions,2
E:\OOD\main\a-thousand-stars-master\a-thousand-stars-master\src\usefulMethods\UsefulParticleMethods.java,usefulMethods.UsefulParticleMethods,"GetDirectionsForParticle/2[double[],double[]]",x,3
E:\OOD\main\a-thousand-stars-master\a-thousand-stars-master\src\usefulMethods\UsefulParticleMethods.java,usefulMethods.UsefulParticleMethods,"GetDirectionsForParticle/2[double[],double[]]",y,1
E:\OOD\main\a-thousand-stars-master\a-thousand-stars-master\src\usefulMethods\UsefulParticleMethods.java,usefulMethods.UsefulParticleMethods,"GetDirectionsForParticle/2[double[],double[]]",i,5
E:\OOD\main\a-thousand-stars-master\a-thousand-stars-master\src\usefulMethods\UsefulParticleMethods.java,usefulMethods.UsefulParticleMethods,DestroyParticle/1[int],i,3
E:\OOD\main\a-thousand-stars-master\a-thousand-stars-master\src\usefulMethods\UsefulParticleMethods.java,usefulMethods.UsefulParticleMethods,ShootEntity/1[mainPackage.Entity],q,2
E:\OOD\main\a-thousand-stars-master\a-thousand-stars-master\src\usefulMethods\UsefulParticleMethods.java,usefulMethods.UsefulParticleMethods,ShootEntity/1[mainPackage.Entity],particlenum,1
E:\OOD\main\a-thousand-stars-master\a-thousand-stars-master\src\usefulMethods\UsefulParticleMethods.java,usefulMethods.UsefulParticleMethods,ShootEntity/1[mainPackage.Entity],shooterEntity,18
E:\OOD\main\a-thousand-stars-master\a-thousand-stars-master\src\usefulMethods\UsefulParticleMethods.java,usefulMethods.UsefulParticleMethods,ShootEntity/1[mainPackage.Entity],rotation,4
E:\OOD\main\a-thousand-stars-master\a-thousand-stars-master\src\usefulMethods\UsefulParticleMethods.java,usefulMethods.UsefulParticleMethods,ShootEntity/1[mainPackage.Entity],x,1
E:\OOD\main\a-thousand-stars-master\a-thousand-stars-master\src\usefulMethods\UsefulParticleMethods.java,usefulMethods.UsefulParticleMethods,ShootEntity/1[mainPackage.Entity],bulletEntity,1
E:\OOD\main\a-thousand-stars-master\a-thousand-stars-master\src\usefulMethods\UsefulParticleMethods.java,usefulMethods.UsefulParticleMethods,ShootEntity/1[mainPackage.Entity],y,1
E:\OOD\main\a-thousand-stars-master\a-thousand-stars-master\src\usefulMethods\UsefulParticleMethods.java,usefulMethods.UsefulParticleMethods,ShootEntity/1[mainPackage.Entity],velocity,2
E:\OOD\main\a-thousand-stars-master\a-thousand-stars-master\src\usefulMethods\UsefulParticleMethods.java,usefulMethods.UsefulParticleMethods,ShootEntity/1[mainPackage.Entity],yvel,1
E:\OOD\main\a-thousand-stars-master\a-thousand-stars-master\src\usefulMethods\UsefulParticleMethods.java,usefulMethods.UsefulParticleMethods,ShootEntity/1[mainPackage.Entity],bullet,1
E:\OOD\main\a-thousand-stars-master\a-thousand-stars-master\src\usefulMethods\UsefulParticleMethods.java,usefulMethods.UsefulParticleMethods,ShootEntity/1[mainPackage.Entity],xvel,1
E:\OOD\main\a-thousand-stars-master\a-thousand-stars-master\src\usefulMethods\UsefulParticleMethods.java,usefulMethods.UsefulParticleMethods,ShootEntity/1[mainPackage.Entity],setback,2
E:\OOD\main\a-thousand-stars-master\a-thousand-stars-master\src\usefulMethods\UsefulParticleMethods.java,usefulMethods.UsefulParticleMethods,"GetDirection/2[mainPackage.Particle,mainPackage.Particle]",a,2
E:\OOD\main\a-thousand-stars-master\a-thousand-stars-master\src\usefulMethods\UsefulParticleMethods.java,usefulMethods.UsefulParticleMethods,"GetDirection/2[mainPackage.Particle,mainPackage.Particle]",i,2
E:\OOD\main\a-thousand-stars-master\a-thousand-stars-master\src\usefulMethods\UsefulParticleMethods.java,usefulMethods.UsefulParticleMethods,"CreateParticle/9[double,double,double,double,double,double[],double[],java.awt.Color,java.awt.Color]",outline,1
E:\OOD\main\a-thousand-stars-master\a-thousand-stars-master\src\usefulMethods\UsefulParticleMethods.java,usefulMethods.UsefulParticleMethods,"CreateParticle/9[double,double,double,double,double,double[],double[],java.awt.Color,java.awt.Color]",newParticle,1
E:\OOD\main\a-thousand-stars-master\a-thousand-stars-master\src\usefulMethods\UsefulParticleMethods.java,usefulMethods.UsefulParticleMethods,"CreateParticle/9[double,double,double,double,double,double[],double[],java.awt.Color,java.awt.Color]",directions,1
E:\OOD\main\a-thousand-stars-master\a-thousand-stars-master\src\usefulMethods\UsefulParticleMethods.java,usefulMethods.UsefulParticleMethods,"CreateParticle/9[double,double,double,double,double,double[],double[],java.awt.Color,java.awt.Color]",rotation,1
E:\OOD\main\a-thousand-stars-master\a-thousand-stars-master\src\usefulMethods\UsefulParticleMethods.java,usefulMethods.UsefulParticleMethods,"CreateParticle/9[double,double,double,double,double,double[],double[],java.awt.Color,java.awt.Color]",mass,1
E:\OOD\main\a-thousand-stars-master\a-thousand-stars-master\src\usefulMethods\UsefulParticleMethods.java,usefulMethods.UsefulParticleMethods,"CreateParticle/9[double,double,double,double,double,double[],double[],java.awt.Color,java.awt.Color]",x,1
E:\OOD\main\a-thousand-stars-master\a-thousand-stars-master\src\usefulMethods\UsefulParticleMethods.java,usefulMethods.UsefulParticleMethods,"CreateParticle/9[double,double,double,double,double,double[],double[],java.awt.Color,java.awt.Color]",y,1
E:\OOD\main\a-thousand-stars-master\a-thousand-stars-master\src\usefulMethods\UsefulParticleMethods.java,usefulMethods.UsefulParticleMethods,"CreateParticle/9[double,double,double,double,double,double[],double[],java.awt.Color,java.awt.Color]",radius,1
E:\OOD\main\a-thousand-stars-master\a-thousand-stars-master\src\usefulMethods\UsefulParticleMethods.java,usefulMethods.UsefulParticleMethods,"CreateParticle/9[double,double,double,double,double,double[],double[],java.awt.Color,java.awt.Color]",magnitudes,1
E:\OOD\main\a-thousand-stars-master\a-thousand-stars-master\src\usefulMethods\UsefulParticleMethods.java,usefulMethods.UsefulParticleMethods,"CreateParticle/9[double,double,double,double,double,double[],double[],java.awt.Color,java.awt.Color]",fill,1
E:\OOD\main\a-thousand-stars-master\a-thousand-stars-master\src\usefulMethods\UsefulParticleMethods.java,usefulMethods.UsefulParticleMethods,"CollideParticles/2[mainPackage.Particle,mainPackage.Particle]",nXvel_2,2
E:\OOD\main\a-thousand-stars-master\a-thousand-stars-master\src\usefulMethods\UsefulParticleMethods.java,usefulMethods.UsefulParticleMethods,"CollideParticles/2[mainPackage.Particle,mainPackage.Particle]",p1,20
E:\OOD\main\a-thousand-stars-master\a-thousand-stars-master\src\usefulMethods\UsefulParticleMethods.java,usefulMethods.UsefulParticleMethods,"CollideParticles/2[mainPackage.Particle,mainPackage.Particle]",p2,20
E:\OOD\main\a-thousand-stars-master\a-thousand-stars-master\src\usefulMethods\UsefulParticleMethods.java,usefulMethods.UsefulParticleMethods,"CollideParticles/2[mainPackage.Particle,mainPackage.Particle]",nXvel_1,2
E:\OOD\main\a-thousand-stars-master\a-thousand-stars-master\src\usefulMethods\UsefulParticleMethods.java,usefulMethods.UsefulParticleMethods,"CollideParticles/2[mainPackage.Particle,mainPackage.Particle]",colAng,12
E:\OOD\main\a-thousand-stars-master\a-thousand-stars-master\src\usefulMethods\UsefulParticleMethods.java,usefulMethods.UsefulParticleMethods,"CollideParticles/2[mainPackage.Particle,mainPackage.Particle]",dir2,2
E:\OOD\main\a-thousand-stars-master\a-thousand-stars-master\src\usefulMethods\UsefulParticleMethods.java,usefulMethods.UsefulParticleMethods,"CollideParticles/2[mainPackage.Particle,mainPackage.Particle]",dir1,2
E:\OOD\main\a-thousand-stars-master\a-thousand-stars-master\src\usefulMethods\UsefulParticleMethods.java,usefulMethods.UsefulParticleMethods,"CollideParticles/2[mainPackage.Particle,mainPackage.Particle]",e1,4
E:\OOD\main\a-thousand-stars-master\a-thousand-stars-master\src\usefulMethods\UsefulParticleMethods.java,usefulMethods.UsefulParticleMethods,"CollideParticles/2[mainPackage.Particle,mainPackage.Particle]",mag2,2
E:\OOD\main\a-thousand-stars-master\a-thousand-stars-master\src\usefulMethods\UsefulParticleMethods.java,usefulMethods.UsefulParticleMethods,"CollideParticles/2[mainPackage.Particle,mainPackage.Particle]",e2,4
E:\OOD\main\a-thousand-stars-master\a-thousand-stars-master\src\usefulMethods\UsefulParticleMethods.java,usefulMethods.UsefulParticleMethods,"CollideParticles/2[mainPackage.Particle,mainPackage.Particle]",mag1,2
E:\OOD\main\a-thousand-stars-master\a-thousand-stars-master\src\usefulMethods\UsefulParticleMethods.java,usefulMethods.UsefulParticleMethods,"CollideParticles/2[mainPackage.Particle,mainPackage.Particle]",final_Yvel_2,2
E:\OOD\main\a-thousand-stars-master\a-thousand-stars-master\src\usefulMethods\UsefulParticleMethods.java,usefulMethods.UsefulParticleMethods,"CollideParticles/2[mainPackage.Particle,mainPackage.Particle]",final_Yvel_1,2
E:\OOD\main\a-thousand-stars-master\a-thousand-stars-master\src\usefulMethods\UsefulParticleMethods.java,usefulMethods.UsefulParticleMethods,"CollideParticles/2[mainPackage.Particle,mainPackage.Particle]",final_Xvel_2,2
E:\OOD\main\a-thousand-stars-master\a-thousand-stars-master\src\usefulMethods\UsefulParticleMethods.java,usefulMethods.UsefulParticleMethods,"CollideParticles/2[mainPackage.Particle,mainPackage.Particle]",final_Xvel_1,2
E:\OOD\main\a-thousand-stars-master\a-thousand-stars-master\src\usefulMethods\UsefulParticleMethods.java,usefulMethods.UsefulParticleMethods,"CollideParticles/2[mainPackage.Particle,mainPackage.Particle]",magnitude,5
E:\OOD\main\a-thousand-stars-master\a-thousand-stars-master\src\usefulMethods\UsefulParticleMethods.java,usefulMethods.UsefulParticleMethods,"CollideParticles/2[mainPackage.Particle,mainPackage.Particle]",nYvel_2,1
E:\OOD\main\a-thousand-stars-master\a-thousand-stars-master\src\usefulMethods\UsefulParticleMethods.java,usefulMethods.UsefulParticleMethods,"CollideParticles/2[mainPackage.Particle,mainPackage.Particle]",nYvel_1,1
E:\OOD\main\a-thousand-stars-master\a-thousand-stars-master\src\usefulMethods\UsefulParticleMethods.java,usefulMethods.UsefulParticleMethods,"CollideParticles/2[mainPackage.Particle,mainPackage.Particle]",direction,5
E:\OOD\main\a-thousand-stars-master\a-thousand-stars-master\src\usefulMethods\UsefulParticleMethods.java,usefulMethods.UsefulParticleMethods,MoveEntity/1[mainPackage.Entity],thrustforce,1
E:\OOD\main\a-thousand-stars-master\a-thousand-stars-master\src\usefulMethods\UsefulParticleMethods.java,usefulMethods.UsefulParticleMethods,MoveEntity/1[mainPackage.Entity],updated,9
E:\OOD\main\a-thousand-stars-master\a-thousand-stars-master\src\artificialIntelligence\AI.java,artificialIntelligence.AI,onDamagedbyEntity/1[mainPackage.Entity],damager,0
E:\OOD\main\a-thousand-stars-master\a-thousand-stars-master\src\usefulMethods\Sector.java,usefulMethods.Sector,Sector/1[java.awt.Point],location,1
E:\OOD\main\a-thousand-stars-master\a-thousand-stars-master\src\usefulMethods\UsefulSoundImageMethods.java,usefulMethods.UsefulSoundImageMethods,DrawGameBar/0,playerparticle,4
E:\OOD\main\a-thousand-stars-master\a-thousand-stars-master\src\usefulMethods\UsefulSoundImageMethods.java,usefulMethods.UsefulSoundImageMethods,DrawGameBar/0,shields,2
E:\OOD\main\a-thousand-stars-master\a-thousand-stars-master\src\usefulMethods\UsefulSoundImageMethods.java,usefulMethods.UsefulSoundImageMethods,DrawGameBar/0,g2d,25
E:\OOD\main\a-thousand-stars-master\a-thousand-stars-master\src\usefulMethods\UsefulSoundImageMethods.java,usefulMethods.UsefulSoundImageMethods,DrawGameBar/0,playerentity,6
E:\OOD\main\a-thousand-stars-master\a-thousand-stars-master\src\usefulMethods\UsefulSoundImageMethods.java,usefulMethods.UsefulSoundImageMethods,"DrawPopup/3[java.lang.String,java.lang.String[],java.lang.String[]]",PopupTitle,2
E:\OOD\main\a-thousand-stars-master\a-thousand-stars-master\src\usefulMethods\UsefulSoundImageMethods.java,usefulMethods.UsefulSoundImageMethods,"DrawPopup/3[java.lang.String,java.lang.String[],java.lang.String[]]",PopupText,3
E:\OOD\main\a-thousand-stars-master\a-thousand-stars-master\src\usefulMethods\UsefulSoundImageMethods.java,usefulMethods.UsefulSoundImageMethods,"DrawPopup/3[java.lang.String,java.lang.String[],java.lang.String[]]",Answers,1
E:\OOD\main\a-thousand-stars-master\a-thousand-stars-master\src\usefulMethods\UsefulSoundImageMethods.java,usefulMethods.UsefulSoundImageMethods,"DrawPopup/3[java.lang.String,java.lang.String[],java.lang.String[]]",visible,1
E:\OOD\main\a-thousand-stars-master\a-thousand-stars-master\src\usefulMethods\UsefulSoundImageMethods.java,usefulMethods.UsefulSoundImageMethods,"DrawPopup/3[java.lang.String,java.lang.String[],java.lang.String[]]",textthickness,3
E:\OOD\main\a-thousand-stars-master\a-thousand-stars-master\src\usefulMethods\UsefulSoundImageMethods.java,usefulMethods.UsefulSoundImageMethods,"DrawPopup/3[java.lang.String,java.lang.String[],java.lang.String[]]",e,1
E:\OOD\main\a-thousand-stars-master\a-thousand-stars-master\src\usefulMethods\UsefulSoundImageMethods.java,usefulMethods.UsefulSoundImageMethods,"DrawPopup/3[java.lang.String,java.lang.String[],java.lang.String[]]",PopupAnswers,6
E:\OOD\main\a-thousand-stars-master\a-thousand-stars-master\src\usefulMethods\UsefulSoundImageMethods.java,usefulMethods.UsefulSoundImageMethods,"DrawPopup/3[java.lang.String,java.lang.String[],java.lang.String[]]",Title,1
E:\OOD\main\a-thousand-stars-master\a-thousand-stars-master\src\usefulMethods\UsefulSoundImageMethods.java,usefulMethods.UsefulSoundImageMethods,"DrawPopup/3[java.lang.String,java.lang.String[],java.lang.String[]]",i,14
E:\OOD\main\a-thousand-stars-master\a-thousand-stars-master\src\usefulMethods\UsefulSoundImageMethods.java,usefulMethods.UsefulSoundImageMethods,"DrawPopup/3[java.lang.String,java.lang.String[],java.lang.String[]]",Text,1
E:\OOD\main\a-thousand-stars-master\a-thousand-stars-master\src\usefulMethods\UsefulSoundImageMethods.java,usefulMethods.UsefulSoundImageMethods,"DrawPopup/3[java.lang.String,java.lang.String[],java.lang.String[]]",topheight,7
E:\OOD\main\a-thousand-stars-master\a-thousand-stars-master\src\usefulMethods\UsefulSoundImageMethods.java,usefulMethods.UsefulSoundImageMethods,"DrawPopup/3[java.lang.String,java.lang.String[],java.lang.String[]]",answerstart,4
E:\OOD\main\a-thousand-stars-master\a-thousand-stars-master\src\usefulMethods\UsefulSoundImageMethods.java,usefulMethods.UsefulSoundImageMethods,"DrawPopup/3[java.lang.String,java.lang.String[],java.lang.String[]]",PopupHeight,3
E:\OOD\main\a-thousand-stars-master\a-thousand-stars-master\src\usefulMethods\UsefulSoundImageMethods.java,usefulMethods.UsefulSoundImageMethods,"DrawPopup/3[java.lang.String,java.lang.String[],java.lang.String[]]",textstart,2
E:\OOD\main\a-thousand-stars-master\a-thousand-stars-master\src\usefulMethods\UsefulSoundImageMethods.java,usefulMethods.UsefulSoundImageMethods,"DrawPopup/3[java.lang.String,java.lang.String[],java.lang.String[]]",answerwidth,4
E:\OOD\main\a-thousand-stars-master\a-thousand-stars-master\src\usefulMethods\UsefulSoundImageMethods.java,usefulMethods.UsefulSoundImageMethods,"DrawPopup/3[java.lang.String,java.lang.String[],java.lang.String[]]",answerthickness,7
E:\OOD\main\a-thousand-stars-master\a-thousand-stars-master\src\usefulMethods\UsefulSoundImageMethods.java,usefulMethods.UsefulSoundImageMethods,"DrawPopup/3[java.lang.String,java.lang.String[],java.lang.String[]]",g2d,13
E:\OOD\main\a-thousand-stars-master\a-thousand-stars-master\src\usefulMethods\UsefulSoundImageMethods.java,usefulMethods.UsefulSoundImageMethods,"DrawPopup/3[java.lang.String,java.lang.String[],java.lang.String[]]",titlesize,1
E:\OOD\main\a-thousand-stars-master\a-thousand-stars-master\src\usefulMethods\UsefulSoundImageMethods.java,usefulMethods.UsefulSoundImageMethods,DrawTitleScreen/0,g2d,7
E:\OOD\main\a-thousand-stars-master\a-thousand-stars-master\src\usefulMethods\UsefulSoundImageMethods.java,usefulMethods.UsefulSoundImageMethods,"IsButtonClicked/4[int,int,int,int]",x,2
E:\OOD\main\a-thousand-stars-master\a-thousand-stars-master\src\usefulMethods\UsefulSoundImageMethods.java,usefulMethods.UsefulSoundImageMethods,"IsButtonClicked/4[int,int,int,int]",width,1
E:\OOD\main\a-thousand-stars-master\a-thousand-stars-master\src\usefulMethods\UsefulSoundImageMethods.java,usefulMethods.UsefulSoundImageMethods,"IsButtonClicked/4[int,int,int,int]",y,2
E:\OOD\main\a-thousand-stars-master\a-thousand-stars-master\src\usefulMethods\UsefulSoundImageMethods.java,usefulMethods.UsefulSoundImageMethods,"IsButtonClicked/4[int,int,int,int]",height,1
E:\OOD\main\a-thousand-stars-master\a-thousand-stars-master\src\usefulMethods\UsefulSoundImageMethods.java,usefulMethods.UsefulSoundImageMethods,DrawInventory/0,a,4
E:\OOD\main\a-thousand-stars-master\a-thousand-stars-master\src\usefulMethods\UsefulSoundImageMethods.java,usefulMethods.UsefulSoundImageMethods,DrawInventory/0,item2,1
E:\OOD\main\a-thousand-stars-master\a-thousand-stars-master\src\usefulMethods\UsefulSoundImageMethods.java,usefulMethods.UsefulSoundImageMethods,DrawInventory/0,img,3
E:\OOD\main\a-thousand-stars-master\a-thousand-stars-master\src\usefulMethods\UsefulSoundImageMethods.java,usefulMethods.UsefulSoundImageMethods,DrawInventory/0,item1,1
E:\OOD\main\a-thousand-stars-master\a-thousand-stars-master\src\usefulMethods\UsefulSoundImageMethods.java,usefulMethods.UsefulSoundImageMethods,DrawInventory/0,overlay,1
E:\OOD\main\a-thousand-stars-master\a-thousand-stars-master\src\usefulMethods\UsefulSoundImageMethods.java,usefulMethods.UsefulSoundImageMethods,DrawInventory/0,i,4
E:\OOD\main\a-thousand-stars-master\a-thousand-stars-master\src\usefulMethods\UsefulSoundImageMethods.java,usefulMethods.UsefulSoundImageMethods,DrawInventory/0,index,11
E:\OOD\main\a-thousand-stars-master\a-thousand-stars-master\src\usefulMethods\UsefulSoundImageMethods.java,usefulMethods.UsefulSoundImageMethods,DrawInventory/0,imgyoffset,1
E:\OOD\main\a-thousand-stars-master\a-thousand-stars-master\src\usefulMethods\UsefulSoundImageMethods.java,usefulMethods.UsefulSoundImageMethods,DrawInventory/0,imgxoffset,1
E:\OOD\main\a-thousand-stars-master\a-thousand-stars-master\src\usefulMethods\UsefulSoundImageMethods.java,usefulMethods.UsefulSoundImageMethods,DrawInventory/0,g2d,43
E:\OOD\main\a-thousand-stars-master\a-thousand-stars-master\src\usefulMethods\UsefulSoundImageMethods.java,usefulMethods.UsefulSoundImageMethods,DrawInventory/0,sprite,1
E:\OOD\main\a-thousand-stars-master\a-thousand-stars-master\src\usefulMethods\UsefulSoundImageMethods.java,usefulMethods.UsefulSoundImageMethods,DrawInventory/0,selecteditem,42
E:\OOD\main\a-thousand-stars-master\a-thousand-stars-master\src\usefulMethods\UsefulSoundImageMethods.java,usefulMethods.UsefulSoundImageMethods,DrawInventory/0,squarestartx,6
E:\OOD\main\a-thousand-stars-master\a-thousand-stars-master\src\usefulMethods\UsefulSoundImageMethods.java,usefulMethods.UsefulSoundImageMethods,DrawInventory/0,inventorysize,1
E:\OOD\main\a-thousand-stars-master\a-thousand-stars-master\src\usefulMethods\UsefulSoundImageMethods.java,usefulMethods.UsefulSoundImageMethods,DrawInventory/0,squarestarty,6
E:\OOD\main\a-thousand-stars-master\a-thousand-stars-master\src\usefulMethods\UsefulSoundImageMethods.java,usefulMethods.UsefulSoundImageMethods,DrawInventory/0,playerentity,20
E:\OOD\main\a-thousand-stars-master\a-thousand-stars-master\src\usefulMethods\UsefulSoundImageMethods.java,usefulMethods.UsefulSoundImageMethods,PlayBackgroundMusic/1[java.lang.String],filename,1
E:\OOD\main\a-thousand-stars-master\a-thousand-stars-master\src\usefulMethods\UsefulSoundImageMethods.java,usefulMethods.UsefulSoundImageMethods,PlayBackgroundMusic/1[java.lang.String],clip,1
E:\OOD\main\a-thousand-stars-master\a-thousand-stars-master\src\usefulMethods\UsefulSoundImageMethods.java,usefulMethods.UsefulSoundImageMethods,PlaySound/1[java.lang.String],filename,1
E:\OOD\main\a-thousand-stars-master\a-thousand-stars-master\src\usefulMethods\UsefulSoundImageMethods.java,usefulMethods.UsefulSoundImageMethods,PlaySound/1[java.lang.String],clip,1
E:\OOD\main\a-thousand-stars-master\a-thousand-stars-master\src\usefulMethods\UsefulSoundImageMethods.java,usefulMethods.UsefulSoundImageMethods,DrawParticles/0,displayed,16
E:\OOD\main\a-thousand-stars-master\a-thousand-stars-master\src\usefulMethods\UsefulSoundImageMethods.java,usefulMethods.UsefulSoundImageMethods,DrawParticles/0,xshift,2
E:\OOD\main\a-thousand-stars-master\a-thousand-stars-master\src\usefulMethods\UsefulSoundImageMethods.java,usefulMethods.UsefulSoundImageMethods,DrawParticles/0,imgwidth,1
E:\OOD\main\a-thousand-stars-master\a-thousand-stars-master\src\usefulMethods\UsefulSoundImageMethods.java,usefulMethods.UsefulSoundImageMethods,DrawParticles/0,finalrotations,11
E:\OOD\main\a-thousand-stars-master\a-thousand-stars-master\src\usefulMethods\UsefulSoundImageMethods.java,usefulMethods.UsefulSoundImageMethods,DrawParticles/0,img,3
E:\OOD\main\a-thousand-stars-master\a-thousand-stars-master\src\usefulMethods\UsefulSoundImageMethods.java,usefulMethods.UsefulSoundImageMethods,DrawParticles/0,xPoints,5
E:\OOD\main\a-thousand-stars-master\a-thousand-stars-master\src\usefulMethods\UsefulSoundImageMethods.java,usefulMethods.UsefulSoundImageMethods,DrawParticles/0,imgheight,1
E:\OOD\main\a-thousand-stars-master\a-thousand-stars-master\src\usefulMethods\UsefulSoundImageMethods.java,usefulMethods.UsefulSoundImageMethods,DrawParticles/0,i,3
E:\OOD\main\a-thousand-stars-master\a-thousand-stars-master\src\usefulMethods\UsefulSoundImageMethods.java,usefulMethods.UsefulSoundImageMethods,DrawParticles/0,q,19
E:\OOD\main\a-thousand-stars-master\a-thousand-stars-master\src\usefulMethods\UsefulSoundImageMethods.java,usefulMethods.UsefulSoundImageMethods,DrawParticles/0,yshift,2
E:\OOD\main\a-thousand-stars-master\a-thousand-stars-master\src\usefulMethods\UsefulSoundImageMethods.java,usefulMethods.UsefulSoundImageMethods,DrawParticles/0,g2d,8
E:\OOD\main\a-thousand-stars-master\a-thousand-stars-master\src\usefulMethods\UsefulSoundImageMethods.java,usefulMethods.UsefulSoundImageMethods,DrawParticles/0,magnitudes,2
E:\OOD\main\a-thousand-stars-master\a-thousand-stars-master\src\usefulMethods\UsefulSoundImageMethods.java,usefulMethods.UsefulSoundImageMethods,DrawParticles/0,screenx,5
E:\OOD\main\a-thousand-stars-master\a-thousand-stars-master\src\usefulMethods\UsefulSoundImageMethods.java,usefulMethods.UsefulSoundImageMethods,DrawParticles/0,screeny,5
E:\OOD\main\a-thousand-stars-master\a-thousand-stars-master\src\usefulMethods\UsefulSoundImageMethods.java,usefulMethods.UsefulSoundImageMethods,DrawParticles/0,yPoints,3
E:\OOD\main\a-thousand-stars-master\a-thousand-stars-master\src\usefulMethods\UsefulSoundImageMethods.java,usefulMethods.UsefulSoundImageMethods,GetSoundClip/1[java.lang.String],filename,1
E:\OOD\main\a-thousand-stars-master\a-thousand-stars-master\src\usefulMethods\UsefulSoundImageMethods.java,usefulMethods.UsefulSoundImageMethods,GetSoundClip/1[java.lang.String],e,5
E:\OOD\main\a-thousand-stars-master\a-thousand-stars-master\src\usefulMethods\UsefulSoundImageMethods.java,usefulMethods.UsefulSoundImageMethods,GetSoundClip/1[java.lang.String],thing,1
E:\OOD\main\a-thousand-stars-master\a-thousand-stars-master\src\usefulMethods\UsefulSoundImageMethods.java,usefulMethods.UsefulSoundImageMethods,GetSoundClip/1[java.lang.String],audioIn,1
E:\OOD\main\a-thousand-stars-master\a-thousand-stars-master\src\usefulMethods\UsefulSoundImageMethods.java,usefulMethods.UsefulSoundImageMethods,GetSoundClip/1[java.lang.String],clip,3
E:\OOD\main\a-thousand-stars-master\a-thousand-stars-master\src\mainPackage\Item.java,mainPackage.Item,"InitializeGenerator/2[double,double]",max,2
E:\OOD\main\a-thousand-stars-master\a-thousand-stars-master\src\mainPackage\Item.java,mainPackage.Item,"InitializeGenerator/2[double,double]",powergen,1
E:\OOD\main\a-thousand-stars-master\a-thousand-stars-master\src\mainPackage\Item.java,mainPackage.Item,"InitializeWeapon/8[java.lang.String,double,double,double,int,double,double,double]",powersump,1
E:\OOD\main\a-thousand-stars-master\a-thousand-stars-master\src\mainPackage\Item.java,mainPackage.Item,"InitializeWeapon/8[java.lang.String,double,double,double,int,double,double,double]",atonce,1
E:\OOD\main\a-thousand-stars-master\a-thousand-stars-master\src\mainPackage\Item.java,mainPackage.Item,"InitializeWeapon/8[java.lang.String,double,double,double,int,double,double,double]",regen,1
E:\OOD\main\a-thousand-stars-master\a-thousand-stars-master\src\mainPackage\Item.java,mainPackage.Item,"InitializeWeapon/8[java.lang.String,double,double,double,int,double,double,double]",boost,1
E:\OOD\main\a-thousand-stars-master\a-thousand-stars-master\src\mainPackage\Item.java,mainPackage.Item,"InitializeWeapon/8[java.lang.String,double,double,double,int,double,double,double]",maxrel,2
E:\OOD\main\a-thousand-stars-master\a-thousand-stars-master\src\mainPackage\Item.java,mainPackage.Item,"InitializeWeapon/8[java.lang.String,double,double,double,int,double,double,double]",type,1
E:\OOD\main\a-thousand-stars-master\a-thousand-stars-master\src\mainPackage\Item.java,mainPackage.Item,"InitializeWeapon/8[java.lang.String,double,double,double,int,double,double,double]",vel,1
E:\OOD\main\a-thousand-stars-master\a-thousand-stars-master\src\mainPackage\Item.java,mainPackage.Item,"InitializeWeapon/8[java.lang.String,double,double,double,int,double,double,double]",spread,1
E:\OOD\main\a-thousand-stars-master\a-thousand-stars-master\src\mainPackage\Item.java,mainPackage.Item,"InitializeShield/5[double,double,double,double,double]",powersump,1
E:\OOD\main\a-thousand-stars-master\a-thousand-stars-master\src\mainPackage\Item.java,mainPackage.Item,"InitializeShield/5[double,double,double,double,double]",max,2
E:\OOD\main\a-thousand-stars-master\a-thousand-stars-master\src\mainPackage\Item.java,mainPackage.Item,"InitializeShield/5[double,double,double,double,double]",dammult,1
E:\OOD\main\a-thousand-stars-master\a-thousand-stars-master\src\mainPackage\Item.java,mainPackage.Item,"InitializeShield/5[double,double,double,double,double]",regen,1
E:\OOD\main\a-thousand-stars-master\a-thousand-stars-master\src\mainPackage\Item.java,mainPackage.Item,"InitializeShield/5[double,double,double,double,double]",fixtime,1
E:\OOD\main\a-thousand-stars-master\a-thousand-stars-master\src\mainPackage\Item.java,mainPackage.Item,"InitializeThruster/2[double,double]",powersump,1
E:\OOD\main\a-thousand-stars-master\a-thousand-stars-master\src\mainPackage\Item.java,mainPackage.Item,"InitializeThruster/2[double,double]",accel,1
E:\OOD\main\a-thousand-stars-master\a-thousand-stars-master\src\mainPackage\Item.java,mainPackage.Item,"Item/5[java.lang.String,java.lang.String,java.lang.String,int,java.awt.Image]",name,1
E:\OOD\main\a-thousand-stars-master\a-thousand-stars-master\src\mainPackage\Item.java,mainPackage.Item,"Item/5[java.lang.String,java.lang.String,java.lang.String,int,java.awt.Image]",sprite,1
E:\OOD\main\a-thousand-stars-master\a-thousand-stars-master\src\mainPackage\Item.java,mainPackage.Item,"Item/5[java.lang.String,java.lang.String,java.lang.String,int,java.awt.Image]",description,1
E:\OOD\main\a-thousand-stars-master\a-thousand-stars-master\src\mainPackage\Item.java,mainPackage.Item,"Item/5[java.lang.String,java.lang.String,java.lang.String,int,java.awt.Image]",type,1
E:\OOD\main\a-thousand-stars-master\a-thousand-stars-master\src\mainPackage\Item.java,mainPackage.Item,"Item/5[java.lang.String,java.lang.String,java.lang.String,int,java.awt.Image]",value,1
E:\OOD\main\a-thousand-stars-master\a-thousand-stars-master\src\mainPackage\Particle.java,mainPackage.Particle,"Particle/9[double,double,double,double,double,double[],double[],java.awt.Color,java.awt.Color]",outline,1
E:\OOD\main\a-thousand-stars-master\a-thousand-stars-master\src\mainPackage\Particle.java,mainPackage.Particle,"Particle/9[double,double,double,double,double,double[],double[],java.awt.Color,java.awt.Color]",directions,1
E:\OOD\main\a-thousand-stars-master\a-thousand-stars-master\src\mainPackage\Particle.java,mainPackage.Particle,"Particle/9[double,double,double,double,double,double[],double[],java.awt.Color,java.awt.Color]",rotation,1
E:\OOD\main\a-thousand-stars-master\a-thousand-stars-master\src\mainPackage\Particle.java,mainPackage.Particle,"Particle/9[double,double,double,double,double,double[],double[],java.awt.Color,java.awt.Color]",mass,1
E:\OOD\main\a-thousand-stars-master\a-thousand-stars-master\src\mainPackage\Particle.java,mainPackage.Particle,"Particle/9[double,double,double,double,double,double[],double[],java.awt.Color,java.awt.Color]",x,1
E:\OOD\main\a-thousand-stars-master\a-thousand-stars-master\src\mainPackage\Particle.java,mainPackage.Particle,"Particle/9[double,double,double,double,double,double[],double[],java.awt.Color,java.awt.Color]",y,1
E:\OOD\main\a-thousand-stars-master\a-thousand-stars-master\src\mainPackage\Particle.java,mainPackage.Particle,"Particle/9[double,double,double,double,double,double[],double[],java.awt.Color,java.awt.Color]",radius,1
E:\OOD\main\a-thousand-stars-master\a-thousand-stars-master\src\mainPackage\Particle.java,mainPackage.Particle,"Particle/9[double,double,double,double,double,double[],double[],java.awt.Color,java.awt.Color]",magnitudes,1
E:\OOD\main\a-thousand-stars-master\a-thousand-stars-master\src\mainPackage\Particle.java,mainPackage.Particle,"Particle/9[double,double,double,double,double,double[],double[],java.awt.Color,java.awt.Color]",fill,1
E:\OOD\main\a-thousand-stars-master\a-thousand-stars-master\src\usefulMethods\UsefulWorldGenMethods.java,usefulMethods.UsefulWorldGenMethods,ResetSectors/0,ymin,1
E:\OOD\main\a-thousand-stars-master\a-thousand-stars-master\src\usefulMethods\UsefulWorldGenMethods.java,usefulMethods.UsefulWorldGenMethods,ResetSectors/0,xmin,1
E:\OOD\main\a-thousand-stars-master\a-thousand-stars-master\src\usefulMethods\UsefulWorldGenMethods.java,usefulMethods.UsefulWorldGenMethods,ResetSectors/0,yminsector,2
E:\OOD\main\a-thousand-stars-master\a-thousand-stars-master\src\usefulMethods\UsefulWorldGenMethods.java,usefulMethods.UsefulWorldGenMethods,ResetSectors/0,ymaxsector,2
E:\OOD\main\a-thousand-stars-master\a-thousand-stars-master\src\usefulMethods\UsefulWorldGenMethods.java,usefulMethods.UsefulWorldGenMethods,ResetSectors/0,i,3
E:\OOD\main\a-thousand-stars-master\a-thousand-stars-master\src\usefulMethods\UsefulWorldGenMethods.java,usefulMethods.UsefulWorldGenMethods,ResetSectors/0,updatedEntity,1
E:\OOD\main\a-thousand-stars-master\a-thousand-stars-master\src\usefulMethods\UsefulWorldGenMethods.java,usefulMethods.UsefulWorldGenMethods,ResetSectors/0,ymax,1
E:\OOD\main\a-thousand-stars-master\a-thousand-stars-master\src\usefulMethods\UsefulWorldGenMethods.java,usefulMethods.UsefulWorldGenMethods,ResetSectors/0,xmax,1
E:\OOD\main\a-thousand-stars-master\a-thousand-stars-master\src\usefulMethods\UsefulWorldGenMethods.java,usefulMethods.UsefulWorldGenMethods,ResetSectors/0,xminsector,2
E:\OOD\main\a-thousand-stars-master\a-thousand-stars-master\src\usefulMethods\UsefulWorldGenMethods.java,usefulMethods.UsefulWorldGenMethods,ResetSectors/0,x,5
E:\OOD\main\a-thousand-stars-master\a-thousand-stars-master\src\usefulMethods\UsefulWorldGenMethods.java,usefulMethods.UsefulWorldGenMethods,ResetSectors/0,y,5
E:\OOD\main\a-thousand-stars-master\a-thousand-stars-master\src\usefulMethods\UsefulWorldGenMethods.java,usefulMethods.UsefulWorldGenMethods,ResetSectors/0,xmaxsector,2
E:\OOD\main\a-thousand-stars-master\a-thousand-stars-master\src\usefulMethods\UsefulWorldGenMethods.java,usefulMethods.UsefulWorldGenMethods,ResetSectors/0,updated,12
E:\OOD\main\a-thousand-stars-master\a-thousand-stars-master\src\usefulMethods\UsefulWorldGenMethods.java,usefulMethods.UsefulWorldGenMethods,ResetSectors/0,sector,5
E:\OOD\main\a-thousand-stars-master\a-thousand-stars-master\src\usefulMethods\UsefulWorldGenMethods.java,usefulMethods.UsefulWorldGenMethods,InitializeSectors/0,mapsize,4
E:\OOD\main\a-thousand-stars-master\a-thousand-stars-master\src\usefulMethods\UsefulWorldGenMethods.java,usefulMethods.UsefulWorldGenMethods,InitializeSectors/0,x,4
E:\OOD\main\a-thousand-stars-master\a-thousand-stars-master\src\usefulMethods\UsefulWorldGenMethods.java,usefulMethods.UsefulWorldGenMethods,InitializeSectors/0,y,4
E:\OOD\main\a-thousand-stars-master\a-thousand-stars-master\src\usefulMethods\UsefulWorldGenMethods.java,usefulMethods.UsefulWorldGenMethods,InitializeSectors/0,location,1
E:\OOD\main\a-thousand-stars-master\a-thousand-stars-master\src\usefulMethods\UsefulWorldGenMethods.java,usefulMethods.UsefulWorldGenMethods,InitializeSectors/0,list,2
