file,class,type,cbo,cboModified,fanin,fanout,wmc,dit,noc,rfc,lcom,lcom*,tcc,lcc,totalMethodsQty,staticMethodsQty,publicMethodsQty,privateMethodsQty,protectedMethodsQty,defaultMethodsQty,visibleMethodsQty,abstractMethodsQty,finalMethodsQty,synchronizedMethodsQty,totalFieldsQty,staticFieldsQty,publicFieldsQty,privateFieldsQty,protectedFieldsQty,defaultFieldsQty,finalFieldsQty,synchronizedFieldsQty,nosi,loc,returnQty,loopQty,comparisonsQty,tryCatchQty,parenthesizedExpsQty,stringLiteralsQty,numbersQty,assignmentsQty,mathOperationsQty,variablesQty,maxNestedBlocksQty,anonymousClassesQty,innerClassesQty,lambdasQty,uniqueWordsQty,modifiers,logStatementsQty
E:\OOD\main\Time-Wanderer-master\Time-Wanderer\src\animations\PlayerAnimator.java,animations.PlayerAnimator$Anonymous1,anonymous,0,0,0,0,4,1,0,5,0,0.0,NaN,NaN,1,0,1,0,0,0,1,0,0,0,0,0,0,0,0,0,0,0,2,22,0,0,1,2,0,0,3,2,2,1,2,0,0,0,12,-1,0
E:\OOD\main\Time-Wanderer-master\Time-Wanderer\src\items\Catalog.java,items.Catalog,enum,0,5,5,0,0,1,0,0,0,0.0,-1.0,-1.0,0,0,0,0,0,0,0,0,0,0,0,0,0,0,0,0,0,0,0,1,0,0,0,0,0,0,0,0,0,0,0,0,0,0,13,1,0
E:\OOD\main\Time-Wanderer-master\Time-Wanderer\src\physics\Physics.java,physics.Physics,class,12,14,2,12,88,1,0,45,55,0.90909094,NaN,NaN,11,0,1,10,0,0,1,0,0,0,1,0,0,1,0,0,1,0,4,251,15,12,13,0,14,0,58,38,15,18,5,0,0,0,148,1,0
E:\OOD\main\Time-Wanderer-master\Time-Wanderer\src\gamestates\ControlsMenu.java,gamestates.ControlsMenu,class,6,7,1,6,9,2,0,9,11,0.6666667,0.13333334,0.2,6,0,6,0,0,0,6,0,0,0,5,0,0,5,0,0,3,0,0,39,1,0,0,1,4,3,7,9,7,5,1,0,0,0,45,1,0
E:\OOD\main\Time-Wanderer-master\Time-Wanderer\src\items\MagicalWeapon.java,items.MagicalWeapon,class,1,5,4,1,5,2,0,0,0,0.2,0.6,0.6,5,0,5,0,0,0,5,0,0,0,1,0,0,1,0,0,1,0,0,25,2,0,0,0,0,10,0,8,5,2,0,0,0,0,41,1,0
E:\OOD\main\Time-Wanderer-master\Time-Wanderer\src\misc\SoundInterface.java,misc.SoundInterface,class,7,9,2,7,36,1,0,19,15,0.75000006,0.33333334,0.33333334,7,0,3,4,0,0,3,0,0,0,8,0,0,4,0,4,0,0,1,133,2,0,7,8,15,24,58,40,10,9,3,0,0,0,124,1,0
E:\OOD\main\Time-Wanderer-master\Time-Wanderer\src\entities\GroundEnemy.java,entities.GroundEnemy,class,12,14,2,12,62,3,0,47,102,0.8500001,0.25714287,0.62857145,20,0,15,5,0,0,15,0,0,4,14,0,0,14,0,0,4,0,4,251,11,2,6,2,26,3,30,56,42,30,3,1,0,0,238,1,0
E:\OOD\main\Time-Wanderer-master\Time-Wanderer\src\items\MagicalRelicBuff.java,items.MagicalRelicBuff$Anonymous1,anonymous,2,2,0,2,3,1,0,5,0,0.0,NaN,NaN,1,0,1,0,0,0,1,0,0,0,0,0,0,0,0,0,0,0,1,14,0,1,0,1,0,0,1,0,0,0,2,0,0,0,9,-1,0
E:\OOD\main\Time-Wanderer-master\Time-Wanderer\src\utils\Coordinates.java,utils.Coordinates,class,1,3,2,1,8,1,0,1,1,0.33333334,0.33333334,0.33333334,3,0,3,0,0,0,3,0,0,0,1,0,1,0,0,0,0,0,0,30,7,0,5,0,0,0,1,4,0,4,1,0,0,0,14,1,0
E:\OOD\main\Time-Wanderer-master\Time-Wanderer\src\animations\PastPlayerAnimator.java,animations.PastPlayerAnimator,class,5,7,2,5,40,1,0,21,186,0.88655466,0.1994302,0.20512821,28,0,27,1,0,0,27,0,0,1,17,0,0,17,0,0,0,0,0,183,11,11,0,0,0,1,47,29,11,29,1,1,0,0,110,1,0
E:\OOD\main\Time-Wanderer-master\Time-Wanderer\src\sound\Playable.java,sound.Playable,class,3,5,2,3,24,1,0,22,0,0.5113636,0.82222223,1.0,11,0,10,1,0,0,10,0,0,2,8,0,0,8,0,0,6,0,7,150,2,0,2,6,1,7,8,41,1,15,3,0,0,0,108,1,0
E:\OOD\main\Time-Wanderer-master\Time-Wanderer\src\entities\ChestObject.java,entities.ChestObject,class,14,15,1,14,13,1,0,24,0,0.5,1.0,1.0,4,0,2,0,0,2,4,0,0,0,4,0,0,4,0,0,1,0,7,91,0,0,2,0,0,2,12,15,7,11,3,0,0,0,53,1,0
E:\OOD\main\Time-Wanderer-master\Time-Wanderer\src\misc\RandomObjBoss.java,misc.RandomObjBoss,class,6,8,2,6,20,2,0,17,11,0.75714284,0.3888889,0.5,10,0,9,1,0,0,9,0,0,3,7,0,0,7,0,0,4,0,4,104,2,3,0,3,5,1,9,10,3,9,2,0,1,1,120,1,0
E:\OOD\main\Time-Wanderer-master\Time-Wanderer\src\levels\tiles\LadderTile.java,levels.tiles.LadderTile,class,1,3,2,1,1,2,0,0,0,0.0,NaN,NaN,1,0,1,0,0,0,1,0,0,0,0,0,0,0,0,0,0,0,0,5,0,0,0,0,0,0,0,0,0,0,0,0,0,0,9,1,0
E:\OOD\main\Time-Wanderer-master\Time-Wanderer\src\entities\Player.java,entities.Player$Timeline,enum,0,0,0,0,0,1,0,0,0,0.0,-1.0,-1.0,0,0,0,0,0,0,0,0,0,0,0,0,0,0,0,0,0,0,0,1,0,0,0,0,0,0,0,0,0,0,0,0,0,0,8,1,0
E:\OOD\main\Time-Wanderer-master\Time-Wanderer\src\entities\VersatileChest.java,entities.VersatileChest,class,4,7,3,4,13,1,0,4,0,0.41666666,0.8333333,1.0,4,0,4,0,0,0,4,0,0,0,3,0,0,2,0,1,0,0,0,60,1,0,1,0,0,13,1,16,1,6,3,0,0,0,48,1,0
E:\OOD\main\Time-Wanderer-master\Time-Wanderer\src\levels\tiles\PlatformTile.java,levels.tiles.PlatformTile,class,2,4,2,2,1,2,0,0,0,0.0,NaN,NaN,1,0,1,0,0,0,1,0,0,0,0,0,0,0,0,0,0,0,0,6,0,0,0,0,0,0,0,1,2,0,0,0,0,0,12,1,0
E:\OOD\main\Time-Wanderer-master\Time-Wanderer\src\gamestates\PlayerDeathState.java,gamestates.PlayerDeathState,class,7,8,1,7,8,2,0,9,13,0.6666667,0.06666667,0.06666667,6,0,6,0,0,0,6,0,0,0,1,0,0,1,0,0,1,0,0,36,1,0,0,0,0,4,11,7,5,4,1,0,0,0,43,1,0
E:\OOD\main\Time-Wanderer-master\Time-Wanderer\src\levels\tiles\DamagingTile.java,levels.tiles.DamagingTile,class,2,4,2,2,1,2,0,0,0,1.0,NaN,NaN,1,0,1,0,0,0,1,0,0,0,1,1,1,0,0,0,1,0,0,7,0,0,0,0,0,0,1,2,2,1,0,0,0,0,25,1,0
E:\OOD\main\Time-Wanderer-master\Time-Wanderer\src\animations\BatAnimator.java,animations.BatAnimator,class,4,6,2,4,11,1,0,9,12,0.7,0.14285715,0.14285715,8,0,7,1,0,0,7,0,0,0,5,0,0,5,0,0,0,0,0,45,2,2,0,1,0,1,11,8,2,7,1,0,0,0,57,1,0
E:\OOD\main\Time-Wanderer-master\Time-Wanderer\src\items\Projectile.java,items.Projectile,class,11,16,5,11,9,1,0,19,0,0.625,0.53333336,1.0,8,0,6,2,0,0,6,0,0,0,5,0,0,5,0,0,2,0,3,57,3,0,0,0,14,0,30,25,32,12,1,0,0,0,115,1,0
E:\OOD\main\Time-Wanderer-master\Time-Wanderer\src\items\MagicalEffect.java,items.MagicalEffect,class,10,15,5,10,10,1,0,17,0,0.6623377,0.53333336,1.0,7,0,6,1,0,0,6,0,0,0,11,0,0,11,0,0,4,0,3,72,5,0,0,0,22,0,38,27,48,15,1,0,0,0,140,1,0
E:\OOD\main\Time-Wanderer-master\Time-Wanderer\src\animations\BossAnimator.java,animations.BossAnimator,class,4,7,3,4,21,1,0,14,52,0.8055556,0.2,0.2,16,0,15,1,0,0,15,0,0,0,9,0,0,9,0,0,0,0,0,87,6,4,0,1,0,1,25,14,4,13,1,0,0,0,64,1,0
E:\OOD\main\Time-Wanderer-master\Time-Wanderer\src\animations\PlayerAnimatorInterface.java,animations.PlayerAnimatorInterface,interface,1,5,4,1,15,1,0,0,105,0.0,0.0,0.0,15,0,15,0,0,0,15,0,0,0,0,0,0,0,0,0,0,0,0,17,0,0,0,0,0,0,0,0,0,0,0,0,0,0,23,1,0
E:\OOD\main\Time-Wanderer-master\Time-Wanderer\src\entities\GameObject.java,entities.GameObject,class,4,22,18,4,31,1,2,2,316,0.8879311,0.11083744,0.22906403,29,0,29,0,0,0,29,1,0,0,12,0,0,12,0,0,0,0,0,114,12,0,0,0,0,0,5,31,0,12,2,0,0,0,79,1025,0
E:\OOD\main\Time-Wanderer-master\Time-Wanderer\src\sound\Jukebox.java,sound.Jukebox,class,3,14,11,3,113,1,0,24,20,0.7058824,0.5714286,0.73626375,17,0,14,3,0,0,14,0,0,3,5,0,0,5,0,0,3,0,1,571,13,5,4,2,4,72,0,151,0,13,3,0,0,0,131,1,0
E:\OOD\main\Time-Wanderer-master\Time-Wanderer\src\levels\tiles\SolidTile.java,levels.tiles.SolidTile,class,2,4,2,2,1,2,0,0,0,0.0,NaN,NaN,1,0,1,0,0,0,1,0,0,0,0,0,0,0,0,0,0,0,0,6,0,0,0,0,0,0,0,1,2,0,0,0,0,0,24,1,0
E:\OOD\main\Time-Wanderer-master\Time-Wanderer\src\entities\GroundEnemy.java,entities.GroundEnemy$Anonymous1,anonymous,1,1,0,1,3,1,0,4,0,0.0,NaN,NaN,1,0,1,0,0,0,1,0,0,0,0,0,0,0,0,0,0,0,1,15,0,1,0,1,0,0,2,3,1,1,1,0,0,0,11,-1,0
E:\OOD\main\Time-Wanderer-master\Time-Wanderer\src\items\MagicalRelicBuff.java,items.MagicalRelicBuff,class,2,3,1,2,7,1,0,16,0,0.41428575,0.5714286,0.71428573,7,0,7,0,0,0,7,0,0,0,10,0,0,10,0,0,0,0,0,88,1,0,0,0,0,13,8,32,18,15,0,1,0,0,98,1,0
E:\OOD\main\Time-Wanderer-master\Time-Wanderer\src\gamestates\MainMenuState.java,gamestates.MainMenuState,class,8,9,1,8,30,2,0,16,1,0.6594204,0.46666667,1.0,6,0,6,0,0,0,6,0,0,0,23,0,0,23,0,0,2,0,2,146,1,0,4,0,28,10,106,33,25,28,1,0,0,0,62,1,0
E:\OOD\main\Time-Wanderer-master\Time-Wanderer\src\sound\Playlist.java,sound.Playlist,enum,0,2,2,0,0,1,0,0,0,0.0,-1.0,-1.0,0,0,0,0,0,0,0,0,0,0,0,0,0,0,0,0,0,0,0,1,0,0,0,0,0,0,0,0,0,0,0,0,0,0,17,1,0
E:\OOD\main\Time-Wanderer-master\Time-Wanderer\src\gamestates\LevelState.java,gamestates.LevelState$TransitionDirection,enum,0,0,0,0,0,1,0,0,0,0.0,-1.0,-1.0,0,0,0,0,0,0,0,0,0,0,0,0,0,0,0,0,0,0,0,1,0,0,0,0,0,0,0,0,0,0,0,0,0,0,9,0,0
E:\OOD\main\Time-Wanderer-master\Time-Wanderer\src\physics\BoundingRectangle.java,physics.BoundingRectangle,class,4,12,8,4,29,2,0,2,0,0.5,0.64835167,1.0,14,0,14,0,0,0,14,0,0,0,4,0,4,0,0,0,0,0,3,69,7,3,0,0,10,0,7,21,16,10,3,0,0,0,97,1,0
E:\OOD\main\Time-Wanderer-master\Time-Wanderer\src\items\MagicalRelic.java,items.MagicalRelic,class,4,8,4,4,7,2,0,5,0,0.56666666,0.8,1.0,6,0,6,0,0,0,6,0,0,0,5,0,0,5,0,0,1,0,1,39,1,0,0,0,1,11,1,12,7,6,1,0,0,0,36,1,0
E:\OOD\main\Time-Wanderer-master\Time-Wanderer\src\entities\BossEnemy.java,entities.BossEnemy$Anonymous1,anonymous,1,1,0,1,3,1,0,4,0,0.0,NaN,NaN,1,0,1,0,0,0,1,0,0,0,0,0,0,0,0,0,0,0,1,15,0,1,0,1,0,0,2,3,1,1,1,0,0,0,11,-1,0
E:\OOD\main\Time-Wanderer-master\Time-Wanderer\src\items\RangedWeapon.java,items.RangedWeapon,class,1,6,5,1,6,2,0,0,0,0.4166667,0.53333336,0.6666667,6,0,6,0,0,0,6,0,0,0,2,0,0,2,0,0,2,0,0,31,3,0,0,0,0,10,0,10,5,3,0,0,0,0,44,1,0
E:\OOD\main\Time-Wanderer-master\Time-Wanderer\src\misc\RandomObjBoss.java,misc.RandomObjBoss$Obj,innerclass,9,9,0,9,6,1,0,16,0,0.25,0.6666667,1.0,3,0,3,0,0,0,3,0,0,0,4,0,0,4,0,0,3,0,8,30,3,0,0,0,11,0,14,8,17,6,1,0,0,0,46,2,0
E:\OOD\main\Time-Wanderer-master\Time-Wanderer\src\animations\SkeletonAnimator.java,animations.SkeletonAnimator,class,4,7,3,4,21,1,0,13,52,0.8055556,0.2,0.2,16,0,15,1,0,0,15,0,0,0,9,0,0,9,0,0,0,0,0,86,6,4,0,1,0,1,25,14,4,13,1,0,0,0,61,1,0
E:\OOD\main\Time-Wanderer-master\Time-Wanderer\src\entities\InteractiveObject.java,entities.InteractiveObject,class,5,10,5,5,20,1,3,18,0,0.46153846,0.71794873,0.84615386,13,0,13,0,0,0,13,1,0,0,3,0,0,3,0,0,0,0,0,96,1,2,1,2,0,3,13,19,3,8,2,0,0,0,85,1025,0
E:\OOD\main\Time-Wanderer-master\Time-Wanderer\src\entities\Player.java,entities.Player$Anonymous1,anonymous,1,1,0,1,3,1,0,5,0,0.0,NaN,NaN,1,0,1,0,0,0,1,0,0,0,0,0,0,0,0,0,0,0,1,16,0,1,0,1,0,0,2,3,1,1,1,0,0,0,11,-1,0
E:\OOD\main\Time-Wanderer-master\Time-Wanderer\src\items\Item.java,items.Item,class,2,14,12,2,40,1,5,0,0,0.57843137,0.5147059,0.77205884,17,0,13,0,4,0,17,1,0,0,6,0,0,2,4,0,3,0,0,91,7,0,11,0,3,26,9,35,6,7,1,0,0,0,71,1025,0
E:\OOD\main\Time-Wanderer-master\Time-Wanderer\src\entities\Player.java,entities.Player,class,23,42,19,23,59,2,0,63,182,0.87999994,0.21376811,0.4456522,25,0,24,1,0,0,24,0,0,1,11,0,0,10,0,1,0,0,4,228,7,1,13,2,2,0,18,38,6,20,4,1,1,0,169,1,0
E:\OOD\main\Time-Wanderer-master\Time-Wanderer\src\animations\PastPlayerAnimator.java,animations.PastPlayerAnimator$Anonymous1,anonymous,0,0,0,0,4,1,0,5,0,0.0,NaN,NaN,1,0,1,0,0,0,1,0,0,0,0,0,0,0,0,0,0,0,2,22,0,0,1,2,0,0,3,2,2,1,2,0,0,0,12,-1,0
E:\OOD\main\Time-Wanderer-master\Time-Wanderer\src\items\Inventory.java,items.Inventory,class,6,14,8,6,38,1,0,19,0,0.7142858,0.50549453,1.0,14,0,14,0,0,0,14,0,0,0,6,0,0,6,0,0,1,0,0,132,11,1,8,0,1,5,1,15,3,10,4,0,0,0,90,1,0
E:\OOD\main\Time-Wanderer-master\Time-Wanderer\src\entities\Enemy.java,entities.Enemy,class,4,9,5,4,11,2,3,3,36,0.8888889,0.0,0.0,9,0,6,0,3,0,9,6,0,0,2,0,0,0,2,0,0,0,0,22,0,0,0,0,3,0,4,2,2,2,0,0,0,0,90,1025,0
E:\OOD\main\Time-Wanderer-master\Time-Wanderer\src\entities\GameCharacter.java,entities.GameCharacter,class,6,26,20,6,38,1,2,16,167,0.82608694,0.16996047,0.20948617,23,0,22,0,1,0,23,0,0,0,7,0,0,7,0,0,0,0,0,125,6,0,1,0,1,0,13,16,13,7,2,0,1,0,137,1,0
E:\OOD\main\Time-Wanderer-master\Time-Wanderer\src\levels\tiles\Tile.java,levels.tiles.Tile,class,1,10,9,1,8,1,5,0,0,0.65625,0.5,1.0,8,0,8,0,0,0,8,0,0,0,4,1,1,2,1,0,1,0,0,32,4,0,0,0,0,3,1,8,1,4,0,0,0,0,36,1025,0
E:\OOD\main\Time-Wanderer-master\Time-Wanderer\src\entities\LevelButton.java,entities.LevelButton,class,3,5,2,3,7,1,0,6,0,0.125,1.0,1.0,2,0,2,0,0,0,2,0,0,0,4,0,0,4,0,0,0,0,0,39,0,0,0,0,0,1,5,5,0,4,2,0,0,0,27,1,0
E:\OOD\main\Time-Wanderer-master\Time-Wanderer\src\gamestates\InventoryState.java,gamestates.InventoryState,class,11,13,2,11,33,2,0,26,0,0.6964286,0.53571427,1.0,8,1,8,0,0,0,8,0,0,0,21,2,1,20,0,0,3,0,2,146,2,5,5,1,39,15,93,41,92,31,4,0,0,0,79,1,0
E:\OOD\main\Time-Wanderer-master\Time-Wanderer\src\items\ConsumableItem.java,items.ConsumableItem,class,4,9,5,4,8,2,0,6,0,0.0,1.0,1.0,3,0,3,0,0,0,3,0,0,0,2,0,0,2,0,0,0,0,0,30,0,0,4,0,0,0,3,7,0,3,2,0,0,0,48,1,0
E:\OOD\main\Time-Wanderer-master\Time-Wanderer\src\utils\Transform.java,utils.Transform,class,2,4,2,2,2,1,0,3,0,0.0,NaN,NaN,1,1,1,0,0,0,1,0,0,0,0,0,0,0,0,0,0,0,5,11,1,0,1,0,3,0,19,6,10,4,0,0,0,0,47,1,0
E:\OOD\main\Time-Wanderer-master\Time-Wanderer\src\entities\BossEnemy.java,entities.BossEnemy,class,13,16,3,13,64,3,0,48,125,0.8609625,0.2647059,0.6691176,22,0,17,5,0,0,17,0,0,4,17,0,0,17,0,0,5,0,5,265,12,2,6,2,24,2,27,57,39,31,3,1,0,0,240,1,0
E:\OOD\main\Time-Wanderer-master\Time-Wanderer\src\entities\GameCharacter.java,entities.GameCharacter$Facing,enum,0,0,0,0,0,1,0,0,0,0.0,-1.0,-1.0,0,0,0,0,0,0,0,0,0,0,0,0,0,0,0,0,0,0,0,1,0,0,0,0,0,0,0,0,0,0,0,0,0,0,7,1,0
E:\OOD\main\Time-Wanderer-master\Time-Wanderer\src\levels\MapGenerator.java,levels.MapGenerator,class,6,8,2,6,80,1,0,49,7,0.6555555,0.42857143,0.47619048,10,2,7,3,0,0,7,0,0,0,9,4,4,5,0,0,8,0,4,301,6,17,15,0,6,77,84,91,30,47,5,0,0,0,182,1,0
E:\OOD\main\Time-Wanderer-master\Time-Wanderer\src\creators\ItemCreator.java,creators.ItemCreator,class,17,21,4,17,37,1,0,25,78,0.9230769,0.0,0.0,13,13,12,1,0,0,12,0,0,0,3,3,0,3,0,0,0,0,7,149,13,6,12,3,11,30,53,49,26,36,2,0,0,0,93,1,0
E:\OOD\main\Time-Wanderer-master\Time-Wanderer\src\gamestates\LevelState.java,gamestates.LevelState,class,24,28,4,24,60,2,0,61,34,0.8104575,0.36363637,1.0,17,2,11,6,0,0,11,0,0,0,26,6,3,19,0,4,1,0,9,361,6,0,9,4,12,35,194,124,28,38,7,0,1,0,201,1,0
E:\OOD\main\Time-Wanderer-master\Time-Wanderer\src\misc\AttacksObserver.java,misc.AttacksObserver,class,10,14,4,10,22,1,0,26,0,0.62,0.51111114,1.0,10,0,10,0,0,0,10,0,0,0,5,0,0,5,0,0,4,0,0,74,1,5,1,0,1,0,1,7,0,6,4,0,0,0,109,1,0
E:\OOD\main\Time-Wanderer-master\Time-Wanderer\src\creators\EnemyCreator.java,creators.EnemyCreator,class,7,8,1,7,3,1,0,5,3,0.0,0.0,0.0,3,3,3,0,0,0,3,0,0,0,0,0,0,0,0,0,0,0,0,28,3,0,0,0,0,0,27,6,0,6,0,0,0,0,38,1,0
E:\OOD\main\Time-Wanderer-master\Time-Wanderer\src\utils\NumberUtils.java,utils.NumberUtils,class,2,9,7,2,5,1,0,1,6,0.0,0.0,0.0,4,4,4,0,0,0,4,0,0,0,0,0,0,0,0,0,0,0,1,14,4,0,0,0,5,0,4,0,10,0,0,0,0,0,58,1,0
E:\OOD\main\Time-Wanderer-master\Time-Wanderer\src\animations\PlayerAnimator.java,animations.PlayerAnimator,class,5,7,2,5,40,1,0,21,186,0.88655466,0.1994302,0.20512821,28,0,27,1,0,0,27,0,0,1,17,0,0,17,0,0,0,0,0,183,11,11,0,0,0,1,47,29,11,29,1,1,0,0,110,1,0
E:\OOD\main\Time-Wanderer-master\Time-Wanderer\src\misc\MiniMap.java,misc.MiniMap,class,3,4,1,3,13,1,0,4,2,0.55,0.4,0.6,5,0,5,0,0,0,5,0,0,0,4,0,0,4,0,0,1,0,0,49,0,4,3,0,0,32,21,18,0,9,4,0,0,0,65,1,0
E:\OOD\main\Time-Wanderer-master\Time-Wanderer\src\entities\Stats.java,entities.Stats,class,1,14,13,1,52,1,0,7,389,0.83431965,0.21771772,1.0,39,0,37,2,0,0,37,0,0,5,13,0,0,13,0,0,0,0,1,192,14,1,0,0,3,13,27,54,9,13,1,0,0,0,144,1,0
E:\OOD\main\Time-Wanderer-master\Time-Wanderer\src\items\MeleeWeapon.java,items.MeleeWeapon,class,6,14,8,6,15,2,0,13,0,0.6,0.5555556,0.7777778,11,0,9,2,0,0,9,0,0,0,5,0,0,5,0,0,0,0,0,68,3,0,1,0,2,11,3,17,10,6,1,0,0,0,104,1,0
E:\OOD\main\Time-Wanderer-master\Time-Wanderer\src\levels\tiles\EmptyTile.java,levels.tiles.EmptyTile,class,1,2,1,1,1,2,0,0,0,0.0,NaN,NaN,1,0,1,0,0,0,1,0,0,0,0,0,0,0,0,0,0,0,0,5,0,0,0,0,0,0,0,0,0,0,0,0,0,0,18,1,0
E:\OOD\main\Time-Wanderer-master\Time-Wanderer\src\physics\BoundingShape.java,physics.BoundingShape,class,3,12,9,3,11,1,1,1,45,0.0,0.0,0.0,10,0,10,0,0,0,10,9,0,0,0,0,0,0,0,0,0,0,0,15,2,0,0,0,0,0,0,0,0,0,1,0,0,0,33,1025,0
E:\OOD\main\Time-Wanderer-master\Time-Wanderer\src\entities\FlyingEnemy.java,entities.FlyingEnemy,class,13,16,3,13,39,3,0,47,52,0.80213904,0.31868133,0.72527474,17,0,14,3,0,0,14,0,0,3,11,0,0,11,0,0,4,0,17,190,8,2,0,2,27,1,40,59,58,29,2,0,0,0,201,1,0
E:\OOD\main\Time-Wanderer-master\Time-Wanderer\src\controller\PlayerController.java,controller.PlayerController,class,2,4,2,2,2,1,1,0,1,0.5,0.0,0.0,2,0,2,0,0,0,2,1,0,0,1,0,0,0,1,0,0,0,0,7,0,0,0,0,0,0,0,1,0,1,0,0,0,0,14,1025,0
E:\OOD\main\Time-Wanderer-master\Time-Wanderer\src\controller\KeyboardMouseController.java,controller.KeyboardMouseController,class,13,16,3,13,33,2,0,37,3,0.0,0.0,0.0,3,0,2,1,0,0,2,0,0,0,0,0,0,0,0,0,0,0,5,96,0,0,3,0,0,6,6,0,1,0,3,0,0,0,29,1,0
E:\OOD\main\Time-Wanderer-master\Time-Wanderer\src\misc\PlayerInterface.java,misc.PlayerInterface,class,13,14,1,13,21,1,0,27,0,0.24074072,1.0,1.0,3,0,3,0,0,0,3,0,0,0,18,0,0,18,0,0,12,0,1,139,0,0,8,1,16,14,77,53,60,44,2,0,0,0,95,1,0
E:\OOD\main\Time-Wanderer-master\Time-Wanderer\src\levels\Room.java,levels.Room,class,25,39,14,25,128,1,0,70,1105,0.91927266,0.119155355,0.62217194,55,0,52,3,0,0,52,0,0,0,25,0,0,25,0,0,3,0,5,445,20,27,12,1,9,31,74,80,6,59,5,0,0,0,248,1,0
E:\OOD\main\Time-Wanderer-master\Time-Wanderer\src\utils\BlockadeInfo.java,utils.BlockadeInfo,class,1,2,1,1,7,1,0,0,3,0.5714286,0.42857143,1.0,7,0,7,0,0,0,7,0,0,0,3,0,0,3,0,0,0,0,0,28,3,0,0,0,0,0,0,6,0,3,0,0,0,0,33,1,0
E:\OOD\main\Time-Wanderer-master\Time-Wanderer\src\main\MainClass.java,main.MainClass,class,11,14,3,11,5,2,0,13,4,0.78571427,0.16666667,0.16666667,4,2,4,0,0,0,4,0,0,0,14,14,13,1,0,0,11,0,3,50,0,0,0,1,6,5,14,17,4,16,1,0,0,0,63,1,0
