file,class,type,cbo,cboModified,fanin,fanout,wmc,dit,noc,rfc,lcom,lcom*,tcc,lcc,totalMethodsQty,staticMethodsQty,publicMethodsQty,privateMethodsQty,protectedMethodsQty,defaultMethodsQty,visibleMethodsQty,abstractMethodsQty,finalMethodsQty,synchronizedMethodsQty,totalFieldsQty,staticFieldsQty,publicFieldsQty,privateFieldsQty,protectedFieldsQty,defaultFieldsQty,finalFieldsQty,synchronizedFieldsQty,nosi,loc,returnQty,loopQty,comparisonsQty,tryCatchQty,parenthesizedExpsQty,stringLiteralsQty,numbersQty,assignmentsQty,mathOperationsQty,variablesQty,maxNestedBlocksQty,anonymousClassesQty,innerClassesQty,lambdasQty,uniqueWordsQty,modifiers,logStatementsQty
E:\OOD\main\Simple-Guesser-Game-master\Simple-Guesser-Game-master\deprecated\windowActivity2.java,windowActivity2$Anonymous1,anonymous,1,1,0,1,1,1,0,1,0,0.0,NaN,NaN,1,0,1,0,0,0,1,0,0,0,0,0,0,0,0,0,0,0,1,5,0,0,0,0,0,0,0,0,0,0,0,0,0,0,7,-1,0
E:\OOD\main\Simple-Guesser-Game-master\Simple-Guesser-Game-master\src\Guesser.java,Guesser,class,1,3,2,1,6,1,0,5,0,0.4666667,0.33333334,0.33333334,3,1,3,0,0,0,3,0,0,0,5,0,0,2,0,3,0,0,0,34,1,1,1,0,0,6,3,11,2,7,2,0,0,0,31,1,0
E:\OOD\main\Simple-Guesser-Game-master\Simple-Guesser-Game-master\src\Main_appEvent.java,Main_appEvent$Anonymous1,anonymous,0,0,0,0,4,1,0,5,3,0.0,0.0,0.0,3,0,3,0,0,0,3,0,0,0,0,0,0,0,0,0,0,0,1,21,0,0,0,1,0,5,0,3,0,3,1,0,0,0,25,-1,0
E:\OOD\main\Simple-Guesser-Game-master\Simple-Guesser-Game-master\src\Main_appEvent.java,Main_appEvent,class,3,5,2,3,29,1,0,44,77,0.8,0.0,0.0,15,0,5,10,0,0,5,0,0,0,6,0,4,0,0,2,0,0,10,220,0,0,1,2,0,52,20,35,10,28,1,1,0,0,212,1,0
E:\OOD\main\Simple-Guesser-Game-master\Simple-Guesser-Game-master\src\WindowActivity.java,WindowActivity,class,2,5,3,2,4,1,0,29,0,0.6086956,0.5,0.5,4,0,4,0,0,0,4,0,0,0,23,1,0,0,0,23,0,0,2,128,0,0,0,0,0,24,21,23,0,23,0,0,0,0,69,1,0
E:\OOD\main\Simple-Guesser-Game-master\Simple-Guesser-Game-master\deprecated\windowActivity2.java,windowActivity2,class,1,3,2,1,9,6,0,23,24,0.8562092,0.13333334,0.2,9,2,6,3,0,0,6,0,0,0,17,6,4,0,0,13,0,0,1,96,0,0,0,0,0,14,9,17,0,18,0,1,0,0,66,1,0
E:\OOD\main\Simple-Guesser-Game-master\Simple-Guesser-Game-master\src\Main.java,Main,class,1,1,0,1,1,1,0,0,0,0.0,NaN,NaN,1,1,1,0,0,0,1,0,0,0,0,0,0,0,0,0,0,0,0,5,0,0,0,0,0,0,0,0,0,0,0,0,0,0,5,1,0
