file,class,method,variable,usage
E:\OOD\main\Simple-Guesser-Game-master\Simple-Guesser-Game-master\src\Guesser.java,Guesser,getRGN/0,rgn,1
E:\OOD\main\Simple-Guesser-Game-master\Simple-Guesser-Game-master\src\Guesser.java,Guesser,setRGN/0,random,3
E:\OOD\main\Simple-Guesser-Game-master\Simple-Guesser-Game-master\src\Guesser.java,Guesser,setRGN/0,input,1
E:\OOD\main\Simple-Guesser-Game-master\Simple-Guesser-Game-master\src\Guesser.java,Guesser,setRGN/0,rgn,1
E:\OOD\main\Simple-Guesser-Game-master\Simple-Guesser-Game-master\src\Guesser.java,Guesser,setRGN/0,MAX_THRESHOLD,2
E:\OOD\main\Simple-Guesser-Game-master\Simple-Guesser-Game-master\src\Main_appEvent.java,Main_appEvent,Main_appEvent/1[WindowActivity],windowActivity,3
E:\OOD\main\Simple-Guesser-Game-master\Simple-Guesser-Game-master\src\Main_appEvent.java,Main_appEvent,actionPerformed/1[java.awt.event.ActionEvent],commander,2
E:\OOD\main\Simple-Guesser-Game-master\Simple-Guesser-Game-master\src\Main_appEvent.java,Main_appEvent,actionPerformed/1[java.awt.event.ActionEvent],numberToGuess,1
E:\OOD\main\Simple-Guesser-Game-master\Simple-Guesser-Game-master\src\Main_appEvent.java,Main_appEvent,actionPerformed/1[java.awt.event.ActionEvent],numberOfGuesses,1
E:\OOD\main\Simple-Guesser-Game-master\Simple-Guesser-Game-master\src\Main_appEvent.java,Main_appEvent,fetchInputFromText/0,input,1
E:\OOD\main\Simple-Guesser-Game-master\Simple-Guesser-Game-master\src\Main_appEvent.java,Main_appEvent,fetchInputFromText/0,numberToGuess,1
E:\OOD\main\Simple-Guesser-Game-master\Simple-Guesser-Game-master\src\Main_appEvent.java,Main_appEvent,guessChecker/1[int],input,4
E:\OOD\main\Simple-Guesser-Game-master\Simple-Guesser-Game-master\src\Main_appEvent.java,Main_appEvent,guessChecker/1[int],numberToGuess,4
E:\OOD\main\Simple-Guesser-Game-master\Simple-Guesser-Game-master\src\Main_appEvent.java,Main_appEvent,guessChecker/1[int],numberOfGuesses,3
E:\OOD\main\Simple-Guesser-Game-master\Simple-Guesser-Game-master\src\Main_appEvent.java,Main_appEvent,handleStart/1[java.awt.event.ActionEvent],guess,2
E:\OOD\main\Simple-Guesser-Game-master\Simple-Guesser-Game-master\src\Main_appEvent.java,Main_appEvent,handleStart/1[java.awt.event.ActionEvent],numberToGuess,2
E:\OOD\main\Simple-Guesser-Game-master\Simple-Guesser-Game-master\src\WindowActivity.java,WindowActivity,init_mainWindow/0,Mcontent_wrapper,6
E:\OOD\main\Simple-Guesser-Game-master\Simple-Guesser-Game-master\src\WindowActivity.java,WindowActivity,init_mainWindow/0,emptyPanel1_asPadding,5
E:\OOD\main\Simple-Guesser-Game-master\Simple-Guesser-Game-master\src\WindowActivity.java,WindowActivity,init_mainWindow/0,restart,3
E:\OOD\main\Simple-Guesser-Game-master\Simple-Guesser-Game-master\src\WindowActivity.java,WindowActivity,init_mainWindow/0,mainPanel,4
E:\OOD\main\Simple-Guesser-Game-master\Simple-Guesser-Game-master\src\WindowActivity.java,WindowActivity,init_mainWindow/0,start,3
E:\OOD\main\Simple-Guesser-Game-master\Simple-Guesser-Game-master\src\WindowActivity.java,WindowActivity,init_mainWindow/0,about,3
E:\OOD\main\Simple-Guesser-Game-master\Simple-Guesser-Game-master\src\WindowActivity.java,WindowActivity,init_mainWindow/0,main_frame,12
E:\OOD\main\Simple-Guesser-Game-master\Simple-Guesser-Game-master\src\WindowActivity.java,WindowActivity,init_mainWindow/0,guessLabel,2
E:\OOD\main\Simple-Guesser-Game-master\Simple-Guesser-Game-master\src\WindowActivity.java,WindowActivity,init_mainWindow/0,maxSet,3
E:\OOD\main\Simple-Guesser-Game-master\Simple-Guesser-Game-master\src\WindowActivity.java,WindowActivity,init_mainWindow/0,menubar,7
E:\OOD\main\Simple-Guesser-Game-master\Simple-Guesser-Game-master\src\WindowActivity.java,WindowActivity,init_mainWindow/0,help,3
E:\OOD\main\Simple-Guesser-Game-master\Simple-Guesser-Game-master\src\WindowActivity.java,WindowActivity,init_mainWindow/0,user_input,3
E:\OOD\main\Simple-Guesser-Game-master\Simple-Guesser-Game-master\src\WindowActivity.java,WindowActivity,init_mainWindow/0,user_area,10
E:\OOD\main\Simple-Guesser-Game-master\Simple-Guesser-Game-master\src\WindowActivity.java,WindowActivity,init_mainWindow/0,hint,2
E:\OOD\main\Simple-Guesser-Game-master\Simple-Guesser-Game-master\src\WindowActivity.java,WindowActivity,init_mainWindow/0,exitOption,4
E:\OOD\main\Simple-Guesser-Game-master\Simple-Guesser-Game-master\src\WindowActivity.java,WindowActivity,init_mainWindow/0,inputLabel,2
E:\OOD\main\Simple-Guesser-Game-master\Simple-Guesser-Game-master\src\WindowActivity.java,WindowActivity,init_mainWindow/0,globalDimension,1
E:\OOD\main\Simple-Guesser-Game-master\Simple-Guesser-Game-master\src\WindowActivity.java,WindowActivity,init_mainWindow/0,gameOptions,9
E:\OOD\main\Simple-Guesser-Game-master\Simple-Guesser-Game-master\src\WindowActivity.java,WindowActivity,init_mainWindow/0,close,3
E:\OOD\main\Simple-Guesser-Game-master\Simple-Guesser-Game-master\src\WindowActivity.java,WindowActivity,init_mainWindow/0,Settings,4
E:\OOD\main\Simple-Guesser-Game-master\Simple-Guesser-Game-master\src\WindowActivity.java,WindowActivity,init_mainWindow/0,outcome,6
E:\OOD\main\Simple-Guesser-Game-master\Simple-Guesser-Game-master\src\WindowActivity.java,WindowActivity,init_mainWindow/0,guessVal,2
E:\OOD\main\Simple-Guesser-Game-master\Simple-Guesser-Game-master\src\WindowActivity.java,WindowActivity,actionCommander/0,maxSet,1
E:\OOD\main\Simple-Guesser-Game-master\Simple-Guesser-Game-master\src\WindowActivity.java,WindowActivity,actionCommander/0,help,1
E:\OOD\main\Simple-Guesser-Game-master\Simple-Guesser-Game-master\src\WindowActivity.java,WindowActivity,actionCommander/0,restart,1
E:\OOD\main\Simple-Guesser-Game-master\Simple-Guesser-Game-master\src\WindowActivity.java,WindowActivity,actionCommander/0,start,1
E:\OOD\main\Simple-Guesser-Game-master\Simple-Guesser-Game-master\src\WindowActivity.java,WindowActivity,actionCommander/0,about,1
E:\OOD\main\Simple-Guesser-Game-master\Simple-Guesser-Game-master\src\WindowActivity.java,WindowActivity,actionCommander/0,close,1
E:\OOD\main\Simple-Guesser-Game-master\Simple-Guesser-Game-master\src\WindowActivity.java,WindowActivity,addListeners/0,maxSet,1
E:\OOD\main\Simple-Guesser-Game-master\Simple-Guesser-Game-master\src\WindowActivity.java,WindowActivity,addListeners/0,help,1
E:\OOD\main\Simple-Guesser-Game-master\Simple-Guesser-Game-master\src\WindowActivity.java,WindowActivity,addListeners/0,restart,1
E:\OOD\main\Simple-Guesser-Game-master\Simple-Guesser-Game-master\src\WindowActivity.java,WindowActivity,addListeners/0,user_input,2
E:\OOD\main\Simple-Guesser-Game-master\Simple-Guesser-Game-master\src\WindowActivity.java,WindowActivity,addListeners/0,start,1
E:\OOD\main\Simple-Guesser-Game-master\Simple-Guesser-Game-master\src\WindowActivity.java,WindowActivity,addListeners/0,about,1
E:\OOD\main\Simple-Guesser-Game-master\Simple-Guesser-Game-master\src\WindowActivity.java,WindowActivity,addListeners/0,close,1
E:\OOD\main\Simple-Guesser-Game-master\Simple-Guesser-Game-master\src\WindowActivity.java,WindowActivity,addListeners/0,eventHandler,7
E:\OOD\main\Simple-Guesser-Game-master\Simple-Guesser-Game-master\deprecated\windowActivity2.java,windowActivity2,add_guiComponent/0,main_container,2
E:\OOD\main\Simple-Guesser-Game-master\Simple-Guesser-Game-master\deprecated\windowActivity2.java,windowActivity2,add_guiComponent/0,labelpanel,1
E:\OOD\main\Simple-Guesser-Game-master\Simple-Guesser-Game-master\deprecated\windowActivity2.java,windowActivity2,add_guiComponent/0,user_input,1
E:\OOD\main\Simple-Guesser-Game-master\Simple-Guesser-Game-master\deprecated\windowActivity2.java,windowActivity2,init_mainPanel/0,main_container,3
E:\OOD\main\Simple-Guesser-Game-master\Simple-Guesser-Game-master\deprecated\windowActivity2.java,windowActivity2,init_mainPanel/0,WIDTH,1
E:\OOD\main\Simple-Guesser-Game-master\Simple-Guesser-Game-master\deprecated\windowActivity2.java,windowActivity2,init_mainPanel/0,HEIGHT,1
E:\OOD\main\Simple-Guesser-Game-master\Simple-Guesser-Game-master\deprecated\windowActivity2.java,windowActivity2,init_labels/0,no_of_guesses,4
E:\OOD\main\Simple-Guesser-Game-master\Simple-Guesser-Game-master\deprecated\windowActivity2.java,windowActivity2,init_labels/0,higher_lower_label,6
E:\OOD\main\Simple-Guesser-Game-master\Simple-Guesser-Game-master\deprecated\windowActivity2.java,windowActivity2,init_labels/0,labelpanel,3
E:\OOD\main\Simple-Guesser-Game-master\Simple-Guesser-Game-master\deprecated\windowActivity2.java,windowActivity2,init_labels/0,guessLabel,4
E:\OOD\main\Simple-Guesser-Game-master\Simple-Guesser-Game-master\deprecated\windowActivity2.java,windowActivity2,init_userArea/0,user_input,2
E:\OOD\main\Simple-Guesser-Game-master\Simple-Guesser-Game-master\deprecated\windowActivity2.java,windowActivity2,createAndShowGUI/0,menubar,1
E:\OOD\main\Simple-Guesser-Game-master\Simple-Guesser-Game-master\deprecated\windowActivity2.java,windowActivity2,createAndShowGUI/0,main_container,1
E:\OOD\main\Simple-Guesser-Game-master\Simple-Guesser-Game-master\deprecated\windowActivity2.java,windowActivity2,createAndShowGUI/0,WIDTH,1
E:\OOD\main\Simple-Guesser-Game-master\Simple-Guesser-Game-master\deprecated\windowActivity2.java,windowActivity2,createAndShowGUI/0,HEIGHT,1
E:\OOD\main\Simple-Guesser-Game-master\Simple-Guesser-Game-master\deprecated\windowActivity2.java,windowActivity2,init_menu/0,menubar,5
E:\OOD\main\Simple-Guesser-Game-master\Simple-Guesser-Game-master\deprecated\windowActivity2.java,windowActivity2,init_menu/0,help,2
E:\OOD\main\Simple-Guesser-Game-master\Simple-Guesser-Game-master\deprecated\windowActivity2.java,windowActivity2,init_menu/0,restart,2
E:\OOD\main\Simple-Guesser-Game-master\Simple-Guesser-Game-master\deprecated\windowActivity2.java,windowActivity2,init_menu/0,exitOption,2
E:\OOD\main\Simple-Guesser-Game-master\Simple-Guesser-Game-master\deprecated\windowActivity2.java,windowActivity2,init_menu/0,start,2
E:\OOD\main\Simple-Guesser-Game-master\Simple-Guesser-Game-master\deprecated\windowActivity2.java,windowActivity2,init_menu/0,about,2
E:\OOD\main\Simple-Guesser-Game-master\Simple-Guesser-Game-master\deprecated\windowActivity2.java,windowActivity2,init_menu/0,gameOptions,6
