file,class,method,constructor,line,cbo,cboModified,fanin,fanout,wmc,rfc,loc,returnsQty,variablesQty,parametersQty,methodsInvokedQty,methodsInvokedLocalQty,methodsInvokedIndirectLocalQty,loopQty,comparisonsQty,tryCatchQty,parenthesizedExpsQty,stringLiteralsQty,numbersQty,assignmentsQty,mathOperationsQty,maxNestedBlocksQty,anonymousClassesQty,innerClassesQty,lambdasQty,uniqueWordsQty,modifiers,logStatementsQty,hasJavaDoc
E:\OOD\main\Simple-Guesser-Game-master\Simple-Guesser-Game-master\deprecated\windowActivity2.java,windowActivity2$Anonymous1,run/0,false,207,1,1,0,1,1,1,3,0,0,0,1,0,0,0,0,0,0,0,0,0,0,0,0,0,0,7,1,0,false
E:\OOD\main\Simple-Guesser-Game-master\Simple-Guesser-Game-master\src\Guesser.java,Guesser,getRGN/0,false,50,0,1,1,0,1,0,3,1,0,0,0,0,0,0,0,0,0,0,0,0,0,0,0,0,0,5,1,0,false
E:\OOD\main\Simple-Guesser-Game-master\Simple-Guesser-Game-master\src\Guesser.java,Guesser,setRGN/0,false,43,0,1,1,0,1,1,5,0,0,0,1,0,0,0,0,0,0,0,0,3,0,0,0,0,0,19,1,0,false
E:\OOD\main\Simple-Guesser-Game-master\Simple-Guesser-Game-master\src\Guesser.java,Guesser,main/1[java.lang.String[]],false,54,1,1,0,1,4,4,19,0,2,1,4,0,0,1,1,0,0,6,1,4,2,2,0,0,0,11,9,0,false
E:\OOD\main\Simple-Guesser-Game-master\Simple-Guesser-Game-master\src\Main_appEvent.java,Main_appEvent$Anonymous1,mouseExited/1[java.awt.event.MouseEvent],false,273,0,0,0,0,1,2,5,0,1,1,2,0,0,0,0,0,0,2,0,1,0,0,0,0,0,11,1,0,false
E:\OOD\main\Simple-Guesser-Game-master\Simple-Guesser-Game-master\src\Main_appEvent.java,Main_appEvent$Anonymous1,mouseReleased/1[java.awt.event.MouseEvent],false,252,0,0,0,0,2,3,9,0,1,1,3,0,0,0,0,1,0,1,0,1,0,1,0,0,0,16,1,0,false
E:\OOD\main\Simple-Guesser-Game-master\Simple-Guesser-Game-master\src\Main_appEvent.java,Main_appEvent$Anonymous1,mouseEntered/1[java.awt.event.MouseEvent],false,264,0,0,0,0,1,2,5,0,1,1,2,0,0,0,0,0,0,2,0,1,0,0,0,0,0,11,1,0,false
E:\OOD\main\Simple-Guesser-Game-master\Simple-Guesser-Game-master\src\Main_appEvent.java,Main_appEvent,Main_appEvent/1[WindowActivity],true,30,1,0,0,0,1,0,3,0,0,1,0,0,0,0,0,0,0,0,0,1,0,0,0,0,0,6,1,0,false
E:\OOD\main\Simple-Guesser-Game-master\Simple-Guesser-Game-master\src\Main_appEvent.java,Main_appEvent,actionPerformed/1[java.awt.event.ActionEvent],false,60,1,5,0,5,7,12,37,0,0,1,12,5,3,0,0,0,0,15,3,4,0,1,0,0,0,24,1,0,false
E:\OOD\main\Simple-Guesser-Game-master\Simple-Guesser-Game-master\src\Main_appEvent.java,Main_appEvent,winner/1[java.lang.String],false,194,0,1,1,0,1,1,3,0,0,1,1,0,0,0,0,0,0,2,0,0,1,0,0,0,0,4,2,0,false
E:\OOD\main\Simple-Guesser-Game-master\Simple-Guesser-Game-master\src\Main_appEvent.java,Main_appEvent,fetchInputFromText/0,false,126,1,3,1,2,2,6,14,0,2,0,6,2,2,0,0,1,0,2,0,3,2,1,0,0,0,23,2,0,false
E:\OOD\main\Simple-Guesser-Game-master\Simple-Guesser-Game-master\src\Main_appEvent.java,Main_appEvent,decision_ext/1[int],false,363,0,1,1,0,3,3,15,0,0,1,3,0,0,0,0,0,0,3,3,0,0,1,0,0,0,5,2,0,false
E:\OOD\main\Simple-Guesser-Game-master\Simple-Guesser-Game-master\src\Main_appEvent.java,Main_appEvent,keyPressed/1[java.awt.event.KeyEvent],false,40,1,1,0,1,2,3,9,0,1,1,3,1,3,0,0,0,0,1,0,1,0,1,0,0,0,11,1,0,false
E:\OOD\main\Simple-Guesser-Game-master\Simple-Guesser-Game-master\src\Main_appEvent.java,Main_appEvent,keyReleased/1[java.awt.event.KeyEvent],false,55,0,0,0,0,1,0,2,0,0,1,0,0,0,0,0,0,0,0,0,0,0,0,0,0,0,5,1,0,false
E:\OOD\main\Simple-Guesser-Game-master\Simple-Guesser-Game-master\src\Main_appEvent.java,Main_appEvent,guessChecker/1[int],false,149,1,2,1,1,4,6,23,0,1,1,6,1,1,0,1,0,0,5,2,5,2,1,0,0,0,12,2,0,false
E:\OOD\main\Simple-Guesser-Game-master\Simple-Guesser-Game-master\src\Main_appEvent.java,Main_appEvent,handleAbout/1[java.awt.event.ActionEvent],false,208,0,2,1,1,1,14,51,0,9,1,14,0,0,0,0,0,0,8,8,9,0,0,1,0,0,114,2,0,false
E:\OOD\main\Simple-Guesser-Game-master\Simple-Guesser-Game-master\src\Main_appEvent.java,Main_appEvent,handleOnClose/0,false,350,1,2,1,1,1,4,5,0,1,0,4,1,1,0,0,0,0,2,0,1,0,0,0,0,0,12,2,0,false
E:\OOD\main\Simple-Guesser-Game-master\Simple-Guesser-Game-master\src\Main_appEvent.java,Main_appEvent,keyTyped/1[java.awt.event.KeyEvent],false,37,0,0,0,0,1,0,2,0,0,1,0,0,0,0,0,0,0,0,0,0,0,0,0,0,0,5,1,0,false
E:\OOD\main\Simple-Guesser-Game-master\Simple-Guesser-Game-master\src\Main_appEvent.java,Main_appEvent,handleInputErrors/1[java.lang.NumberFormatException],false,201,0,2,2,0,1,1,3,0,0,1,1,0,0,0,0,0,0,2,0,0,0,0,0,0,0,9,2,0,false
E:\OOD\main\Simple-Guesser-Game-master\Simple-Guesser-Game-master\src\Main_appEvent.java,Main_appEvent,handleOnHelp/0,false,307,0,1,1,0,1,13,22,0,5,0,13,0,0,0,0,0,0,5,4,5,0,0,0,0,0,66,2,0,false
E:\OOD\main\Simple-Guesser-Game-master\Simple-Guesser-Game-master\src\Main_appEvent.java,Main_appEvent,handleSetMaxThreshold/0,false,388,1,2,1,1,2,7,18,0,3,0,7,1,1,0,0,1,0,6,0,4,4,1,0,0,0,32,2,0,false
E:\OOD\main\Simple-Guesser-Game-master\Simple-Guesser-Game-master\src\Main_appEvent.java,Main_appEvent,handleStart/1[java.awt.event.ActionEvent],false,111,1,3,1,2,1,3,5,0,0,1,3,0,0,0,0,0,0,1,0,1,1,0,0,0,0,9,2,0,false
E:\OOD\main\Simple-Guesser-Game-master\Simple-Guesser-Game-master\src\WindowActivity.java,WindowActivity,WindowActivity/0,true,57,1,4,1,3,1,3,5,0,0,0,3,3,1,0,0,0,0,0,0,0,0,0,0,0,0,8,1,0,false
E:\OOD\main\Simple-Guesser-Game-master\Simple-Guesser-Game-master\src\WindowActivity.java,WindowActivity,init_mainWindow/0,false,66,0,1,1,0,1,21,78,0,0,0,21,0,0,0,0,0,0,16,19,21,0,0,0,0,0,57,1,0,false
E:\OOD\main\Simple-Guesser-Game-master\Simple-Guesser-Game-master\src\WindowActivity.java,WindowActivity,actionCommander/0,false,214,0,1,1,0,1,2,9,0,0,0,2,0,0,0,0,0,0,7,0,0,0,0,0,0,0,4,1,0,false
E:\OOD\main\Simple-Guesser-Game-master\Simple-Guesser-Game-master\src\WindowActivity.java,WindowActivity,addListeners/0,false,229,0,1,1,0,1,4,11,0,0,0,4,0,0,0,0,0,0,1,0,0,0,0,0,0,0,7,1,0,false
E:\OOD\main\Simple-Guesser-Game-master\Simple-Guesser-Game-master\deprecated\windowActivity2.java,windowActivity2,main/1[java.lang.String[]],false,205,0,1,0,1,1,1,8,0,0,1,1,0,0,0,0,0,0,0,0,0,0,0,1,0,0,10,9,0,false
E:\OOD\main\Simple-Guesser-Game-master\Simple-Guesser-Game-master\deprecated\windowActivity2.java,windowActivity2,windowActivity2/0,true,51,1,7,1,6,1,6,8,0,0,0,6,6,1,0,0,0,0,0,0,0,0,0,0,0,0,14,1,0,false
E:\OOD\main\Simple-Guesser-Game-master\Simple-Guesser-Game-master\deprecated\windowActivity2.java,windowActivity2,init_statusBar/0,false,171,0,1,1,0,1,0,2,0,0,0,0,0,0,0,0,0,0,0,0,0,0,0,0,0,0,3,1,0,false
E:\OOD\main\Simple-Guesser-Game-master\Simple-Guesser-Game-master\deprecated\windowActivity2.java,windowActivity2,add_guiComponent/0,false,177,0,1,1,0,1,2,4,0,0,0,2,0,0,0,0,0,0,0,0,0,0,0,0,0,0,4,1,0,false
E:\OOD\main\Simple-Guesser-Game-master\Simple-Guesser-Game-master\deprecated\windowActivity2.java,windowActivity2,init_mainPanel/0,false,75,0,1,1,0,1,2,5,0,0,0,2,0,0,0,0,0,0,0,0,1,0,0,0,0,0,9,2,0,false
E:\OOD\main\Simple-Guesser-Game-master\Simple-Guesser-Game-master\deprecated\windowActivity2.java,windowActivity2,init_labels/0,false,126,0,1,1,0,1,6,18,0,0,0,6,0,0,0,0,0,0,6,5,4,0,0,0,0,0,16,1,0,false
E:\OOD\main\Simple-Guesser-Game-master\Simple-Guesser-Game-master\deprecated\windowActivity2.java,windowActivity2,init_userArea/0,false,159,0,1,1,0,1,1,4,0,0,0,1,0,0,0,0,0,0,0,2,1,0,0,0,0,0,8,1,0,false
E:\OOD\main\Simple-Guesser-Game-master\Simple-Guesser-Game-master\deprecated\windowActivity2.java,windowActivity2,createAndShowGUI/0,false,184,1,2,1,1,1,8,11,0,1,0,8,0,0,0,0,0,0,1,0,1,0,0,0,0,0,18,10,0,false
E:\OOD\main\Simple-Guesser-Game-master\Simple-Guesser-Game-master\deprecated\windowActivity2.java,windowActivity2,init_menu/0,false,87,0,1,1,0,1,5,17,0,0,0,5,0,0,0,0,0,0,6,0,7,0,0,0,0,0,17,2,0,false
E:\OOD\main\Simple-Guesser-Game-master\Simple-Guesser-Game-master\src\Main.java,Main,main/1[java.lang.String[]],false,2,1,1,0,1,1,0,3,0,0,1,0,0,0,0,0,0,0,0,0,0,0,0,0,0,0,4,9,0,false
