file,class,method,variable,usage
E:\OOD\main\Simple-Guesser-Game-master\Simple-Guesser-Game-master\src\Guesser.java,Guesser,main/1[java.lang.String[]],args,0
E:\OOD\main\Simple-Guesser-Game-master\Simple-Guesser-Game-master\src\Guesser.java,Guesser,main/1[java.lang.String[]],sc,2
E:\OOD\main\Simple-Guesser-Game-master\Simple-Guesser-Game-master\src\Guesser.java,Guesser,main/1[java.lang.String[]],guess,10
E:\OOD\main\Simple-Guesser-Game-master\Simple-Guesser-Game-master\src\Main_appEvent.java,Main_appEvent$Anonymous1,mouseExited/1[java.awt.event.MouseEvent],e,0
E:\OOD\main\Simple-Guesser-Game-master\Simple-Guesser-Game-master\src\Main_appEvent.java,Main_appEvent$Anonymous1,mouseExited/1[java.awt.event.MouseEvent],gitIcon_exit,1
E:\OOD\main\Simple-Guesser-Game-master\Simple-Guesser-Game-master\src\Main_appEvent.java,Main_appEvent$Anonymous1,mouseReleased/1[java.awt.event.MouseEvent],e,0
E:\OOD\main\Simple-Guesser-Game-master\Simple-Guesser-Game-master\src\Main_appEvent.java,Main_appEvent$Anonymous1,mouseReleased/1[java.awt.event.MouseEvent],link,1
E:\OOD\main\Simple-Guesser-Game-master\Simple-Guesser-Game-master\src\Main_appEvent.java,Main_appEvent$Anonymous1,mouseReleased/1[java.awt.event.MouseEvent],e1,1
E:\OOD\main\Simple-Guesser-Game-master\Simple-Guesser-Game-master\src\Main_appEvent.java,Main_appEvent$Anonymous1,mouseEntered/1[java.awt.event.MouseEvent],e,0
E:\OOD\main\Simple-Guesser-Game-master\Simple-Guesser-Game-master\src\Main_appEvent.java,Main_appEvent$Anonymous1,mouseEntered/1[java.awt.event.MouseEvent],gitIcon_hover,1
E:\OOD\main\Simple-Guesser-Game-master\Simple-Guesser-Game-master\src\Main_appEvent.java,Main_appEvent,Main_appEvent/1[WindowActivity],windowActivity,2
E:\OOD\main\Simple-Guesser-Game-master\Simple-Guesser-Game-master\src\Main_appEvent.java,Main_appEvent,actionPerformed/1[java.awt.event.ActionEvent],e,5
E:\OOD\main\Simple-Guesser-Game-master\Simple-Guesser-Game-master\src\Main_appEvent.java,Main_appEvent,winner/1[java.lang.String],message,1
E:\OOD\main\Simple-Guesser-Game-master\Simple-Guesser-Game-master\src\Main_appEvent.java,Main_appEvent,fetchInputFromText/0,number,2
E:\OOD\main\Simple-Guesser-Game-master\Simple-Guesser-Game-master\src\Main_appEvent.java,Main_appEvent,fetchInputFromText/0,ex,2
E:\OOD\main\Simple-Guesser-Game-master\Simple-Guesser-Game-master\src\Main_appEvent.java,Main_appEvent,fetchInputFromText/0,inputAsTxt,2
E:\OOD\main\Simple-Guesser-Game-master\Simple-Guesser-Game-master\src\Main_appEvent.java,Main_appEvent,decision_ext/1[int],arg,2
E:\OOD\main\Simple-Guesser-Game-master\Simple-Guesser-Game-master\src\Main_appEvent.java,Main_appEvent,keyPressed/1[java.awt.event.KeyEvent],e,1
E:\OOD\main\Simple-Guesser-Game-master\Simple-Guesser-Game-master\src\Main_appEvent.java,Main_appEvent,keyPressed/1[java.awt.event.KeyEvent],keyVal,1
E:\OOD\main\Simple-Guesser-Game-master\Simple-Guesser-Game-master\src\Main_appEvent.java,Main_appEvent,keyReleased/1[java.awt.event.KeyEvent],e,0
E:\OOD\main\Simple-Guesser-Game-master\Simple-Guesser-Game-master\src\Main_appEvent.java,Main_appEvent,guessChecker/1[int],numberToGuess,3
E:\OOD\main\Simple-Guesser-Game-master\Simple-Guesser-Game-master\src\Main_appEvent.java,Main_appEvent,guessChecker/1[int],no_of_tries,3
E:\OOD\main\Simple-Guesser-Game-master\Simple-Guesser-Game-master\src\Main_appEvent.java,Main_appEvent,handleAbout/1[java.awt.event.ActionEvent],devs,1
E:\OOD\main\Simple-Guesser-Game-master\Simple-Guesser-Game-master\src\Main_appEvent.java,Main_appEvent,handleAbout/1[java.awt.event.ActionEvent],frame_about,9
E:\OOD\main\Simple-Guesser-Game-master\Simple-Guesser-Game-master\src\Main_appEvent.java,Main_appEvent,handleAbout/1[java.awt.event.ActionEvent],copyContentScrollable,1
E:\OOD\main\Simple-Guesser-Game-master\Simple-Guesser-Game-master\src\Main_appEvent.java,Main_appEvent,handleAbout/1[java.awt.event.ActionEvent],e,0
E:\OOD\main\Simple-Guesser-Game-master\Simple-Guesser-Game-master\src\Main_appEvent.java,Main_appEvent,handleAbout/1[java.awt.event.ActionEvent],link,3
E:\OOD\main\Simple-Guesser-Game-master\Simple-Guesser-Game-master\src\Main_appEvent.java,Main_appEvent,handleAbout/1[java.awt.event.ActionEvent],label,1
E:\OOD\main\Simple-Guesser-Game-master\Simple-Guesser-Game-master\src\Main_appEvent.java,Main_appEvent,handleAbout/1[java.awt.event.ActionEvent],panel,3
E:\OOD\main\Simple-Guesser-Game-master\Simple-Guesser-Game-master\src\Main_appEvent.java,Main_appEvent,handleAbout/1[java.awt.event.ActionEvent],copyrightMsgHeader,2
E:\OOD\main\Simple-Guesser-Game-master\Simple-Guesser-Game-master\src\Main_appEvent.java,Main_appEvent,handleAbout/1[java.awt.event.ActionEvent],list,1
E:\OOD\main\Simple-Guesser-Game-master\Simple-Guesser-Game-master\src\Main_appEvent.java,Main_appEvent,handleAbout/1[java.awt.event.ActionEvent],copyrightBody,4
E:\OOD\main\Simple-Guesser-Game-master\Simple-Guesser-Game-master\src\Main_appEvent.java,Main_appEvent,handleOnClose/0,arg,1
E:\OOD\main\Simple-Guesser-Game-master\Simple-Guesser-Game-master\src\Main_appEvent.java,Main_appEvent,keyTyped/1[java.awt.event.KeyEvent],e,0
E:\OOD\main\Simple-Guesser-Game-master\Simple-Guesser-Game-master\src\Main_appEvent.java,Main_appEvent,handleInputErrors/1[java.lang.NumberFormatException],err,0
E:\OOD\main\Simple-Guesser-Game-master\Simple-Guesser-Game-master\src\Main_appEvent.java,Main_appEvent,handleOnHelp/0,headerInstr,2
E:\OOD\main\Simple-Guesser-Game-master\Simple-Guesser-Game-master\src\Main_appEvent.java,Main_appEvent,handleOnHelp/0,panel2,2
E:\OOD\main\Simple-Guesser-Game-master\Simple-Guesser-Game-master\src\Main_appEvent.java,Main_appEvent,handleOnHelp/0,frame_help,8
E:\OOD\main\Simple-Guesser-Game-master\Simple-Guesser-Game-master\src\Main_appEvent.java,Main_appEvent,handleOnHelp/0,panel,2
E:\OOD\main\Simple-Guesser-Game-master\Simple-Guesser-Game-master\src\Main_appEvent.java,Main_appEvent,handleOnHelp/0,prompt,4
E:\OOD\main\Simple-Guesser-Game-master\Simple-Guesser-Game-master\src\Main_appEvent.java,Main_appEvent,handleSetMaxThreshold/0,ex,2
E:\OOD\main\Simple-Guesser-Game-master\Simple-Guesser-Game-master\src\Main_appEvent.java,Main_appEvent,handleSetMaxThreshold/0,setMaxRange_asTxt,3
E:\OOD\main\Simple-Guesser-Game-master\Simple-Guesser-Game-master\src\Main_appEvent.java,Main_appEvent,handleSetMaxThreshold/0,rangeVal,2
E:\OOD\main\Simple-Guesser-Game-master\Simple-Guesser-Game-master\src\Main_appEvent.java,Main_appEvent,handleSetMaxThreshold/0,maxRangeToSet,2
E:\OOD\main\Simple-Guesser-Game-master\Simple-Guesser-Game-master\src\Main_appEvent.java,Main_appEvent,handleStart/1[java.awt.event.ActionEvent],e,0
E:\OOD\main\Simple-Guesser-Game-master\Simple-Guesser-Game-master\deprecated\windowActivity2.java,windowActivity2,main/1[java.lang.String[]],args,0
E:\OOD\main\Simple-Guesser-Game-master\Simple-Guesser-Game-master\deprecated\windowActivity2.java,windowActivity2,createAndShowGUI/0,frame,8
E:\OOD\main\Simple-Guesser-Game-master\Simple-Guesser-Game-master\src\Main.java,Main,main/1[java.lang.String[]],args,0
