file,class,method,variable,usage
E:\OOD\main\karts-with-sockets-main\karts-with-sockets-main\src\section3\Kart.java,section3.Kart,"Kart/4[java.awt.Point,java.awt.Dimension,int,java.lang.String]",sizeX,1
E:\OOD\main\karts-with-sockets-main\karts-with-sockets-main\src\section3\Kart.java,section3.Kart,"Kart/4[java.awt.Point,java.awt.Dimension,int,java.lang.String]",images,2
E:\OOD\main\karts-with-sockets-main\karts-with-sockets-main\src\section3\Kart.java,section3.Kart,"Kart/4[java.awt.Point,java.awt.Dimension,int,java.lang.String]",centerY,1
E:\OOD\main\karts-with-sockets-main\karts-with-sockets-main\src\section3\Kart.java,section3.Kart,"Kart/4[java.awt.Point,java.awt.Dimension,int,java.lang.String]",centerX,1
E:\OOD\main\karts-with-sockets-main\karts-with-sockets-main\src\section3\Kart.java,section3.Kart,"Kart/4[java.awt.Point,java.awt.Dimension,int,java.lang.String]",sizeY,1
E:\OOD\main\karts-with-sockets-main\karts-with-sockets-main\src\section3\Kart.java,section3.Kart,"Kart/4[java.awt.Point,java.awt.Dimension,int,java.lang.String]",direction,4
E:\OOD\main\karts-with-sockets-main\karts-with-sockets-main\src\section3\Kart.java,section3.Kart,update/1[double],centerY,1
E:\OOD\main\karts-with-sockets-main\karts-with-sockets-main\src\section3\Kart.java,section3.Kart,update/1[double],centerX,1
E:\OOD\main\karts-with-sockets-main\karts-with-sockets-main\src\section3\Kart.java,section3.Kart,update/1[double],speed,2
E:\OOD\main\karts-with-sockets-main\karts-with-sockets-main\src\section3\Kart.java,section3.Kart,update/1[double],direction,2
E:\OOD\main\karts-with-sockets-main\karts-with-sockets-main\src\section3\Kart.java,section3.Kart,getShape/0,sizeX,2
E:\OOD\main\karts-with-sockets-main\karts-with-sockets-main\src\section3\Kart.java,section3.Kart,getShape/0,centerY,2
E:\OOD\main\karts-with-sockets-main\karts-with-sockets-main\src\section3\Kart.java,section3.Kart,getShape/0,centerX,2
E:\OOD\main\karts-with-sockets-main\karts-with-sockets-main\src\section3\Kart.java,section3.Kart,getShape/0,sizeY,2
E:\OOD\main\karts-with-sockets-main\karts-with-sockets-main\src\section3\Kart.java,section3.Kart,getShape/0,direction,1
E:\OOD\main\karts-with-sockets-main\karts-with-sockets-main\src\section3\Kart.java,section3.Kart,accelerate/0,speed,3
E:\OOD\main\karts-with-sockets-main\karts-with-sockets-main\src\section3\Kart.java,section3.Kart,stop/0,speed,1
E:\OOD\main\karts-with-sockets-main\karts-with-sockets-main\src\section3\Kart.java,section3.Kart,setStuck/1[boolean],stuck,3
E:\OOD\main\karts-with-sockets-main\karts-with-sockets-main\src\section3\Kart.java,section3.Kart,isStuck/0,stuck,1
E:\OOD\main\karts-with-sockets-main\karts-with-sockets-main\src\section3\Kart.java,section3.Kart,steerLeft/0,direction,3
E:\OOD\main\karts-with-sockets-main\karts-with-sockets-main\src\section3\Kart.java,section3.Kart,steerRight/0,direction,3
E:\OOD\main\karts-with-sockets-main\karts-with-sockets-main\src\section3\Kart.java,section3.Kart,render/1[java.awt.Graphics],images,3
E:\OOD\main\karts-with-sockets-main\karts-with-sockets-main\src\section3\Kart.java,section3.Kart,render/1[java.awt.Graphics],centerY,1
E:\OOD\main\karts-with-sockets-main\karts-with-sockets-main\src\section3\Kart.java,section3.Kart,render/1[java.awt.Graphics],centerX,1
E:\OOD\main\karts-with-sockets-main\karts-with-sockets-main\src\section3\Kart.java,section3.Kart,render/1[java.awt.Graphics],direction,2
E:\OOD\main\karts-with-sockets-main\karts-with-sockets-main\src\section3\Kart.java,section3.Kart,encode/0,sizeX,1
E:\OOD\main\karts-with-sockets-main\karts-with-sockets-main\src\section3\Kart.java,section3.Kart,encode/0,centerY,1
E:\OOD\main\karts-with-sockets-main\karts-with-sockets-main\src\section3\Kart.java,section3.Kart,encode/0,centerX,1
E:\OOD\main\karts-with-sockets-main\karts-with-sockets-main\src\section3\Kart.java,section3.Kart,encode/0,stuck,1
E:\OOD\main\karts-with-sockets-main\karts-with-sockets-main\src\section3\Kart.java,section3.Kart,encode/0,sizeY,1
E:\OOD\main\karts-with-sockets-main\karts-with-sockets-main\src\section3\Kart.java,section3.Kart,encode/0,speed,1
E:\OOD\main\karts-with-sockets-main\karts-with-sockets-main\src\section3\Kart.java,section3.Kart,encode/0,direction,1
E:\OOD\main\karts-with-sockets-main\karts-with-sockets-main\src\section3\Kart.java,section3.Kart,decelerate/0,speed,3
E:\OOD\main\karts-with-sockets-main\karts-with-sockets-main\src\section3\Kart.java,section3.Kart,decode/1[java.lang.String],sizeX,1
E:\OOD\main\karts-with-sockets-main\karts-with-sockets-main\src\section3\Kart.java,section3.Kart,decode/1[java.lang.String],centerY,1
E:\OOD\main\karts-with-sockets-main\karts-with-sockets-main\src\section3\Kart.java,section3.Kart,decode/1[java.lang.String],centerX,1
E:\OOD\main\karts-with-sockets-main\karts-with-sockets-main\src\section3\Kart.java,section3.Kart,decode/1[java.lang.String],stuck,1
E:\OOD\main\karts-with-sockets-main\karts-with-sockets-main\src\section3\Kart.java,section3.Kart,decode/1[java.lang.String],sizeY,1
E:\OOD\main\karts-with-sockets-main\karts-with-sockets-main\src\section3\Kart.java,section3.Kart,decode/1[java.lang.String],speed,1
E:\OOD\main\karts-with-sockets-main\karts-with-sockets-main\src\section3\Kart.java,section3.Kart,decode/1[java.lang.String],direction,1
E:\OOD\main\karts-with-sockets-main\karts-with-sockets-main\src\section1\GamePanel.java,section1.GamePanel,GamePanel/0,timer,2
E:\OOD\main\karts-with-sockets-main\karts-with-sockets-main\src\section1\GamePanel.java,section1.GamePanel,GamePanel/0,kart,1
E:\OOD\main\karts-with-sockets-main\karts-with-sockets-main\src\section1\GamePanel.java,section1.GamePanel,paintComponent/1[java.awt.Graphics],kart,1
E:\OOD\main\karts-with-sockets-main\karts-with-sockets-main\src\section1\GamePanel.java,section1.GamePanel,actionPerformed/1[java.awt.event.ActionEvent],kart,1
E:\OOD\main\karts-with-sockets-main\karts-with-sockets-main\src\section3\GameServer.java,section3.GameServer,GameServer/0,DEFAULT_PORT,1
E:\OOD\main\karts-with-sockets-main\karts-with-sockets-main\src\section3\GameServer.java,section3.GameServer,GameServer/0,actionListener,4
E:\OOD\main\karts-with-sockets-main\karts-with-sockets-main\src\section3\GameServer.java,section3.GameServer,GameServer/0,clientThreads,1
E:\OOD\main\karts-with-sockets-main\karts-with-sockets-main\src\section3\GameServer.java,section3.GameServer,GameServer/0,finalizeCheckBox,3
E:\OOD\main\karts-with-sockets-main\karts-with-sockets-main\src\section3\GameServer.java,section3.GameServer,GameServer/0,transcript,6
E:\OOD\main\karts-with-sockets-main\karts-with-sockets-main\src\section3\GameServer.java,section3.GameServer,GameServer/0,showDataButton,4
E:\OOD\main\karts-with-sockets-main\karts-with-sockets-main\src\section3\GameServer.java,section3.GameServer,GameServer/0,karts,1
E:\OOD\main\karts-with-sockets-main\karts-with-sockets-main\src\section3\GameServer.java,section3.GameServer,GameServer/0,end,4
E:\OOD\main\karts-with-sockets-main\karts-with-sockets-main\src\section3\GameServer.java,section3.GameServer,GameServer/0,portT,2
E:\OOD\main\karts-with-sockets-main\karts-with-sockets-main\src\section3\GameServer.java,section3.GameServer,GameServer/0,exec,3
E:\OOD\main\karts-with-sockets-main\karts-with-sockets-main\src\section3\GameServer.java,section3.GameServer,exec/0,running,2
E:\OOD\main\karts-with-sockets-main\karts-with-sockets-main\src\section3\GameServer.java,section3.GameServer,exec/0,clientThreads,1
E:\OOD\main\karts-with-sockets-main\karts-with-sockets-main\src\section3\GameServer.java,section3.GameServer,exec/0,showDataButton,1
E:\OOD\main\karts-with-sockets-main\karts-with-sockets-main\src\section3\GameServer.java,section3.GameServer,exec/0,serverSocket,2
E:\OOD\main\karts-with-sockets-main\karts-with-sockets-main\src\section3\GameServer.java,section3.GameServer,exec/0,end,1
E:\OOD\main\karts-with-sockets-main\karts-with-sockets-main\src\section3\GameServer.java,section3.GameServer,exec/0,serverPort,3
E:\OOD\main\karts-with-sockets-main\karts-with-sockets-main\src\section3\GameServer.java,section3.GameServer,exec/0,portT,2
E:\OOD\main\karts-with-sockets-main\karts-with-sockets-main\src\section3\GameServer.java,section3.GameServer,exec/0,exec,2
E:\OOD\main\karts-with-sockets-main\karts-with-sockets-main\src\section3\GameServer.java,section3.GameServer,showKartsData/0,karts,2
E:\OOD\main\karts-with-sockets-main\karts-with-sockets-main\src\section3\GameServer.java,section3.GameServer,log/1[java.lang.String],transcript,1
E:\OOD\main\karts-with-sockets-main\karts-with-sockets-main\src\section3\GameServer.java,section3.GameServer,end/0,running,1
E:\OOD\main\karts-with-sockets-main\karts-with-sockets-main\src\section3\GameServer.java,section3.GameServer,end/0,clientThreads,1
E:\OOD\main\karts-with-sockets-main\karts-with-sockets-main\src\section3\GameServer.java,section3.GameServer,end/0,serverSocket,1
E:\OOD\main\karts-with-sockets-main\karts-with-sockets-main\src\section3\GameServer.java,section3.GameServer,end/0,end,2
E:\OOD\main\karts-with-sockets-main\karts-with-sockets-main\src\section3\GameServer.java,section3.GameServer,end/0,exec,1
E:\OOD\main\karts-with-sockets-main\karts-with-sockets-main\src\section3\GameServer.java,section3.GameServer,initActionListener/0,actionListener,1
E:\OOD\main\karts-with-sockets-main\karts-with-sockets-main\src\section3\GameServer.java,section3.GameServer,initActionListener/0,finalizeCheckBox,2
E:\OOD\main\karts-with-sockets-main\karts-with-sockets-main\src\section3\GameServer.java,section3.GameServer,initActionListener/0,showDataButton,1
E:\OOD\main\karts-with-sockets-main\karts-with-sockets-main\src\section3\GameServer.java,section3.GameServer,initActionListener/0,end,2
E:\OOD\main\karts-with-sockets-main\karts-with-sockets-main\src\section3\GameServer.java,section3.GameServer,initActionListener/0,finalize,1
E:\OOD\main\karts-with-sockets-main\karts-with-sockets-main\src\section3\GameServer.java,section3.GameServer,initActionListener/0,exec,2
E:\OOD\main\karts-with-sockets-main\karts-with-sockets-main\src\section1\Kart.java,section1.Kart,steerRight/0,direction,3
E:\OOD\main\karts-with-sockets-main\karts-with-sockets-main\src\section1\Kart.java,section1.Kart,decelerate/0,v,3
E:\OOD\main\karts-with-sockets-main\karts-with-sockets-main\src\section1\Kart.java,section1.Kart,update/1[double],centerY,1
E:\OOD\main\karts-with-sockets-main\karts-with-sockets-main\src\section1\Kart.java,section1.Kart,update/1[double],centerX,1
E:\OOD\main\karts-with-sockets-main\karts-with-sockets-main\src\section1\Kart.java,section1.Kart,update/1[double],v,2
E:\OOD\main\karts-with-sockets-main\karts-with-sockets-main\src\section1\Kart.java,section1.Kart,update/1[double],direction,2
E:\OOD\main\karts-with-sockets-main\karts-with-sockets-main\src\section1\Kart.java,section1.Kart,steerLeft/0,direction,3
E:\OOD\main\karts-with-sockets-main\karts-with-sockets-main\src\section1\Kart.java,section1.Kart,getBounds/0,centerY,1
E:\OOD\main\karts-with-sockets-main\karts-with-sockets-main\src\section1\Kart.java,section1.Kart,getBounds/0,centerX,1
E:\OOD\main\karts-with-sockets-main\karts-with-sockets-main\src\section1\Kart.java,section1.Kart,getBounds/0,width,3
E:\OOD\main\karts-with-sockets-main\karts-with-sockets-main\src\section1\Kart.java,section1.Kart,getBounds/0,height,1
E:\OOD\main\karts-with-sockets-main\karts-with-sockets-main\src\section1\Kart.java,section1.Kart,accelerate/0,v,3
E:\OOD\main\karts-with-sockets-main\karts-with-sockets-main\src\section1\Kart.java,section1.Kart,"Kart/4[java.awt.Point,java.awt.Dimension,int,java.lang.String]",color1,2
E:\OOD\main\karts-with-sockets-main\karts-with-sockets-main\src\section1\Kart.java,section1.Kart,"Kart/4[java.awt.Point,java.awt.Dimension,int,java.lang.String]",color2,2
E:\OOD\main\karts-with-sockets-main\karts-with-sockets-main\src\section1\Kart.java,section1.Kart,"Kart/4[java.awt.Point,java.awt.Dimension,int,java.lang.String]",images,2
E:\OOD\main\karts-with-sockets-main\karts-with-sockets-main\src\section1\Kart.java,section1.Kart,"Kart/4[java.awt.Point,java.awt.Dimension,int,java.lang.String]",centerY,1
E:\OOD\main\karts-with-sockets-main\karts-with-sockets-main\src\section1\Kart.java,section1.Kart,"Kart/4[java.awt.Point,java.awt.Dimension,int,java.lang.String]",centerX,1
E:\OOD\main\karts-with-sockets-main\karts-with-sockets-main\src\section1\Kart.java,section1.Kart,"Kart/4[java.awt.Point,java.awt.Dimension,int,java.lang.String]",totalKarts,1
E:\OOD\main\karts-with-sockets-main\karts-with-sockets-main\src\section1\Kart.java,section1.Kart,"Kart/4[java.awt.Point,java.awt.Dimension,int,java.lang.String]",width,1
E:\OOD\main\karts-with-sockets-main\karts-with-sockets-main\src\section1\Kart.java,section1.Kart,"Kart/4[java.awt.Point,java.awt.Dimension,int,java.lang.String]",direction,3
E:\OOD\main\karts-with-sockets-main\karts-with-sockets-main\src\section1\Kart.java,section1.Kart,"Kart/4[java.awt.Point,java.awt.Dimension,int,java.lang.String]",height,1
E:\OOD\main\karts-with-sockets-main\karts-with-sockets-main\src\section1\Kart.java,section1.Kart,render/1[java.awt.Graphics],color1,1
E:\OOD\main\karts-with-sockets-main\karts-with-sockets-main\src\section1\Kart.java,section1.Kart,render/1[java.awt.Graphics],color2,1
E:\OOD\main\karts-with-sockets-main\karts-with-sockets-main\src\section1\Kart.java,section1.Kart,render/1[java.awt.Graphics],images,3
E:\OOD\main\karts-with-sockets-main\karts-with-sockets-main\src\section1\Kart.java,section1.Kart,render/1[java.awt.Graphics],centerY,1
E:\OOD\main\karts-with-sockets-main\karts-with-sockets-main\src\section1\Kart.java,section1.Kart,render/1[java.awt.Graphics],centerX,1
E:\OOD\main\karts-with-sockets-main\karts-with-sockets-main\src\section1\Kart.java,section1.Kart,render/1[java.awt.Graphics],width,3
E:\OOD\main\karts-with-sockets-main\karts-with-sockets-main\src\section1\Kart.java,section1.Kart,render/1[java.awt.Graphics],direction,4
E:\OOD\main\karts-with-sockets-main\karts-with-sockets-main\src\section1\Kart.java,section1.Kart,render/1[java.awt.Graphics],height,1
E:\OOD\main\karts-with-sockets-main\karts-with-sockets-main\src\section2\GamePanel.java,section2.GamePanel,paintComponent/1[java.awt.Graphics],kart1,1
E:\OOD\main\karts-with-sockets-main\karts-with-sockets-main\src\section2\GamePanel.java,section2.GamePanel,paintComponent/1[java.awt.Graphics],kart2,1
E:\OOD\main\karts-with-sockets-main\karts-with-sockets-main\src\section2\GamePanel.java,section2.GamePanel,paintComponent/1[java.awt.Graphics],debugMode,1
E:\OOD\main\karts-with-sockets-main\karts-with-sockets-main\src\section2\GamePanel.java,section2.GamePanel,actionPerformed/1[java.awt.event.ActionEvent],kart1,1
E:\OOD\main\karts-with-sockets-main\karts-with-sockets-main\src\section2\GamePanel.java,section2.GamePanel,actionPerformed/1[java.awt.event.ActionEvent],kart2,1
E:\OOD\main\karts-with-sockets-main\karts-with-sockets-main\src\section2\GamePanel.java,section2.GamePanel,drawColliders/1[java.awt.Graphics],kart1,1
E:\OOD\main\karts-with-sockets-main\karts-with-sockets-main\src\section2\GamePanel.java,section2.GamePanel,drawColliders/1[java.awt.Graphics],kart2,1
E:\OOD\main\karts-with-sockets-main\karts-with-sockets-main\src\section2\GamePanel.java,section2.GamePanel,"checkKartCollision/3[section2.Kart,java.awt.Rectangle,java.awt.Rectangle]",innerBounds,3
E:\OOD\main\karts-with-sockets-main\karts-with-sockets-main\src\section2\GamePanel.java,section2.GamePanel,"checkKartCollision/3[section2.Kart,java.awt.Rectangle,java.awt.Rectangle]",outerBounds,3
E:\OOD\main\karts-with-sockets-main\karts-with-sockets-main\src\section2\GamePanel.java,section2.GamePanel,renderMap/1[java.awt.Graphics],trackWidth,1
E:\OOD\main\karts-with-sockets-main\karts-with-sockets-main\src\section2\GamePanel.java,section2.GamePanel,renderMap/1[java.awt.Graphics],mapImg,2
E:\OOD\main\karts-with-sockets-main\karts-with-sockets-main\src\section2\GamePanel.java,section2.GamePanel,checkCollisions/0,kart1,2
E:\OOD\main\karts-with-sockets-main\karts-with-sockets-main\src\section2\GamePanel.java,section2.GamePanel,checkCollisions/0,innerBounds,2
E:\OOD\main\karts-with-sockets-main\karts-with-sockets-main\src\section2\GamePanel.java,section2.GamePanel,checkCollisions/0,kart2,2
E:\OOD\main\karts-with-sockets-main\karts-with-sockets-main\src\section2\GamePanel.java,section2.GamePanel,checkCollisions/0,outerBounds,2
E:\OOD\main\karts-with-sockets-main\karts-with-sockets-main\src\section2\GamePanel.java,section2.GamePanel,gameOver/0,timer,1
E:\OOD\main\karts-with-sockets-main\karts-with-sockets-main\src\section2\GamePanel.java,section2.GamePanel,GamePanel/0,imgRoot2,1
E:\OOD\main\karts-with-sockets-main\karts-with-sockets-main\src\section2\GamePanel.java,section2.GamePanel,GamePanel/0,imgRoot1,1
E:\OOD\main\karts-with-sockets-main\karts-with-sockets-main\src\section2\GamePanel.java,section2.GamePanel,GamePanel/0,timer,2
E:\OOD\main\karts-with-sockets-main\karts-with-sockets-main\src\section2\GamePanel.java,section2.GamePanel,GamePanel/0,mapImgPath,1
E:\OOD\main\karts-with-sockets-main\karts-with-sockets-main\src\section2\GamePanel.java,section2.GamePanel,GamePanel/0,kart1,1
E:\OOD\main\karts-with-sockets-main\karts-with-sockets-main\src\section2\GamePanel.java,section2.GamePanel,GamePanel/0,kart2,1
E:\OOD\main\karts-with-sockets-main\karts-with-sockets-main\src\section2\GamePanel.java,section2.GamePanel,GamePanel/0,mapImg,1
E:\OOD\main\karts-with-sockets-main\karts-with-sockets-main\src\section2\GamePanel.java,section2.GamePanel,GamePanel/0,kartDim,2
E:\OOD\main\karts-with-sockets-main\karts-with-sockets-main\src\section3\GameClient.java,section3.GameClient,disconnect/0,disconnectButton,1
E:\OOD\main\karts-with-sockets-main\karts-with-sockets-main\src\section3\GameClient.java,section3.GameClient,disconnect/0,game,1
E:\OOD\main\karts-with-sockets-main\karts-with-sockets-main\src\section3\GameClient.java,section3.GameClient,disconnect/0,connectButton,1
E:\OOD\main\karts-with-sockets-main\karts-with-sockets-main\src\section3\GameClient.java,section3.GameClient,connect/0,disconnectButton,1
E:\OOD\main\karts-with-sockets-main\karts-with-sockets-main\src\section3\GameClient.java,section3.GameClient,connect/0,game,2
E:\OOD\main\karts-with-sockets-main\karts-with-sockets-main\src\section3\GameClient.java,section3.GameClient,connect/0,serverField,1
E:\OOD\main\karts-with-sockets-main\karts-with-sockets-main\src\section3\GameClient.java,section3.GameClient,connect/0,portField,1
E:\OOD\main\karts-with-sockets-main\karts-with-sockets-main\src\section3\GameClient.java,section3.GameClient,connect/0,connectButton,1
E:\OOD\main\karts-with-sockets-main\karts-with-sockets-main\src\section3\GameClient.java,section3.GameClient,GameClient/0,disconnectButton,4
E:\OOD\main\karts-with-sockets-main\karts-with-sockets-main\src\section3\GameClient.java,section3.GameClient,GameClient/0,DEFAULT_PORT,1
E:\OOD\main\karts-with-sockets-main\karts-with-sockets-main\src\section3\GameClient.java,section3.GameClient,GameClient/0,game,3
E:\OOD\main\karts-with-sockets-main\karts-with-sockets-main\src\section3\GameClient.java,section3.GameClient,GameClient/0,serverField,3
E:\OOD\main\karts-with-sockets-main\karts-with-sockets-main\src\section3\GameClient.java,section3.GameClient,GameClient/0,DEFAULT_SERVER,1
E:\OOD\main\karts-with-sockets-main\karts-with-sockets-main\src\section3\GameClient.java,section3.GameClient,GameClient/0,portField,3
E:\OOD\main\karts-with-sockets-main\karts-with-sockets-main\src\section3\GameClient.java,section3.GameClient,GameClient/0,connectButton,3
E:\OOD\main\karts-with-sockets-main\karts-with-sockets-main\src\section3\GamePanel.java,section3.GamePanel,"connect/2[java.lang.String,int]",connected,1
E:\OOD\main\karts-with-sockets-main\karts-with-sockets-main\src\section3\GamePanel.java,section3.GamePanel,"connect/2[java.lang.String,int]",in,2
E:\OOD\main\karts-with-sockets-main\karts-with-sockets-main\src\section3\GamePanel.java,section3.GamePanel,"connect/2[java.lang.String,int]",socket,3
E:\OOD\main\karts-with-sockets-main\karts-with-sockets-main\src\section3\GamePanel.java,section3.GamePanel,"connect/2[java.lang.String,int]",id,2
E:\OOD\main\karts-with-sockets-main\karts-with-sockets-main\src\section3\GamePanel.java,section3.GamePanel,"connect/2[java.lang.String,int]",out,1
E:\OOD\main\karts-with-sockets-main\karts-with-sockets-main\src\section3\GamePanel.java,section3.GamePanel,init/0,timer,4
E:\OOD\main\karts-with-sockets-main\karts-with-sockets-main\src\section3\GamePanel.java,section3.GamePanel,init/0,trackWidth,5
E:\OOD\main\karts-with-sockets-main\karts-with-sockets-main\src\section3\GamePanel.java,section3.GamePanel,init/0,KART1_PATH,1
E:\OOD\main\karts-with-sockets-main\karts-with-sockets-main\src\section3\GamePanel.java,section3.GamePanel,init/0,KART2_PATH,1
E:\OOD\main\karts-with-sockets-main\karts-with-sockets-main\src\section3\GamePanel.java,section3.GamePanel,init/0,FPS,1
E:\OOD\main\karts-with-sockets-main\karts-with-sockets-main\src\section3\GamePanel.java,section3.GamePanel,init/0,karts,1
E:\OOD\main\karts-with-sockets-main\karts-with-sockets-main\src\section3\GamePanel.java,section3.GamePanel,disconnect/0,connected,1
E:\OOD\main\karts-with-sockets-main\karts-with-sockets-main\src\section3\GamePanel.java,section3.GamePanel,disconnect/0,karts,1
E:\OOD\main\karts-with-sockets-main\karts-with-sockets-main\src\section3\GamePanel.java,section3.GamePanel,disconnect/0,id,1
E:\OOD\main\karts-with-sockets-main\karts-with-sockets-main\src\section3\GamePanel.java,section3.GamePanel,disconnect/0,socket,1
E:\OOD\main\karts-with-sockets-main\karts-with-sockets-main\src\section3\GamePanel.java,section3.GamePanel,disconnect/0,out,3
E:\OOD\main\karts-with-sockets-main\karts-with-sockets-main\src\section3\GamePanel.java,section3.GamePanel,actionPerformed/1[java.awt.event.ActionEvent],connected,1
E:\OOD\main\karts-with-sockets-main\karts-with-sockets-main\src\section3\GamePanel.java,section3.GamePanel,actionPerformed/1[java.awt.event.ActionEvent],karts,1
E:\OOD\main\karts-with-sockets-main\karts-with-sockets-main\src\section3\GamePanel.java,section3.GamePanel,actionPerformed/1[java.awt.event.ActionEvent],id,1
E:\OOD\main\karts-with-sockets-main\karts-with-sockets-main\src\section3\GamePanel.java,section3.GamePanel,checkCollisions/0,innerBounds,1
E:\OOD\main\karts-with-sockets-main\karts-with-sockets-main\src\section3\GamePanel.java,section3.GamePanel,checkCollisions/0,karts,3
E:\OOD\main\karts-with-sockets-main\karts-with-sockets-main\src\section3\GamePanel.java,section3.GamePanel,checkCollisions/0,id,3
E:\OOD\main\karts-with-sockets-main\karts-with-sockets-main\src\section3\GamePanel.java,section3.GamePanel,checkCollisions/0,outerBounds,1
E:\OOD\main\karts-with-sockets-main\karts-with-sockets-main\src\section3\GamePanel.java,section3.GamePanel,renderMap/1[java.awt.Graphics],trackWidth,1
E:\OOD\main\karts-with-sockets-main\karts-with-sockets-main\src\section3\GamePanel.java,section3.GamePanel,renderMap/1[java.awt.Graphics],mapImg,2
E:\OOD\main\karts-with-sockets-main\karts-with-sockets-main\src\section3\GamePanel.java,section3.GamePanel,log/1[java.lang.String],debugMode,1
E:\OOD\main\karts-with-sockets-main\karts-with-sockets-main\src\section3\GamePanel.java,section3.GamePanel,gameOver/0,timer,1
E:\OOD\main\karts-with-sockets-main\karts-with-sockets-main\src\section3\GamePanel.java,section3.GamePanel,"checkKartCollision/3[section3.Kart,java.awt.Rectangle,java.awt.Rectangle]",innerBounds,3
E:\OOD\main\karts-with-sockets-main\karts-with-sockets-main\src\section3\GamePanel.java,section3.GamePanel,"checkKartCollision/3[section3.Kart,java.awt.Rectangle,java.awt.Rectangle]",outerBounds,3
E:\OOD\main\karts-with-sockets-main\karts-with-sockets-main\src\section3\GamePanel.java,section3.GamePanel,isConnected/0,connected,1
E:\OOD\main\karts-with-sockets-main\karts-with-sockets-main\src\section3\GamePanel.java,section3.GamePanel,showError/1[java.lang.String],debugMode,1
E:\OOD\main\karts-with-sockets-main\karts-with-sockets-main\src\section3\GamePanel.java,section3.GamePanel,setDebugMode/1[boolean],debugMode,4
E:\OOD\main\karts-with-sockets-main\karts-with-sockets-main\src\section3\GamePanel.java,section3.GamePanel,GamePanel/0,mapImgPath,1
E:\OOD\main\karts-with-sockets-main\karts-with-sockets-main\src\section3\GamePanel.java,section3.GamePanel,GamePanel/0,mapImg,1
E:\OOD\main\karts-with-sockets-main\karts-with-sockets-main\src\section3\GamePanel.java,section3.GamePanel,requestNextFrame/0,in,2
E:\OOD\main\karts-with-sockets-main\karts-with-sockets-main\src\section3\GamePanel.java,section3.GamePanel,requestNextFrame/0,karts,2
E:\OOD\main\karts-with-sockets-main\karts-with-sockets-main\src\section3\GamePanel.java,section3.GamePanel,requestNextFrame/0,id,1
E:\OOD\main\karts-with-sockets-main\karts-with-sockets-main\src\section3\GamePanel.java,section3.GamePanel,requestNextFrame/0,out,2
E:\OOD\main\karts-with-sockets-main\karts-with-sockets-main\src\section3\GamePanel.java,section3.GamePanel,paintComponent/1[java.awt.Graphics],karts,1
E:\OOD\main\karts-with-sockets-main\karts-with-sockets-main\src\section3\GamePanel.java,section3.GamePanel,paintComponent/1[java.awt.Graphics],debugMode,1
E:\OOD\main\karts-with-sockets-main\karts-with-sockets-main\src\section3\GamePanel.java,section3.GamePanel,drawColliders/1[java.awt.Graphics],karts,1
E:\OOD\main\karts-with-sockets-main\karts-with-sockets-main\src\section2\Kart.java,section2.Kart,"Kart/4[java.awt.Point,java.awt.Dimension,int,java.lang.String]",sizeX,1
E:\OOD\main\karts-with-sockets-main\karts-with-sockets-main\src\section2\Kart.java,section2.Kart,"Kart/4[java.awt.Point,java.awt.Dimension,int,java.lang.String]",images,2
E:\OOD\main\karts-with-sockets-main\karts-with-sockets-main\src\section2\Kart.java,section2.Kart,"Kart/4[java.awt.Point,java.awt.Dimension,int,java.lang.String]",centerY,1
E:\OOD\main\karts-with-sockets-main\karts-with-sockets-main\src\section2\Kart.java,section2.Kart,"Kart/4[java.awt.Point,java.awt.Dimension,int,java.lang.String]",centerX,1
E:\OOD\main\karts-with-sockets-main\karts-with-sockets-main\src\section2\Kart.java,section2.Kart,"Kart/4[java.awt.Point,java.awt.Dimension,int,java.lang.String]",sizeY,1
E:\OOD\main\karts-with-sockets-main\karts-with-sockets-main\src\section2\Kart.java,section2.Kart,"Kart/4[java.awt.Point,java.awt.Dimension,int,java.lang.String]",direction,4
E:\OOD\main\karts-with-sockets-main\karts-with-sockets-main\src\section2\Kart.java,section2.Kart,steerLeft/0,direction,3
E:\OOD\main\karts-with-sockets-main\karts-with-sockets-main\src\section2\Kart.java,section2.Kart,steerRight/0,direction,3
E:\OOD\main\karts-with-sockets-main\karts-with-sockets-main\src\section2\Kart.java,section2.Kart,getShape/0,sizeX,2
E:\OOD\main\karts-with-sockets-main\karts-with-sockets-main\src\section2\Kart.java,section2.Kart,getShape/0,centerY,2
E:\OOD\main\karts-with-sockets-main\karts-with-sockets-main\src\section2\Kart.java,section2.Kart,getShape/0,centerX,2
E:\OOD\main\karts-with-sockets-main\karts-with-sockets-main\src\section2\Kart.java,section2.Kart,getShape/0,sizeY,2
E:\OOD\main\karts-with-sockets-main\karts-with-sockets-main\src\section2\Kart.java,section2.Kart,getShape/0,direction,1
E:\OOD\main\karts-with-sockets-main\karts-with-sockets-main\src\section2\Kart.java,section2.Kart,accelerate/0,speed,3
E:\OOD\main\karts-with-sockets-main\karts-with-sockets-main\src\section2\Kart.java,section2.Kart,stop/0,speed,1
E:\OOD\main\karts-with-sockets-main\karts-with-sockets-main\src\section2\Kart.java,section2.Kart,update/1[double],centerY,1
E:\OOD\main\karts-with-sockets-main\karts-with-sockets-main\src\section2\Kart.java,section2.Kart,update/1[double],centerX,1
E:\OOD\main\karts-with-sockets-main\karts-with-sockets-main\src\section2\Kart.java,section2.Kart,update/1[double],speed,2
E:\OOD\main\karts-with-sockets-main\karts-with-sockets-main\src\section2\Kart.java,section2.Kart,update/1[double],direction,2
E:\OOD\main\karts-with-sockets-main\karts-with-sockets-main\src\section2\Kart.java,section2.Kart,setStuck/1[boolean],stuck,3
E:\OOD\main\karts-with-sockets-main\karts-with-sockets-main\src\section2\Kart.java,section2.Kart,render/1[java.awt.Graphics],images,3
E:\OOD\main\karts-with-sockets-main\karts-with-sockets-main\src\section2\Kart.java,section2.Kart,render/1[java.awt.Graphics],centerY,1
E:\OOD\main\karts-with-sockets-main\karts-with-sockets-main\src\section2\Kart.java,section2.Kart,render/1[java.awt.Graphics],centerX,1
E:\OOD\main\karts-with-sockets-main\karts-with-sockets-main\src\section2\Kart.java,section2.Kart,render/1[java.awt.Graphics],direction,2
E:\OOD\main\karts-with-sockets-main\karts-with-sockets-main\src\section2\Kart.java,section2.Kart,isStuck/0,stuck,1
E:\OOD\main\karts-with-sockets-main\karts-with-sockets-main\src\section2\Kart.java,section2.Kart,decelerate/0,speed,3
E:\OOD\main\karts-with-sockets-main\karts-with-sockets-main\src\section3\GameServer.java,section3.GameServer$ClientThread,run/0,running,1
E:\OOD\main\karts-with-sockets-main\karts-with-sockets-main\src\section3\GameServer.java,section3.GameServer$ClientThread,run/0,in,1
E:\OOD\main\karts-with-sockets-main\karts-with-sockets-main\src\section3\GameServer.java,section3.GameServer$ClientThread,run/0,id,1
E:\OOD\main\karts-with-sockets-main\karts-with-sockets-main\src\section3\GameServer.java,section3.GameServer$ClientThread,ClientThread/1[java.net.Socket],running,1
E:\OOD\main\karts-with-sockets-main\karts-with-sockets-main\src\section3\GameServer.java,section3.GameServer$ClientThread,ClientThread/1[java.net.Socket],in,1
E:\OOD\main\karts-with-sockets-main\karts-with-sockets-main\src\section3\GameServer.java,section3.GameServer$ClientThread,ClientThread/1[java.net.Socket],socket,6
E:\OOD\main\karts-with-sockets-main\karts-with-sockets-main\src\section3\GameServer.java,section3.GameServer$ClientThread,ClientThread/1[java.net.Socket],id,3
E:\OOD\main\karts-with-sockets-main\karts-with-sockets-main\src\section3\GameServer.java,section3.GameServer$ClientThread,ClientThread/1[java.net.Socket],out,3
E:\OOD\main\karts-with-sockets-main\karts-with-sockets-main\src\section3\GameServer.java,section3.GameServer$ClientThread,handleClientRequest/1[java.lang.String],running,1
E:\OOD\main\karts-with-sockets-main\karts-with-sockets-main\src\section3\GameServer.java,section3.GameServer$ClientThread,handleClientRequest/1[java.lang.String],id,9
E:\OOD\main\karts-with-sockets-main\karts-with-sockets-main\src\section3\GameServer.java,section3.GameServer$ClientThread,handleClientRequest/1[java.lang.String],socket,1
E:\OOD\main\karts-with-sockets-main\karts-with-sockets-main\src\section3\GameServer.java,section3.GameServer$ClientThread,handleClientRequest/1[java.lang.String],out,4
