<?xml version="1.0" encoding="UTF-8"?>
<system>
	<pattern name="Factory Method" />
	<pattern name="Prototype" />
	<pattern name="Singleton">
		<instance>
			<role name="Singleton" element="graficos.HojaSprites" />
			<role name="uniqueInstance" element="graficos.HojaSprites::desierto:graficos.HojaSprites" />
		</instance>
		<instance>
			<role name="Singleton" element="graficos.Sprite" />
			<role name="uniqueInstance" element="graficos.Sprite::ASFALTO:graficos.Sprite" />
		</instance>
		<instance>
			<role name="Singleton" element="mapa.cuadro.Cuadro" />
			<role name="uniqueInstance" element="mapa.cuadro.Cuadro::ASFALTO:mapa.cuadro.Cuadro" />
		</instance>
	</pattern>
	<pattern name="(Object)Adapter" />
	<pattern name="Command" />
	<pattern name="Composite" />
	<pattern name="Decorator" />
	<pattern name="Observer" />
	<pattern name="State" />
	<pattern name="Strategy" />
	<pattern name="Bridge" />
	<pattern name="Template Method" />
	<pattern name="Visitor" />
	<pattern name="Proxy" />
	<pattern name="Proxy2" />
	<pattern name="Chain of Responsibility" />
</system>

