<?xml version="1.0" encoding="UTF-8"?>
<system>
	<pattern name="Factory Method" />
	<pattern name="Prototype" />
	<pattern name="Singleton">
		<instance>
			<role name="Singleton" element="JuanitoStateFactory" />
			<role name="uniqueInstance" element="JuanitoStateFactory::instance:JuanitoStateFactory" />
		</instance>
	</pattern>
	<pattern name="(Object)Adapter">
		<instance>
			<role name="Adaptee" element="JuanitoStateContext" />
			<role name="Adapter" element="Juanito" />
			<role name="adaptee" element="Juanito::juanitoStateContext:JuanitoStateContext" />
			<role name="Request()" element="Juanito::hurt():void" />
			<role name="Request()" element="Juanito::heal():void" />
			<role name="Request()" element="Juanito::die():void" />
		</instance>
		<instance>
			<role name="Adaptee" element="JuanitoStateContext" />
			<role name="Adapter" element="JuanitoInjuredState" />
			<role name="adaptee" element="JuanitoInjuredState::jc:JuanitoStateContext" />
			<role name="Request()" element="JuanitoInjuredState::move():void" />
			<role name="Request()" element="JuanitoInjuredState::heal():void" />
			<role name="Request()" element="JuanitoInjuredState::die():void" />
		</instance>
		<instance>
			<role name="Adaptee" element="JuanitoStateContext" />
			<role name="Adapter" element="JuanitoMovingState" />
			<role name="adaptee" element="JuanitoMovingState::jc:JuanitoStateContext" />
			<role name="Request()" element="JuanitoMovingState::stop():void" />
			<role name="Request()" element="JuanitoMovingState::hurt():void" />
		</instance>
		<instance>
			<role name="Adaptee" element="JuanitoStateContext" />
			<role name="Adapter" element="JuanitoStaticState" />
			<role name="adaptee" element="JuanitoStaticState::jc:JuanitoStateContext" />
			<role name="Request()" element="JuanitoStaticState::shoot():void" />
			<role name="Request()" element="JuanitoStaticState::move():void" />
			<role name="Request()" element="JuanitoStaticState::hurt():void" />
		</instance>
	</pattern>
	<pattern name="Command" />
	<pattern name="Composite" />
	<pattern name="Decorator" />
	<pattern name="Observer" />
	<pattern name="State" />
	<pattern name="Strategy" />
	<pattern name="Bridge" />
	<pattern name="Template Method" />
	<pattern name="Visitor" />
	<pattern name="Proxy" />
	<pattern name="Proxy2" />
	<pattern name="Chain of Responsibility" />
</system>

