<?xml version="1.0" encoding="UTF-8"?>
<system>
	<pattern name="Factory Method" />
	<pattern name="Prototype" />
	<pattern name="Singleton" />
	<pattern name="(Object)Adapter">
		<instance>
			<role name="Adaptee" element="pkgfinal.Game" />
			<role name="Adapter" element="pkgfinal.Action" />
			<role name="adaptee" element="pkgfinal.Action::game:pkgfinal.Game" />
			<role name="Request()" element="pkgfinal.Action::tick():void" />
		</instance>
	</pattern>
	<pattern name="Command" />
	<pattern name="Composite" />
	<pattern name="Decorator" />
	<pattern name="Observer" />
	<pattern name="State" />
	<pattern name="Strategy" />
	<pattern name="Bridge" />
	<pattern name="Template Method" />
	<pattern name="Visitor" />
	<pattern name="Proxy" />
	<pattern name="Proxy2" />
	<pattern name="Chain of Responsibility" />
</system>

