<?xml version="1.0" encoding="UTF-8"?>
<system>
	<pattern name="Factory Method" />
	<pattern name="Prototype" />
	<pattern name="Singleton">
		<instance>
			<role name="Singleton" element="main.MainClass" />
			<role name="uniqueInstance" element="main.MainClass::vj:main.MainClass" />
		</instance>
	</pattern>
	<pattern name="(Object)Adapter">
		<instance>
			<role name="Adaptee" element="levels.Room" />
			<role name="Adapter" element="entities.ChestObject" />
			<role name="adaptee" element="entities.ChestObject::room:levels.Room" />
			<role name="Request()" element="entities.ChestObject::performAction():void" />
		</instance>
		<instance>
			<role name="Adaptee" element="entities.GameCharacter" />
			<role name="Adapter" element="items.ConsumableItem" />
			<role name="adaptee" element="items.ConsumableItem::charac:entities.GameCharacter" />
			<role name="Request()" element="items.ConsumableItem::use():void" />
		</instance>
		<instance>
			<role name="Adaptee" element="entities.GameCharacter" />
			<role name="Adapter" element="items.MagicalRelic" />
			<role name="adaptee" element="items.MagicalRelic::charac:entities.GameCharacter" />
			<role name="Request()" element="items.MagicalRelic::use():void" />
		</instance>
	</pattern>
	<pattern name="Command" />
	<pattern name="Composite" />
	<pattern name="Decorator" />
	<pattern name="Observer" />
	<pattern name="State">
		<instance>
			<role name="Context" element="entities.Player" />
			<role name="State" element="animations.PlayerAnimatorInterface" />
			<role name="state" element="entities.Player::animGen:animations.PlayerAnimatorInterface" />
			<role name="Request()" element="entities.Player::climbUp():void" />
			<role name="Request()" element="entities.Player::climbDown():void" />
			<role name="Request()" element="entities.Player::render(org.newdawn.slick.Graphics):void" />
		</instance>
		<instance>
			<role name="Context" element="gamestates.LevelState" />
			<role name="State" element="controller.PlayerController" />
			<role name="state" element="gamestates.LevelState::playerController:controller.PlayerController[]" />
			<role name="Request()" element="gamestates.LevelState::update(org.newdawn.slick.GameContainer, org.newdawn.slick.state.StateBasedGame, int):void" />
		</instance>
	</pattern>
	<pattern name="Strategy" />
	<pattern name="Bridge">
		<instance>
			<role name="Abstraction" element="entities.GameObject" />
			<role name="Implementor" element="physics.BoundingShape" />
			<role name="implementor" element="entities.GameObject::boundingShape:physics.BoundingShape" />
			<role name="Operation()" element="entities.GameObject::updateBoundingShape():void" />
		</instance>
	</pattern>
	<pattern name="Template Method">
		<instance>
			<role name="AbstractClass" element="entities.Enemy" />
			<role name="TemplateMethod()" element="entities.Enemy::update(entities.Player, int):void" />
			<role name="TemplateMethod()" element="entities.Enemy::die():void" />
		</instance>
		<instance>
			<role name="AbstractClass" element="physics.BoundingShape" />
			<role name="TemplateMethod()" element="physics.BoundingShape::checkCollision(physics.BoundingShape):boolean" />
		</instance>
	</pattern>
	<pattern name="Visitor" />
	<pattern name="Proxy" />
	<pattern name="Proxy2" />
	<pattern name="Chain of Responsibility" />
</system>

