file,class,type,cbo,cboModified,fanin,fanout,wmc,dit,noc,rfc,lcom,lcom*,tcc,lcc,totalMethodsQty,staticMethodsQty,publicMethodsQty,privateMethodsQty,protectedMethodsQty,defaultMethodsQty,visibleMethodsQty,abstractMethodsQty,finalMethodsQty,synchronizedMethodsQty,totalFieldsQty,staticFieldsQty,publicFieldsQty,privateFieldsQty,protectedFieldsQty,defaultFieldsQty,finalFieldsQty,synchronizedFieldsQty,nosi,loc,returnQty,loopQty,comparisonsQty,tryCatchQty,parenthesizedExpsQty,stringLiteralsQty,numbersQty,assignmentsQty,mathOperationsQty,variablesQty,maxNestedBlocksQty,anonymousClassesQty,innerClassesQty,lambdasQty,uniqueWordsQty,modifiers,logStatementsQty
E:\OOD\main\chess-java-master\chess-java-master\src\Bishop.java,Bishop,class,3,5,2,3,2,2,0,5,1,0.0,0.0,0.0,2,0,2,0,0,0,2,0,0,0,0,0,0,0,0,0,0,0,0,11,1,0,0,0,0,0,0,3,0,3,0,0,0,0,15,1,0
E:\OOD\main\chess-java-master\chess-java-master\src\GameWindow.java,GameWindow$Anonymous4,anonymous,0,0,0,0,1,1,0,1,0,0.0,NaN,NaN,1,0,1,0,0,0,1,0,0,0,0,0,0,0,0,0,0,0,1,5,0,0,0,0,0,6,0,0,1,0,0,0,0,0,30,-1,0
E:\OOD\main\chess-java-master\chess-java-master\src\GameWindow.java,GameWindow$Anonymous3,anonymous,1,1,0,1,2,1,0,3,0,0.0,NaN,NaN,1,0,1,0,0,0,1,0,0,0,0,0,0,0,0,0,0,0,2,9,0,0,1,0,0,2,0,1,0,1,1,0,0,0,14,-1,0
E:\OOD\main\chess-java-master\chess-java-master\src\StartMenu.java,StartMenu$Anonymous1,anonymous,0,0,0,0,1,1,0,1,0,0.0,NaN,NaN,1,0,1,0,0,0,1,0,0,0,0,0,0,0,0,0,0,0,0,5,0,0,0,0,0,0,0,0,0,0,0,0,0,0,5,-1,0
E:\OOD\main\chess-java-master\chess-java-master\src\StartMenu.java,StartMenu,class,0,3,3,0,5,1,0,22,0,0.0,NaN,NaN,1,0,1,0,0,0,1,0,0,0,0,0,0,0,0,0,0,0,13,102,0,1,0,2,0,16,14,25,1,23,2,3,0,0,47,1,0
E:\OOD\main\chess-java-master\chess-java-master\src\Queen.java,Queen,class,4,6,2,4,6,2,0,8,1,0.0,0.0,0.0,2,0,2,0,0,0,2,0,0,0,0,0,0,0,0,0,0,0,0,21,1,2,2,0,0,0,4,8,0,8,2,0,0,0,19,1,0
E:\OOD\main\chess-java-master\chess-java-master\src\StartMenu.java,StartMenu$Anonymous2,anonymous,0,0,0,0,1,1,0,1,0,0.0,NaN,NaN,1,0,1,0,0,0,1,0,0,0,0,0,0,0,0,0,0,0,1,5,0,0,0,0,0,5,0,0,1,0,0,0,0,0,17,-1,0
E:\OOD\main\chess-java-master\chess-java-master\src\CheckmateDetector.java,CheckmateDetector,class,7,9,2,7,86,1,0,45,0,0.6060606,0.85714287,1.0,11,0,8,3,0,0,8,0,0,0,9,0,0,9,0,0,1,0,4,284,13,22,9,0,0,0,17,87,6,70,7,0,0,0,133,1,0
E:\OOD\main\chess-java-master\chess-java-master\src\StartMenu.java,StartMenu$Anonymous3,anonymous,1,1,0,1,1,1,0,4,0,0.0,NaN,NaN,1,0,1,0,0,0,1,0,0,0,0,0,0,0,0,0,0,0,3,11,0,0,0,0,0,0,0,5,0,5,0,0,0,0,12,-1,0
E:\OOD\main\chess-java-master\chess-java-master\src\Clock.java,Clock,class,0,2,2,0,10,1,0,1,0,0.0,1.0,1.0,4,0,4,0,0,0,4,0,0,0,3,0,0,3,0,0,0,0,3,32,2,0,6,0,1,5,9,10,1,7,1,0,0,0,13,1,0
E:\OOD\main\chess-java-master\chess-java-master\src\Square.java,Square,class,3,13,10,3,18,4,0,14,14,0.72222215,0.37878788,1.0,12,0,12,0,0,0,12,0,0,0,6,0,0,6,0,0,1,0,1,69,7,0,5,0,1,1,11,15,4,10,1,0,0,0,37,1,0
E:\OOD\main\chess-java-master\chess-java-master\src\Pawn.java,Pawn,class,3,4,1,3,25,2,0,8,1,0.33333334,0.33333334,0.33333334,3,0,3,0,0,0,3,0,0,0,1,0,0,1,0,0,0,0,0,63,2,0,2,0,0,0,46,7,34,7,3,0,0,0,20,1,0
E:\OOD\main\chess-java-master\chess-java-master\src\GameWindow.java,GameWindow$Anonymous2,anonymous,0,0,0,0,3,1,0,3,0,0.0,NaN,NaN,1,0,1,0,0,0,1,0,0,0,0,0,0,0,0,0,0,0,1,9,0,0,2,0,0,2,0,1,0,1,2,0,0,0,12,-1,0
E:\OOD\main\chess-java-master\chess-java-master\src\GameWindow.java,GameWindow$Anonymous1,anonymous,3,3,0,3,6,1,0,8,0,0.0,NaN,NaN,1,0,1,0,0,0,1,0,0,0,0,0,0,0,0,0,0,0,2,31,0,0,2,0,0,6,0,3,4,3,3,0,0,0,16,-1,0
E:\OOD\main\chess-java-master\chess-java-master\src\GameWindow.java,GameWindow,class,4,8,4,4,13,1,0,34,0,0.55,1.0,1.0,4,0,2,2,0,0,2,0,0,0,5,0,2,3,0,0,0,0,5,153,2,0,8,1,1,14,17,18,2,18,2,4,0,0,60,1,0
E:\OOD\main\chess-java-master\chess-java-master\src\Board.java,Board,class,11,23,12,11,45,5,0,35,41,0.86363626,0.26923078,0.46153846,14,0,13,1,0,0,13,0,0,0,22,12,3,19,0,0,16,0,0,173,7,7,12,0,4,13,131,49,5,38,3,0,0,0,85,1,0
E:\OOD\main\chess-java-master\chess-java-master\src\Game.java,Game,class,2,3,1,2,2,1,0,1,1,0.0,0.0,0.0,2,1,2,0,0,0,2,0,0,0,0,0,0,0,0,0,0,0,2,8,0,0,0,0,0,0,0,0,0,0,0,0,0,0,7,1,0
E:\OOD\main\chess-java-master\chess-java-master\src\King.java,King,class,3,5,2,3,9,2,0,8,1,0.0,0.0,0.0,2,0,2,0,0,0,2,0,0,0,0,0,0,0,0,0,0,0,0,26,1,2,3,1,1,0,6,6,6,6,5,0,0,0,23,1,0
E:\OOD\main\chess-java-master\chess-java-master\src\Piece.java,Piece,class,4,14,10,4,42,1,6,15,3,0.56666666,0.46666667,0.8,10,0,10,0,0,0,10,1,0,0,3,0,0,3,0,0,1,0,1,162,7,8,11,1,0,1,28,34,13,24,3,0,0,0,52,1025,0
E:\OOD\main\chess-java-master\chess-java-master\src\Knight.java,Knight,class,3,4,1,3,8,2,0,6,1,0.0,0.0,0.0,2,0,2,0,0,0,2,0,0,0,0,0,0,0,0,0,0,0,2,26,1,2,4,1,0,0,8,6,2,6,5,0,0,0,23,1,0
E:\OOD\main\chess-java-master\chess-java-master\src\Rook.java,Rook,class,4,5,1,4,6,2,0,6,1,0.0,0.0,0.0,2,0,2,0,0,0,2,0,0,0,0,0,0,0,0,0,0,0,0,19,1,2,2,0,0,0,4,7,0,7,2,0,0,0,18,1,0
