file,class,method,variable,usage
E:\OOD\main\chess-java-master\chess-java-master\src\CheckmateDetector.java,CheckmateDetector,blackInCheck/0,squares,1
E:\OOD\main\chess-java-master\chess-java-master\src\CheckmateDetector.java,CheckmateDetector,blackInCheck/0,bk,1
E:\OOD\main\chess-java-master\chess-java-master\src\CheckmateDetector.java,CheckmateDetector,blackInCheck/0,wMoves,1
E:\OOD\main\chess-java-master\chess-java-master\src\CheckmateDetector.java,CheckmateDetector,blackInCheck/0,movableSquares,1
E:\OOD\main\chess-java-master\chess-java-master\src\CheckmateDetector.java,CheckmateDetector,"testMove/2[Piece,Square]",squares,1
E:\OOD\main\chess-java-master\chess-java-master\src\CheckmateDetector.java,CheckmateDetector,"testMove/2[Piece,Square]",movableSquares,1
E:\OOD\main\chess-java-master\chess-java-master\src\CheckmateDetector.java,CheckmateDetector,"canCapture/3[java.util.Map<Square,java.util.List<Piece>>,java.util.List<Piece>,King]",b,1
E:\OOD\main\chess-java-master\chess-java-master\src\CheckmateDetector.java,CheckmateDetector,"canCapture/3[java.util.Map<Square,java.util.List<Piece>>,java.util.List<Piece>,King]",movableSquares,2
E:\OOD\main\chess-java-master\chess-java-master\src\CheckmateDetector.java,CheckmateDetector,"CheckmateDetector/5[Board,java.util.LinkedList<Piece>,java.util.LinkedList<Piece>,King,King]",b,5
E:\OOD\main\chess-java-master\chess-java-master\src\CheckmateDetector.java,CheckmateDetector,"CheckmateDetector/5[Board,java.util.LinkedList<Piece>,java.util.LinkedList<Piece>,King,King]",wk,4
E:\OOD\main\chess-java-master\chess-java-master\src\CheckmateDetector.java,CheckmateDetector,"CheckmateDetector/5[Board,java.util.LinkedList<Piece>,java.util.LinkedList<Piece>,King,King]",squares,2
E:\OOD\main\chess-java-master\chess-java-master\src\CheckmateDetector.java,CheckmateDetector,"CheckmateDetector/5[Board,java.util.LinkedList<Piece>,java.util.LinkedList<Piece>,King,King]",bk,4
E:\OOD\main\chess-java-master\chess-java-master\src\CheckmateDetector.java,CheckmateDetector,"CheckmateDetector/5[Board,java.util.LinkedList<Piece>,java.util.LinkedList<Piece>,King,King]",wMoves,2
E:\OOD\main\chess-java-master\chess-java-master\src\CheckmateDetector.java,CheckmateDetector,"CheckmateDetector/5[Board,java.util.LinkedList<Piece>,java.util.LinkedList<Piece>,King,King]",bPieces,4
E:\OOD\main\chess-java-master\chess-java-master\src\CheckmateDetector.java,CheckmateDetector,"CheckmateDetector/5[Board,java.util.LinkedList<Piece>,java.util.LinkedList<Piece>,King,King]",movableSquares,1
E:\OOD\main\chess-java-master\chess-java-master\src\CheckmateDetector.java,CheckmateDetector,"CheckmateDetector/5[Board,java.util.LinkedList<Piece>,java.util.LinkedList<Piece>,King,King]",wPieces,4
E:\OOD\main\chess-java-master\chess-java-master\src\CheckmateDetector.java,CheckmateDetector,"CheckmateDetector/5[Board,java.util.LinkedList<Piece>,java.util.LinkedList<Piece>,King,King]",bMoves,2
E:\OOD\main\chess-java-master\chess-java-master\src\CheckmateDetector.java,CheckmateDetector,blackCheckMated/0,wMoves,2
E:\OOD\main\chess-java-master\chess-java-master\src\CheckmateDetector.java,CheckmateDetector,blackCheckMated/0,bk,4
E:\OOD\main\chess-java-master\chess-java-master\src\CheckmateDetector.java,CheckmateDetector,blackCheckMated/0,bMoves,2
E:\OOD\main\chess-java-master\chess-java-master\src\CheckmateDetector.java,CheckmateDetector,whiteCheckMated/0,wk,4
E:\OOD\main\chess-java-master\chess-java-master\src\CheckmateDetector.java,CheckmateDetector,whiteCheckMated/0,wMoves,2
E:\OOD\main\chess-java-master\chess-java-master\src\CheckmateDetector.java,CheckmateDetector,whiteCheckMated/0,bMoves,2
E:\OOD\main\chess-java-master\chess-java-master\src\CheckmateDetector.java,CheckmateDetector,"canBlock/3[java.util.List<Piece>,java.util.Map<Square,java.util.List<Piece>>,King]",b,1
E:\OOD\main\chess-java-master\chess-java-master\src\CheckmateDetector.java,CheckmateDetector,"canBlock/3[java.util.List<Piece>,java.util.Map<Square,java.util.List<Piece>>,King]",movableSquares,6
E:\OOD\main\chess-java-master\chess-java-master\src\CheckmateDetector.java,CheckmateDetector,getAllowableSquares/1[boolean],b,2
E:\OOD\main\chess-java-master\chess-java-master\src\CheckmateDetector.java,CheckmateDetector,getAllowableSquares/1[boolean],movableSquares,3
E:\OOD\main\chess-java-master\chess-java-master\src\CheckmateDetector.java,CheckmateDetector,update/0,b,2
E:\OOD\main\chess-java-master\chess-java-master\src\CheckmateDetector.java,CheckmateDetector,update/0,wMoves,2
E:\OOD\main\chess-java-master\chess-java-master\src\CheckmateDetector.java,CheckmateDetector,update/0,bPieces,1
E:\OOD\main\chess-java-master\chess-java-master\src\CheckmateDetector.java,CheckmateDetector,update/0,movableSquares,2
E:\OOD\main\chess-java-master\chess-java-master\src\CheckmateDetector.java,CheckmateDetector,update/0,wPieces,1
E:\OOD\main\chess-java-master\chess-java-master\src\CheckmateDetector.java,CheckmateDetector,update/0,bMoves,2
E:\OOD\main\chess-java-master\chess-java-master\src\CheckmateDetector.java,CheckmateDetector,whiteInCheck/0,wk,1
E:\OOD\main\chess-java-master\chess-java-master\src\CheckmateDetector.java,CheckmateDetector,whiteInCheck/0,squares,1
E:\OOD\main\chess-java-master\chess-java-master\src\CheckmateDetector.java,CheckmateDetector,whiteInCheck/0,movableSquares,1
E:\OOD\main\chess-java-master\chess-java-master\src\CheckmateDetector.java,CheckmateDetector,whiteInCheck/0,bMoves,1
E:\OOD\main\chess-java-master\chess-java-master\src\CheckmateDetector.java,CheckmateDetector,"canEvade/2[java.util.Map<Square,java.util.List<Piece>>,King]",b,1
E:\OOD\main\chess-java-master\chess-java-master\src\CheckmateDetector.java,CheckmateDetector,"canEvade/2[java.util.Map<Square,java.util.List<Piece>>,King]",movableSquares,1
E:\OOD\main\chess-java-master\chess-java-master\src\Clock.java,Clock,"Clock/3[int,int,int]",hh,3
E:\OOD\main\chess-java-master\chess-java-master\src\Clock.java,Clock,"Clock/3[int,int,int]",mm,3
E:\OOD\main\chess-java-master\chess-java-master\src\Clock.java,Clock,"Clock/3[int,int,int]",ss,3
E:\OOD\main\chess-java-master\chess-java-master\src\Clock.java,Clock,decr/0,mm,3
E:\OOD\main\chess-java-master\chess-java-master\src\Clock.java,Clock,decr/0,ss,5
E:\OOD\main\chess-java-master\chess-java-master\src\Clock.java,Clock,decr/0,hh,1
E:\OOD\main\chess-java-master\chess-java-master\src\Clock.java,Clock,getTime/0,hh,1
E:\OOD\main\chess-java-master\chess-java-master\src\Clock.java,Clock,getTime/0,mm,1
E:\OOD\main\chess-java-master\chess-java-master\src\Clock.java,Clock,getTime/0,ss,1
E:\OOD\main\chess-java-master\chess-java-master\src\Clock.java,Clock,outOfTime/0,hh,1
E:\OOD\main\chess-java-master\chess-java-master\src\Clock.java,Clock,outOfTime/0,mm,1
E:\OOD\main\chess-java-master\chess-java-master\src\Clock.java,Clock,outOfTime/0,ss,1
E:\OOD\main\chess-java-master\chess-java-master\src\Square.java,Square,getYNum/0,yNum,1
E:\OOD\main\chess-java-master\chess-java-master\src\Square.java,Square,hashCode/0,yNum,1
E:\OOD\main\chess-java-master\chess-java-master\src\Square.java,Square,hashCode/0,xNum,1
E:\OOD\main\chess-java-master\chess-java-master\src\Square.java,Square,getXNum/0,xNum,1
E:\OOD\main\chess-java-master\chess-java-master\src\Square.java,Square,removePiece/0,occupyingPiece,2
E:\OOD\main\chess-java-master\chess-java-master\src\Square.java,Square,getOccupyingPiece/0,occupyingPiece,1
E:\OOD\main\chess-java-master\chess-java-master\src\Square.java,Square,isOccupied/0,occupyingPiece,1
E:\OOD\main\chess-java-master\chess-java-master\src\Square.java,Square,setDisplay/1[boolean],dispPiece,1
E:\OOD\main\chess-java-master\chess-java-master\src\Square.java,Square,"Square/4[Board,int,int,int]",b,3
E:\OOD\main\chess-java-master\chess-java-master\src\Square.java,Square,"Square/4[Board,int,int,int]",color,1
E:\OOD\main\chess-java-master\chess-java-master\src\Square.java,Square,"Square/4[Board,int,int,int]",yNum,3
E:\OOD\main\chess-java-master\chess-java-master\src\Square.java,Square,"Square/4[Board,int,int,int]",dispPiece,1
E:\OOD\main\chess-java-master\chess-java-master\src\Square.java,Square,"Square/4[Board,int,int,int]",xNum,3
E:\OOD\main\chess-java-master\chess-java-master\src\Square.java,Square,capture/1[Piece],occupyingPiece,1
E:\OOD\main\chess-java-master\chess-java-master\src\Square.java,Square,getColor/0,color,1
E:\OOD\main\chess-java-master\chess-java-master\src\Square.java,Square,put/1[Piece],occupyingPiece,1
E:\OOD\main\chess-java-master\chess-java-master\src\Square.java,Square,paintComponent/1[java.awt.Graphics],color,1
E:\OOD\main\chess-java-master\chess-java-master\src\Square.java,Square,paintComponent/1[java.awt.Graphics],occupyingPiece,2
E:\OOD\main\chess-java-master\chess-java-master\src\Square.java,Square,paintComponent/1[java.awt.Graphics],dispPiece,1
E:\OOD\main\chess-java-master\chess-java-master\src\Pawn.java,Pawn,getLegalMoves/1[Board],wasMoved,2
E:\OOD\main\chess-java-master\chess-java-master\src\Pawn.java,Pawn,move/1[Square],wasMoved,1
E:\OOD\main\chess-java-master\chess-java-master\src\GameWindow.java,GameWindow,"gameDataPanel/5[java.lang.String,java.lang.String,int,int,int]",timer,3
E:\OOD\main\chess-java-master\chess-java-master\src\GameWindow.java,GameWindow,"gameDataPanel/5[java.lang.String,java.lang.String,int,int,int]",whiteClock,1
E:\OOD\main\chess-java-master\chess-java-master\src\GameWindow.java,GameWindow,"gameDataPanel/5[java.lang.String,java.lang.String,int,int,int]",blackClock,1
E:\OOD\main\chess-java-master\chess-java-master\src\GameWindow.java,GameWindow,"GameWindow/5[java.lang.String,java.lang.String,int,int,int]",gameWindow,15
E:\OOD\main\chess-java-master\chess-java-master\src\GameWindow.java,GameWindow,"GameWindow/5[java.lang.String,java.lang.String,int,int,int]",whiteClock,1
E:\OOD\main\chess-java-master\chess-java-master\src\GameWindow.java,GameWindow,"GameWindow/5[java.lang.String,java.lang.String,int,int,int]",board,2
E:\OOD\main\chess-java-master\chess-java-master\src\GameWindow.java,GameWindow,"GameWindow/5[java.lang.String,java.lang.String,int,int,int]",blackClock,1
E:\OOD\main\chess-java-master\chess-java-master\src\GameWindow.java,GameWindow,checkmateOccurred/1[int],timer,4
E:\OOD\main\chess-java-master\chess-java-master\src\GameWindow.java,GameWindow,checkmateOccurred/1[int],gameWindow,4
E:\OOD\main\chess-java-master\chess-java-master\src\Board.java,Board,getCurrPiece/0,currPiece,1
E:\OOD\main\chess-java-master\chess-java-master\src\Board.java,Board,paintComponent/1[java.awt.Graphics],g,3
E:\OOD\main\chess-java-master\chess-java-master\src\Board.java,Board,paintComponent/1[java.awt.Graphics],whiteTurn,2
E:\OOD\main\chess-java-master\chess-java-master\src\Board.java,Board,paintComponent/1[java.awt.Graphics],currPiece,4
E:\OOD\main\chess-java-master\chess-java-master\src\Board.java,Board,paintComponent/1[java.awt.Graphics],currX,1
E:\OOD\main\chess-java-master\chess-java-master\src\Board.java,Board,paintComponent/1[java.awt.Graphics],currY,1
E:\OOD\main\chess-java-master\chess-java-master\src\Board.java,Board,paintComponent/1[java.awt.Graphics],board,1
E:\OOD\main\chess-java-master\chess-java-master\src\Board.java,Board,mouseReleased/1[java.awt.event.MouseEvent],movable,3
E:\OOD\main\chess-java-master\chess-java-master\src\Board.java,Board,mouseReleased/1[java.awt.event.MouseEvent],whiteTurn,6
E:\OOD\main\chess-java-master\chess-java-master\src\Board.java,Board,mouseReleased/1[java.awt.event.MouseEvent],g,2
E:\OOD\main\chess-java-master\chess-java-master\src\Board.java,Board,mouseReleased/1[java.awt.event.MouseEvent],currPiece,11
E:\OOD\main\chess-java-master\chess-java-master\src\Board.java,Board,mouseReleased/1[java.awt.event.MouseEvent],cmd,6
E:\OOD\main\chess-java-master\chess-java-master\src\Board.java,Board,mousePressed/1[java.awt.event.MouseEvent],whiteTurn,2
E:\OOD\main\chess-java-master\chess-java-master\src\Board.java,Board,mousePressed/1[java.awt.event.MouseEvent],currPiece,3
E:\OOD\main\chess-java-master\chess-java-master\src\Board.java,Board,mousePressed/1[java.awt.event.MouseEvent],currX,1
E:\OOD\main\chess-java-master\chess-java-master\src\Board.java,Board,mousePressed/1[java.awt.event.MouseEvent],currY,1
E:\OOD\main\chess-java-master\chess-java-master\src\Board.java,Board,getTurn/0,whiteTurn,1
E:\OOD\main\chess-java-master\chess-java-master\src\Board.java,Board,Board/1[GameWindow],Bpieces,1
E:\OOD\main\chess-java-master\chess-java-master\src\Board.java,Board,Board/1[GameWindow],g,3
E:\OOD\main\chess-java-master\chess-java-master\src\Board.java,Board,Board/1[GameWindow],whiteTurn,1
E:\OOD\main\chess-java-master\chess-java-master\src\Board.java,Board,Board/1[GameWindow],board,5
E:\OOD\main\chess-java-master\chess-java-master\src\Board.java,Board,Board/1[GameWindow],Wpieces,1
E:\OOD\main\chess-java-master\chess-java-master\src\Board.java,Board,setCurrPiece/1[Piece],currPiece,1
E:\OOD\main\chess-java-master\chess-java-master\src\Board.java,Board,getSquareArray/0,board,1
E:\OOD\main\chess-java-master\chess-java-master\src\Board.java,Board,mouseDragged/1[java.awt.event.MouseEvent],currX,1
E:\OOD\main\chess-java-master\chess-java-master\src\Board.java,Board,mouseDragged/1[java.awt.event.MouseEvent],currY,1
E:\OOD\main\chess-java-master\chess-java-master\src\Board.java,Board,initializePieces/0,RESOURCES_BPAWN_PNG,1
E:\OOD\main\chess-java-master\chess-java-master\src\Board.java,Board,initializePieces/0,RESOURCES_BBISHOP_PNG,2
E:\OOD\main\chess-java-master\chess-java-master\src\Board.java,Board,initializePieces/0,RESOURCES_BROOK_PNG,2
E:\OOD\main\chess-java-master\chess-java-master\src\Board.java,Board,initializePieces/0,RESOURCES_BQUEEN_PNG,1
E:\OOD\main\chess-java-master\chess-java-master\src\Board.java,Board,initializePieces/0,RESOURCES_BKING_PNG,1
E:\OOD\main\chess-java-master\chess-java-master\src\Board.java,Board,initializePieces/0,RESOURCES_WBISHOP_PNG,2
E:\OOD\main\chess-java-master\chess-java-master\src\Board.java,Board,initializePieces/0,Wpieces,2
E:\OOD\main\chess-java-master\chess-java-master\src\Board.java,Board,initializePieces/0,Bpieces,2
E:\OOD\main\chess-java-master\chess-java-master\src\Board.java,Board,initializePieces/0,RESOURCES_BKNIGHT_PNG,2
E:\OOD\main\chess-java-master\chess-java-master\src\Board.java,Board,initializePieces/0,RESOURCES_WPAWN_PNG,1
E:\OOD\main\chess-java-master\chess-java-master\src\Board.java,Board,initializePieces/0,cmd,1
E:\OOD\main\chess-java-master\chess-java-master\src\Board.java,Board,initializePieces/0,RESOURCES_WKING_PNG,1
E:\OOD\main\chess-java-master\chess-java-master\src\Board.java,Board,initializePieces/0,board,38
E:\OOD\main\chess-java-master\chess-java-master\src\Board.java,Board,initializePieces/0,RESOURCES_WQUEEN_PNG,1
E:\OOD\main\chess-java-master\chess-java-master\src\Board.java,Board,initializePieces/0,RESOURCES_WROOK_PNG,2
E:\OOD\main\chess-java-master\chess-java-master\src\Board.java,Board,initializePieces/0,RESOURCES_WKNIGHT_PNG,2
E:\OOD\main\chess-java-master\chess-java-master\src\Piece.java,Piece,setPosition/1[Square],currentSquare,1
E:\OOD\main\chess-java-master\chess-java-master\src\Piece.java,Piece,draw/1[java.awt.Graphics],img,1
E:\OOD\main\chess-java-master\chess-java-master\src\Piece.java,Piece,draw/1[java.awt.Graphics],currentSquare,2
E:\OOD\main\chess-java-master\chess-java-master\src\Piece.java,Piece,move/1[Square],color,1
E:\OOD\main\chess-java-master\chess-java-master\src\Piece.java,Piece,move/1[Square],currentSquare,3
E:\OOD\main\chess-java-master\chess-java-master\src\Piece.java,Piece,getPosition/0,currentSquare,1
E:\OOD\main\chess-java-master\chess-java-master\src\Piece.java,Piece,getColor/0,color,1
E:\OOD\main\chess-java-master\chess-java-master\src\Piece.java,Piece,"getDiagonalOccupations/3[Square[][],int,int]",color,4
E:\OOD\main\chess-java-master\chess-java-master\src\Piece.java,Piece,getImage/0,img,1
E:\OOD\main\chess-java-master\chess-java-master\src\Piece.java,Piece,"Piece/3[int,Square,java.lang.String]",img,2
E:\OOD\main\chess-java-master\chess-java-master\src\Piece.java,Piece,"Piece/3[int,Square,java.lang.String]",color,3
E:\OOD\main\chess-java-master\chess-java-master\src\Piece.java,Piece,"Piece/3[int,Square,java.lang.String]",currentSquare,1
E:\OOD\main\chess-java-master\chess-java-master\src\Piece.java,Piece,"getLinearOccupations/3[Square[][],int,int]",color,4
