file,class,method,constructor,line,cbo,cboModified,fanin,fanout,wmc,rfc,loc,returnsQty,variablesQty,parametersQty,methodsInvokedQty,methodsInvokedLocalQty,methodsInvokedIndirectLocalQty,loopQty,comparisonsQty,tryCatchQty,parenthesizedExpsQty,stringLiteralsQty,numbersQty,assignmentsQty,mathOperationsQty,maxNestedBlocksQty,anonymousClassesQty,innerClassesQty,lambdasQty,uniqueWordsQty,modifiers,logStatementsQty,hasJavaDoc
E:\OOD\main\chess-java-master\chess-java-master\src\Bishop.java,Bishop,"Bishop/3[int,Square,java.lang.String]",true,7,1,1,1,0,1,0,3,0,0,3,0,0,0,0,0,0,0,0,0,0,0,0,0,0,0,3,1,0,false
E:\OOD\main\chess-java-master\chess-java-master\src\Bishop.java,Bishop,getLegalMoves/1[Board],false,12,3,5,0,5,1,5,6,1,3,1,5,0,0,0,0,0,0,0,0,3,0,0,0,0,0,10,1,0,false
E:\OOD\main\chess-java-master\chess-java-master\src\GameWindow.java,GameWindow$Anonymous4,actionPerformed/1[java.awt.event.ActionEvent],false,199,0,6,0,6,1,1,3,0,0,1,1,0,0,0,0,0,0,6,0,0,1,0,0,0,0,30,1,0,false
E:\OOD\main\chess-java-master\chess-java-master\src\GameWindow.java,GameWindow$Anonymous3,actionPerformed/1[java.awt.event.ActionEvent],false,183,1,6,0,6,2,3,7,0,1,1,3,0,0,0,1,0,0,2,0,1,0,1,0,0,0,14,1,0,false
E:\OOD\main\chess-java-master\chess-java-master\src\StartMenu.java,StartMenu$Anonymous1,actionPerformed/1[java.awt.event.ActionEvent],false,107,0,6,0,6,1,1,3,0,0,1,1,0,0,0,0,0,0,0,0,0,0,0,0,0,0,5,1,0,false
E:\OOD\main\chess-java-master\chess-java-master\src\StartMenu.java,StartMenu,run/0,false,20,0,1,0,1,5,22,100,0,23,0,22,0,0,1,0,2,0,16,14,25,1,2,3,0,0,64,1,0,false
E:\OOD\main\chess-java-master\chess-java-master\src\Queen.java,Queen,getLegalMoves/1[Board],false,13,4,6,0,6,5,8,16,1,8,1,8,0,0,2,2,0,0,0,4,8,0,2,0,0,0,14,1,0,false
E:\OOD\main\chess-java-master\chess-java-master\src\Queen.java,Queen,"Queen/3[int,Square,java.lang.String]",true,8,1,1,1,0,1,0,3,0,0,3,0,0,0,0,0,0,0,0,0,0,0,0,0,0,0,3,1,0,false
E:\OOD\main\chess-java-master\chess-java-master\src\StartMenu.java,StartMenu$Anonymous2,actionPerformed/1[java.awt.event.ActionEvent],false,115,0,6,0,6,1,1,3,0,0,1,1,0,0,0,0,0,0,5,0,0,1,0,0,0,0,17,1,0,false
E:\OOD\main\chess-java-master\chess-java-master\src\CheckmateDetector.java,CheckmateDetector,blackInCheck/0,false,128,3,5,3,2,2,5,9,2,1,0,5,1,1,0,0,0,0,0,0,1,0,1,0,0,0,17,1,0,true
E:\OOD\main\chess-java-master\chess-java-master\src\CheckmateDetector.java,CheckmateDetector,"testMove/2[Piece,Square]",false,435,3,12,4,8,6,9,14,1,3,2,9,3,3,0,3,0,0,0,2,5,0,2,0,0,0,39,1,0,true
E:\OOD\main\chess-java-master\chess-java-master\src\CheckmateDetector.java,CheckmateDetector,"canCapture/3[java.util.Map<Square,java.util.List<Piece>>,java.util.List<Piece>,King]",false,222,4,5,2,3,7,10,24,1,4,3,10,1,4,1,1,0,0,0,2,6,0,4,0,0,0,15,2,0,false
E:\OOD\main\chess-java-master\chess-java-master\src\CheckmateDetector.java,CheckmateDetector,"CheckmateDetector/5[Board,java.util.LinkedList<Piece>,java.util.LinkedList<Piece>,King,King]",true,39,5,3,1,2,3,4,20,0,3,5,4,1,1,2,0,0,0,0,4,12,0,2,0,0,0,47,1,0,true
E:\OOD\main\chess-java-master\chess-java-master\src\CheckmateDetector.java,CheckmateDetector,blackCheckMated/0,false,154,2,7,2,5,5,6,9,2,2,0,6,4,5,0,0,0,0,0,0,5,0,1,0,0,0,17,1,0,true
E:\OOD\main\chess-java-master\chess-java-master\src\CheckmateDetector.java,CheckmateDetector,whiteCheckMated/0,false,177,2,7,2,5,5,6,9,2,2,0,6,4,5,0,0,0,0,0,0,5,0,1,0,0,0,17,1,0,true
E:\OOD\main\chess-java-master\chess-java-master\src\CheckmateDetector.java,CheckmateDetector,"canBlock/3[java.util.List<Piece>,java.util.Map<Square,java.util.List<Piece>>,King]",false,256,7,7,2,5,38,15,114,1,31,3,15,1,4,12,3,0,0,0,9,37,6,7,0,0,0,24,2,0,false
E:\OOD\main\chess-java-master\chess-java-master\src\CheckmateDetector.java,CheckmateDetector,getAllowableSquares/1[boolean],false,418,2,5,1,4,3,5,10,1,0,1,5,4,7,0,0,0,0,0,0,0,0,1,0,0,0,33,1,0,true
E:\OOD\main\chess-java-master\chess-java-master\src\CheckmateDetector.java,CheckmateDetector,update/0,false,70,3,7,5,2,11,16,41,0,10,0,16,0,0,6,2,0,0,0,0,10,0,3,0,0,0,19,1,0,true
E:\OOD\main\chess-java-master\chess-java-master\src\CheckmateDetector.java,CheckmateDetector,whiteInCheck/0,false,141,3,5,3,2,2,5,9,2,1,0,5,1,1,0,0,0,0,0,0,1,0,1,0,0,0,17,1,0,true
E:\OOD\main\chess-java-master\chess-java-master\src\CheckmateDetector.java,CheckmateDetector,"canEvade/2[java.util.Map<Square,java.util.List<Piece>>,King]",false,200,4,4,2,2,4,8,14,1,4,2,8,1,4,1,0,0,0,0,0,5,0,2,0,0,0,15,2,0,false
E:\OOD\main\chess-java-master\chess-java-master\src\StartMenu.java,StartMenu$Anonymous3,actionPerformed/1[java.awt.event.ActionEvent],false,129,1,6,0,6,1,4,9,0,5,1,4,0,0,0,0,0,0,0,0,5,0,0,0,0,0,12,1,0,false
E:\OOD\main\chess-java-master\chess-java-master\src\Clock.java,Clock,"Clock/3[int,int,int]",true,7,0,1,1,0,1,0,5,0,0,3,0,0,0,0,0,0,0,0,0,3,0,0,0,0,0,4,1,0,false
E:\OOD\main\chess-java-master\chess-java-master\src\Clock.java,Clock,decr/0,false,17,0,1,1,0,4,0,12,0,0,0,0,0,0,0,3,0,0,0,6,3,0,1,0,0,0,1,1,0,false
E:\OOD\main\chess-java-master\chess-java-master\src\Clock.java,Clock,getTime/0,false,28,0,2,2,0,1,1,7,1,4,0,1,0,0,0,0,0,0,5,0,4,1,0,0,0,0,6,1,0,false
E:\OOD\main\chess-java-master\chess-java-master\src\Clock.java,Clock,outOfTime/0,false,13,0,1,1,0,4,0,3,1,0,0,0,0,0,0,3,0,1,0,3,0,0,0,0,0,0,6,1,0,false
E:\OOD\main\chess-java-master\chess-java-master\src\Square.java,Square,getYNum/0,false,47,0,7,7,0,1,0,3,1,0,0,0,0,0,0,0,0,0,0,0,0,0,0,0,0,0,3,1,0,false
E:\OOD\main\chess-java-master\chess-java-master\src\Square.java,Square,hashCode/0,false,90,0,0,0,0,1,0,7,1,2,0,0,0,0,0,0,0,0,0,2,4,4,0,0,0,0,7,1,0,false
E:\OOD\main\chess-java-master\chess-java-master\src\Square.java,Square,getXNum/0,false,43,0,7,7,0,1,0,3,1,0,0,0,0,0,0,0,0,0,0,0,0,0,0,0,0,0,3,1,0,false
E:\OOD\main\chess-java-master\chess-java-master\src\Square.java,Square,removePiece/0,false,60,1,1,1,0,1,0,5,1,1,0,0,0,0,0,0,0,0,0,0,2,0,0,0,0,0,4,1,0,false
E:\OOD\main\chess-java-master\chess-java-master\src\Square.java,Square,getOccupyingPiece/0,false,35,1,8,8,0,1,0,3,1,0,0,0,0,0,0,0,0,0,0,0,0,0,0,0,0,0,4,1,0,false
E:\OOD\main\chess-java-master\chess-java-master\src\Square.java,Square,isOccupied/0,false,39,0,5,5,0,2,0,3,1,0,0,0,0,0,0,1,0,1,0,0,0,0,0,0,0,0,3,1,0,false
E:\OOD\main\chess-java-master\chess-java-master\src\Square.java,Square,setDisplay/1[boolean],false,51,0,2,2,0,1,0,3,0,0,1,0,0,0,0,0,0,0,0,0,1,0,0,0,0,0,3,1,0,false
E:\OOD\main\chess-java-master\chess-java-master\src\Square.java,Square,"Square/4[Board,int,int,int]",true,19,1,1,1,0,1,2,8,0,0,4,2,0,0,0,0,0,0,0,0,5,0,0,0,0,0,8,1,0,false
E:\OOD\main\chess-java-master\chess-java-master\src\Square.java,Square,capture/1[Piece],false,66,2,3,1,2,3,3,6,0,1,1,3,1,1,0,2,0,0,0,2,2,0,1,0,0,0,6,1,0,false
E:\OOD\main\chess-java-master\chess-java-master\src\Square.java,Square,getColor/0,false,31,0,0,0,0,1,0,3,1,0,0,0,0,0,0,0,0,0,0,0,0,0,0,0,0,0,2,1,0,false
E:\OOD\main\chess-java-master\chess-java-master\src\Square.java,Square,put/1[Piece],false,55,1,4,3,1,1,1,4,0,0,1,1,0,0,0,0,0,0,0,0,1,0,0,0,0,0,3,1,0,false
E:\OOD\main\chess-java-master\chess-java-master\src\Square.java,Square,paintComponent/1[java.awt.Graphics],false,73,1,2,1,1,4,8,13,0,0,1,8,0,0,0,2,0,0,0,7,0,0,1,0,0,0,9,1,0,false
E:\OOD\main\chess-java-master\chess-java-master\src\Pawn.java,Pawn,getLegalMoves/1[Board],false,21,3,6,0,6,23,7,52,1,5,1,7,0,0,0,2,0,0,0,46,5,34,3,0,0,0,12,1,0,false
E:\OOD\main\chess-java-master\chess-java-master\src\Pawn.java,Pawn,move/1[Square],false,14,1,0,0,0,1,1,5,1,1,1,1,0,0,0,0,0,0,0,0,2,0,0,0,0,0,7,1,0,false
E:\OOD\main\chess-java-master\chess-java-master\src\Pawn.java,Pawn,"Pawn/3[int,Square,java.lang.String]",true,9,1,1,1,0,1,0,3,0,0,3,0,0,0,0,0,0,0,0,0,0,0,0,0,0,0,3,1,0,false
E:\OOD\main\chess-java-master\chess-java-master\src\GameWindow.java,GameWindow$Anonymous2,actionPerformed/1[java.awt.event.ActionEvent],false,167,0,6,0,6,3,3,7,0,1,1,3,0,0,0,2,0,0,2,0,1,0,2,0,0,0,12,1,0,false
E:\OOD\main\chess-java-master\chess-java-master\src\GameWindow.java,GameWindow$Anonymous1,actionPerformed/1[java.awt.event.ActionEvent],false,104,3,6,0,6,6,8,29,0,3,1,8,0,0,0,2,0,0,6,0,3,4,3,0,0,0,16,1,0,false
E:\OOD\main\chess-java-master\chess-java-master\src\GameWindow.java,GameWindow,buttons/0,false,160,0,2,1,1,1,5,38,1,4,0,5,0,0,0,0,0,0,3,4,4,0,0,3,0,0,49,2,0,false
E:\OOD\main\chess-java-master\chess-java-master\src\GameWindow.java,GameWindow,"gameDataPanel/5[java.lang.String,java.lang.String,int,int,int]",false,69,1,3,1,2,4,11,64,1,5,5,11,0,0,0,3,0,1,2,8,6,0,1,1,0,0,34,2,0,false
E:\OOD\main\chess-java-master\chess-java-master\src\GameWindow.java,GameWindow,"GameWindow/5[java.lang.String,java.lang.String,int,int,int]",true,26,3,5,1,4,2,19,26,0,2,5,19,2,1,0,0,1,0,3,4,6,0,1,0,0,0,25,1,0,false
E:\OOD\main\chess-java-master\chess-java-master\src\GameWindow.java,GameWindow,checkmateOccurred/1[int],false,220,1,2,1,1,6,4,18,0,2,1,4,0,0,0,5,0,0,6,1,2,2,2,0,0,0,18,1,0,false
E:\OOD\main\chess-java-master\chess-java-master\src\Board.java,Board,mouseExited/1[java.awt.event.MouseEvent],false,248,0,0,0,0,1,0,2,0,0,1,0,0,0,0,0,0,0,0,0,0,0,0,0,0,0,5,1,0,false
E:\OOD\main\chess-java-master\chess-java-master\src\Board.java,Board,mouseClicked/1[java.awt.event.MouseEvent],false,240,0,0,0,0,1,0,2,0,0,1,0,0,0,0,0,0,0,0,0,0,0,0,0,0,0,5,1,0,false
E:\OOD\main\chess-java-master\chess-java-master\src\Board.java,Board,getCurrPiece/0,false,138,1,0,0,0,1,0,3,1,0,0,0,0,0,0,0,0,0,0,0,0,0,0,0,0,0,3,1,0,false
E:\OOD\main\chess-java-master\chess-java-master\src\Board.java,Board,paintComponent/1[java.awt.Graphics],false,143,2,3,0,3,8,4,14,0,4,1,4,0,0,2,3,0,2,0,6,4,0,2,0,0,0,15,1,0,false
E:\OOD\main\chess-java-master\chess-java-master\src\Board.java,Board,mouseReleased/1[java.awt.event.MouseEvent],false,181,4,11,0,11,11,18,38,2,2,1,18,0,0,0,3,0,0,0,4,9,0,3,0,0,0,18,1,0,false
E:\OOD\main\chess-java-master\chess-java-master\src\Board.java,Board,mousePressed/1[java.awt.event.MouseEvent],false,163,2,4,0,4,6,8,12,2,1,1,8,0,0,0,2,0,0,0,2,4,0,2,0,0,0,16,1,0,false
E:\OOD\main\chess-java-master\chess-java-master\src\Board.java,Board,getTurn/0,false,130,0,1,1,0,1,0,3,1,0,0,0,0,0,0,0,0,0,0,0,0,0,0,0,0,0,3,1,0,false
E:\OOD\main\chess-java-master\chess-java-master\src\Board.java,Board,mouseEntered/1[java.awt.event.MouseEvent],false,244,0,0,0,0,1,0,2,0,0,1,0,0,0,0,0,0,0,0,0,0,0,0,0,0,0,5,1,0,false
E:\OOD\main\chess-java-master\chess-java-master\src\Board.java,Board,Board/1[GameWindow],true,49,4,3,1,2,7,10,29,0,4,1,10,1,1,2,4,0,2,0,24,11,2,3,0,0,0,20,1,0,false
E:\OOD\main\chess-java-master\chess-java-master\src\Board.java,Board,setCurrPiece/1[Piece],false,134,1,0,0,0,1,0,3,0,0,1,0,0,0,0,0,0,0,0,0,1,0,0,0,0,0,4,1,0,false
E:\OOD\main\chess-java-master\chess-java-master\src\Board.java,Board,getSquareArray/0,false,126,1,8,8,0,1,0,3,1,0,0,0,0,0,0,0,0,0,0,0,0,0,0,0,0,0,3,1,0,false
E:\OOD\main\chess-java-master\chess-java-master\src\Board.java,Board,mouseDragged/1[java.awt.event.MouseEvent],false,227,0,0,0,0,1,3,5,0,0,1,3,0,0,0,0,0,0,0,2,2,2,0,0,0,0,9,1,0,false
E:\OOD\main\chess-java-master\chess-java-master\src\Board.java,Board,mouseMoved/1[java.awt.event.MouseEvent],false,236,0,0,0,0,1,0,2,0,0,1,0,0,0,0,0,0,0,0,0,0,0,0,0,0,0,5,1,0,false
E:\OOD\main\chess-java-master\chess-java-master\src\Board.java,Board,initializePieces/0,false,85,8,10,1,9,4,3,31,0,5,0,3,0,0,3,0,0,0,0,93,6,1,2,0,0,0,15,2,0,false
E:\OOD\main\chess-java-master\chess-java-master\src\Game.java,Game,run/0,false,5,1,1,0,1,1,1,3,0,0,0,1,0,0,0,0,0,0,0,0,0,0,0,0,0,0,3,1,0,false
E:\OOD\main\chess-java-master\chess-java-master\src\Game.java,Game,main/1[java.lang.String[]],false,9,1,1,0,1,1,1,3,0,0,1,1,0,0,0,0,0,0,0,0,0,0,0,0,0,0,3,9,0,false
E:\OOD\main\chess-java-master\chess-java-master\src\King.java,King,"King/3[int,Square,java.lang.String]",true,8,1,1,1,0,1,0,3,0,0,3,0,0,0,0,0,0,0,0,0,0,0,0,0,0,0,3,1,0,false
E:\OOD\main\chess-java-master\chess-java-master\src\King.java,King,getLegalMoves/1[Board],false,13,3,9,2,7,8,8,21,1,6,1,8,0,0,2,3,1,1,0,6,6,6,5,0,0,0,18,1,0,false
E:\OOD\main\chess-java-master\chess-java-master\src\Piece.java,Piece,setPosition/1[Square],false,48,1,1,1,0,1,0,3,0,0,1,0,0,0,0,0,0,0,0,0,1,0,0,0,0,0,4,1,0,false
E:\OOD\main\chess-java-master\chess-java-master\src\Piece.java,Piece,draw/1[java.awt.Graphics],false,60,0,1,1,0,1,3,5,0,2,1,3,0,0,0,0,0,0,0,0,2,0,0,0,0,0,5,1,0,false
E:\OOD\main\chess-java-master\chess-java-master\src\Piece.java,Piece,move/1[Square],false,30,2,7,2,5,3,5,11,2,1,1,5,1,1,0,2,0,0,0,0,2,0,2,0,0,0,8,1,0,false
E:\OOD\main\chess-java-master\chess-java-master\src\Piece.java,Piece,getPosition/0,false,44,1,15,15,0,1,0,3,1,0,0,0,0,0,0,0,0,0,0,0,0,0,0,0,0,0,4,1,0,false
E:\OOD\main\chess-java-master\chess-java-master\src\Piece.java,Piece,getColor/0,false,52,0,10,10,0,1,0,3,1,0,0,0,0,0,0,0,0,0,0,0,0,0,0,0,0,0,3,1,0,false
E:\OOD\main\chess-java-master\chess-java-master\src\Piece.java,Piece,"getDiagonalOccupations/3[Square[][],int,int]",false,110,2,5,2,3,17,4,76,1,9,3,4,1,1,4,4,0,0,0,16,9,8,3,0,0,0,11,1,0,false
E:\OOD\main\chess-java-master\chess-java-master\src\Piece.java,Piece,getImage/0,false,56,0,1,1,0,1,0,3,1,0,0,0,0,0,0,0,0,0,0,0,0,0,0,0,0,0,3,1,0,false
E:\OOD\main\chess-java-master\chess-java-master\src\Piece.java,Piece,"Piece/3[int,Square,java.lang.String]",true,17,1,0,0,0,3,5,12,0,0,3,5,0,0,0,1,1,0,1,0,3,1,2,0,0,0,14,1,0,false
E:\OOD\main\chess-java-master\chess-java-master\src\Piece.java,Piece,"getLinearOccupations/3[Square[][],int,int]",false,67,3,5,2,3,13,3,40,1,9,3,3,1,1,4,4,0,0,0,12,17,4,3,0,0,0,12,1,0,false
E:\OOD\main\chess-java-master\chess-java-master\src\Piece.java,Piece,getLegalMoves/1[Board],false,186,2,2,2,0,1,0,1,0,0,1,0,0,0,0,0,0,0,0,0,0,0,0,0,0,0,5,1025,0,false
E:\OOD\main\chess-java-master\chess-java-master\src\Knight.java,Knight,"Knight/3[int,Square,java.lang.String]",true,8,1,1,1,0,1,0,3,0,0,3,0,0,0,0,0,0,0,0,0,0,0,0,0,0,0,3,1,0,false
E:\OOD\main\chess-java-master\chess-java-master\src\Knight.java,Knight,getLegalMoves/1[Board],false,13,3,4,0,4,7,6,21,1,6,1,6,0,0,2,4,1,0,0,8,6,2,5,0,0,0,18,1,0,false
E:\OOD\main\chess-java-master\chess-java-master\src\Rook.java,Rook,getLegalMoves/1[Board],false,13,4,5,0,5,5,6,14,1,7,1,6,0,0,2,2,0,0,0,4,7,0,2,0,0,0,13,1,0,false
E:\OOD\main\chess-java-master\chess-java-master\src\Rook.java,Rook,"Rook/3[int,Square,java.lang.String]",true,8,1,1,1,0,1,0,3,0,0,3,0,0,0,0,0,0,0,0,0,0,0,0,0,0,0,3,1,0,false
