file,class,method,variable,usage
E:\OOD\main\chess-java-master\chess-java-master\src\Bishop.java,Bishop,"Bishop/3[int,Square,java.lang.String]",initSq,1
E:\OOD\main\chess-java-master\chess-java-master\src\Bishop.java,Bishop,"Bishop/3[int,Square,java.lang.String]",color,1
E:\OOD\main\chess-java-master\chess-java-master\src\Bishop.java,Bishop,"Bishop/3[int,Square,java.lang.String]",img_file,1
E:\OOD\main\chess-java-master\chess-java-master\src\Bishop.java,Bishop,getLegalMoves/1[Board],b,1
E:\OOD\main\chess-java-master\chess-java-master\src\Bishop.java,Bishop,getLegalMoves/1[Board],x,1
E:\OOD\main\chess-java-master\chess-java-master\src\Bishop.java,Bishop,getLegalMoves/1[Board],y,1
E:\OOD\main\chess-java-master\chess-java-master\src\Bishop.java,Bishop,getLegalMoves/1[Board],board,1
E:\OOD\main\chess-java-master\chess-java-master\src\GameWindow.java,GameWindow$Anonymous4,actionPerformed/1[java.awt.event.ActionEvent],e,0
E:\OOD\main\chess-java-master\chess-java-master\src\GameWindow.java,GameWindow$Anonymous3,actionPerformed/1[java.awt.event.ActionEvent],e,0
E:\OOD\main\chess-java-master\chess-java-master\src\GameWindow.java,GameWindow$Anonymous3,actionPerformed/1[java.awt.event.ActionEvent],n,1
E:\OOD\main\chess-java-master\chess-java-master\src\StartMenu.java,StartMenu$Anonymous1,actionPerformed/1[java.awt.event.ActionEvent],e,0
E:\OOD\main\chess-java-master\chess-java-master\src\StartMenu.java,StartMenu,run/0,components,7
E:\OOD\main\chess-java-master\chess-java-master\src\StartMenu.java,StartMenu,run/0,hours,3
E:\OOD\main\chess-java-master\chess-java-master\src\StartMenu.java,StartMenu,run/0,buttons,6
E:\OOD\main\chess-java-master\chess-java-master\src\StartMenu.java,StartMenu,run/0,titleLabel,1
E:\OOD\main\chess-java-master\chess-java-master\src\StartMenu.java,StartMenu,run/0,timerSettings,7
E:\OOD\main\chess-java-master\chess-java-master\src\StartMenu.java,StartMenu,run/0,e,1
E:\OOD\main\chess-java-master\chess-java-master\src\StartMenu.java,StartMenu,run/0,minutes,4
E:\OOD\main\chess-java-master\chess-java-master\src\StartMenu.java,StartMenu,run/0,blackPanel,3
E:\OOD\main\chess-java-master\chess-java-master\src\StartMenu.java,StartMenu,run/0,whiteImg,2
E:\OOD\main\chess-java-master\chess-java-master\src\StartMenu.java,StartMenu,run/0,start,2
E:\OOD\main\chess-java-master\chess-java-master\src\StartMenu.java,StartMenu,run/0,startWindow,7
E:\OOD\main\chess-java-master\chess-java-master\src\StartMenu.java,StartMenu,run/0,blackPiece,2
E:\OOD\main\chess-java-master\chess-java-master\src\StartMenu.java,StartMenu,run/0,i,7
E:\OOD\main\chess-java-master\chess-java-master\src\StartMenu.java,StartMenu,run/0,blackInput,1
E:\OOD\main\chess-java-master\chess-java-master\src\StartMenu.java,StartMenu,run/0,space,1
E:\OOD\main\chess-java-master\chess-java-master\src\StartMenu.java,StartMenu,run/0,minSecInts,4
E:\OOD\main\chess-java-master\chess-java-master\src\StartMenu.java,StartMenu,run/0,whiteInput,1
E:\OOD\main\chess-java-master\chess-java-master\src\StartMenu.java,StartMenu,run/0,seconds,2
E:\OOD\main\chess-java-master\chess-java-master\src\StartMenu.java,StartMenu,run/0,whitePiece,2
E:\OOD\main\chess-java-master\chess-java-master\src\StartMenu.java,StartMenu,run/0,whitePanel,3
E:\OOD\main\chess-java-master\chess-java-master\src\StartMenu.java,StartMenu,run/0,instr,2
E:\OOD\main\chess-java-master\chess-java-master\src\StartMenu.java,StartMenu,run/0,quit,2
E:\OOD\main\chess-java-master\chess-java-master\src\StartMenu.java,StartMenu,run/0,blackImg,1
E:\OOD\main\chess-java-master\chess-java-master\src\StartMenu.java,StartMenu,run/0,titlePanel,2
E:\OOD\main\chess-java-master\chess-java-master\src\Queen.java,Queen,getLegalMoves/1[Board],b,1
E:\OOD\main\chess-java-master\chess-java-master\src\Queen.java,Queen,getLegalMoves/1[Board],occups,4
E:\OOD\main\chess-java-master\chess-java-master\src\Queen.java,Queen,getLegalMoves/1[Board],legalMoves,4
E:\OOD\main\chess-java-master\chess-java-master\src\Queen.java,Queen,getLegalMoves/1[Board],x,4
E:\OOD\main\chess-java-master\chess-java-master\src\Queen.java,Queen,getLegalMoves/1[Board],y,4
E:\OOD\main\chess-java-master\chess-java-master\src\Queen.java,Queen,getLegalMoves/1[Board],i,9
E:\OOD\main\chess-java-master\chess-java-master\src\Queen.java,Queen,getLegalMoves/1[Board],bMoves,1
E:\OOD\main\chess-java-master\chess-java-master\src\Queen.java,Queen,getLegalMoves/1[Board],board,4
E:\OOD\main\chess-java-master\chess-java-master\src\Queen.java,Queen,"Queen/3[int,Square,java.lang.String]",initSq,1
E:\OOD\main\chess-java-master\chess-java-master\src\Queen.java,Queen,"Queen/3[int,Square,java.lang.String]",color,1
E:\OOD\main\chess-java-master\chess-java-master\src\Queen.java,Queen,"Queen/3[int,Square,java.lang.String]",img_file,1
E:\OOD\main\chess-java-master\chess-java-master\src\StartMenu.java,StartMenu$Anonymous2,actionPerformed/1[java.awt.event.ActionEvent],e,0
E:\OOD\main\chess-java-master\chess-java-master\src\CheckmateDetector.java,CheckmateDetector,blackInCheck/0,sq,1
E:\OOD\main\chess-java-master\chess-java-master\src\CheckmateDetector.java,CheckmateDetector,"testMove/2[Piece,Square]",p,5
E:\OOD\main\chess-java-master\chess-java-master\src\CheckmateDetector.java,CheckmateDetector,"testMove/2[Piece,Square]",init,1
E:\OOD\main\chess-java-master\chess-java-master\src\CheckmateDetector.java,CheckmateDetector,"testMove/2[Piece,Square]",c,2
E:\OOD\main\chess-java-master\chess-java-master\src\CheckmateDetector.java,CheckmateDetector,"testMove/2[Piece,Square]",movetest,3
E:\OOD\main\chess-java-master\chess-java-master\src\CheckmateDetector.java,CheckmateDetector,"testMove/2[Piece,Square]",sq,3
E:\OOD\main\chess-java-master\chess-java-master\src\CheckmateDetector.java,CheckmateDetector,"canCapture/3[java.util.Map<Square,java.util.List<Piece>>,java.util.List<Piece>,King]",p,1
E:\OOD\main\chess-java-master\chess-java-master\src\CheckmateDetector.java,CheckmateDetector,"canCapture/3[java.util.Map<Square,java.util.List<Piece>>,java.util.List<Piece>,King]",threats,2
E:\OOD\main\chess-java-master\chess-java-master\src\CheckmateDetector.java,CheckmateDetector,"canCapture/3[java.util.Map<Square,java.util.List<Piece>>,java.util.List<Piece>,King]",capture,3
E:\OOD\main\chess-java-master\chess-java-master\src\CheckmateDetector.java,CheckmateDetector,"canCapture/3[java.util.Map<Square,java.util.List<Piece>>,java.util.List<Piece>,King]",poss,1
E:\OOD\main\chess-java-master\chess-java-master\src\CheckmateDetector.java,CheckmateDetector,"canCapture/3[java.util.Map<Square,java.util.List<Piece>>,java.util.List<Piece>,King]",k,2
E:\OOD\main\chess-java-master\chess-java-master\src\CheckmateDetector.java,CheckmateDetector,"canCapture/3[java.util.Map<Square,java.util.List<Piece>>,java.util.List<Piece>,King]",capturers,3
E:\OOD\main\chess-java-master\chess-java-master\src\CheckmateDetector.java,CheckmateDetector,"canCapture/3[java.util.Map<Square,java.util.List<Piece>>,java.util.List<Piece>,King]",sq,6
E:\OOD\main\chess-java-master\chess-java-master\src\CheckmateDetector.java,CheckmateDetector,"canCapture/3[java.util.Map<Square,java.util.List<Piece>>,java.util.List<Piece>,King]",caps,1
E:\OOD\main\chess-java-master\chess-java-master\src\CheckmateDetector.java,CheckmateDetector,"CheckmateDetector/5[Board,java.util.LinkedList<Piece>,java.util.LinkedList<Piece>,King,King]",b,3
E:\OOD\main\chess-java-master\chess-java-master\src\CheckmateDetector.java,CheckmateDetector,"CheckmateDetector/5[Board,java.util.LinkedList<Piece>,java.util.LinkedList<Piece>,King,King]",wk,2
E:\OOD\main\chess-java-master\chess-java-master\src\CheckmateDetector.java,CheckmateDetector,"CheckmateDetector/5[Board,java.util.LinkedList<Piece>,java.util.LinkedList<Piece>,King,King]",brd,3
E:\OOD\main\chess-java-master\chess-java-master\src\CheckmateDetector.java,CheckmateDetector,"CheckmateDetector/5[Board,java.util.LinkedList<Piece>,java.util.LinkedList<Piece>,King,King]",x,5
E:\OOD\main\chess-java-master\chess-java-master\src\CheckmateDetector.java,CheckmateDetector,"CheckmateDetector/5[Board,java.util.LinkedList<Piece>,java.util.LinkedList<Piece>,King,King]",bk,2
E:\OOD\main\chess-java-master\chess-java-master\src\CheckmateDetector.java,CheckmateDetector,"CheckmateDetector/5[Board,java.util.LinkedList<Piece>,java.util.LinkedList<Piece>,King,King]",y,5
E:\OOD\main\chess-java-master\chess-java-master\src\CheckmateDetector.java,CheckmateDetector,"CheckmateDetector/5[Board,java.util.LinkedList<Piece>,java.util.LinkedList<Piece>,King,King]",bPieces,2
E:\OOD\main\chess-java-master\chess-java-master\src\CheckmateDetector.java,CheckmateDetector,"CheckmateDetector/5[Board,java.util.LinkedList<Piece>,java.util.LinkedList<Piece>,King,King]",wPieces,2
E:\OOD\main\chess-java-master\chess-java-master\src\CheckmateDetector.java,CheckmateDetector,blackCheckMated/0,checkmate,4
E:\OOD\main\chess-java-master\chess-java-master\src\CheckmateDetector.java,CheckmateDetector,blackCheckMated/0,threats,2
E:\OOD\main\chess-java-master\chess-java-master\src\CheckmateDetector.java,CheckmateDetector,whiteCheckMated/0,checkmate,4
E:\OOD\main\chess-java-master\chess-java-master\src\CheckmateDetector.java,CheckmateDetector,whiteCheckMated/0,threats,2
E:\OOD\main\chess-java-master\chess-java-master\src\CheckmateDetector.java,CheckmateDetector,"canBlock/3[java.util.List<Piece>,java.util.Map<Square,java.util.List<Piece>>,King]",blockable,7
E:\OOD\main\chess-java-master\chess-java-master\src\CheckmateDetector.java,CheckmateDetector,"canBlock/3[java.util.List<Piece>,java.util.Map<Square,java.util.List<Piece>>,King]",brdArray,18
E:\OOD\main\chess-java-master\chess-java-master\src\CheckmateDetector.java,CheckmateDetector,"canBlock/3[java.util.List<Piece>,java.util.Map<Square,java.util.List<Piece>>,King]",tX,8
E:\OOD\main\chess-java-master\chess-java-master\src\CheckmateDetector.java,CheckmateDetector,"canBlock/3[java.util.List<Piece>,java.util.Map<Square,java.util.List<Piece>>,King]",max,5
E:\OOD\main\chess-java-master\chess-java-master\src\CheckmateDetector.java,CheckmateDetector,"canBlock/3[java.util.List<Piece>,java.util.Map<Square,java.util.List<Piece>>,King]",tY,20
E:\OOD\main\chess-java-master\chess-java-master\src\CheckmateDetector.java,CheckmateDetector,"canBlock/3[java.util.List<Piece>,java.util.Map<Square,java.util.List<Piece>>,King]",ks,14
E:\OOD\main\chess-java-master\chess-java-master\src\CheckmateDetector.java,CheckmateDetector,"canBlock/3[java.util.List<Piece>,java.util.Map<Square,java.util.List<Piece>>,King]",i,35
E:\OOD\main\chess-java-master\chess-java-master\src\CheckmateDetector.java,CheckmateDetector,"canBlock/3[java.util.List<Piece>,java.util.Map<Square,java.util.List<Piece>>,King]",k,1
E:\OOD\main\chess-java-master\chess-java-master\src\CheckmateDetector.java,CheckmateDetector,"canBlock/3[java.util.List<Piece>,java.util.Map<Square,java.util.List<Piece>>,King]",kX,8
E:\OOD\main\chess-java-master\chess-java-master\src\CheckmateDetector.java,CheckmateDetector,"canBlock/3[java.util.List<Piece>,java.util.Map<Square,java.util.List<Piece>>,King]",kY,4
E:\OOD\main\chess-java-master\chess-java-master\src\CheckmateDetector.java,CheckmateDetector,"canBlock/3[java.util.List<Piece>,java.util.Map<Square,java.util.List<Piece>>,King]",tC,2
E:\OOD\main\chess-java-master\chess-java-master\src\CheckmateDetector.java,CheckmateDetector,"canBlock/3[java.util.List<Piece>,java.util.Map<Square,java.util.List<Piece>>,King]",p,11
E:\OOD\main\chess-java-master\chess-java-master\src\CheckmateDetector.java,CheckmateDetector,"canBlock/3[java.util.List<Piece>,java.util.Map<Square,java.util.List<Piece>>,King]",min,5
E:\OOD\main\chess-java-master\chess-java-master\src\CheckmateDetector.java,CheckmateDetector,"canBlock/3[java.util.List<Piece>,java.util.Map<Square,java.util.List<Piece>>,King]",threats,3
E:\OOD\main\chess-java-master\chess-java-master\src\CheckmateDetector.java,CheckmateDetector,"canBlock/3[java.util.List<Piece>,java.util.Map<Square,java.util.List<Piece>>,King]",blockMoves,6
E:\OOD\main\chess-java-master\chess-java-master\src\CheckmateDetector.java,CheckmateDetector,"canBlock/3[java.util.List<Piece>,java.util.Map<Square,java.util.List<Piece>>,King]",blockers,23
E:\OOD\main\chess-java-master\chess-java-master\src\CheckmateDetector.java,CheckmateDetector,"canBlock/3[java.util.List<Piece>,java.util.Map<Square,java.util.List<Piece>>,King]",blks,11
E:\OOD\main\chess-java-master\chess-java-master\src\CheckmateDetector.java,CheckmateDetector,"canBlock/3[java.util.List<Piece>,java.util.Map<Square,java.util.List<Piece>>,King]",ts,8
E:\OOD\main\chess-java-master\chess-java-master\src\CheckmateDetector.java,CheckmateDetector,getAllowableSquares/1[boolean],b,0
E:\OOD\main\chess-java-master\chess-java-master\src\CheckmateDetector.java,CheckmateDetector,update/0,wIter,4
E:\OOD\main\chess-java-master\chess-java-master\src\CheckmateDetector.java,CheckmateDetector,update/0,pieces,9
E:\OOD\main\chess-java-master\chess-java-master\src\CheckmateDetector.java,CheckmateDetector,update/0,p,9
E:\OOD\main\chess-java-master\chess-java-master\src\CheckmateDetector.java,CheckmateDetector,update/0,iter,5
E:\OOD\main\chess-java-master\chess-java-master\src\CheckmateDetector.java,CheckmateDetector,update/0,mvs,3
E:\OOD\main\chess-java-master\chess-java-master\src\CheckmateDetector.java,CheckmateDetector,update/0,bIter,2
E:\OOD\main\chess-java-master\chess-java-master\src\CheckmateDetector.java,CheckmateDetector,whiteInCheck/0,sq,1
E:\OOD\main\chess-java-master\chess-java-master\src\CheckmateDetector.java,CheckmateDetector,"canEvade/2[java.util.Map<Square,java.util.List<Piece>>,King]",iterator,3
E:\OOD\main\chess-java-master\chess-java-master\src\CheckmateDetector.java,CheckmateDetector,"canEvade/2[java.util.Map<Square,java.util.List<Piece>>,King]",kingsMoves,1
E:\OOD\main\chess-java-master\chess-java-master\src\CheckmateDetector.java,CheckmateDetector,"canEvade/2[java.util.Map<Square,java.util.List<Piece>>,King]",evade,2
E:\OOD\main\chess-java-master\chess-java-master\src\CheckmateDetector.java,CheckmateDetector,"canEvade/2[java.util.Map<Square,java.util.List<Piece>>,King]",tMoves,1
E:\OOD\main\chess-java-master\chess-java-master\src\CheckmateDetector.java,CheckmateDetector,"canEvade/2[java.util.Map<Square,java.util.List<Piece>>,King]",tKing,2
E:\OOD\main\chess-java-master\chess-java-master\src\CheckmateDetector.java,CheckmateDetector,"canEvade/2[java.util.Map<Square,java.util.List<Piece>>,King]",sq,3
E:\OOD\main\chess-java-master\chess-java-master\src\StartMenu.java,StartMenu$Anonymous3,actionPerformed/1[java.awt.event.ActionEvent],hh,1
E:\OOD\main\chess-java-master\chess-java-master\src\StartMenu.java,StartMenu$Anonymous3,actionPerformed/1[java.awt.event.ActionEvent],mm,1
E:\OOD\main\chess-java-master\chess-java-master\src\StartMenu.java,StartMenu$Anonymous3,actionPerformed/1[java.awt.event.ActionEvent],ss,1
E:\OOD\main\chess-java-master\chess-java-master\src\StartMenu.java,StartMenu$Anonymous3,actionPerformed/1[java.awt.event.ActionEvent],e,0
E:\OOD\main\chess-java-master\chess-java-master\src\StartMenu.java,StartMenu$Anonymous3,actionPerformed/1[java.awt.event.ActionEvent],wn,1
E:\OOD\main\chess-java-master\chess-java-master\src\StartMenu.java,StartMenu$Anonymous3,actionPerformed/1[java.awt.event.ActionEvent],bn,1
E:\OOD\main\chess-java-master\chess-java-master\src\Clock.java,Clock,"Clock/3[int,int,int]",hh,2
E:\OOD\main\chess-java-master\chess-java-master\src\Clock.java,Clock,"Clock/3[int,int,int]",mm,2
E:\OOD\main\chess-java-master\chess-java-master\src\Clock.java,Clock,"Clock/3[int,int,int]",ss,2
E:\OOD\main\chess-java-master\chess-java-master\src\Clock.java,Clock,getTime/0,fMins,1
E:\OOD\main\chess-java-master\chess-java-master\src\Clock.java,Clock,getTime/0,fTime,1
E:\OOD\main\chess-java-master\chess-java-master\src\Clock.java,Clock,getTime/0,fHrs,1
E:\OOD\main\chess-java-master\chess-java-master\src\Clock.java,Clock,getTime/0,fSecs,1
E:\OOD\main\chess-java-master\chess-java-master\src\Square.java,Square,hashCode/0,prime,2
E:\OOD\main\chess-java-master\chess-java-master\src\Square.java,Square,hashCode/0,result,5
E:\OOD\main\chess-java-master\chess-java-master\src\Square.java,Square,removePiece/0,p,1
E:\OOD\main\chess-java-master\chess-java-master\src\Square.java,Square,setDisplay/1[boolean],v,1
E:\OOD\main\chess-java-master\chess-java-master\src\Square.java,Square,"Square/4[Board,int,int,int]",b,2
E:\OOD\main\chess-java-master\chess-java-master\src\Square.java,Square,"Square/4[Board,int,int,int]",c,1
E:\OOD\main\chess-java-master\chess-java-master\src\Square.java,Square,"Square/4[Board,int,int,int]",yNum,2
E:\OOD\main\chess-java-master\chess-java-master\src\Square.java,Square,"Square/4[Board,int,int,int]",xNum,2
E:\OOD\main\chess-java-master\chess-java-master\src\Square.java,Square,capture/1[Piece],p,1
E:\OOD\main\chess-java-master\chess-java-master\src\Square.java,Square,capture/1[Piece],k,4
E:\OOD\main\chess-java-master\chess-java-master\src\Square.java,Square,put/1[Piece],p,2
E:\OOD\main\chess-java-master\chess-java-master\src\Square.java,Square,paintComponent/1[java.awt.Graphics],g,5
E:\OOD\main\chess-java-master\chess-java-master\src\Pawn.java,Pawn,getLegalMoves/1[Board],b,1
E:\OOD\main\chess-java-master\chess-java-master\src\Pawn.java,Pawn,getLegalMoves/1[Board],c,2
E:\OOD\main\chess-java-master\chess-java-master\src\Pawn.java,Pawn,getLegalMoves/1[Board],legalMoves,9
E:\OOD\main\chess-java-master\chess-java-master\src\Pawn.java,Pawn,getLegalMoves/1[Board],x,20
E:\OOD\main\chess-java-master\chess-java-master\src\Pawn.java,Pawn,getLegalMoves/1[Board],y,22
E:\OOD\main\chess-java-master\chess-java-master\src\Pawn.java,Pawn,getLegalMoves/1[Board],board,16
E:\OOD\main\chess-java-master\chess-java-master\src\Pawn.java,Pawn,move/1[Square],b,1
E:\OOD\main\chess-java-master\chess-java-master\src\Pawn.java,Pawn,move/1[Square],fin,1
E:\OOD\main\chess-java-master\chess-java-master\src\Pawn.java,Pawn,"Pawn/3[int,Square,java.lang.String]",initSq,1
E:\OOD\main\chess-java-master\chess-java-master\src\Pawn.java,Pawn,"Pawn/3[int,Square,java.lang.String]",color,1
E:\OOD\main\chess-java-master\chess-java-master\src\Pawn.java,Pawn,"Pawn/3[int,Square,java.lang.String]",img_file,1
E:\OOD\main\chess-java-master\chess-java-master\src\GameWindow.java,GameWindow$Anonymous2,actionPerformed/1[java.awt.event.ActionEvent],e,0
E:\OOD\main\chess-java-master\chess-java-master\src\GameWindow.java,GameWindow$Anonymous2,actionPerformed/1[java.awt.event.ActionEvent],n,1
E:\OOD\main\chess-java-master\chess-java-master\src\GameWindow.java,GameWindow$Anonymous1,actionPerformed/1[java.awt.event.ActionEvent],e,0
E:\OOD\main\chess-java-master\chess-java-master\src\GameWindow.java,GameWindow$Anonymous1,actionPerformed/1[java.awt.event.ActionEvent],turn,1
E:\OOD\main\chess-java-master\chess-java-master\src\GameWindow.java,GameWindow$Anonymous1,actionPerformed/1[java.awt.event.ActionEvent],n,3
E:\OOD\main\chess-java-master\chess-java-master\src\GameWindow.java,GameWindow,buttons/0,buttons,7
E:\OOD\main\chess-java-master\chess-java-master\src\GameWindow.java,GameWindow,buttons/0,instr,2
E:\OOD\main\chess-java-master\chess-java-master\src\GameWindow.java,GameWindow,buttons/0,quit,2
E:\OOD\main\chess-java-master\chess-java-master\src\GameWindow.java,GameWindow,buttons/0,nGame,2
E:\OOD\main\chess-java-master\chess-java-master\src\GameWindow.java,GameWindow,"gameDataPanel/5[java.lang.String,java.lang.String,int,int,int]",hh,1
E:\OOD\main\chess-java-master\chess-java-master\src\GameWindow.java,GameWindow,"gameDataPanel/5[java.lang.String,java.lang.String,int,int,int]",mm,1
E:\OOD\main\chess-java-master\chess-java-master\src\GameWindow.java,GameWindow,"gameDataPanel/5[java.lang.String,java.lang.String,int,int,int]",ss,1
E:\OOD\main\chess-java-master\chess-java-master\src\GameWindow.java,GameWindow,"gameDataPanel/5[java.lang.String,java.lang.String,int,int,int]",wTime,4
E:\OOD\main\chess-java-master\chess-java-master\src\GameWindow.java,GameWindow,"gameDataPanel/5[java.lang.String,java.lang.String,int,int,int]",b,5
E:\OOD\main\chess-java-master\chess-java-master\src\GameWindow.java,GameWindow,"gameDataPanel/5[java.lang.String,java.lang.String,int,int,int]",bTime,4
E:\OOD\main\chess-java-master\chess-java-master\src\GameWindow.java,GameWindow,"gameDataPanel/5[java.lang.String,java.lang.String,int,int,int]",wn,1
E:\OOD\main\chess-java-master\chess-java-master\src\GameWindow.java,GameWindow,"gameDataPanel/5[java.lang.String,java.lang.String,int,int,int]",w,5
E:\OOD\main\chess-java-master\chess-java-master\src\GameWindow.java,GameWindow,"gameDataPanel/5[java.lang.String,java.lang.String,int,int,int]",gameData,8
E:\OOD\main\chess-java-master\chess-java-master\src\GameWindow.java,GameWindow,"gameDataPanel/5[java.lang.String,java.lang.String,int,int,int]",bn,1
E:\OOD\main\chess-java-master\chess-java-master\src\GameWindow.java,GameWindow,"GameWindow/5[java.lang.String,java.lang.String,int,int,int]",hh,3
E:\OOD\main\chess-java-master\chess-java-master\src\GameWindow.java,GameWindow,"GameWindow/5[java.lang.String,java.lang.String,int,int,int]",mm,3
E:\OOD\main\chess-java-master\chess-java-master\src\GameWindow.java,GameWindow,"GameWindow/5[java.lang.String,java.lang.String,int,int,int]",ss,3
E:\OOD\main\chess-java-master\chess-java-master\src\GameWindow.java,GameWindow,"GameWindow/5[java.lang.String,java.lang.String,int,int,int]",e,0
E:\OOD\main\chess-java-master\chess-java-master\src\GameWindow.java,GameWindow,"GameWindow/5[java.lang.String,java.lang.String,int,int,int]",whiteImg,1
E:\OOD\main\chess-java-master\chess-java-master\src\GameWindow.java,GameWindow,"GameWindow/5[java.lang.String,java.lang.String,int,int,int]",gameData,3
E:\OOD\main\chess-java-master\chess-java-master\src\GameWindow.java,GameWindow,"GameWindow/5[java.lang.String,java.lang.String,int,int,int]",whiteName,1
E:\OOD\main\chess-java-master\chess-java-master\src\GameWindow.java,GameWindow,"GameWindow/5[java.lang.String,java.lang.String,int,int,int]",blackName,1
E:\OOD\main\chess-java-master\chess-java-master\src\GameWindow.java,GameWindow,checkmateOccurred/1[int],c,1
E:\OOD\main\chess-java-master\chess-java-master\src\GameWindow.java,GameWindow,checkmateOccurred/1[int],n,3
E:\OOD\main\chess-java-master\chess-java-master\src\Board.java,Board,mouseExited/1[java.awt.event.MouseEvent],e,0
E:\OOD\main\chess-java-master\chess-java-master\src\Board.java,Board,mouseClicked/1[java.awt.event.MouseEvent],e,0
E:\OOD\main\chess-java-master\chess-java-master\src\Board.java,Board,paintComponent/1[java.awt.Graphics],g,2
E:\OOD\main\chess-java-master\chess-java-master\src\Board.java,Board,paintComponent/1[java.awt.Graphics],x,3
E:\OOD\main\chess-java-master\chess-java-master\src\Board.java,Board,paintComponent/1[java.awt.Graphics],y,3
E:\OOD\main\chess-java-master\chess-java-master\src\Board.java,Board,paintComponent/1[java.awt.Graphics],i,1
E:\OOD\main\chess-java-master\chess-java-master\src\Board.java,Board,paintComponent/1[java.awt.Graphics],sq,1
E:\OOD\main\chess-java-master\chess-java-master\src\Board.java,Board,mouseReleased/1[java.awt.event.MouseEvent],legalMoves,1
E:\OOD\main\chess-java-master\chess-java-master\src\Board.java,Board,mouseReleased/1[java.awt.event.MouseEvent],e,2
E:\OOD\main\chess-java-master\chess-java-master\src\Board.java,Board,mouseReleased/1[java.awt.event.MouseEvent],sq,5
E:\OOD\main\chess-java-master\chess-java-master\src\Board.java,Board,mousePressed/1[java.awt.event.MouseEvent],e,4
E:\OOD\main\chess-java-master\chess-java-master\src\Board.java,Board,mousePressed/1[java.awt.event.MouseEvent],sq,3
E:\OOD\main\chess-java-master\chess-java-master\src\Board.java,Board,mouseEntered/1[java.awt.event.MouseEvent],e,0
E:\OOD\main\chess-java-master\chess-java-master\src\Board.java,Board,Board/1[GameWindow],yMod,2
E:\OOD\main\chess-java-master\chess-java-master\src\Board.java,Board,Board/1[GameWindow],g,2
E:\OOD\main\chess-java-master\chess-java-master\src\Board.java,Board,Board/1[GameWindow],x,9
E:\OOD\main\chess-java-master\chess-java-master\src\Board.java,Board,Board/1[GameWindow],y,9
E:\OOD\main\chess-java-master\chess-java-master\src\Board.java,Board,Board/1[GameWindow],xMod,2
E:\OOD\main\chess-java-master\chess-java-master\src\Board.java,Board,setCurrPiece/1[Piece],p,1
E:\OOD\main\chess-java-master\chess-java-master\src\Board.java,Board,mouseDragged/1[java.awt.event.MouseEvent],e,2
E:\OOD\main\chess-java-master\chess-java-master\src\Board.java,Board,mouseMoved/1[java.awt.event.MouseEvent],e,0
E:\OOD\main\chess-java-master\chess-java-master\src\Board.java,Board,initializePieces/0,wk,2
E:\OOD\main\chess-java-master\chess-java-master\src\Board.java,Board,initializePieces/0,x,11
E:\OOD\main\chess-java-master\chess-java-master\src\Board.java,Board,initializePieces/0,bk,2
E:\OOD\main\chess-java-master\chess-java-master\src\Board.java,Board,initializePieces/0,y,4
E:\OOD\main\chess-java-master\chess-java-master\src\Game.java,Game,main/1[java.lang.String[]],args,0
E:\OOD\main\chess-java-master\chess-java-master\src\King.java,King,"King/3[int,Square,java.lang.String]",initSq,1
E:\OOD\main\chess-java-master\chess-java-master\src\King.java,King,"King/3[int,Square,java.lang.String]",color,1
E:\OOD\main\chess-java-master\chess-java-master\src\King.java,King,"King/3[int,Square,java.lang.String]",img_file,1
E:\OOD\main\chess-java-master\chess-java-master\src\King.java,King,getLegalMoves/1[Board],b,1
E:\OOD\main\chess-java-master\chess-java-master\src\King.java,King,getLegalMoves/1[Board],legalMoves,2
E:\OOD\main\chess-java-master\chess-java-master\src\King.java,King,getLegalMoves/1[Board],e,0
E:\OOD\main\chess-java-master\chess-java-master\src\King.java,King,getLegalMoves/1[Board],x,3
E:\OOD\main\chess-java-master\chess-java-master\src\King.java,King,getLegalMoves/1[Board],y,3
E:\OOD\main\chess-java-master\chess-java-master\src\King.java,King,getLegalMoves/1[Board],i,6
E:\OOD\main\chess-java-master\chess-java-master\src\King.java,King,getLegalMoves/1[Board],k,6
E:\OOD\main\chess-java-master\chess-java-master\src\King.java,King,getLegalMoves/1[Board],board,3
E:\OOD\main\chess-java-master\chess-java-master\src\Piece.java,Piece,setPosition/1[Square],sq,1
E:\OOD\main\chess-java-master\chess-java-master\src\Piece.java,Piece,draw/1[java.awt.Graphics],g,1
E:\OOD\main\chess-java-master\chess-java-master\src\Piece.java,Piece,draw/1[java.awt.Graphics],x,1
E:\OOD\main\chess-java-master\chess-java-master\src\Piece.java,Piece,draw/1[java.awt.Graphics],y,1
E:\OOD\main\chess-java-master\chess-java-master\src\Piece.java,Piece,move/1[Square],occup,2
E:\OOD\main\chess-java-master\chess-java-master\src\Piece.java,Piece,move/1[Square],fin,3
E:\OOD\main\chess-java-master\chess-java-master\src\Piece.java,Piece,"getDiagonalOccupations/3[Square[][],int,int]",xNW,6
E:\OOD\main\chess-java-master\chess-java-master\src\Piece.java,Piece,"getDiagonalOccupations/3[Square[][],int,int]",diagOccup,9
E:\OOD\main\chess-java-master\chess-java-master\src\Piece.java,Piece,"getDiagonalOccupations/3[Square[][],int,int]",yNE,6
E:\OOD\main\chess-java-master\chess-java-master\src\Piece.java,Piece,"getDiagonalOccupations/3[Square[][],int,int]",yNW,6
E:\OOD\main\chess-java-master\chess-java-master\src\Piece.java,Piece,"getDiagonalOccupations/3[Square[][],int,int]",x,4
E:\OOD\main\chess-java-master\chess-java-master\src\Piece.java,Piece,"getDiagonalOccupations/3[Square[][],int,int]",y,4
E:\OOD\main\chess-java-master\chess-java-master\src\Piece.java,Piece,"getDiagonalOccupations/3[Square[][],int,int]",ySE,6
E:\OOD\main\chess-java-master\chess-java-master\src\Piece.java,Piece,"getDiagonalOccupations/3[Square[][],int,int]",xSE,6
E:\OOD\main\chess-java-master\chess-java-master\src\Piece.java,Piece,"getDiagonalOccupations/3[Square[][],int,int]",ySW,6
E:\OOD\main\chess-java-master\chess-java-master\src\Piece.java,Piece,"getDiagonalOccupations/3[Square[][],int,int]",xSW,6
E:\OOD\main\chess-java-master\chess-java-master\src\Piece.java,Piece,"getDiagonalOccupations/3[Square[][],int,int]",board,16
E:\OOD\main\chess-java-master\chess-java-master\src\Piece.java,Piece,"getDiagonalOccupations/3[Square[][],int,int]",xNE,6
E:\OOD\main\chess-java-master\chess-java-master\src\Piece.java,Piece,"Piece/3[int,Square,java.lang.String]",initSq,1
E:\OOD\main\chess-java-master\chess-java-master\src\Piece.java,Piece,"Piece/3[int,Square,java.lang.String]",color,2
E:\OOD\main\chess-java-master\chess-java-master\src\Piece.java,Piece,"Piece/3[int,Square,java.lang.String]",e,1
E:\OOD\main\chess-java-master\chess-java-master\src\Piece.java,Piece,"Piece/3[int,Square,java.lang.String]",img_file,1
E:\OOD\main\chess-java-master\chess-java-master\src\Piece.java,Piece,"getLinearOccupations/3[Square[][],int,int]",lastYabove,3
E:\OOD\main\chess-java-master\chess-java-master\src\Piece.java,Piece,"getLinearOccupations/3[Square[][],int,int]",occups,1
E:\OOD\main\chess-java-master\chess-java-master\src\Piece.java,Piece,"getLinearOccupations/3[Square[][],int,int]",lastXleft,3
E:\OOD\main\chess-java-master\chess-java-master\src\Piece.java,Piece,"getLinearOccupations/3[Square[][],int,int]",x,6
E:\OOD\main\chess-java-master\chess-java-master\src\Piece.java,Piece,"getLinearOccupations/3[Square[][],int,int]",y,6
E:\OOD\main\chess-java-master\chess-java-master\src\Piece.java,Piece,"getLinearOccupations/3[Square[][],int,int]",lastYbelow,3
E:\OOD\main\chess-java-master\chess-java-master\src\Piece.java,Piece,"getLinearOccupations/3[Square[][],int,int]",i,27
E:\OOD\main\chess-java-master\chess-java-master\src\Piece.java,Piece,"getLinearOccupations/3[Square[][],int,int]",lastXright,3
E:\OOD\main\chess-java-master\chess-java-master\src\Piece.java,Piece,"getLinearOccupations/3[Square[][],int,int]",board,8
E:\OOD\main\chess-java-master\chess-java-master\src\Piece.java,Piece,getLegalMoves/1[Board],b,0
E:\OOD\main\chess-java-master\chess-java-master\src\Knight.java,Knight,"Knight/3[int,Square,java.lang.String]",initSq,1
E:\OOD\main\chess-java-master\chess-java-master\src\Knight.java,Knight,"Knight/3[int,Square,java.lang.String]",color,1
E:\OOD\main\chess-java-master\chess-java-master\src\Knight.java,Knight,"Knight/3[int,Square,java.lang.String]",img_file,1
E:\OOD\main\chess-java-master\chess-java-master\src\Knight.java,Knight,getLegalMoves/1[Board],b,1
E:\OOD\main\chess-java-master\chess-java-master\src\Knight.java,Knight,getLegalMoves/1[Board],legalMoves,2
E:\OOD\main\chess-java-master\chess-java-master\src\Knight.java,Knight,getLegalMoves/1[Board],e,0
E:\OOD\main\chess-java-master\chess-java-master\src\Knight.java,Knight,getLegalMoves/1[Board],x,1
E:\OOD\main\chess-java-master\chess-java-master\src\Knight.java,Knight,getLegalMoves/1[Board],y,1
E:\OOD\main\chess-java-master\chess-java-master\src\Knight.java,Knight,getLegalMoves/1[Board],i,5
E:\OOD\main\chess-java-master\chess-java-master\src\Knight.java,Knight,getLegalMoves/1[Board],k,5
E:\OOD\main\chess-java-master\chess-java-master\src\Knight.java,Knight,getLegalMoves/1[Board],board,1
E:\OOD\main\chess-java-master\chess-java-master\src\Rook.java,Rook,getLegalMoves/1[Board],b,1
E:\OOD\main\chess-java-master\chess-java-master\src\Rook.java,Rook,getLegalMoves/1[Board],occups,4
E:\OOD\main\chess-java-master\chess-java-master\src\Rook.java,Rook,getLegalMoves/1[Board],legalMoves,3
E:\OOD\main\chess-java-master\chess-java-master\src\Rook.java,Rook,getLegalMoves/1[Board],x,3
E:\OOD\main\chess-java-master\chess-java-master\src\Rook.java,Rook,getLegalMoves/1[Board],y,3
E:\OOD\main\chess-java-master\chess-java-master\src\Rook.java,Rook,getLegalMoves/1[Board],i,9
E:\OOD\main\chess-java-master\chess-java-master\src\Rook.java,Rook,getLegalMoves/1[Board],board,3
E:\OOD\main\chess-java-master\chess-java-master\src\Rook.java,Rook,"Rook/3[int,Square,java.lang.String]",initSq,1
E:\OOD\main\chess-java-master\chess-java-master\src\Rook.java,Rook,"Rook/3[int,Square,java.lang.String]",color,1
E:\OOD\main\chess-java-master\chess-java-master\src\Rook.java,Rook,"Rook/3[int,Square,java.lang.String]",img_file,1
