file,class,type,cbo,cboModified,fanin,fanout,wmc,dit,noc,rfc,lcom,lcom*,tcc,lcc,totalMethodsQty,staticMethodsQty,publicMethodsQty,privateMethodsQty,protectedMethodsQty,defaultMethodsQty,visibleMethodsQty,abstractMethodsQty,finalMethodsQty,synchronizedMethodsQty,totalFieldsQty,staticFieldsQty,publicFieldsQty,privateFieldsQty,protectedFieldsQty,defaultFieldsQty,finalFieldsQty,synchronizedFieldsQty,nosi,loc,returnQty,loopQty,comparisonsQty,tryCatchQty,parenthesizedExpsQty,stringLiteralsQty,numbersQty,assignmentsQty,mathOperationsQty,variablesQty,maxNestedBlocksQty,anonymousClassesQty,innerClassesQty,lambdasQty,uniqueWordsQty,modifiers,logStatementsQty
E:\OOD\main\MrWall-master\MrWall-master\src\PlayPanelStrategyContext.java,PlayPanelStrategyContext,class,7,14,7,7,7,1,0,3,0,0.5714286,0.61904764,1.0,7,0,7,0,0,0,7,0,0,0,3,0,0,3,0,0,0,0,4,31,5,0,0,0,0,0,14,8,0,3,0,0,0,0,16,1,0
E:\OOD\main\MrWall-master\MrWall-master\src\Shape.java,Shape,class,0,1,1,0,5,1,1,0,6,0.74285716,0.2,0.3,5,0,5,0,0,0,5,1,0,0,7,0,0,0,7,0,0,0,0,27,3,0,0,0,0,0,6,6,0,7,0,0,0,0,19,1025,0
E:\OOD\main\MrWall-master\MrWall-master\src\Enemigo.java,Enemigo,class,2,4,2,2,51,1,0,16,580,0.8933334,0.12820514,0.85384613,40,0,39,0,1,0,40,0,0,0,15,0,0,15,0,0,0,0,14,192,23,0,1,0,4,7,16,41,16,17,2,0,0,0,59,1,0
E:\OOD\main\MrWall-master\MrWall-master\src\JuanitoHUD.java,JuanitoHUD,class,2,4,2,2,19,1,0,12,0,0.60714287,0.2857143,0.47619048,7,1,7,0,0,0,7,0,0,1,8,1,0,8,0,0,0,0,2,90,2,0,1,2,0,14,45,19,11,9,1,0,0,0,40,1,0
E:\OOD\main\MrWall-master\MrWall-master\src\Nivel2.java,Nivel2,class,8,11,3,8,18,1,0,11,60,0.76470596,0.27941176,1.0,17,0,17,0,0,0,17,0,0,0,7,0,0,6,0,1,0,0,1,76,7,1,0,0,0,5,26,15,2,9,1,0,0,0,26,1,0
E:\OOD\main\MrWall-master\MrWall-master\src\Icons.java,Icons,interface,0,0,0,0,0,1,0,0,0,0.0,-1.0,-1.0,0,0,0,0,0,0,0,0,0,0,0,0,0,0,0,0,0,0,0,2,0,0,0,0,0,0,0,0,0,0,0,0,0,0,1,1,0
E:\OOD\main\MrWall-master\MrWall-master\src\SoundLoader.java,SoundLoader,class,1,6,5,1,15,1,0,15,7,0.7,0.26666668,0.4,6,1,6,0,0,0,6,0,0,1,5,1,0,5,0,0,0,0,2,57,1,2,4,1,0,5,2,13,0,11,2,0,0,0,43,1,0
E:\OOD\main\MrWall-master\MrWall-master\src\JuanitoMovingState.java,JuanitoMovingState,class,5,6,1,5,20,1,0,27,30,0.6666667,0.083333336,0.083333336,9,0,9,0,0,0,9,0,0,0,1,0,0,0,0,1,0,0,43,59,0,0,4,0,0,7,12,2,0,1,1,0,0,0,21,1,0
E:\OOD\main\MrWall-master\MrWall-master\src\JuanitoStateContext.java,JuanitoStateContext,class,8,17,9,8,8,1,0,3,0,0.5833333,0.64285713,1.0,8,0,8,0,0,0,8,0,0,0,3,0,0,3,0,0,0,0,5,35,6,0,0,0,0,0,17,9,0,3,0,0,0,0,15,1,0
E:\OOD\main\MrWall-master\MrWall-master\src\Button.java,Button,class,1,6,5,1,14,2,0,5,23,0.7375,0.24444444,0.37777779,10,0,10,0,0,0,10,0,0,0,8,0,0,8,0,0,0,0,1,54,6,0,0,0,3,1,9,12,5,8,1,0,0,0,28,1,0
E:\OOD\main\MrWall-master\MrWall-master\src\JuanitoStaticState.java,JuanitoStaticState,class,5,7,2,5,16,1,0,23,16,0.44444445,0.2777778,0.2777778,9,0,9,0,0,0,9,0,0,1,1,0,0,0,0,1,0,0,32,65,0,0,3,0,0,7,10,2,0,1,2,0,0,0,20,1,0
E:\OOD\main\MrWall-master\MrWall-master\src\Nivel1.java,Nivel1,class,8,12,4,8,19,1,0,13,63,0.7619048,0.29411766,1.0,18,0,18,0,0,0,18,0,0,0,7,0,0,6,0,1,0,0,1,81,7,1,0,0,0,4,22,16,2,9,1,0,0,0,27,1,0
E:\OOD\main\MrWall-master\MrWall-master\src\Enemigos.java,Enemigos,class,6,13,7,6,31,1,0,31,0,0.5952381,0.7582418,1.0,14,0,14,0,0,0,14,0,0,1,3,0,0,3,0,0,0,0,15,110,4,7,4,0,0,2,6,21,5,17,4,0,0,0,33,1,0
E:\OOD\main\MrWall-master\MrWall-master\src\PlayPanelStrategyProperties.java,PlayPanelStrategyProperties,class,0,1,1,0,6,1,0,0,0,0.0,1.0,1.0,2,0,1,0,0,1,2,0,0,0,1,0,0,1,0,0,0,0,0,25,5,0,0,0,0,6,4,6,0,1,1,0,0,0,8,1,0
E:\OOD\main\MrWall-master\MrWall-master\src\GameStateContext.java,GameStateContext,class,5,9,4,5,5,1,0,3,0,0.53333336,0.6,1.0,5,0,5,0,0,0,5,0,0,0,3,0,0,3,0,0,0,0,2,23,3,0,0,0,0,0,8,6,0,3,0,0,0,0,12,1,0
E:\OOD\main\MrWall-master\MrWall-master\src\JuanitoState.java,JuanitoState,interface,0,10,10,0,8,1,0,0,28,0.0,0.0,0.0,8,0,8,0,0,0,8,0,0,0,0,0,0,0,0,0,0,0,0,10,0,0,0,0,0,0,0,0,0,0,0,0,0,0,11,0,0
E:\OOD\main\MrWall-master\MrWall-master\src\NivelRules.java,NivelRules,class,6,7,1,6,17,1,0,1,94,0.82352936,0.15441176,0.77205884,17,0,17,0,0,0,17,0,0,0,7,0,0,6,0,1,0,0,0,65,7,0,0,0,0,5,11,14,0,7,0,0,0,0,24,1,0
E:\OOD\main\MrWall-master\MrWall-master\src\GameActiveState.java,GameActiveState,class,5,8,3,5,9,1,0,1,22,0.7037037,0.19444445,0.30555555,9,0,9,0,0,0,9,0,0,0,3,0,0,3,0,0,0,0,0,32,3,0,0,0,0,3,7,5,0,3,0,0,0,0,16,1,0
E:\OOD\main\MrWall-master\MrWall-master\src\Background.java,Background,class,1,12,11,1,12,1,0,6,0,0.6111111,0.5,1.0,9,0,9,0,0,0,9,0,0,0,4,0,0,4,0,0,0,0,1,44,3,0,0,1,2,0,3,8,1,5,1,0,0,0,23,1,0
E:\OOD\main\MrWall-master\MrWall-master\src\JuanitoPausedState.java,JuanitoPausedState,class,2,3,1,2,9,1,0,0,36,0.8888889,0.0,0.0,9,0,9,0,0,0,9,0,0,0,1,0,0,0,0,1,0,0,0,22,0,0,0,0,0,0,0,1,0,1,0,0,0,0,15,1,0
E:\OOD\main\MrWall-master\MrWall-master\src\Sprite.java,Sprite,class,1,3,2,1,23,1,0,15,6,0.78125006,0.3272727,0.38181818,12,0,10,1,1,0,11,0,0,0,11,0,11,0,0,0,0,0,1,103,8,1,2,1,3,0,31,38,15,22,3,0,0,0,54,1,0
E:\OOD\main\MrWall-master\MrWall-master\src\Chancla.java,Chancla,class,3,10,7,3,38,2,0,15,228,0.8338558,0.18965517,0.8669951,29,0,29,0,0,0,29,0,0,0,11,0,0,11,0,0,0,0,12,144,13,0,1,0,11,1,28,39,22,11,1,0,0,0,45,1,0
E:\OOD\main\MrWall-master\MrWall-master\src\NivelMenu.java,NivelMenu,class,6,7,1,6,17,1,0,1,94,0.82352936,0.15441176,0.77205884,17,0,17,0,0,0,17,0,0,0,7,0,0,6,0,1,0,0,0,66,7,0,0,0,0,7,16,14,0,7,0,0,0,0,24,1,0
E:\OOD\main\MrWall-master\MrWall-master\src\PlayPanelStrategyFactory.java,PlayPanelStrategyFactory,class,4,6,2,4,5,1,0,4,1,0.5,0.0,0.0,2,1,2,0,0,0,2,0,0,1,1,1,0,1,0,0,0,0,1,24,3,0,2,1,0,0,0,3,0,2,1,0,0,0,16,1,0
E:\OOD\main\MrWall-master\MrWall-master\src\GameStateFactory.java,GameStateFactory,class,4,6,2,4,5,1,0,4,1,0.5,0.0,0.0,2,1,2,0,0,0,2,0,0,1,1,1,0,1,0,0,0,0,1,24,3,0,2,1,0,0,0,3,0,2,1,0,0,0,14,1,0
E:\OOD\main\MrWall-master\MrWall-master\src\GameState.java,GameState,interface,2,7,5,2,6,1,0,0,15,0.0,0.0,0.0,6,0,6,0,0,0,6,0,0,0,0,0,0,0,0,0,0,0,0,8,0,0,0,0,0,0,0,0,0,0,0,0,0,0,10,1,0
E:\OOD\main\MrWall-master\MrWall-master\src\JuanitoStateFactory.java,JuanitoStateFactory,class,4,6,2,4,5,1,0,4,1,0.5,0.0,0.0,2,1,2,0,0,0,2,0,0,1,1,1,0,1,0,0,0,0,1,24,3,0,2,1,0,0,0,3,0,2,1,0,0,0,14,1,0
E:\OOD\main\MrWall-master\MrWall-master\src\JuanitoDeadState.java,JuanitoDeadState,class,2,3,1,2,9,1,0,1,36,0.8888889,0.0,0.0,9,0,9,0,0,0,9,0,0,0,1,0,0,0,0,1,0,0,0,30,0,0,0,0,0,8,0,1,0,1,0,0,0,0,21,1,0
E:\OOD\main\MrWall-master\MrWall-master\src\GamePausedState.java,GamePausedState,class,5,7,2,5,9,1,0,1,22,0.7037037,0.19444445,0.30555555,9,0,9,0,0,0,9,0,0,0,3,0,0,3,0,0,0,0,0,32,3,0,0,0,0,3,7,5,0,3,0,0,0,0,16,1,0
E:\OOD\main\MrWall-master\MrWall-master\src\Juanito.java,Juanito,class,7,20,13,7,98,2,0,23,1604,0.92604166,0.0734127,0.96875,64,1,63,0,1,0,64,0,0,1,28,2,0,28,0,0,0,0,0,331,32,0,4,0,4,8,45,68,16,31,4,0,0,0,102,1,0
E:\OOD\main\MrWall-master\MrWall-master\src\JuanitoInjuredState.java,JuanitoInjuredState,class,3,4,1,3,11,1,0,16,6,0.33333334,0.41666666,0.41666666,9,0,9,0,0,0,9,0,0,0,1,0,0,0,0,1,0,0,14,37,0,0,1,0,0,3,4,1,0,1,1,0,0,0,21,1,0
E:\OOD\main\MrWall-master\MrWall-master\src\Obstaculo.java,Obstaculo,class,3,5,2,3,34,1,0,21,89,0.7613636,0.3073593,1.0,22,0,21,0,1,0,22,0,0,0,8,0,0,8,0,0,0,0,24,114,12,0,4,0,0,3,3,18,9,9,2,0,0,0,43,1,0
E:\OOD\main\MrWall-master\MrWall-master\src\Obstaculos.java,Obstaculos,class,2,9,7,2,20,1,0,18,0,0.0,1.0,1.0,10,0,10,0,0,0,10,0,0,1,1,0,0,1,0,0,0,0,5,69,4,5,3,0,0,0,2,13,1,11,3,0,0,0,30,1,0
E:\OOD\main\MrWall-master\MrWall-master\src\Buttons.java,Buttons,class,1,7,6,1,9,1,0,5,0,0.0,1.0,1.0,6,0,6,0,0,0,6,0,0,0,1,0,0,1,0,0,0,0,0,28,4,2,1,0,0,0,3,3,0,3,2,0,0,0,13,1,0
E:\OOD\main\MrWall-master\MrWall-master\src\GameStateProperties.java,GameStateProperties,class,0,1,1,0,4,1,0,0,0,0.0,1.0,1.0,2,0,1,0,0,1,2,0,0,0,1,0,0,1,0,0,0,0,0,19,3,0,0,0,0,4,2,4,0,1,1,0,0,0,7,1,0
E:\OOD\main\MrWall-master\MrWall-master\src\PlayPanel.java,PlayPanel$Anonymous1,anonymous,1,1,0,1,1,1,0,4,0,0.0,NaN,NaN,1,0,1,0,0,0,1,0,0,0,0,0,0,0,0,0,0,0,0,7,0,0,0,0,0,0,0,1,0,1,0,0,0,0,11,-1,0
E:\OOD\main\MrWall-master\MrWall-master\src\PlayPanel.java,PlayPanel$Anonymous2,anonymous,1,1,0,1,1,1,0,4,0,0.0,NaN,NaN,1,0,1,0,0,0,1,0,0,0,0,0,0,0,0,0,0,0,0,7,0,0,0,0,0,0,0,1,0,1,0,0,0,0,12,-1,0
E:\OOD\main\MrWall-master\MrWall-master\src\PlayPanelStrategy.java,PlayPanelStrategy,interface,5,12,7,5,16,1,0,0,120,0.0,0.0,0.0,16,0,16,0,0,0,16,0,0,0,0,0,0,0,0,0,0,0,0,18,0,0,0,0,0,0,0,0,0,0,0,0,0,0,22,1,0
E:\OOD\main\MrWall-master\MrWall-master\src\Main.java,Main,class,1,1,0,1,1,1,0,8,0,0.0,NaN,NaN,1,1,1,0,0,0,1,0,0,0,0,0,0,0,0,0,0,0,0,14,0,0,0,0,0,1,2,3,0,3,0,0,0,0,14,1,0
E:\OOD\main\MrWall-master\MrWall-master\src\PlayPanel.java,PlayPanel,class,18,22,4,18,70,5,0,116,149,0.84980226,0.17894737,0.2,23,0,19,3,1,0,20,0,0,0,22,5,0,22,0,0,4,0,66,356,4,5,23,3,6,14,50,69,11,37,5,2,0,0,140,1,0
E:\OOD\main\MrWall-master\MrWall-master\src\JuanitoStateProperties.java,JuanitoStateProperties,class,0,1,1,0,7,1,0,0,0,0.0,1.0,1.0,2,0,1,0,0,1,2,0,0,0,1,0,0,1,0,0,0,0,0,28,6,0,0,0,0,7,5,7,0,1,1,0,0,0,7,1,0
