file,class,method,variable,usage
E:\OOD\main\MrWall-master\MrWall-master\src\PlayPanelStrategyContext.java,PlayPanelStrategyContext,getNivelMenu/0,niveles,1
E:\OOD\main\MrWall-master\MrWall-master\src\PlayPanelStrategyContext.java,PlayPanelStrategyContext,getNivel1/0,niveles,1
E:\OOD\main\MrWall-master\MrWall-master\src\PlayPanelStrategyContext.java,PlayPanelStrategyContext,getNivel2/0,niveles,1
E:\OOD\main\MrWall-master\MrWall-master\src\PlayPanelStrategyContext.java,PlayPanelStrategyContext,setCurrent/1[PlayPanelStrategy],current,1
E:\OOD\main\MrWall-master\MrWall-master\src\PlayPanelStrategyContext.java,PlayPanelStrategyContext,getCurrent/0,current,1
E:\OOD\main\MrWall-master\MrWall-master\src\PlayPanelStrategyContext.java,PlayPanelStrategyContext,getNivelRules/0,niveles,1
E:\OOD\main\MrWall-master\MrWall-master\src\PlayPanelStrategyContext.java,PlayPanelStrategyContext,PlayPanelStrategyContext/0,current,1
E:\OOD\main\MrWall-master\MrWall-master\src\PlayPanelStrategyContext.java,PlayPanelStrategyContext,PlayPanelStrategyContext/0,niveles,5
E:\OOD\main\MrWall-master\MrWall-master\src\PlayPanelStrategyContext.java,PlayPanelStrategyContext,PlayPanelStrategyContext/0,propiedades,5
E:\OOD\main\MrWall-master\MrWall-master\src\Shape.java,Shape,"Shape/5[int,int,int,int,java.awt.Color]",c,3
E:\OOD\main\MrWall-master\MrWall-master\src\Shape.java,Shape,"Shape/5[int,int,int,int,java.awt.Color]",x,3
E:\OOD\main\MrWall-master\MrWall-master\src\Shape.java,Shape,"Shape/5[int,int,int,int,java.awt.Color]",width,3
E:\OOD\main\MrWall-master\MrWall-master\src\Shape.java,Shape,"Shape/5[int,int,int,int,java.awt.Color]",y,3
E:\OOD\main\MrWall-master\MrWall-master\src\Shape.java,Shape,"Shape/5[int,int,int,int,java.awt.Color]",roundedRectangle,1
E:\OOD\main\MrWall-master\MrWall-master\src\Shape.java,Shape,"Shape/5[int,int,int,int,java.awt.Color]",height,3
E:\OOD\main\MrWall-master\MrWall-master\src\Shape.java,Shape,getY/0,y,1
E:\OOD\main\MrWall-master\MrWall-master\src\Shape.java,Shape,getX/0,x,1
E:\OOD\main\MrWall-master\MrWall-master\src\Shape.java,Shape,getRectangle/0,rect,1
E:\OOD\main\MrWall-master\MrWall-master\src\Enemigo.java,Enemigo,getRectangulo/0,rectangulo,1
E:\OOD\main\MrWall-master\MrWall-master\src\Enemigo.java,Enemigo,getEstillder/0,estillder,1
E:\OOD\main\MrWall-master\MrWall-master\src\Enemigo.java,Enemigo,setEmoveder/1[javax.swing.ImageIcon],emoveder,3
E:\OOD\main\MrWall-master\MrWall-master\src\Enemigo.java,Enemigo,setPerfilder/1[boolean],perfilder,3
E:\OOD\main\MrWall-master\MrWall-master\src\Enemigo.java,Enemigo,"Enemigo/4[int,int,int,int]",rectangulo,1
E:\OOD\main\MrWall-master\MrWall-master\src\Enemigo.java,Enemigo,"Enemigo/4[int,int,int,int]",perfilizq,1
E:\OOD\main\MrWall-master\MrWall-master\src\Enemigo.java,Enemigo,"Enemigo/4[int,int,int,int]",juanitocercano,1
E:\OOD\main\MrWall-master\MrWall-master\src\Enemigo.java,Enemigo,"Enemigo/4[int,int,int,int]",estillder,1
E:\OOD\main\MrWall-master\MrWall-master\src\Enemigo.java,Enemigo,"Enemigo/4[int,int,int,int]",vida,1
E:\OOD\main\MrWall-master\MrWall-master\src\Enemigo.java,Enemigo,"Enemigo/4[int,int,int,int]",emoveder,1
E:\OOD\main\MrWall-master\MrWall-master\src\Enemigo.java,Enemigo,"Enemigo/4[int,int,int,int]",perfilder,1
E:\OOD\main\MrWall-master\MrWall-master\src\Enemigo.java,Enemigo,"Enemigo/4[int,int,int,int]",currentimage,1
E:\OOD\main\MrWall-master\MrWall-master\src\Enemigo.java,Enemigo,"Enemigo/4[int,int,int,int]",estillizq,2
E:\OOD\main\MrWall-master\MrWall-master\src\Enemigo.java,Enemigo,"Enemigo/4[int,int,int,int]",einvisible,1
E:\OOD\main\MrWall-master\MrWall-master\src\Enemigo.java,Enemigo,"Enemigo/4[int,int,int,int]",x,4
E:\OOD\main\MrWall-master\MrWall-master\src\Enemigo.java,Enemigo,"Enemigo/4[int,int,int,int]",width,4
E:\OOD\main\MrWall-master\MrWall-master\src\Enemigo.java,Enemigo,"Enemigo/4[int,int,int,int]",y,4
E:\OOD\main\MrWall-master\MrWall-master\src\Enemigo.java,Enemigo,"Enemigo/4[int,int,int,int]",emoveizq,1
E:\OOD\main\MrWall-master\MrWall-master\src\Enemigo.java,Enemigo,"Enemigo/4[int,int,int,int]",height,4
E:\OOD\main\MrWall-master\MrWall-master\src\Enemigo.java,Enemigo,getWidth/0,width,1
E:\OOD\main\MrWall-master\MrWall-master\src\Enemigo.java,Enemigo,isPerfilizq/0,perfilizq,1
E:\OOD\main\MrWall-master\MrWall-master\src\Enemigo.java,Enemigo,getCurrentImage/0,currentimage,1
E:\OOD\main\MrWall-master\MrWall-master\src\Enemigo.java,Enemigo,setCurrentImage/1[javax.swing.ImageIcon],currentimage,3
E:\OOD\main\MrWall-master\MrWall-master\src\Enemigo.java,Enemigo,setWidth/1[int],width,3
E:\OOD\main\MrWall-master\MrWall-master\src\Enemigo.java,Enemigo,isColliding/0,rectangulo,1
E:\OOD\main\MrWall-master\MrWall-master\src\Enemigo.java,Enemigo,setY/1[int],rectangulo,1
E:\OOD\main\MrWall-master\MrWall-master\src\Enemigo.java,Enemigo,setY/1[int],x,1
E:\OOD\main\MrWall-master\MrWall-master\src\Enemigo.java,Enemigo,setY/1[int],y,4
E:\OOD\main\MrWall-master\MrWall-master\src\Enemigo.java,Enemigo,getCurrentimage/0,currentimage,1
E:\OOD\main\MrWall-master\MrWall-master\src\Enemigo.java,Enemigo,setEstillizq/1[javax.swing.ImageIcon],estillizq,3
E:\OOD\main\MrWall-master\MrWall-master\src\Enemigo.java,Enemigo,setEinvisible/1[javax.swing.ImageIcon],einvisible,3
E:\OOD\main\MrWall-master\MrWall-master\src\Enemigo.java,Enemigo,isPerfilder/0,perfilder,1
E:\OOD\main\MrWall-master\MrWall-master\src\Enemigo.java,Enemigo,getY/0,y,1
E:\OOD\main\MrWall-master\MrWall-master\src\Enemigo.java,Enemigo,setCurrentimage/1[javax.swing.ImageIcon],currentimage,3
E:\OOD\main\MrWall-master\MrWall-master\src\Enemigo.java,Enemigo,setJuanitocercano/1[boolean],juanitocercano,3
E:\OOD\main\MrWall-master\MrWall-master\src\Enemigo.java,Enemigo,atrapoJuanito/0,rectangulo,2
E:\OOD\main\MrWall-master\MrWall-master\src\Enemigo.java,Enemigo,getVida/0,vida,1
E:\OOD\main\MrWall-master\MrWall-master\src\Enemigo.java,Enemigo,move/0,perfilizq,2
E:\OOD\main\MrWall-master\MrWall-master\src\Enemigo.java,Enemigo,move/0,perfilder,2
E:\OOD\main\MrWall-master\MrWall-master\src\Enemigo.java,Enemigo,move/0,currentimage,4
E:\OOD\main\MrWall-master\MrWall-master\src\Enemigo.java,Enemigo,move/0,estillder,1
E:\OOD\main\MrWall-master\MrWall-master\src\Enemigo.java,Enemigo,move/0,estillizq,1
E:\OOD\main\MrWall-master\MrWall-master\src\Enemigo.java,Enemigo,move/0,x,3
E:\OOD\main\MrWall-master\MrWall-master\src\Enemigo.java,Enemigo,move/0,emoveizq,1
E:\OOD\main\MrWall-master\MrWall-master\src\Enemigo.java,Enemigo,move/0,emoveder,1
E:\OOD\main\MrWall-master\MrWall-master\src\Enemigo.java,Enemigo,getEinvisible/0,einvisible,1
E:\OOD\main\MrWall-master\MrWall-master\src\Enemigo.java,Enemigo,setPerfilizq/1[boolean],perfilizq,3
E:\OOD\main\MrWall-master\MrWall-master\src\Enemigo.java,Enemigo,draw/1[java.awt.Graphics],currentimage,1
E:\OOD\main\MrWall-master\MrWall-master\src\Enemigo.java,Enemigo,draw/1[java.awt.Graphics],x,1
E:\OOD\main\MrWall-master\MrWall-master\src\Enemigo.java,Enemigo,draw/1[java.awt.Graphics],y,1
E:\OOD\main\MrWall-master\MrWall-master\src\Enemigo.java,Enemigo,setVida/1[int],vida,3
E:\OOD\main\MrWall-master\MrWall-master\src\Enemigo.java,Enemigo,setEmoveizq/1[javax.swing.ImageIcon],emoveizq,3
E:\OOD\main\MrWall-master\MrWall-master\src\Enemigo.java,Enemigo,getX/0,x,1
E:\OOD\main\MrWall-master\MrWall-master\src\Enemigo.java,Enemigo,getEmoveder/0,emoveder,1
E:\OOD\main\MrWall-master\MrWall-master\src\Enemigo.java,Enemigo,setHeight/1[int],height,3
E:\OOD\main\MrWall-master\MrWall-master\src\Enemigo.java,Enemigo,getHeight/0,height,1
E:\OOD\main\MrWall-master\MrWall-master\src\Enemigo.java,Enemigo,setEstillder/1[javax.swing.ImageIcon],estillder,3
E:\OOD\main\MrWall-master\MrWall-master\src\Enemigo.java,Enemigo,getEstillizq/0,estillizq,1
E:\OOD\main\MrWall-master\MrWall-master\src\Enemigo.java,Enemigo,setX/1[int],rectangulo,1
E:\OOD\main\MrWall-master\MrWall-master\src\Enemigo.java,Enemigo,setX/1[int],x,4
E:\OOD\main\MrWall-master\MrWall-master\src\Enemigo.java,Enemigo,setX/1[int],y,1
E:\OOD\main\MrWall-master\MrWall-master\src\Enemigo.java,Enemigo,setRectangulo/1[java.awt.Rectangle],rectangulo,3
E:\OOD\main\MrWall-master\MrWall-master\src\Enemigo.java,Enemigo,getEmoveizq/0,emoveizq,1
E:\OOD\main\MrWall-master\MrWall-master\src\Enemigo.java,Enemigo,isJuanitocercano/0,juanitocercano,1
E:\OOD\main\MrWall-master\MrWall-master\src\JuanitoHUD.java,JuanitoHUD,JuanitoHUD/0,current,1
E:\OOD\main\MrWall-master\MrWall-master\src\JuanitoHUD.java,JuanitoHUD,JuanitoHUD/0,noheart,2
E:\OOD\main\MrWall-master\MrWall-master\src\JuanitoHUD.java,JuanitoHUD,JuanitoHUD/0,heart,1
E:\OOD\main\MrWall-master\MrWall-master\src\JuanitoHUD.java,JuanitoHUD,update/1[Juanito],vidas,1
E:\OOD\main\MrWall-master\MrWall-master\src\JuanitoHUD.java,JuanitoHUD,update/1[Juanito],puntos,1
E:\OOD\main\MrWall-master\MrWall-master\src\JuanitoHUD.java,JuanitoHUD,update/1[Juanito],nivel,1
E:\OOD\main\MrWall-master\MrWall-master\src\JuanitoHUD.java,JuanitoHUD,setPuntos/1[int],puntos,2
E:\OOD\main\MrWall-master\MrWall-master\src\JuanitoHUD.java,JuanitoHUD,getInstance/0,hud,3
E:\OOD\main\MrWall-master\MrWall-master\src\JuanitoHUD.java,JuanitoHUD,draw/1[java.awt.Graphics],current,1
E:\OOD\main\MrWall-master\MrWall-master\src\JuanitoHUD.java,JuanitoHUD,draw/1[java.awt.Graphics],vidas,1
E:\OOD\main\MrWall-master\MrWall-master\src\JuanitoHUD.java,JuanitoHUD,draw/1[java.awt.Graphics],puntos,17
E:\OOD\main\MrWall-master\MrWall-master\src\JuanitoHUD.java,JuanitoHUD,draw/1[java.awt.Graphics],nivel,1
E:\OOD\main\MrWall-master\MrWall-master\src\JuanitoHUD.java,JuanitoHUD,draw/1[java.awt.Graphics],mycolor,1
E:\OOD\main\MrWall-master\MrWall-master\src\JuanitoHUD.java,JuanitoHUD,setVisible/1[boolean],current,2
E:\OOD\main\MrWall-master\MrWall-master\src\JuanitoHUD.java,JuanitoHUD,setVisible/1[boolean],noheart,1
E:\OOD\main\MrWall-master\MrWall-master\src\JuanitoHUD.java,JuanitoHUD,setVisible/1[boolean],heart,1
E:\OOD\main\MrWall-master\MrWall-master\src\JuanitoHUD.java,JuanitoHUD,setVisible/1[boolean],mycolor,2
E:\OOD\main\MrWall-master\MrWall-master\src\Nivel2.java,Nivel2,getButtons/0,buttons,1
E:\OOD\main\MrWall-master\MrWall-master\src\Nivel2.java,Nivel2,getBackground/0,background,1
E:\OOD\main\MrWall-master\MrWall-master\src\Nivel2.java,Nivel2,getForeground/0,foreground,1
E:\OOD\main\MrWall-master\MrWall-master\src\Nivel2.java,Nivel2,setMiddleground/1[Background],middleground,3
E:\OOD\main\MrWall-master\MrWall-master\src\Nivel2.java,Nivel2,getContext/0,context,1
E:\OOD\main\MrWall-master\MrWall-master\src\Nivel2.java,Nivel2,setBackground/1[Background],background,3
E:\OOD\main\MrWall-master\MrWall-master\src\Nivel2.java,Nivel2,setObstaculos/1[Obstaculos],obstaculos,3
E:\OOD\main\MrWall-master\MrWall-master\src\Nivel2.java,Nivel2,Nivel2/1[PlayPanelStrategyContext],middleground,1
E:\OOD\main\MrWall-master\MrWall-master\src\Nivel2.java,Nivel2,Nivel2/1[PlayPanelStrategyContext],buttons,1
E:\OOD\main\MrWall-master\MrWall-master\src\Nivel2.java,Nivel2,Nivel2/1[PlayPanelStrategyContext],obstaculos,1
E:\OOD\main\MrWall-master\MrWall-master\src\Nivel2.java,Nivel2,Nivel2/1[PlayPanelStrategyContext],background,1
E:\OOD\main\MrWall-master\MrWall-master\src\Nivel2.java,Nivel2,Nivel2/1[PlayPanelStrategyContext],context,3
E:\OOD\main\MrWall-master\MrWall-master\src\Nivel2.java,Nivel2,Nivel2/1[PlayPanelStrategyContext],foreground,1
E:\OOD\main\MrWall-master\MrWall-master\src\Nivel2.java,Nivel2,Nivel2/1[PlayPanelStrategyContext],enemigos,1
E:\OOD\main\MrWall-master\MrWall-master\src\Nivel2.java,Nivel2,reset/0,middleground,1
E:\OOD\main\MrWall-master\MrWall-master\src\Nivel2.java,Nivel2,reset/0,obstaculos,1
E:\OOD\main\MrWall-master\MrWall-master\src\Nivel2.java,Nivel2,reset/0,background,1
E:\OOD\main\MrWall-master\MrWall-master\src\Nivel2.java,Nivel2,reset/0,foreground,1
E:\OOD\main\MrWall-master\MrWall-master\src\Nivel2.java,Nivel2,reset/0,enemigos,1
E:\OOD\main\MrWall-master\MrWall-master\src\Nivel2.java,Nivel2,createStuff/0,obstaculos,2
E:\OOD\main\MrWall-master\MrWall-master\src\Nivel2.java,Nivel2,createStuff/0,enemigos,1
E:\OOD\main\MrWall-master\MrWall-master\src\Nivel2.java,Nivel2,setForeground/1[Background],foreground,3
E:\OOD\main\MrWall-master\MrWall-master\src\Nivel2.java,Nivel2,getObstaculos/0,obstaculos,1
E:\OOD\main\MrWall-master\MrWall-master\src\Nivel2.java,Nivel2,getMiddleground/0,middleground,1
E:\OOD\main\MrWall-master\MrWall-master\src\Nivel2.java,Nivel2,setEnemigos/1[Enemigos],enemigos,3
E:\OOD\main\MrWall-master\MrWall-master\src\Nivel2.java,Nivel2,setContext/1[PlayPanelStrategyContext],context,3
E:\OOD\main\MrWall-master\MrWall-master\src\Nivel2.java,Nivel2,getEnemigos/0,enemigos,1
E:\OOD\main\MrWall-master\MrWall-master\src\Nivel2.java,Nivel2,setButtons/1[Buttons],buttons,1
E:\OOD\main\MrWall-master\MrWall-master\src\SoundLoader.java,SoundLoader,startMusic/0,running,1
E:\OOD\main\MrWall-master\MrWall-master\src\SoundLoader.java,SoundLoader,startMusic/0,musicthread,3
E:\OOD\main\MrWall-master\MrWall-master\src\SoundLoader.java,SoundLoader,SoundLoader/1[java.lang.String[]],running,1
E:\OOD\main\MrWall-master\MrWall-master\src\SoundLoader.java,SoundLoader,SoundLoader/1[java.lang.String[]],soundList,2
E:\OOD\main\MrWall-master\MrWall-master\src\SoundLoader.java,SoundLoader,setCurrentIndex/1[int],currentSongIndex,1
E:\OOD\main\MrWall-master\MrWall-master\src\SoundLoader.java,SoundLoader,getInstance/0,instance,3
E:\OOD\main\MrWall-master\MrWall-master\src\SoundLoader.java,SoundLoader,run/0,running,1
E:\OOD\main\MrWall-master\MrWall-master\src\SoundLoader.java,SoundLoader,run/0,soundList,2
E:\OOD\main\MrWall-master\MrWall-master\src\SoundLoader.java,SoundLoader,run/0,currentSongIndex,3
E:\OOD\main\MrWall-master\MrWall-master\src\JuanitoMovingState.java,JuanitoMovingState,JuanitoMovingState/1[JuanitoStateContext],jc,1
E:\OOD\main\MrWall-master\MrWall-master\src\JuanitoMovingState.java,JuanitoMovingState,stop/0,jc,2
E:\OOD\main\MrWall-master\MrWall-master\src\JuanitoMovingState.java,JuanitoMovingState,hurt/0,jc,2
E:\OOD\main\MrWall-master\MrWall-master\src\JuanitoStateContext.java,JuanitoStateContext,getMovingState/0,estados,1
E:\OOD\main\MrWall-master\MrWall-master\src\JuanitoStateContext.java,JuanitoStateContext,getStaticState/0,estados,1
E:\OOD\main\MrWall-master\MrWall-master\src\JuanitoStateContext.java,JuanitoStateContext,setCurrent/1[JuanitoState],current,1
E:\OOD\main\MrWall-master\MrWall-master\src\JuanitoStateContext.java,JuanitoStateContext,getCurrent/0,current,1
E:\OOD\main\MrWall-master\MrWall-master\src\JuanitoStateContext.java,JuanitoStateContext,getInjuredState/0,estados,1
E:\OOD\main\MrWall-master\MrWall-master\src\JuanitoStateContext.java,JuanitoStateContext,JuanitoStateContext/0,current,1
E:\OOD\main\MrWall-master\MrWall-master\src\JuanitoStateContext.java,JuanitoStateContext,JuanitoStateContext/0,propiedades,6
E:\OOD\main\MrWall-master\MrWall-master\src\JuanitoStateContext.java,JuanitoStateContext,JuanitoStateContext/0,estados,6
E:\OOD\main\MrWall-master\MrWall-master\src\JuanitoStateContext.java,JuanitoStateContext,getDeadState/0,estados,1
E:\OOD\main\MrWall-master\MrWall-master\src\JuanitoStateContext.java,JuanitoStateContext,getPausedState/0,estados,1
E:\OOD\main\MrWall-master\MrWall-master\src\Button.java,Button,"contains/2[double,double]",width,1
E:\OOD\main\MrWall-master\MrWall-master\src\Button.java,Button,"contains/2[double,double]",height,1
E:\OOD\main\MrWall-master\MrWall-master\src\Button.java,Button,getAddX/0,addX,1
E:\OOD\main\MrWall-master\MrWall-master\src\Button.java,Button,"Button/8[int,int,int,int,java.awt.Color,java.lang.String,int,java.lang.String]",hexcode,3
E:\OOD\main\MrWall-master\MrWall-master\src\Button.java,Button,"Button/8[int,int,int,int,java.awt.Color,java.lang.String,int,java.lang.String]",sizefont,4
E:\OOD\main\MrWall-master\MrWall-master\src\Button.java,Button,"Button/8[int,int,int,int,java.awt.Color,java.lang.String,int,java.lang.String]",width,3
E:\OOD\main\MrWall-master\MrWall-master\src\Button.java,Button,"Button/8[int,int,int,int,java.awt.Color,java.lang.String,int,java.lang.String]",label,3
E:\OOD\main\MrWall-master\MrWall-master\src\Button.java,Button,"Button/8[int,int,int,int,java.awt.Color,java.lang.String,int,java.lang.String]",height,3
E:\OOD\main\MrWall-master\MrWall-master\src\Button.java,Button,"Button/8[int,int,int,int,java.awt.Color,java.lang.String,int,java.lang.String]",font,1
E:\OOD\main\MrWall-master\MrWall-master\src\Button.java,Button,setColor/1[java.lang.String],hexcode,3
E:\OOD\main\MrWall-master\MrWall-master\src\Button.java,Button,draw/1[java.awt.Graphics],hexcode,1
E:\OOD\main\MrWall-master\MrWall-master\src\Button.java,Button,draw/1[java.awt.Graphics],sizefont,1
E:\OOD\main\MrWall-master\MrWall-master\src\Button.java,Button,draw/1[java.awt.Graphics],width,1
E:\OOD\main\MrWall-master\MrWall-master\src\Button.java,Button,draw/1[java.awt.Graphics],label,1
E:\OOD\main\MrWall-master\MrWall-master\src\Button.java,Button,draw/1[java.awt.Graphics],height,2
E:\OOD\main\MrWall-master\MrWall-master\src\Button.java,Button,draw/1[java.awt.Graphics],font,1
E:\OOD\main\MrWall-master\MrWall-master\src\Button.java,Button,getLabel/0,label,1
E:\OOD\main\MrWall-master\MrWall-master\src\Button.java,Button,getFontSize/0,sizefont,1
E:\OOD\main\MrWall-master\MrWall-master\src\Button.java,Button,getAddY/0,addY,1
E:\OOD\main\MrWall-master\MrWall-master\src\Button.java,Button,setAddX/1[int],addX,3
E:\OOD\main\MrWall-master\MrWall-master\src\Button.java,Button,setAddY/1[int],addY,3
E:\OOD\main\MrWall-master\MrWall-master\src\JuanitoStaticState.java,JuanitoStaticState,hurt/0,jc,2
E:\OOD\main\MrWall-master\MrWall-master\src\JuanitoStaticState.java,JuanitoStaticState,moveLeft/0,jc,2
E:\OOD\main\MrWall-master\MrWall-master\src\JuanitoStaticState.java,JuanitoStaticState,JuanitoStaticState/1[JuanitoStateContext],jc,1
E:\OOD\main\MrWall-master\MrWall-master\src\JuanitoStaticState.java,JuanitoStaticState,moveJump/0,jc,4
E:\OOD\main\MrWall-master\MrWall-master\src\JuanitoStaticState.java,JuanitoStaticState,moveRight/0,jc,2
E:\OOD\main\MrWall-master\MrWall-master\src\Nivel1.java,Nivel1,setBackground/1[Background],background,3
E:\OOD\main\MrWall-master\MrWall-master\src\Nivel1.java,Nivel1,setMiddleground/1[Background],middleground,3
E:\OOD\main\MrWall-master\MrWall-master\src\Nivel1.java,Nivel1,createStuff/0,obstaculos,1
E:\OOD\main\MrWall-master\MrWall-master\src\Nivel1.java,Nivel1,createStuff/0,enemigos,1
E:\OOD\main\MrWall-master\MrWall-master\src\Nivel1.java,Nivel1,setContext/1[PlayPanelStrategyContext],context,3
E:\OOD\main\MrWall-master\MrWall-master\src\Nivel1.java,Nivel1,getBackground/0,background,1
E:\OOD\main\MrWall-master\MrWall-master\src\Nivel1.java,Nivel1,getEnemigos/0,enemigos,1
E:\OOD\main\MrWall-master\MrWall-master\src\Nivel1.java,Nivel1,reset/0,middleground,1
E:\OOD\main\MrWall-master\MrWall-master\src\Nivel1.java,Nivel1,reset/0,obstaculos,1
E:\OOD\main\MrWall-master\MrWall-master\src\Nivel1.java,Nivel1,reset/0,background,1
E:\OOD\main\MrWall-master\MrWall-master\src\Nivel1.java,Nivel1,reset/0,foreground,1
E:\OOD\main\MrWall-master\MrWall-master\src\Nivel1.java,Nivel1,reset/0,enemigos,1
E:\OOD\main\MrWall-master\MrWall-master\src\Nivel1.java,Nivel1,getForeground/0,foreground,1
E:\OOD\main\MrWall-master\MrWall-master\src\Nivel1.java,Nivel1,getContext/0,context,1
E:\OOD\main\MrWall-master\MrWall-master\src\Nivel1.java,Nivel1,deleteStuff/0,obstaculos,1
E:\OOD\main\MrWall-master\MrWall-master\src\Nivel1.java,Nivel1,deleteStuff/0,enemigos,1
E:\OOD\main\MrWall-master\MrWall-master\src\Nivel1.java,Nivel1,setObstaculos/1[Obstaculos],obstaculos,3
E:\OOD\main\MrWall-master\MrWall-master\src\Nivel1.java,Nivel1,getObstaculos/0,obstaculos,1
E:\OOD\main\MrWall-master\MrWall-master\src\Nivel1.java,Nivel1,Nivel1/1[PlayPanelStrategyContext],middleground,1
E:\OOD\main\MrWall-master\MrWall-master\src\Nivel1.java,Nivel1,Nivel1/1[PlayPanelStrategyContext],buttons,1
E:\OOD\main\MrWall-master\MrWall-master\src\Nivel1.java,Nivel1,Nivel1/1[PlayPanelStrategyContext],obstaculos,1
E:\OOD\main\MrWall-master\MrWall-master\src\Nivel1.java,Nivel1,Nivel1/1[PlayPanelStrategyContext],background,1
E:\OOD\main\MrWall-master\MrWall-master\src\Nivel1.java,Nivel1,Nivel1/1[PlayPanelStrategyContext],context,3
E:\OOD\main\MrWall-master\MrWall-master\src\Nivel1.java,Nivel1,Nivel1/1[PlayPanelStrategyContext],foreground,1
E:\OOD\main\MrWall-master\MrWall-master\src\Nivel1.java,Nivel1,Nivel1/1[PlayPanelStrategyContext],enemigos,1
E:\OOD\main\MrWall-master\MrWall-master\src\Nivel1.java,Nivel1,setButtons/1[Buttons],buttons,3
E:\OOD\main\MrWall-master\MrWall-master\src\Nivel1.java,Nivel1,setForeground/1[Background],foreground,3
E:\OOD\main\MrWall-master\MrWall-master\src\Nivel1.java,Nivel1,getMiddleground/0,middleground,1
E:\OOD\main\MrWall-master\MrWall-master\src\Nivel1.java,Nivel1,setEnemigos/1[Enemigos],enemigos,3
E:\OOD\main\MrWall-master\MrWall-master\src\Nivel1.java,Nivel1,getButtons/0,buttons,1
E:\OOD\main\MrWall-master\MrWall-master\src\Enemigos.java,Enemigos,draw/1[java.awt.Graphics],enemigos,1
E:\OOD\main\MrWall-master\MrWall-master\src\Enemigos.java,Enemigos,eliminar/1[int],enemigos,2
E:\OOD\main\MrWall-master\MrWall-master\src\Enemigos.java,Enemigos,avanzar/1[int],enemigos,1
E:\OOD\main\MrWall-master\MrWall-master\src\Enemigos.java,Enemigos,"addEnemigo/4[int,int,int,int]",enemigos,1
E:\OOD\main\MrWall-master\MrWall-master\src\Enemigos.java,Enemigos,move/0,atrapado,1
E:\OOD\main\MrWall-master\MrWall-master\src\Enemigos.java,Enemigos,move/0,enemigos,1
E:\OOD\main\MrWall-master\MrWall-master\src\Enemigos.java,Enemigos,move/0,pausados,1
E:\OOD\main\MrWall-master\MrWall-master\src\Enemigos.java,Enemigos,pauseEnemigos/1[boolean],enemigos,1
E:\OOD\main\MrWall-master\MrWall-master\src\Enemigos.java,Enemigos,pauseEnemigos/1[boolean],pausados,2
E:\OOD\main\MrWall-master\MrWall-master\src\Enemigos.java,Enemigos,"update/2[java.util.Observable,java.lang.Object]",enemigos,2
E:\OOD\main\MrWall-master\MrWall-master\src\Enemigos.java,Enemigos,Enemigos/0,enemigos,1
E:\OOD\main\MrWall-master\MrWall-master\src\Enemigos.java,Enemigos,setEnemigos/1[java.util.ArrayList<Enemigo>],enemigos,3
E:\OOD\main\MrWall-master\MrWall-master\src\Enemigos.java,Enemigos,eliminarTodos/0,enemigos,1
E:\OOD\main\MrWall-master\MrWall-master\src\Enemigos.java,Enemigos,setAtrapado/1[boolean],atrapado,1
E:\OOD\main\MrWall-master\MrWall-master\src\Enemigos.java,Enemigos,emptyEnemigos/0,enemigos,1
E:\OOD\main\MrWall-master\MrWall-master\src\Enemigos.java,Enemigos,getAtrapado/0,atrapado,1
E:\OOD\main\MrWall-master\MrWall-master\src\Enemigos.java,Enemigos,getEnemigos/0,enemigos,1
E:\OOD\main\MrWall-master\MrWall-master\src\PlayPanelStrategyProperties.java,PlayPanelStrategyProperties,PlayPanelStrategyProperties/0,stringClase,1
E:\OOD\main\MrWall-master\MrWall-master\src\PlayPanelStrategyProperties.java,PlayPanelStrategyProperties,getClase/1[int],stringClase,10
E:\OOD\main\MrWall-master\MrWall-master\src\GameStateContext.java,GameStateContext,setCurrent/1[GameState],current,1
E:\OOD\main\MrWall-master\MrWall-master\src\GameStateContext.java,GameStateContext,getGamePausedState/0,estados,1
E:\OOD\main\MrWall-master\MrWall-master\src\GameStateContext.java,GameStateContext,getGameActiveState/0,estados,1
E:\OOD\main\MrWall-master\MrWall-master\src\GameStateContext.java,GameStateContext,GameStateContext/0,current,1
E:\OOD\main\MrWall-master\MrWall-master\src\GameStateContext.java,GameStateContext,GameStateContext/0,propiedades,3
E:\OOD\main\MrWall-master\MrWall-master\src\GameStateContext.java,GameStateContext,GameStateContext/0,estados,3
E:\OOD\main\MrWall-master\MrWall-master\src\GameStateContext.java,GameStateContext,getCurrent/0,current,1
E:\OOD\main\MrWall-master\MrWall-master\src\NivelRules.java,NivelRules,setButtons/1[Buttons],buttons,3
E:\OOD\main\MrWall-master\MrWall-master\src\NivelRules.java,NivelRules,getObstaculos/0,obstaculos,1
E:\OOD\main\MrWall-master\MrWall-master\src\NivelRules.java,NivelRules,setObstaculos/1[Obstaculos],obstaculos,3
E:\OOD\main\MrWall-master\MrWall-master\src\NivelRules.java,NivelRules,setEnemigos/1[Enemigos],enemigos,3
E:\OOD\main\MrWall-master\MrWall-master\src\NivelRules.java,NivelRules,getButtons/0,buttons,1
E:\OOD\main\MrWall-master\MrWall-master\src\NivelRules.java,NivelRules,getMiddleground/0,middleground,1
E:\OOD\main\MrWall-master\MrWall-master\src\NivelRules.java,NivelRules,setBackground/1[Background],background,3
E:\OOD\main\MrWall-master\MrWall-master\src\NivelRules.java,NivelRules,setMiddleground/1[Background],middleground,3
E:\OOD\main\MrWall-master\MrWall-master\src\NivelRules.java,NivelRules,getEnemigos/0,enemigos,1
E:\OOD\main\MrWall-master\MrWall-master\src\NivelRules.java,NivelRules,setContext/1[PlayPanelStrategyContext],context,3
E:\OOD\main\MrWall-master\MrWall-master\src\NivelRules.java,NivelRules,NivelRules/1[PlayPanelStrategyContext],middleground,1
E:\OOD\main\MrWall-master\MrWall-master\src\NivelRules.java,NivelRules,NivelRules/1[PlayPanelStrategyContext],buttons,2
E:\OOD\main\MrWall-master\MrWall-master\src\NivelRules.java,NivelRules,NivelRules/1[PlayPanelStrategyContext],obstaculos,1
E:\OOD\main\MrWall-master\MrWall-master\src\NivelRules.java,NivelRules,NivelRules/1[PlayPanelStrategyContext],background,1
E:\OOD\main\MrWall-master\MrWall-master\src\NivelRules.java,NivelRules,NivelRules/1[PlayPanelStrategyContext],context,3
E:\OOD\main\MrWall-master\MrWall-master\src\NivelRules.java,NivelRules,NivelRules/1[PlayPanelStrategyContext],foreground,1
E:\OOD\main\MrWall-master\MrWall-master\src\NivelRules.java,NivelRules,NivelRules/1[PlayPanelStrategyContext],enemigos,1
E:\OOD\main\MrWall-master\MrWall-master\src\NivelRules.java,NivelRules,getBackground/0,background,1
E:\OOD\main\MrWall-master\MrWall-master\src\NivelRules.java,NivelRules,setForeground/1[Background],foreground,3
E:\OOD\main\MrWall-master\MrWall-master\src\NivelRules.java,NivelRules,getForeground/0,foreground,1
E:\OOD\main\MrWall-master\MrWall-master\src\NivelRules.java,NivelRules,getContext/0,context,1
E:\OOD\main\MrWall-master\MrWall-master\src\GameActiveState.java,GameActiveState,setButton/1[Button],button,3
E:\OOD\main\MrWall-master\MrWall-master\src\GameActiveState.java,GameActiveState,getButton/0,button,1
E:\OOD\main\MrWall-master\MrWall-master\src\GameActiveState.java,GameActiveState,setCon/1[GameStateContext],con,3
E:\OOD\main\MrWall-master\MrWall-master\src\GameActiveState.java,GameActiveState,getBackground/0,background,1
E:\OOD\main\MrWall-master\MrWall-master\src\GameActiveState.java,GameActiveState,getCon/0,con,1
E:\OOD\main\MrWall-master\MrWall-master\src\GameActiveState.java,GameActiveState,GameActiveState/1[GameStateContext],button,1
E:\OOD\main\MrWall-master\MrWall-master\src\GameActiveState.java,GameActiveState,GameActiveState/1[GameStateContext],background,1
E:\OOD\main\MrWall-master\MrWall-master\src\GameActiveState.java,GameActiveState,setBackground/1[Background],background,1
E:\OOD\main\MrWall-master\MrWall-master\src\Background.java,Background,setY/1[int],y,1
E:\OOD\main\MrWall-master\MrWall-master\src\Background.java,Background,getPath/0,path,1
E:\OOD\main\MrWall-master\MrWall-master\src\Background.java,Background,getY/0,y,1
E:\OOD\main\MrWall-master\MrWall-master\src\Background.java,Background,getX/0,x,1
E:\OOD\main\MrWall-master\MrWall-master\src\Background.java,Background,"Background/3[int,int,java.lang.String]",path,3
E:\OOD\main\MrWall-master\MrWall-master\src\Background.java,Background,"Background/3[int,int,java.lang.String]",img,1
E:\OOD\main\MrWall-master\MrWall-master\src\Background.java,Background,"Background/3[int,int,java.lang.String]",x,3
E:\OOD\main\MrWall-master\MrWall-master\src\Background.java,Background,"Background/3[int,int,java.lang.String]",y,3
E:\OOD\main\MrWall-master\MrWall-master\src\Background.java,Background,restart/0,x,1
E:\OOD\main\MrWall-master\MrWall-master\src\Background.java,Background,setX/1[int],x,2
E:\OOD\main\MrWall-master\MrWall-master\src\Background.java,Background,setPath/1[java.lang.String],path,3
E:\OOD\main\MrWall-master\MrWall-master\src\Background.java,Background,draw/1[java.awt.Graphics],img,1
E:\OOD\main\MrWall-master\MrWall-master\src\Background.java,Background,draw/1[java.awt.Graphics],x,1
E:\OOD\main\MrWall-master\MrWall-master\src\Background.java,Background,draw/1[java.awt.Graphics],y,1
E:\OOD\main\MrWall-master\MrWall-master\src\JuanitoPausedState.java,JuanitoPausedState,JuanitoPausedState/1[JuanitoStateContext],jc,1
E:\OOD\main\MrWall-master\MrWall-master\src\Sprite.java,Sprite,getHeight/0,image,2
E:\OOD\main\MrWall-master\MrWall-master\src\Sprite.java,Sprite,Sprite/0,frameHeight,1
E:\OOD\main\MrWall-master\MrWall-master\src\Sprite.java,Sprite,Sprite/0,image,1
E:\OOD\main\MrWall-master\MrWall-master\src\Sprite.java,Sprite,Sprite/0,alive,1
E:\OOD\main\MrWall-master\MrWall-master\src\Sprite.java,Sprite,Sprite/0,moveAngle,1
E:\OOD\main\MrWall-master\MrWall-master\src\Sprite.java,Sprite,Sprite/0,columns,1
E:\OOD\main\MrWall-master\MrWall-master\src\Sprite.java,Sprite,Sprite/0,animationDirection,1
E:\OOD\main\MrWall-master\MrWall-master\src\Sprite.java,Sprite,Sprite/0,frameDelay,1
E:\OOD\main\MrWall-master\MrWall-master\src\Sprite.java,Sprite,Sprite/0,velocity,1
E:\OOD\main\MrWall-master\MrWall-master\src\Sprite.java,Sprite,Sprite/0,rotationRate,1
E:\OOD\main\MrWall-master\MrWall-master\src\Sprite.java,Sprite,Sprite/0,frameCount,1
E:\OOD\main\MrWall-master\MrWall-master\src\Sprite.java,Sprite,Sprite/0,frameWidth,1
E:\OOD\main\MrWall-master\MrWall-master\src\Sprite.java,Sprite,Sprite/0,faceAngle,1
E:\OOD\main\MrWall-master\MrWall-master\src\Sprite.java,Sprite,Sprite/0,currentFrame,1
E:\OOD\main\MrWall-master\MrWall-master\src\Sprite.java,Sprite,Sprite/0,position,1
E:\OOD\main\MrWall-master\MrWall-master\src\Sprite.java,Sprite,Sprite/0,currentState,1
E:\OOD\main\MrWall-master\MrWall-master\src\Sprite.java,Sprite,Sprite/0,totalFrames,1
E:\OOD\main\MrWall-master\MrWall-master\src\Sprite.java,Sprite,"load/5[java.lang.String,int,int,int,int]",frameHeight,1
E:\OOD\main\MrWall-master\MrWall-master\src\Sprite.java,Sprite,"load/5[java.lang.String,int,int,int,int]",image,2
E:\OOD\main\MrWall-master\MrWall-master\src\Sprite.java,Sprite,"load/5[java.lang.String,int,int,int,int]",frameWidth,1
E:\OOD\main\MrWall-master\MrWall-master\src\Sprite.java,Sprite,"load/5[java.lang.String,int,int,int,int]",columns,1
E:\OOD\main\MrWall-master\MrWall-master\src\Sprite.java,Sprite,"load/5[java.lang.String,int,int,int,int]",totalFrames,1
E:\OOD\main\MrWall-master\MrWall-master\src\Sprite.java,Sprite,update/0,rotationRate,4
E:\OOD\main\MrWall-master\MrWall-master\src\Sprite.java,Sprite,update/0,frameCount,3
E:\OOD\main\MrWall-master\MrWall-master\src\Sprite.java,Sprite,update/0,faceAngle,5
E:\OOD\main\MrWall-master\MrWall-master\src\Sprite.java,Sprite,update/0,currentFrame,5
E:\OOD\main\MrWall-master\MrWall-master\src\Sprite.java,Sprite,update/0,animationDirection,1
E:\OOD\main\MrWall-master\MrWall-master\src\Sprite.java,Sprite,update/0,frameDelay,1
E:\OOD\main\MrWall-master\MrWall-master\src\Sprite.java,Sprite,update/0,totalFrames,3
E:\OOD\main\MrWall-master\MrWall-master\src\Sprite.java,Sprite,getWidth/0,image,2
E:\OOD\main\MrWall-master\MrWall-master\src\Sprite.java,Sprite,setImage/1[java.awt.Image],image,1
E:\OOD\main\MrWall-master\MrWall-master\src\Sprite.java,Sprite,draw/1[java.awt.Graphics],frameHeight,3
E:\OOD\main\MrWall-master\MrWall-master\src\Sprite.java,Sprite,draw/1[java.awt.Graphics],image,1
E:\OOD\main\MrWall-master\MrWall-master\src\Sprite.java,Sprite,draw/1[java.awt.Graphics],frameWidth,3
E:\OOD\main\MrWall-master\MrWall-master\src\Sprite.java,Sprite,draw/1[java.awt.Graphics],columns,2
E:\OOD\main\MrWall-master\MrWall-master\src\Sprite.java,Sprite,draw/1[java.awt.Graphics],currentFrame,2
E:\OOD\main\MrWall-master\MrWall-master\src\Chancla.java,Chancla,getRect/0,rect,1
E:\OOD\main\MrWall-master\MrWall-master\src\Chancla.java,Chancla,setVelx/1[int],velx,2
E:\OOD\main\MrWall-master\MrWall-master\src\Chancla.java,Chancla,getWidth/0,width,1
E:\OOD\main\MrWall-master\MrWall-master\src\Chancla.java,Chancla,setY/1[int],y,3
E:\OOD\main\MrWall-master\MrWall-master\src\Chancla.java,Chancla,getDt/0,dt,1
E:\OOD\main\MrWall-master\MrWall-master\src\Chancla.java,Chancla,setDt/1[float],dt,3
E:\OOD\main\MrWall-master\MrWall-master\src\Chancla.java,Chancla,isVisible/0,visible,1
E:\OOD\main\MrWall-master\MrWall-master\src\Chancla.java,Chancla,getVelx/0,velx,1
E:\OOD\main\MrWall-master\MrWall-master\src\Chancla.java,Chancla,getPath/0,path,1
E:\OOD\main\MrWall-master\MrWall-master\src\Chancla.java,Chancla,getY/0,y,1
E:\OOD\main\MrWall-master\MrWall-master\src\Chancla.java,Chancla,chanclaToJuanito/0,x,2
E:\OOD\main\MrWall-master\MrWall-master\src\Chancla.java,Chancla,chanclaToJuanito/0,y,2
E:\OOD\main\MrWall-master\MrWall-master\src\Chancla.java,Chancla,chanclaToJuanito/0,velx,2
E:\OOD\main\MrWall-master\MrWall-master\src\Chancla.java,Chancla,throwChanclaLeft/0,dt,2
E:\OOD\main\MrWall-master\MrWall-master\src\Chancla.java,Chancla,throwChanclaLeft/0,rect,1
E:\OOD\main\MrWall-master\MrWall-master\src\Chancla.java,Chancla,throwChanclaLeft/0,x,5
E:\OOD\main\MrWall-master\MrWall-master\src\Chancla.java,Chancla,throwChanclaLeft/0,y,2
E:\OOD\main\MrWall-master\MrWall-master\src\Chancla.java,Chancla,throwChanclaLeft/0,velx,5
E:\OOD\main\MrWall-master\MrWall-master\src\Chancla.java,Chancla,isRight/0,right,1
E:\OOD\main\MrWall-master\MrWall-master\src\Chancla.java,Chancla,setVisible/1[boolean],visible,3
E:\OOD\main\MrWall-master\MrWall-master\src\Chancla.java,Chancla,throwChancla/0,right,1
E:\OOD\main\MrWall-master\MrWall-master\src\Chancla.java,Chancla,getX/0,x,1
E:\OOD\main\MrWall-master\MrWall-master\src\Chancla.java,Chancla,setRight/1[boolean],right,3
E:\OOD\main\MrWall-master\MrWall-master\src\Chancla.java,Chancla,draw/1[java.awt.Graphics],visible,1
E:\OOD\main\MrWall-master\MrWall-master\src\Chancla.java,Chancla,draw/1[java.awt.Graphics],chanclasprite,1
E:\OOD\main\MrWall-master\MrWall-master\src\Chancla.java,Chancla,throwChanclaRight/0,dt,2
E:\OOD\main\MrWall-master\MrWall-master\src\Chancla.java,Chancla,throwChanclaRight/0,rect,1
E:\OOD\main\MrWall-master\MrWall-master\src\Chancla.java,Chancla,throwChanclaRight/0,x,5
E:\OOD\main\MrWall-master\MrWall-master\src\Chancla.java,Chancla,throwChanclaRight/0,y,2
E:\OOD\main\MrWall-master\MrWall-master\src\Chancla.java,Chancla,throwChanclaRight/0,velx,5
E:\OOD\main\MrWall-master\MrWall-master\src\Chancla.java,Chancla,setPath/1[java.lang.String],path,3
E:\OOD\main\MrWall-master\MrWall-master\src\Chancla.java,Chancla,getChanclasprite/0,chanclasprite,1
E:\OOD\main\MrWall-master\MrWall-master\src\Chancla.java,Chancla,colliding/1[java.awt.Rectangle],rect,1
E:\OOD\main\MrWall-master\MrWall-master\src\Chancla.java,Chancla,colliding/1[java.awt.Rectangle],velx,2
E:\OOD\main\MrWall-master\MrWall-master\src\Chancla.java,Chancla,setHeight/1[int],height,3
E:\OOD\main\MrWall-master\MrWall-master\src\Chancla.java,Chancla,setWidth/1[int],width,3
E:\OOD\main\MrWall-master\MrWall-master\src\Chancla.java,Chancla,setRect/1[java.awt.Rectangle],rect,3
E:\OOD\main\MrWall-master\MrWall-master\src\Chancla.java,Chancla,setX/1[int],x,3
E:\OOD\main\MrWall-master\MrWall-master\src\Chancla.java,Chancla,getHeight/0,height,1
E:\OOD\main\MrWall-master\MrWall-master\src\Chancla.java,Chancla,setChanclasprite/1[Sprite],chanclasprite,3
E:\OOD\main\MrWall-master\MrWall-master\src\Chancla.java,Chancla,Chancla/0,dt,1
E:\OOD\main\MrWall-master\MrWall-master\src\Chancla.java,Chancla,Chancla/0,rect,1
E:\OOD\main\MrWall-master\MrWall-master\src\Chancla.java,Chancla,Chancla/0,chanclasprite,2
E:\OOD\main\MrWall-master\MrWall-master\src\Chancla.java,Chancla,Chancla/0,x,3
E:\OOD\main\MrWall-master\MrWall-master\src\Chancla.java,Chancla,Chancla/0,width,2
E:\OOD\main\MrWall-master\MrWall-master\src\Chancla.java,Chancla,Chancla/0,y,3
E:\OOD\main\MrWall-master\MrWall-master\src\Chancla.java,Chancla,Chancla/0,right,1
E:\OOD\main\MrWall-master\MrWall-master\src\Chancla.java,Chancla,Chancla/0,velx,1
E:\OOD\main\MrWall-master\MrWall-master\src\Chancla.java,Chancla,Chancla/0,height,2
E:\OOD\main\MrWall-master\MrWall-master\src\NivelMenu.java,NivelMenu,setButtons/1[Buttons],buttons,3
E:\OOD\main\MrWall-master\MrWall-master\src\NivelMenu.java,NivelMenu,NivelMenu/1[PlayPanelStrategyContext],middleground,1
E:\OOD\main\MrWall-master\MrWall-master\src\NivelMenu.java,NivelMenu,NivelMenu/1[PlayPanelStrategyContext],buttons,3
E:\OOD\main\MrWall-master\MrWall-master\src\NivelMenu.java,NivelMenu,NivelMenu/1[PlayPanelStrategyContext],obstaculos,1
E:\OOD\main\MrWall-master\MrWall-master\src\NivelMenu.java,NivelMenu,NivelMenu/1[PlayPanelStrategyContext],background,1
E:\OOD\main\MrWall-master\MrWall-master\src\NivelMenu.java,NivelMenu,NivelMenu/1[PlayPanelStrategyContext],context,3
E:\OOD\main\MrWall-master\MrWall-master\src\NivelMenu.java,NivelMenu,NivelMenu/1[PlayPanelStrategyContext],foreground,1
E:\OOD\main\MrWall-master\MrWall-master\src\NivelMenu.java,NivelMenu,NivelMenu/1[PlayPanelStrategyContext],enemigos,1
E:\OOD\main\MrWall-master\MrWall-master\src\NivelMenu.java,NivelMenu,getButtons/0,buttons,1
E:\OOD\main\MrWall-master\MrWall-master\src\NivelMenu.java,NivelMenu,setEnemigos/1[Enemigos],enemigos,3
E:\OOD\main\MrWall-master\MrWall-master\src\NivelMenu.java,NivelMenu,setObstaculos/1[Obstaculos],obstaculos,3
E:\OOD\main\MrWall-master\MrWall-master\src\NivelMenu.java,NivelMenu,getMiddleground/0,middleground,1
E:\OOD\main\MrWall-master\MrWall-master\src\NivelMenu.java,NivelMenu,setMiddleground/1[Background],middleground,3
E:\OOD\main\MrWall-master\MrWall-master\src\NivelMenu.java,NivelMenu,setBackground/1[Background],background,3
E:\OOD\main\MrWall-master\MrWall-master\src\NivelMenu.java,NivelMenu,getEnemigos/0,enemigos,1
E:\OOD\main\MrWall-master\MrWall-master\src\NivelMenu.java,NivelMenu,setContext/1[PlayPanelStrategyContext],context,3
E:\OOD\main\MrWall-master\MrWall-master\src\NivelMenu.java,NivelMenu,getBackground/0,background,1
E:\OOD\main\MrWall-master\MrWall-master\src\NivelMenu.java,NivelMenu,setForeground/1[Background],foreground,3
E:\OOD\main\MrWall-master\MrWall-master\src\NivelMenu.java,NivelMenu,getObstaculos/0,obstaculos,1
E:\OOD\main\MrWall-master\MrWall-master\src\NivelMenu.java,NivelMenu,getForeground/0,foreground,1
E:\OOD\main\MrWall-master\MrWall-master\src\NivelMenu.java,NivelMenu,getContext/0,context,1
E:\OOD\main\MrWall-master\MrWall-master\src\PlayPanelStrategyFactory.java,PlayPanelStrategyFactory,getInstance/0,instance,3
E:\OOD\main\MrWall-master\MrWall-master\src\GameStateFactory.java,GameStateFactory,getInstance/0,instance,3
E:\OOD\main\MrWall-master\MrWall-master\src\JuanitoStateFactory.java,JuanitoStateFactory,getInstance/0,instance,3
E:\OOD\main\MrWall-master\MrWall-master\src\JuanitoDeadState.java,JuanitoDeadState,JuanitoDeadState/1[JuanitoStateContext],jc,1
E:\OOD\main\MrWall-master\MrWall-master\src\GamePausedState.java,GamePausedState,setButton/1[Button],button,3
E:\OOD\main\MrWall-master\MrWall-master\src\GamePausedState.java,GamePausedState,getButton/0,button,1
E:\OOD\main\MrWall-master\MrWall-master\src\GamePausedState.java,GamePausedState,setCon/1[GameStateContext],con,3
E:\OOD\main\MrWall-master\MrWall-master\src\GamePausedState.java,GamePausedState,getBackground/0,background,1
E:\OOD\main\MrWall-master\MrWall-master\src\GamePausedState.java,GamePausedState,GamePausedState/1[GameStateContext],button,1
E:\OOD\main\MrWall-master\MrWall-master\src\GamePausedState.java,GamePausedState,GamePausedState/1[GameStateContext],background,1
E:\OOD\main\MrWall-master\MrWall-master\src\GamePausedState.java,GamePausedState,getCon/0,con,1
E:\OOD\main\MrWall-master\MrWall-master\src\GamePausedState.java,GamePausedState,setBackground/1[Background],background,1
E:\OOD\main\MrWall-master\MrWall-master\src\Juanito.java,Juanito,setPuntaje/1[int],puntaje,3
E:\OOD\main\MrWall-master\MrWall-master\src\Juanito.java,Juanito,setPuntaje/1[int],active,1
E:\OOD\main\MrWall-master\MrWall-master\src\Juanito.java,Juanito,setGravity/1[int],gravity,3
E:\OOD\main\MrWall-master\MrWall-master\src\Juanito.java,Juanito,getPerfilDer/0,der,1
E:\OOD\main\MrWall-master\MrWall-master\src\Juanito.java,Juanito,isCr/0,cr,1
E:\OOD\main\MrWall-master\MrWall-master\src\Juanito.java,Juanito,setJstillizq/1[javax.swing.ImageIcon],jstillizq,3
E:\OOD\main\MrWall-master\MrWall-master\src\Juanito.java,Juanito,setActive/1[boolean],active,1
E:\OOD\main\MrWall-master\MrWall-master\src\Juanito.java,Juanito,getX/0,x,1
E:\OOD\main\MrWall-master\MrWall-master\src\Juanito.java,Juanito,setRectangulo/1[java.awt.Rectangle],rectangulo,3
E:\OOD\main\MrWall-master\MrWall-master\src\Juanito.java,Juanito,setJsaltaizq/1[javax.swing.ImageIcon],jsaltaizq,3
E:\OOD\main\MrWall-master\MrWall-master\src\Juanito.java,Juanito,setMygif/1[javax.swing.ImageIcon],mygif,3
E:\OOD\main\MrWall-master\MrWall-master\src\Juanito.java,Juanito,setPerfilDer/1[java.lang.Boolean],der,1
E:\OOD\main\MrWall-master\MrWall-master\src\Juanito.java,Juanito,setJmoveizq/1[javax.swing.ImageIcon],jmoveizq,3
E:\OOD\main\MrWall-master\MrWall-master\src\Juanito.java,Juanito,getJuanitoStateContext/0,juanitoStateContext,1
E:\OOD\main\MrWall-master\MrWall-master\src\Juanito.java,Juanito,getJstillder/0,jstillder,1
E:\OOD\main\MrWall-master\MrWall-master\src\Juanito.java,Juanito,setVisible/1[boolean],jstillder,1
E:\OOD\main\MrWall-master\MrWall-master\src\Juanito.java,Juanito,setVisible/1[boolean],mychancla,2
E:\OOD\main\MrWall-master\MrWall-master\src\Juanito.java,Juanito,draw/1[java.awt.Graphics],mygif,1
E:\OOD\main\MrWall-master\MrWall-master\src\Juanito.java,Juanito,draw/1[java.awt.Graphics],mychancla,1
E:\OOD\main\MrWall-master\MrWall-master\src\Juanito.java,Juanito,draw/1[java.awt.Graphics],x,1
E:\OOD\main\MrWall-master\MrWall-master\src\Juanito.java,Juanito,draw/1[java.awt.Graphics],y,1
E:\OOD\main\MrWall-master\MrWall-master\src\Juanito.java,Juanito,getNivel/0,nivel,1
E:\OOD\main\MrWall-master\MrWall-master\src\Juanito.java,Juanito,getInstance/0,instance,3
E:\OOD\main\MrWall-master\MrWall-master\src\Juanito.java,Juanito,getInstance/0,mychancla,1
E:\OOD\main\MrWall-master\MrWall-master\src\Juanito.java,Juanito,setCl/1[boolean],cl,3
E:\OOD\main\MrWall-master\MrWall-master\src\Juanito.java,Juanito,isActive/0,active,1
E:\OOD\main\MrWall-master\MrWall-master\src\Juanito.java,Juanito,getPerfilIzq/0,izq,1
E:\OOD\main\MrWall-master\MrWall-master\src\Juanito.java,Juanito,setJuanitoStateContext/1[JuanitoStateContext],juanitoStateContext,3
E:\OOD\main\MrWall-master\MrWall-master\src\Juanito.java,Juanito,setY/1[int],y,3
E:\OOD\main\MrWall-master\MrWall-master\src\Juanito.java,Juanito,getWidth/0,width,1
E:\OOD\main\MrWall-master\MrWall-master\src\Juanito.java,Juanito,getJsaltader/0,jsaltader,1
E:\OOD\main\MrWall-master\MrWall-master\src\Juanito.java,Juanito,setJstillder/1[javax.swing.ImageIcon],jstillder,3
E:\OOD\main\MrWall-master\MrWall-master\src\Juanito.java,Juanito,setCr/1[boolean],cr,3
E:\OOD\main\MrWall-master\MrWall-master\src\Juanito.java,Juanito,"move/5[Background,Background,Background,Obstaculos,Enemigos]",rectangulo,1
E:\OOD\main\MrWall-master\MrWall-master\src\Juanito.java,Juanito,"move/5[Background,Background,Background,Obstaculos,Enemigos]",mychancla,1
E:\OOD\main\MrWall-master\MrWall-master\src\Juanito.java,Juanito,"move/5[Background,Background,Background,Obstaculos,Enemigos]",x,7
E:\OOD\main\MrWall-master\MrWall-master\src\Juanito.java,Juanito,"move/5[Background,Background,Background,Obstaculos,Enemigos]",width,1
E:\OOD\main\MrWall-master\MrWall-master\src\Juanito.java,Juanito,"move/5[Background,Background,Background,Obstaculos,Enemigos]",cl,1
E:\OOD\main\MrWall-master\MrWall-master\src\Juanito.java,Juanito,"move/5[Background,Background,Background,Obstaculos,Enemigos]",y,1
E:\OOD\main\MrWall-master\MrWall-master\src\Juanito.java,Juanito,"move/5[Background,Background,Background,Obstaculos,Enemigos]",velx,14
E:\OOD\main\MrWall-master\MrWall-master\src\Juanito.java,Juanito,"move/5[Background,Background,Background,Obstaculos,Enemigos]",cr,1
E:\OOD\main\MrWall-master\MrWall-master\src\Juanito.java,Juanito,setJmoveder/1[javax.swing.ImageIcon],jmoveder,3
E:\OOD\main\MrWall-master\MrWall-master\src\Juanito.java,Juanito,setJinvisible/1[javax.swing.ImageIcon],jinvisible,3
E:\OOD\main\MrWall-master\MrWall-master\src\Juanito.java,Juanito,getDt/0,dt,1
E:\OOD\main\MrWall-master\MrWall-master\src\Juanito.java,Juanito,setVely/1[int],vely,3
E:\OOD\main\MrWall-master\MrWall-master\src\Juanito.java,Juanito,jump/0,dt,2
E:\OOD\main\MrWall-master\MrWall-master\src\Juanito.java,Juanito,jump/0,cd,1
E:\OOD\main\MrWall-master\MrWall-master\src\Juanito.java,Juanito,jump/0,rectangulo,1
E:\OOD\main\MrWall-master\MrWall-master\src\Juanito.java,Juanito,jump/0,gravity,1
E:\OOD\main\MrWall-master\MrWall-master\src\Juanito.java,Juanito,jump/0,x,1
E:\OOD\main\MrWall-master\MrWall-master\src\Juanito.java,Juanito,jump/0,y,6
E:\OOD\main\MrWall-master\MrWall-master\src\Juanito.java,Juanito,jump/0,cl,2
E:\OOD\main\MrWall-master\MrWall-master\src\Juanito.java,Juanito,jump/0,vely,6
E:\OOD\main\MrWall-master\MrWall-master\src\Juanito.java,Juanito,jump/0,velx,4
E:\OOD\main\MrWall-master\MrWall-master\src\Juanito.java,Juanito,jump/0,juanitoStateContext,6
E:\OOD\main\MrWall-master\MrWall-master\src\Juanito.java,Juanito,jump/0,height,1
E:\OOD\main\MrWall-master\MrWall-master\src\Juanito.java,Juanito,jump/0,cr,2
E:\OOD\main\MrWall-master\MrWall-master\src\Juanito.java,Juanito,getHeight/0,height,1
E:\OOD\main\MrWall-master\MrWall-master\src\Juanito.java,Juanito,setHeight/1[int],height,3
E:\OOD\main\MrWall-master\MrWall-master\src\Juanito.java,Juanito,setPerfilIzq/1[java.lang.Boolean],izq,1
E:\OOD\main\MrWall-master\MrWall-master\src\Juanito.java,Juanito,getJstillizq/0,jstillizq,1
E:\OOD\main\MrWall-master\MrWall-master\src\Juanito.java,Juanito,setVelx/1[int],velx,3
E:\OOD\main\MrWall-master\MrWall-master\src\Juanito.java,Juanito,getJsaltaizq/0,jsaltaizq,1
E:\OOD\main\MrWall-master\MrWall-master\src\Juanito.java,Juanito,setJsaltader/1[javax.swing.ImageIcon],jsaltader,3
E:\OOD\main\MrWall-master\MrWall-master\src\Juanito.java,Juanito,getVida/0,vida,1
E:\OOD\main\MrWall-master\MrWall-master\src\Juanito.java,Juanito,setCd/1[boolean],cd,3
E:\OOD\main\MrWall-master\MrWall-master\src\Juanito.java,Juanito,getReferencia/0,referencia,1
E:\OOD\main\MrWall-master\MrWall-master\src\Juanito.java,Juanito,getMychancla/0,mychancla,1
E:\OOD\main\MrWall-master\MrWall-master\src\Juanito.java,Juanito,getVelx/0,velx,1
E:\OOD\main\MrWall-master\MrWall-master\src\Juanito.java,Juanito,isCl/0,cl,1
E:\OOD\main\MrWall-master\MrWall-master\src\Juanito.java,Juanito,setWidth/1[int],width,3
E:\OOD\main\MrWall-master\MrWall-master\src\Juanito.java,Juanito,getGravity/0,gravity,1
E:\OOD\main\MrWall-master\MrWall-master\src\Juanito.java,Juanito,getRectangulo/0,rectangulo,1
E:\OOD\main\MrWall-master\MrWall-master\src\Juanito.java,Juanito,getJinvisible/0,jinvisible,1
E:\OOD\main\MrWall-master\MrWall-master\src\Juanito.java,Juanito,isCd/0,cd,1
E:\OOD\main\MrWall-master\MrWall-master\src\Juanito.java,Juanito,setX/1[int],x,3
E:\OOD\main\MrWall-master\MrWall-master\src\Juanito.java,Juanito,"Juanito/4[int,int,int,int]",jstillizq,1
E:\OOD\main\MrWall-master\MrWall-master\src\Juanito.java,Juanito,"Juanito/4[int,int,int,int]",jsaltader,1
E:\OOD\main\MrWall-master\MrWall-master\src\Juanito.java,Juanito,"Juanito/4[int,int,int,int]",vida,1
E:\OOD\main\MrWall-master\MrWall-master\src\Juanito.java,Juanito,"Juanito/4[int,int,int,int]",jsaltaizq,1
E:\OOD\main\MrWall-master\MrWall-master\src\Juanito.java,Juanito,"Juanito/4[int,int,int,int]",vely,1
E:\OOD\main\MrWall-master\MrWall-master\src\Juanito.java,Juanito,"Juanito/4[int,int,int,int]",velx,1
E:\OOD\main\MrWall-master\MrWall-master\src\Juanito.java,Juanito,"Juanito/4[int,int,int,int]",juanitoStateContext,1
E:\OOD\main\MrWall-master\MrWall-master\src\Juanito.java,Juanito,"Juanito/4[int,int,int,int]",jinvisible,1
E:\OOD\main\MrWall-master\MrWall-master\src\Juanito.java,Juanito,"Juanito/4[int,int,int,int]",der,1
E:\OOD\main\MrWall-master\MrWall-master\src\Juanito.java,Juanito,"Juanito/4[int,int,int,int]",dt,1
E:\OOD\main\MrWall-master\MrWall-master\src\Juanito.java,Juanito,"Juanito/4[int,int,int,int]",puntaje,1
E:\OOD\main\MrWall-master\MrWall-master\src\Juanito.java,Juanito,"Juanito/4[int,int,int,int]",jmoveizq,1
E:\OOD\main\MrWall-master\MrWall-master\src\Juanito.java,Juanito,"Juanito/4[int,int,int,int]",height,2
E:\OOD\main\MrWall-master\MrWall-master\src\Juanito.java,Juanito,"Juanito/4[int,int,int,int]",mygif,1
E:\OOD\main\MrWall-master\MrWall-master\src\Juanito.java,Juanito,"Juanito/4[int,int,int,int]",cd,1
E:\OOD\main\MrWall-master\MrWall-master\src\Juanito.java,Juanito,"Juanito/4[int,int,int,int]",izq,1
E:\OOD\main\MrWall-master\MrWall-master\src\Juanito.java,Juanito,"Juanito/4[int,int,int,int]",rectangulo,1
E:\OOD\main\MrWall-master\MrWall-master\src\Juanito.java,Juanito,"Juanito/4[int,int,int,int]",cl,1
E:\OOD\main\MrWall-master\MrWall-master\src\Juanito.java,Juanito,"Juanito/4[int,int,int,int]",active,1
E:\OOD\main\MrWall-master\MrWall-master\src\Juanito.java,Juanito,"Juanito/4[int,int,int,int]",jmoveder,1
E:\OOD\main\MrWall-master\MrWall-master\src\Juanito.java,Juanito,"Juanito/4[int,int,int,int]",cr,1
E:\OOD\main\MrWall-master\MrWall-master\src\Juanito.java,Juanito,"Juanito/4[int,int,int,int]",jstillder,2
E:\OOD\main\MrWall-master\MrWall-master\src\Juanito.java,Juanito,"Juanito/4[int,int,int,int]",gravity,1
E:\OOD\main\MrWall-master\MrWall-master\src\Juanito.java,Juanito,"Juanito/4[int,int,int,int]",x,4
E:\OOD\main\MrWall-master\MrWall-master\src\Juanito.java,Juanito,"Juanito/4[int,int,int,int]",width,2
E:\OOD\main\MrWall-master\MrWall-master\src\Juanito.java,Juanito,"Juanito/4[int,int,int,int]",y,4
E:\OOD\main\MrWall-master\MrWall-master\src\Juanito.java,Juanito,"Juanito/4[int,int,int,int]",nivel,1
E:\OOD\main\MrWall-master\MrWall-master\src\Juanito.java,Juanito,"Juanito/4[int,int,int,int]",referencia,1
E:\OOD\main\MrWall-master\MrWall-master\src\Juanito.java,Juanito,setReferencia/1[int],referencia,3
E:\OOD\main\MrWall-master\MrWall-master\src\Juanito.java,Juanito,getPuntaje/0,puntaje,1
E:\OOD\main\MrWall-master\MrWall-master\src\Juanito.java,Juanito,getJmoveizq/0,jmoveizq,1
E:\OOD\main\MrWall-master\MrWall-master\src\Juanito.java,Juanito,getVely/0,vely,1
E:\OOD\main\MrWall-master\MrWall-master\src\Juanito.java,Juanito,setNivel/1[int],nivel,2
E:\OOD\main\MrWall-master\MrWall-master\src\Juanito.java,Juanito,getMygif/0,mygif,1
E:\OOD\main\MrWall-master\MrWall-master\src\Juanito.java,Juanito,getY/0,y,1
E:\OOD\main\MrWall-master\MrWall-master\src\Juanito.java,Juanito,getJmoveder/0,jmoveder,1
E:\OOD\main\MrWall-master\MrWall-master\src\Juanito.java,Juanito,setVida/1[int],vida,4
E:\OOD\main\MrWall-master\MrWall-master\src\Juanito.java,Juanito,setDt/1[float],dt,3
E:\OOD\main\MrWall-master\MrWall-master\src\JuanitoInjuredState.java,JuanitoInjuredState,moveRight/0,jc,2
E:\OOD\main\MrWall-master\MrWall-master\src\JuanitoInjuredState.java,JuanitoInjuredState,moveJump/0,jc,2
E:\OOD\main\MrWall-master\MrWall-master\src\JuanitoInjuredState.java,JuanitoInjuredState,JuanitoInjuredState/1[JuanitoStateContext],jc,1
E:\OOD\main\MrWall-master\MrWall-master\src\JuanitoInjuredState.java,JuanitoInjuredState,die/0,jc,2
E:\OOD\main\MrWall-master\MrWall-master\src\JuanitoInjuredState.java,JuanitoInjuredState,heal/0,jc,2
E:\OOD\main\MrWall-master\MrWall-master\src\JuanitoInjuredState.java,JuanitoInjuredState,moveLeft/0,jc,2
E:\OOD\main\MrWall-master\MrWall-master\src\Obstaculo.java,Obstaculo,setVida/1[int],vida,3
E:\OOD\main\MrWall-master\MrWall-master\src\Obstaculo.java,Obstaculo,getRectangulo/0,rectangulo,1
E:\OOD\main\MrWall-master\MrWall-master\src\Obstaculo.java,Obstaculo,getX/0,x,1
E:\OOD\main\MrWall-master\MrWall-master\src\Obstaculo.java,Obstaculo,setY/1[int],rectangulo,1
E:\OOD\main\MrWall-master\MrWall-master\src\Obstaculo.java,Obstaculo,setY/1[int],x,1
E:\OOD\main\MrWall-master\MrWall-master\src\Obstaculo.java,Obstaculo,setY/1[int],y,4
E:\OOD\main\MrWall-master\MrWall-master\src\Obstaculo.java,Obstaculo,draw/1[java.awt.Graphics],image,1
E:\OOD\main\MrWall-master\MrWall-master\src\Obstaculo.java,Obstaculo,draw/1[java.awt.Graphics],x,1
E:\OOD\main\MrWall-master\MrWall-master\src\Obstaculo.java,Obstaculo,draw/1[java.awt.Graphics],y,1
E:\OOD\main\MrWall-master\MrWall-master\src\Obstaculo.java,Obstaculo,getVida/0,vida,1
E:\OOD\main\MrWall-master\MrWall-master\src\Obstaculo.java,Obstaculo,setImage/1[javax.swing.ImageIcon],image,3
E:\OOD\main\MrWall-master\MrWall-master\src\Obstaculo.java,Obstaculo,setWidth/1[int],width,3
E:\OOD\main\MrWall-master\MrWall-master\src\Obstaculo.java,Obstaculo,getPath/0,path,1
E:\OOD\main\MrWall-master\MrWall-master\src\Obstaculo.java,Obstaculo,"Obstaculo/5[int,int,int,int,java.lang.String]",path,5
E:\OOD\main\MrWall-master\MrWall-master\src\Obstaculo.java,Obstaculo,"Obstaculo/5[int,int,int,int,java.lang.String]",image,1
E:\OOD\main\MrWall-master\MrWall-master\src\Obstaculo.java,Obstaculo,"Obstaculo/5[int,int,int,int,java.lang.String]",rectangulo,1
E:\OOD\main\MrWall-master\MrWall-master\src\Obstaculo.java,Obstaculo,"Obstaculo/5[int,int,int,int,java.lang.String]",vida,1
E:\OOD\main\MrWall-master\MrWall-master\src\Obstaculo.java,Obstaculo,"Obstaculo/5[int,int,int,int,java.lang.String]",x,4
E:\OOD\main\MrWall-master\MrWall-master\src\Obstaculo.java,Obstaculo,"Obstaculo/5[int,int,int,int,java.lang.String]",width,4
E:\OOD\main\MrWall-master\MrWall-master\src\Obstaculo.java,Obstaculo,"Obstaculo/5[int,int,int,int,java.lang.String]",y,4
E:\OOD\main\MrWall-master\MrWall-master\src\Obstaculo.java,Obstaculo,"Obstaculo/5[int,int,int,int,java.lang.String]",height,4
E:\OOD\main\MrWall-master\MrWall-master\src\Obstaculo.java,Obstaculo,getY/0,y,1
E:\OOD\main\MrWall-master\MrWall-master\src\Obstaculo.java,Obstaculo,getWidth/0,width,1
E:\OOD\main\MrWall-master\MrWall-master\src\Obstaculo.java,Obstaculo,setPath/1[java.lang.String],path,3
E:\OOD\main\MrWall-master\MrWall-master\src\Obstaculo.java,Obstaculo,getImage/0,image,1
E:\OOD\main\MrWall-master\MrWall-master\src\Obstaculo.java,Obstaculo,getHeight/0,height,1
E:\OOD\main\MrWall-master\MrWall-master\src\Obstaculo.java,Obstaculo,setCollisions/0,path,1
E:\OOD\main\MrWall-master\MrWall-master\src\Obstaculo.java,Obstaculo,setCollisions/0,x,4
E:\OOD\main\MrWall-master\MrWall-master\src\Obstaculo.java,Obstaculo,setCollisions/0,width,2
E:\OOD\main\MrWall-master\MrWall-master\src\Obstaculo.java,Obstaculo,setCollisions/0,y,2
E:\OOD\main\MrWall-master\MrWall-master\src\Obstaculo.java,Obstaculo,setCollisions/0,height,1
E:\OOD\main\MrWall-master\MrWall-master\src\Obstaculo.java,Obstaculo,setHeight/1[int],height,3
E:\OOD\main\MrWall-master\MrWall-master\src\Obstaculo.java,Obstaculo,isColliding/0,rectangulo,1
E:\OOD\main\MrWall-master\MrWall-master\src\Obstaculo.java,Obstaculo,createImageIcon/1[java.lang.String],path,3
E:\OOD\main\MrWall-master\MrWall-master\src\Obstaculo.java,Obstaculo,setX/1[int],rectangulo,1
E:\OOD\main\MrWall-master\MrWall-master\src\Obstaculo.java,Obstaculo,setX/1[int],x,4
E:\OOD\main\MrWall-master\MrWall-master\src\Obstaculo.java,Obstaculo,setX/1[int],y,1
E:\OOD\main\MrWall-master\MrWall-master\src\Obstaculo.java,Obstaculo,"update/2[java.util.Observable,java.lang.Object]",rectangulo,2
E:\OOD\main\MrWall-master\MrWall-master\src\Obstaculo.java,Obstaculo,"update/2[java.util.Observable,java.lang.Object]",vida,1
E:\OOD\main\MrWall-master\MrWall-master\src\Obstaculo.java,Obstaculo,"update/2[java.util.Observable,java.lang.Object]",x,1
E:\OOD\main\MrWall-master\MrWall-master\src\Obstaculo.java,Obstaculo,"update/2[java.util.Observable,java.lang.Object]",y,2
E:\OOD\main\MrWall-master\MrWall-master\src\Obstaculo.java,Obstaculo,setRectangulo/1[java.awt.Rectangle],rectangulo,3
E:\OOD\main\MrWall-master\MrWall-master\src\Obstaculos.java,Obstaculos,"addObstaculo/5[int,int,int,int,java.lang.String]",obstaculos,1
E:\OOD\main\MrWall-master\MrWall-master\src\Obstaculos.java,Obstaculos,setObstaculos/1[java.util.ArrayList<Obstaculo>],obstaculos,3
E:\OOD\main\MrWall-master\MrWall-master\src\Obstaculos.java,Obstaculos,"update/2[java.util.Observable,java.lang.Object]",obstaculos,1
E:\OOD\main\MrWall-master\MrWall-master\src\Obstaculos.java,Obstaculos,Obstaculos/0,obstaculos,1
E:\OOD\main\MrWall-master\MrWall-master\src\Obstaculos.java,Obstaculos,eliminar/1[int],obstaculos,2
E:\OOD\main\MrWall-master\MrWall-master\src\Obstaculos.java,Obstaculos,getObstaculos/0,obstaculos,1
E:\OOD\main\MrWall-master\MrWall-master\src\Obstaculos.java,Obstaculos,draw/1[java.awt.Graphics],obstaculos,1
E:\OOD\main\MrWall-master\MrWall-master\src\Obstaculos.java,Obstaculos,eliminarTodos/0,obstaculos,1
E:\OOD\main\MrWall-master\MrWall-master\src\Obstaculos.java,Obstaculos,level2done/0,obstaculos,1
E:\OOD\main\MrWall-master\MrWall-master\src\Obstaculos.java,Obstaculos,avanzar/1[int],obstaculos,1
E:\OOD\main\MrWall-master\MrWall-master\src\Buttons.java,Buttons,getSize/0,buttons,1
E:\OOD\main\MrWall-master\MrWall-master\src\Buttons.java,Buttons,getButton/1[int],buttons,1
E:\OOD\main\MrWall-master\MrWall-master\src\Buttons.java,Buttons,Buttons/0,buttons,1
E:\OOD\main\MrWall-master\MrWall-master\src\Buttons.java,Buttons,draw/1[java.awt.Graphics],buttons,2
E:\OOD\main\MrWall-master\MrWall-master\src\Buttons.java,Buttons,"addButton/8[int,int,int,int,java.awt.Color,java.lang.String,int,java.lang.String]",buttons,1
E:\OOD\main\MrWall-master\MrWall-master\src\Buttons.java,Buttons,getButton/1[java.lang.String],buttons,4
E:\OOD\main\MrWall-master\MrWall-master\src\GameStateProperties.java,GameStateProperties,GameStateProperties/0,stringClase,1
E:\OOD\main\MrWall-master\MrWall-master\src\GameStateProperties.java,GameStateProperties,getClase/1[int],stringClase,6
E:\OOD\main\MrWall-master\MrWall-master\src\PlayPanel.java,PlayPanel,getPlayPanelContextoEstado/0,playpanelstatecontext,1
E:\OOD\main\MrWall-master\MrWall-master\src\PlayPanel.java,PlayPanel,updateLevel/0,currentmiddleground,2
E:\OOD\main\MrWall-master\MrWall-master\src\PlayPanel.java,PlayPanel,updateLevel/0,playpanelstatecontext,6
E:\OOD\main\MrWall-master\MrWall-master\src\PlayPanel.java,PlayPanel,updateLevel/0,currentbackground,2
E:\OOD\main\MrWall-master\MrWall-master\src\PlayPanel.java,PlayPanel,updateLevel/0,currentforeground,2
E:\OOD\main\MrWall-master\MrWall-master\src\PlayPanel.java,PlayPanel,updateLevel/0,currentobstaculos,1
E:\OOD\main\MrWall-master\MrWall-master\src\PlayPanel.java,PlayPanel,updateLevel/0,currentenemigos,1
E:\OOD\main\MrWall-master\MrWall-master\src\PlayPanel.java,PlayPanel,updateLevel/0,currentbuttons,1
E:\OOD\main\MrWall-master\MrWall-master\src\PlayPanel.java,PlayPanel,startGame/0,running,1
E:\OOD\main\MrWall-master\MrWall-master\src\PlayPanel.java,PlayPanel,startGame/0,animator,3
E:\OOD\main\MrWall-master\MrWall-master\src\PlayPanel.java,PlayPanel,run/0,running,3
E:\OOD\main\MrWall-master\MrWall-master\src\PlayPanel.java,PlayPanel,run/0,isPaused,2
E:\OOD\main\MrWall-master\MrWall-master\src\PlayPanel.java,PlayPanel,run/0,NO_DELAYS_PER_YIELD,1
E:\OOD\main\MrWall-master\MrWall-master\src\PlayPanel.java,PlayPanel,run/0,MAX_FRAME_SKIPS,1
E:\OOD\main\MrWall-master\MrWall-master\src\PlayPanel.java,PlayPanel,checkGameState/1[java.awt.Point],playpanelstatecontext,2
E:\OOD\main\MrWall-master\MrWall-master\src\PlayPanel.java,PlayPanel,checkGameState/1[java.awt.Point],gamestatecontext,12
E:\OOD\main\MrWall-master\MrWall-master\src\PlayPanel.java,PlayPanel,checkGameState/1[java.awt.Point],currentstatebackground,2
E:\OOD\main\MrWall-master\MrWall-master\src\PlayPanel.java,PlayPanel,checkGameState/1[java.awt.Point],currentstatebutton,4
E:\OOD\main\MrWall-master\MrWall-master\src\PlayPanel.java,PlayPanel,deport/0,currentmiddleground,1
E:\OOD\main\MrWall-master\MrWall-master\src\PlayPanel.java,PlayPanel,deport/0,playpanelstatecontext,2
E:\OOD\main\MrWall-master\MrWall-master\src\PlayPanel.java,PlayPanel,deport/0,currentbackground,1
E:\OOD\main\MrWall-master\MrWall-master\src\PlayPanel.java,PlayPanel,deport/0,t,1
E:\OOD\main\MrWall-master\MrWall-master\src\PlayPanel.java,PlayPanel,deport/0,currentforeground,1
E:\OOD\main\MrWall-master\MrWall-master\src\PlayPanel.java,PlayPanel,resumeGame/0,isPaused,1
E:\OOD\main\MrWall-master\MrWall-master\src\PlayPanel.java,PlayPanel,actionPerformed/1[java.awt.event.ActionEvent],playpanelstatecontext,1
E:\OOD\main\MrWall-master\MrWall-master\src\PlayPanel.java,PlayPanel,actionPerformed/1[java.awt.event.ActionEvent],t,2
E:\OOD\main\MrWall-master\MrWall-master\src\PlayPanel.java,PlayPanel,actionPerformed/1[java.awt.event.ActionEvent],currentenemigos,1
E:\OOD\main\MrWall-master\MrWall-master\src\PlayPanel.java,PlayPanel,PlayPanel/0,currentmiddleground,1
E:\OOD\main\MrWall-master\MrWall-master\src\PlayPanel.java,PlayPanel,PlayPanel/0,playpanelstatecontext,7
E:\OOD\main\MrWall-master\MrWall-master\src\PlayPanel.java,PlayPanel,PlayPanel/0,PHEIGHT,1
E:\OOD\main\MrWall-master\MrWall-master\src\PlayPanel.java,PlayPanel,PlayPanel/0,currentenemigos,1
E:\OOD\main\MrWall-master\MrWall-master\src\PlayPanel.java,PlayPanel,PlayPanel/0,currentbuttons,1
E:\OOD\main\MrWall-master\MrWall-master\src\PlayPanel.java,PlayPanel,PlayPanel/0,currentbackground,1
E:\OOD\main\MrWall-master\MrWall-master\src\PlayPanel.java,PlayPanel,PlayPanel/0,t,1
E:\OOD\main\MrWall-master\MrWall-master\src\PlayPanel.java,PlayPanel,PlayPanel/0,gamestatecontext,3
E:\OOD\main\MrWall-master\MrWall-master\src\PlayPanel.java,PlayPanel,PlayPanel/0,currentforeground,1
E:\OOD\main\MrWall-master\MrWall-master\src\PlayPanel.java,PlayPanel,PlayPanel/0,PWIDTH,1
E:\OOD\main\MrWall-master\MrWall-master\src\PlayPanel.java,PlayPanel,PlayPanel/0,currentobstaculos,1
E:\OOD\main\MrWall-master\MrWall-master\src\PlayPanel.java,PlayPanel,PlayPanel/0,currentstatebackground,1
E:\OOD\main\MrWall-master\MrWall-master\src\PlayPanel.java,PlayPanel,PlayPanel/0,currentstatebutton,1
E:\OOD\main\MrWall-master\MrWall-master\src\PlayPanel.java,PlayPanel,pauseGame/0,isPaused,1
E:\OOD\main\MrWall-master\MrWall-master\src\PlayPanel.java,PlayPanel,paintScreen/0,dbImage,2
E:\OOD\main\MrWall-master\MrWall-master\src\PlayPanel.java,PlayPanel,checkLevelChange/0,currentmiddleground,2
E:\OOD\main\MrWall-master\MrWall-master\src\PlayPanel.java,PlayPanel,checkLevelChange/0,playpanelstatecontext,10
E:\OOD\main\MrWall-master\MrWall-master\src\PlayPanel.java,PlayPanel,checkLevelChange/0,currentbackground,2
E:\OOD\main\MrWall-master\MrWall-master\src\PlayPanel.java,PlayPanel,checkLevelChange/0,currentforeground,2
E:\OOD\main\MrWall-master\MrWall-master\src\PlayPanel.java,PlayPanel,checkLevelChange/0,currentobstaculos,1
E:\OOD\main\MrWall-master\MrWall-master\src\PlayPanel.java,PlayPanel,checkLevelChange/0,currentenemigos,1
E:\OOD\main\MrWall-master\MrWall-master\src\PlayPanel.java,PlayPanel,checkLevelChange/0,currentbuttons,1
E:\OOD\main\MrWall-master\MrWall-master\src\PlayPanel.java,PlayPanel,gameUpdate/0,currentmiddleground,2
E:\OOD\main\MrWall-master\MrWall-master\src\PlayPanel.java,PlayPanel,gameUpdate/0,playpanelstatecontext,5
E:\OOD\main\MrWall-master\MrWall-master\src\PlayPanel.java,PlayPanel,gameUpdate/0,currentbackground,2
E:\OOD\main\MrWall-master\MrWall-master\src\PlayPanel.java,PlayPanel,gameUpdate/0,currentforeground,2
E:\OOD\main\MrWall-master\MrWall-master\src\PlayPanel.java,PlayPanel,gameUpdate/0,currentobstaculos,1
E:\OOD\main\MrWall-master\MrWall-master\src\PlayPanel.java,PlayPanel,gameUpdate/0,currentenemigos,2
E:\OOD\main\MrWall-master\MrWall-master\src\PlayPanel.java,PlayPanel,gameUpdate/0,gameOver,1
E:\OOD\main\MrWall-master\MrWall-master\src\PlayPanel.java,PlayPanel,gameRender/0,currentmiddleground,1
E:\OOD\main\MrWall-master\MrWall-master\src\PlayPanel.java,PlayPanel,gameRender/0,playpanelstatecontext,7
E:\OOD\main\MrWall-master\MrWall-master\src\PlayPanel.java,PlayPanel,gameRender/0,dbg,17
E:\OOD\main\MrWall-master\MrWall-master\src\PlayPanel.java,PlayPanel,gameRender/0,PHEIGHT,2
E:\OOD\main\MrWall-master\MrWall-master\src\PlayPanel.java,PlayPanel,gameRender/0,currentenemigos,2
E:\OOD\main\MrWall-master\MrWall-master\src\PlayPanel.java,PlayPanel,gameRender/0,currentbuttons,1
E:\OOD\main\MrWall-master\MrWall-master\src\PlayPanel.java,PlayPanel,gameRender/0,currentbackground,1
E:\OOD\main\MrWall-master\MrWall-master\src\PlayPanel.java,PlayPanel,gameRender/0,t,1
E:\OOD\main\MrWall-master\MrWall-master\src\PlayPanel.java,PlayPanel,gameRender/0,currentforeground,1
E:\OOD\main\MrWall-master\MrWall-master\src\PlayPanel.java,PlayPanel,gameRender/0,PWIDTH,2
E:\OOD\main\MrWall-master\MrWall-master\src\PlayPanel.java,PlayPanel,gameRender/0,currentobstaculos,1
E:\OOD\main\MrWall-master\MrWall-master\src\PlayPanel.java,PlayPanel,gameRender/0,dbImage,4
E:\OOD\main\MrWall-master\MrWall-master\src\PlayPanel.java,PlayPanel,gameRender/0,currentstatebackground,1
E:\OOD\main\MrWall-master\MrWall-master\src\PlayPanel.java,PlayPanel,gameRender/0,currentstatebutton,1
E:\OOD\main\MrWall-master\MrWall-master\src\PlayPanel.java,PlayPanel,checkMenuClick/1[java.awt.Point],playpanelstatecontext,8
E:\OOD\main\MrWall-master\MrWall-master\src\PlayPanel.java,PlayPanel,checkMenuClick/1[java.awt.Point],gamestatecontext,4
E:\OOD\main\MrWall-master\MrWall-master\src\PlayPanel.java,PlayPanel,checkMenuClick/1[java.awt.Point],currentstatebackground,1
E:\OOD\main\MrWall-master\MrWall-master\src\PlayPanel.java,PlayPanel,checkMenuClick/1[java.awt.Point],currentbuttons,5
E:\OOD\main\MrWall-master\MrWall-master\src\PlayPanel.java,PlayPanel,checkMenuClick/1[java.awt.Point],currentstatebutton,1
E:\OOD\main\MrWall-master\MrWall-master\src\PlayPanel.java,PlayPanel,stopGame/0,running,1
E:\OOD\main\MrWall-master\MrWall-master\src\JuanitoStateProperties.java,JuanitoStateProperties,getClase/1[int],stringClase,12
E:\OOD\main\MrWall-master\MrWall-master\src\JuanitoStateProperties.java,JuanitoStateProperties,JuanitoStateProperties/0,stringClase,1
