file,class,method,constructor,line,cbo,cboModified,fanin,fanout,wmc,rfc,loc,returnsQty,variablesQty,parametersQty,methodsInvokedQty,methodsInvokedLocalQty,methodsInvokedIndirectLocalQty,loopQty,comparisonsQty,tryCatchQty,parenthesizedExpsQty,stringLiteralsQty,numbersQty,assignmentsQty,mathOperationsQty,maxNestedBlocksQty,anonymousClassesQty,innerClassesQty,lambdasQty,uniqueWordsQty,modifiers,logStatementsQty,hasJavaDoc
E:\OOD\main\MrWall-master\MrWall-master\src\PlayPanelStrategyContext.java,PlayPanelStrategyContext,getNivelMenu/0,false,22,1,1,1,0,1,0,3,1,0,0,0,0,0,0,0,0,0,0,1,0,0,0,0,0,0,3,1,0,false
E:\OOD\main\MrWall-master\MrWall-master\src\PlayPanelStrategyContext.java,PlayPanelStrategyContext,getNivel1/0,false,23,1,3,3,0,1,0,3,1,0,0,0,0,0,0,0,0,0,0,1,0,0,0,0,0,0,2,1,0,false
E:\OOD\main\MrWall-master\MrWall-master\src\PlayPanelStrategyContext.java,PlayPanelStrategyContext,getNivel2/0,false,24,1,4,4,0,1,0,3,1,0,0,0,0,0,0,0,0,0,0,1,0,0,0,0,0,0,2,1,0,false
E:\OOD\main\MrWall-master\MrWall-master\src\PlayPanelStrategyContext.java,PlayPanelStrategyContext,setCurrent/1[PlayPanelStrategy],false,20,1,2,2,0,1,0,3,0,0,1,0,0,0,0,0,0,0,0,0,1,0,0,0,0,0,7,1,0,false
E:\OOD\main\MrWall-master\MrWall-master\src\PlayPanelStrategyContext.java,PlayPanelStrategyContext,getCurrent/0,false,21,1,8,8,0,1,0,3,1,0,0,0,0,0,0,0,0,0,0,0,0,0,0,0,0,0,6,1,0,false
E:\OOD\main\MrWall-master\MrWall-master\src\PlayPanelStrategyContext.java,PlayPanelStrategyContext,getNivelRules/0,false,25,1,1,1,0,1,0,3,1,0,0,0,0,0,0,0,0,0,0,1,0,0,0,0,0,0,3,1,0,false
E:\OOD\main\MrWall-master\MrWall-master\src\PlayPanelStrategyContext.java,PlayPanelStrategyContext,PlayPanelStrategyContext/0,true,11,2,5,1,4,1,3,8,0,0,0,3,0,0,0,0,0,0,0,9,6,0,0,0,0,0,7,1,0,false
E:\OOD\main\MrWall-master\MrWall-master\src\Shape.java,Shape,"Shape/5[int,int,int,int,java.awt.Color]",true,22,0,0,0,0,1,0,8,0,0,5,0,0,0,0,0,0,0,0,6,6,0,0,0,0,0,8,1,0,false
E:\OOD\main\MrWall-master\MrWall-master\src\Shape.java,Shape,getY/0,false,36,0,0,0,0,1,0,3,1,0,0,0,0,0,0,0,0,0,0,0,0,0,0,0,0,0,3,1,0,false
E:\OOD\main\MrWall-master\MrWall-master\src\Shape.java,Shape,getX/0,false,32,0,0,0,0,1,0,3,1,0,0,0,0,0,0,0,0,0,0,0,0,0,0,0,0,0,3,1,0,false
E:\OOD\main\MrWall-master\MrWall-master\src\Shape.java,Shape,draw/1[java.awt.Graphics],false,20,0,0,0,0,1,0,1,0,0,1,0,0,0,0,0,0,0,0,0,0,0,0,0,0,0,3,1025,0,false
E:\OOD\main\MrWall-master\MrWall-master\src\Shape.java,Shape,getRectangle/0,false,40,0,0,0,0,1,0,3,1,0,0,0,0,0,0,0,0,0,0,0,0,0,0,0,0,0,3,1,0,false
E:\OOD\main\MrWall-master\MrWall-master\src\Enemigo.java,Enemigo,getRectangulo/0,false,156,0,1,1,0,1,0,3,1,0,0,0,0,0,0,0,0,0,0,0,0,0,0,0,0,0,4,1,0,false
E:\OOD\main\MrWall-master\MrWall-master\src\Enemigo.java,Enemigo,getEstillder/0,false,188,0,0,0,0,1,0,3,1,0,0,0,0,0,0,0,0,0,0,0,0,0,0,0,0,0,5,1,0,false
E:\OOD\main\MrWall-master\MrWall-master\src\Enemigo.java,Enemigo,setEmoveder/1[javax.swing.ImageIcon],false,176,0,0,0,0,1,0,3,0,0,1,0,0,0,0,0,0,0,0,0,1,0,0,0,0,0,5,1,0,false
E:\OOD\main\MrWall-master\MrWall-master\src\Enemigo.java,Enemigo,setPerfilder/1[boolean],false,219,0,0,0,0,1,0,3,0,0,1,0,0,0,0,0,0,0,0,0,1,0,0,0,0,0,3,1,0,false
E:\OOD\main\MrWall-master\MrWall-master\src\Enemigo.java,Enemigo,createImageIcon/1[java.lang.String],false,249,0,2,2,0,2,3,10,2,1,1,3,0,0,0,1,0,0,1,0,1,1,1,0,0,0,12,4,0,false
E:\OOD\main\MrWall-master\MrWall-master\src\Enemigo.java,Enemigo,"Enemigo/4[int,int,int,int]",true,26,1,2,1,1,1,1,17,0,0,4,1,1,1,0,0,0,0,5,3,15,2,0,0,0,0,22,1,0,false
E:\OOD\main\MrWall-master\MrWall-master\src\Enemigo.java,Enemigo,getWidth/0,false,124,0,0,0,0,1,0,3,1,0,0,0,0,0,0,0,0,0,0,0,0,0,0,0,0,0,3,1,0,false
E:\OOD\main\MrWall-master\MrWall-master\src\Enemigo.java,Enemigo,isPerfilizq/0,false,224,0,0,0,0,1,0,3,1,0,0,0,0,0,0,0,0,0,0,0,0,0,0,0,0,0,3,1,0,false
E:\OOD\main\MrWall-master\MrWall-master\src\Enemigo.java,Enemigo,getCurrentImage/0,false,148,0,0,0,0,1,0,3,1,0,0,0,0,0,0,0,0,0,0,0,0,0,0,0,0,0,5,1,0,false
E:\OOD\main\MrWall-master\MrWall-master\src\Enemigo.java,Enemigo,setCurrentImage/1[javax.swing.ImageIcon],false,152,0,1,1,0,1,0,3,0,0,1,0,0,0,0,0,0,0,0,0,1,0,0,0,0,0,5,1,0,false
E:\OOD\main\MrWall-master\MrWall-master\src\Enemigo.java,Enemigo,setWidth/1[int],false,128,0,0,0,0,1,0,3,0,0,1,0,0,0,0,0,0,0,0,0,1,0,0,0,0,0,3,1,0,false
E:\OOD\main\MrWall-master\MrWall-master\src\Enemigo.java,Enemigo,isColliding/0,false,86,1,3,1,2,2,3,6,2,0,0,3,0,0,0,0,0,0,0,0,0,0,1,0,0,0,4,1,0,false
E:\OOD\main\MrWall-master\MrWall-master\src\Enemigo.java,Enemigo,setY/1[int],false,119,0,0,0,0,1,1,4,0,0,1,1,0,0,0,0,0,0,0,1,1,1,0,0,0,0,4,1,0,false
E:\OOD\main\MrWall-master\MrWall-master\src\Enemigo.java,Enemigo,getCurrentimage/0,false,204,0,0,0,0,1,0,3,1,0,0,0,0,0,0,0,0,0,0,0,0,0,0,0,0,0,5,1,0,false
E:\OOD\main\MrWall-master\MrWall-master\src\Enemigo.java,Enemigo,setEstillizq/1[javax.swing.ImageIcon],false,184,0,0,0,0,1,0,3,0,0,1,0,0,0,0,0,0,0,0,0,1,0,0,0,0,0,5,1,0,false
E:\OOD\main\MrWall-master\MrWall-master\src\Enemigo.java,Enemigo,setEinvisible/1[javax.swing.ImageIcon],false,196,0,0,0,0,1,0,3,0,0,1,0,0,0,0,0,0,0,0,0,1,0,0,0,0,0,5,1,0,false
E:\OOD\main\MrWall-master\MrWall-master\src\Enemigo.java,Enemigo,isPerfilder/0,false,214,0,0,0,0,1,0,3,1,0,0,0,0,0,0,0,0,0,0,0,0,0,0,0,0,0,3,1,0,false
E:\OOD\main\MrWall-master\MrWall-master\src\Enemigo.java,Enemigo,getY/0,false,115,0,0,0,0,1,0,3,1,0,0,0,0,0,0,0,0,0,0,0,0,0,0,0,0,0,3,1,0,false
E:\OOD\main\MrWall-master\MrWall-master\src\Enemigo.java,Enemigo,setCurrentimage/1[javax.swing.ImageIcon],false,209,0,1,1,0,1,0,3,0,0,1,0,0,0,0,0,0,0,0,0,1,0,0,0,0,0,5,1,0,false
E:\OOD\main\MrWall-master\MrWall-master\src\Enemigo.java,Enemigo,setJuanitocercano/1[boolean],false,239,0,0,0,0,1,0,3,0,0,1,0,0,0,0,0,0,0,0,0,1,0,0,0,0,0,3,1,0,false
E:\OOD\main\MrWall-master\MrWall-master\src\Enemigo.java,Enemigo,atrapoJuanito/0,false,73,1,5,1,4,3,5,11,3,0,0,5,0,0,0,0,0,0,0,6,0,6,1,0,0,0,4,1,0,false
E:\OOD\main\MrWall-master\MrWall-master\src\Enemigo.java,Enemigo,getVida/0,false,140,0,1,1,0,1,0,3,1,0,0,0,0,0,0,0,0,0,0,0,0,0,0,0,0,0,3,1,0,false
E:\OOD\main\MrWall-master\MrWall-master\src\Enemigo.java,Enemigo,move/0,false,45,2,5,1,4,7,4,22,0,0,0,4,2,1,0,0,0,4,0,5,8,5,2,0,0,0,13,1,0,false
E:\OOD\main\MrWall-master\MrWall-master\src\Enemigo.java,Enemigo,getEinvisible/0,false,200,0,0,0,0,1,0,3,1,0,0,0,0,0,0,0,0,0,0,0,0,0,0,0,0,0,5,1,0,false
E:\OOD\main\MrWall-master\MrWall-master\src\Enemigo.java,Enemigo,setPerfilizq/1[boolean],false,229,0,0,0,0,1,0,3,0,0,1,0,0,0,0,0,0,0,0,0,1,0,0,0,0,0,3,1,0,false
E:\OOD\main\MrWall-master\MrWall-master\src\Enemigo.java,Enemigo,draw/1[java.awt.Graphics],false,100,0,1,1,0,1,1,3,0,0,1,1,0,0,0,0,0,0,0,0,0,0,0,0,0,0,3,1,0,false
E:\OOD\main\MrWall-master\MrWall-master\src\Enemigo.java,Enemigo,die/0,false,243,1,2,0,2,1,2,4,0,1,0,2,2,1,0,0,0,0,1,0,1,0,0,0,0,0,7,1,0,false
E:\OOD\main\MrWall-master\MrWall-master\src\Enemigo.java,Enemigo,setVida/1[int],false,144,0,1,1,0,1,0,3,0,0,1,0,0,0,0,0,0,0,0,0,1,0,0,0,0,0,3,1,0,false
E:\OOD\main\MrWall-master\MrWall-master\src\Enemigo.java,Enemigo,updateImage/0,false,93,2,3,0,3,2,3,4,0,0,0,3,1,1,0,0,0,0,0,0,0,0,1,0,0,0,2,1,0,false
E:\OOD\main\MrWall-master\MrWall-master\src\Enemigo.java,Enemigo,setEmoveizq/1[javax.swing.ImageIcon],false,168,0,0,0,0,1,0,3,0,0,1,0,0,0,0,0,0,0,0,0,1,0,0,0,0,0,5,1,0,false
E:\OOD\main\MrWall-master\MrWall-master\src\Enemigo.java,Enemigo,getX/0,false,106,0,3,3,0,1,0,3,1,0,0,0,0,0,0,0,0,0,0,0,0,0,0,0,0,0,3,1,0,false
E:\OOD\main\MrWall-master\MrWall-master\src\Enemigo.java,Enemigo,getEmoveder/0,false,172,0,0,0,0,1,0,3,1,0,0,0,0,0,0,0,0,0,0,0,0,0,0,0,0,0,5,1,0,false
E:\OOD\main\MrWall-master\MrWall-master\src\Enemigo.java,Enemigo,setHeight/1[int],false,136,0,0,0,0,1,0,3,0,0,1,0,0,0,0,0,0,0,0,0,1,0,0,0,0,0,3,1,0,false
E:\OOD\main\MrWall-master\MrWall-master\src\Enemigo.java,Enemigo,getHeight/0,false,132,0,0,0,0,1,0,3,1,0,0,0,0,0,0,0,0,0,0,0,0,0,0,0,0,0,3,1,0,false
E:\OOD\main\MrWall-master\MrWall-master\src\Enemigo.java,Enemigo,setEstillder/1[javax.swing.ImageIcon],false,192,0,0,0,0,1,0,3,0,0,1,0,0,0,0,0,0,0,0,0,1,0,0,0,0,0,5,1,0,false
E:\OOD\main\MrWall-master\MrWall-master\src\Enemigo.java,Enemigo,getEstillizq/0,false,180,0,1,1,0,1,0,3,1,0,0,0,0,0,0,0,0,0,0,0,0,0,0,0,0,0,5,1,0,false
E:\OOD\main\MrWall-master\MrWall-master\src\Enemigo.java,Enemigo,setX/1[int],false,110,0,2,2,0,1,1,4,0,0,1,1,0,0,0,0,0,0,0,1,1,1,0,0,0,0,3,1,0,false
E:\OOD\main\MrWall-master\MrWall-master\src\Enemigo.java,Enemigo,setRectangulo/1[java.awt.Rectangle],false,160,0,0,0,0,1,0,3,0,0,1,0,0,0,0,0,0,0,0,0,1,0,0,0,0,0,4,1,0,false
E:\OOD\main\MrWall-master\MrWall-master\src\Enemigo.java,Enemigo,getEmoveizq/0,false,164,0,0,0,0,1,0,3,1,0,0,0,0,0,0,0,0,0,0,0,0,0,0,0,0,0,5,1,0,false
E:\OOD\main\MrWall-master\MrWall-master\src\Enemigo.java,Enemigo,isJuanitocercano/0,false,234,0,0,0,0,1,0,3,1,0,0,0,0,0,0,0,0,0,0,0,0,0,0,0,0,0,3,1,0,false
E:\OOD\main\MrWall-master\MrWall-master\src\JuanitoHUD.java,JuanitoHUD,JuanitoHUD/0,true,23,1,2,1,1,3,5,16,0,0,0,5,1,1,0,0,2,0,2,0,3,0,1,0,0,0,16,1,0,false
E:\OOD\main\MrWall-master\MrWall-master\src\JuanitoHUD.java,JuanitoHUD,update/1[Juanito],false,47,1,4,1,3,1,3,5,0,0,1,3,0,0,0,0,0,0,0,0,3,0,0,0,0,0,6,1,0,false
E:\OOD\main\MrWall-master\MrWall-master\src\JuanitoHUD.java,JuanitoHUD,setPuntos/1[int],false,90,0,1,1,0,1,0,3,0,0,1,0,0,0,0,0,0,0,0,0,1,0,0,0,0,0,3,1,0,false
E:\OOD\main\MrWall-master\MrWall-master\src\JuanitoHUD.java,JuanitoHUD,getInstance/0,false,41,1,5,4,1,2,0,6,2,0,0,0,0,0,0,1,0,0,0,0,1,0,1,0,0,0,8,41,0,false
E:\OOD\main\MrWall-master\MrWall-master\src\JuanitoHUD.java,JuanitoHUD,draw/1[java.awt.Graphics],false,53,0,1,1,0,9,4,34,0,0,1,4,0,0,0,0,0,0,12,35,0,11,1,0,0,0,9,1,0,false
E:\OOD\main\MrWall-master\MrWall-master\src\JuanitoHUD.java,JuanitoHUD,reset/0,false,84,0,1,1,0,1,0,5,0,0,0,0,0,0,0,0,0,0,0,3,3,0,0,0,0,0,1,1,0,false
E:\OOD\main\MrWall-master\MrWall-master\src\JuanitoHUD.java,JuanitoHUD,setVisible/1[boolean],false,72,0,3,3,0,2,0,11,0,1,1,0,0,0,0,0,0,0,0,4,5,0,1,0,0,0,8,1,0,false
E:\OOD\main\MrWall-master\MrWall-master\src\Nivel2.java,Nivel2,getButtons/0,false,87,1,0,0,0,1,0,3,1,0,0,0,0,0,0,0,0,0,0,0,0,0,0,0,0,0,3,1,0,false
E:\OOD\main\MrWall-master\MrWall-master\src\Nivel2.java,Nivel2,getBackground/0,false,39,1,0,0,0,1,0,3,1,0,0,0,0,0,0,0,0,0,0,0,0,0,0,0,0,0,3,1,0,false
E:\OOD\main\MrWall-master\MrWall-master\src\Nivel2.java,Nivel2,getForeground/0,false,47,1,0,0,0,1,0,3,1,0,0,0,0,0,0,0,0,0,0,0,0,0,0,0,0,0,4,1,0,false
E:\OOD\main\MrWall-master\MrWall-master\src\Nivel2.java,Nivel2,setMiddleground/1[Background],false,59,1,0,0,0,1,0,3,0,0,1,0,0,0,0,0,0,0,0,0,1,0,0,0,0,0,4,1,0,false
E:\OOD\main\MrWall-master\MrWall-master\src\Nivel2.java,Nivel2,getContext/0,false,79,1,0,0,0,1,0,3,1,0,0,0,0,0,0,0,0,0,0,0,0,0,0,0,0,0,6,1,0,false
E:\OOD\main\MrWall-master\MrWall-master\src\Nivel2.java,Nivel2,setBackground/1[Background],false,43,1,0,0,0,1,0,3,0,0,1,0,0,0,0,0,0,0,0,0,1,0,0,0,0,0,3,1,0,false
E:\OOD\main\MrWall-master\MrWall-master\src\Nivel2.java,Nivel2,setObstaculos/1[Obstaculos],false,67,1,0,0,0,1,0,3,0,0,1,0,0,0,0,0,0,0,0,0,1,0,0,0,0,0,3,1,0,false
E:\OOD\main\MrWall-master\MrWall-master\src\Nivel2.java,Nivel2,Nivel2/1[PlayPanelStrategyContext],true,16,5,4,0,4,1,0,9,0,0,1,0,0,0,0,0,0,0,3,6,7,0,0,0,0,0,16,1,0,false
E:\OOD\main\MrWall-master\MrWall-master\src\Nivel2.java,Nivel2,reset/0,false,96,5,7,1,6,1,8,9,0,0,0,8,1,1,0,0,0,0,0,4,0,0,0,0,0,0,3,1,0,false
E:\OOD\main\MrWall-master\MrWall-master\src\Nivel2.java,Nivel2,createStuff/0,false,28,2,4,2,2,2,3,8,0,2,0,3,0,0,1,0,0,0,2,16,2,2,1,0,0,0,5,1,0,false
E:\OOD\main\MrWall-master\MrWall-master\src\Nivel2.java,Nivel2,setForeground/1[Background],false,51,1,0,0,0,1,0,3,0,0,1,0,0,0,0,0,0,0,0,0,1,0,0,0,0,0,4,1,0,false
E:\OOD\main\MrWall-master\MrWall-master\src\Nivel2.java,Nivel2,getObstaculos/0,false,63,1,1,1,0,1,0,3,1,0,0,0,0,0,0,0,0,0,0,0,0,0,0,0,0,0,3,1,0,false
E:\OOD\main\MrWall-master\MrWall-master\src\Nivel2.java,Nivel2,getMiddleground/0,false,55,1,0,0,0,1,0,3,1,0,0,0,0,0,0,0,0,0,0,0,0,0,0,0,0,0,4,1,0,false
E:\OOD\main\MrWall-master\MrWall-master\src\Nivel2.java,Nivel2,setEnemigos/1[Enemigos],false,75,1,0,0,0,1,0,3,0,0,1,0,0,0,0,0,0,0,0,0,1,0,0,0,0,0,3,1,0,false
E:\OOD\main\MrWall-master\MrWall-master\src\Nivel2.java,Nivel2,setContext/1[PlayPanelStrategyContext],false,83,1,0,0,0,1,0,3,0,0,1,0,0,0,0,0,0,0,0,0,1,0,0,0,0,0,6,1,0,false
E:\OOD\main\MrWall-master\MrWall-master\src\Nivel2.java,Nivel2,getEnemigos/0,false,71,1,0,0,0,1,0,3,1,0,0,0,0,0,0,0,0,0,0,0,0,0,0,0,0,0,3,1,0,false
E:\OOD\main\MrWall-master\MrWall-master\src\Nivel2.java,Nivel2,setButtons/1[Buttons],false,92,1,0,0,0,1,0,2,0,0,1,0,0,0,0,0,0,0,0,0,0,0,0,0,0,0,3,1,0,false
E:\OOD\main\MrWall-master\MrWall-master\src\SoundLoader.java,SoundLoader,startMusic/0,false,66,0,1,1,0,3,1,6,0,0,0,1,0,0,0,1,0,0,0,0,1,0,1,0,0,0,6,1,0,false
E:\OOD\main\MrWall-master\MrWall-master\src\SoundLoader.java,SoundLoader,SoundLoader/1[java.lang.String[]],true,19,0,1,1,0,2,1,7,0,0,1,1,0,0,1,0,0,0,0,0,2,0,1,0,0,0,8,1,0,false
E:\OOD\main\MrWall-master\MrWall-master\src\SoundLoader.java,SoundLoader,setCurrentIndex/1[int],false,62,0,0,0,0,1,0,3,0,0,1,0,0,0,0,0,0,0,0,0,1,0,0,0,0,0,4,1,0,false
E:\OOD\main\MrWall-master\MrWall-master\src\SoundLoader.java,SoundLoader,getInstance/0,false,12,1,9,8,1,2,0,6,1,0,0,0,0,0,0,1,0,0,4,0,1,0,1,0,0,0,6,41,0,false
E:\OOD\main\MrWall-master\MrWall-master\src\SoundLoader.java,SoundLoader,playSound/1[java.lang.String],false,27,0,7,7,0,3,11,16,0,5,1,11,0,0,0,1,1,0,1,1,5,0,2,0,0,0,19,1,0,false
E:\OOD\main\MrWall-master\MrWall-master\src\SoundLoader.java,SoundLoader,run/0,false,47,1,1,0,1,4,2,12,0,1,0,2,1,1,1,1,0,0,0,1,2,0,2,0,0,0,10,1,0,false
E:\OOD\main\MrWall-master\MrWall-master\src\JuanitoMovingState.java,JuanitoMovingState,die/0,false,42,0,0,0,0,1,1,3,0,0,0,1,0,0,0,0,0,0,1,0,0,0,0,0,0,0,5,1,0,false
E:\OOD\main\MrWall-master\MrWall-master\src\JuanitoMovingState.java,JuanitoMovingState,moveJump/0,false,66,2,10,0,10,6,10,12,0,0,0,10,0,0,0,2,0,0,2,4,0,0,1,0,0,0,2,1,0,false
E:\OOD\main\MrWall-master\MrWall-master\src\JuanitoMovingState.java,JuanitoMovingState,JuanitoMovingState/1[JuanitoStateContext],true,8,1,0,0,0,1,0,3,0,0,1,0,0,0,0,0,0,0,0,0,1,0,0,0,0,0,6,1,0,false
E:\OOD\main\MrWall-master\MrWall-master\src\JuanitoMovingState.java,JuanitoMovingState,moveRight/0,false,46,1,8,0,8,3,8,6,0,0,0,8,0,0,0,1,0,0,0,2,0,0,1,0,0,0,4,1,0,false
E:\OOD\main\MrWall-master\MrWall-master\src\JuanitoMovingState.java,JuanitoMovingState,heal/0,false,39,0,0,0,0,1,1,3,0,0,0,1,0,0,0,0,0,0,1,0,0,0,0,0,0,0,5,1,0,false
E:\OOD\main\MrWall-master\MrWall-master\src\JuanitoMovingState.java,JuanitoMovingState,stop/0,false,26,2,8,0,8,2,8,6,0,0,0,8,0,0,0,0,0,0,0,1,0,0,1,0,0,0,1,1,0,false
E:\OOD\main\MrWall-master\MrWall-master\src\JuanitoMovingState.java,JuanitoMovingState,shoot/0,false,12,3,8,0,8,2,8,13,0,0,0,8,0,0,0,0,0,0,2,3,1,0,1,0,0,0,3,1,0,false
E:\OOD\main\MrWall-master\MrWall-master\src\JuanitoMovingState.java,JuanitoMovingState,hurt/0,false,35,1,2,0,2,1,3,4,0,0,0,3,0,0,0,0,0,0,1,0,0,0,0,0,0,0,1,1,0,false
E:\OOD\main\MrWall-master\MrWall-master\src\JuanitoMovingState.java,JuanitoMovingState,moveLeft/0,false,56,1,8,0,8,3,8,6,0,0,0,8,0,0,0,1,0,0,0,2,0,0,1,0,0,0,4,1,0,false
E:\OOD\main\MrWall-master\MrWall-master\src\JuanitoStateContext.java,JuanitoStateContext,getMovingState/0,false,22,1,6,6,0,1,0,3,1,0,0,0,0,0,0,0,0,0,0,1,0,0,0,0,0,0,4,1,0,false
E:\OOD\main\MrWall-master\MrWall-master\src\JuanitoStateContext.java,JuanitoStateContext,getStaticState/0,false,21,1,5,5,0,1,0,3,1,0,0,0,0,0,0,0,0,0,0,1,0,0,0,0,0,0,4,1,0,false
E:\OOD\main\MrWall-master\MrWall-master\src\JuanitoStateContext.java,JuanitoStateContext,setCurrent/1[JuanitoState],false,19,1,16,16,0,1,0,3,0,0,1,0,0,0,0,0,0,0,0,0,1,0,0,0,0,0,6,1,0,false
E:\OOD\main\MrWall-master\MrWall-master\src\JuanitoStateContext.java,JuanitoStateContext,getCurrent/0,false,20,1,5,5,0,1,0,3,1,0,0,0,0,0,0,0,0,0,0,0,0,0,0,0,0,0,5,1,0,false
E:\OOD\main\MrWall-master\MrWall-master\src\JuanitoStateContext.java,JuanitoStateContext,getInjuredState/0,false,23,1,2,2,0,1,0,3,1,0,0,0,0,0,0,0,0,0,0,1,0,0,0,0,0,0,4,1,0,false
E:\OOD\main\MrWall-master\MrWall-master\src\JuanitoStateContext.java,JuanitoStateContext,JuanitoStateContext/0,true,10,2,5,1,4,1,3,9,0,0,0,3,0,0,0,0,0,0,0,11,7,0,0,0,0,0,6,1,0,false
E:\OOD\main\MrWall-master\MrWall-master\src\JuanitoStateContext.java,JuanitoStateContext,getDeadState/0,false,24,1,1,1,0,1,0,3,1,0,0,0,0,0,0,0,0,0,0,1,0,0,0,0,0,0,4,1,0,false
E:\OOD\main\MrWall-master\MrWall-master\src\JuanitoStateContext.java,JuanitoStateContext,getPausedState/0,false,25,1,4,4,0,1,0,3,1,0,0,0,0,0,0,0,0,0,0,1,0,0,0,0,0,0,4,1,0,false
E:\OOD\main\MrWall-master\MrWall-master\src\Button.java,Button,"contains/2[double,double]",false,43,0,4,4,0,5,0,6,2,0,2,0,0,0,0,0,0,2,0,0,0,2,1,0,0,0,9,1,0,false
E:\OOD\main\MrWall-master\MrWall-master\src\Button.java,Button,getAddX/0,false,55,0,0,0,0,1,0,3,1,0,0,0,0,0,0,0,0,0,0,0,0,0,0,0,0,0,4,1,0,false
E:\OOD\main\MrWall-master\MrWall-master\src\Button.java,Button,"Button/8[int,int,int,int,java.awt.Color,java.lang.String,int,java.lang.String]",true,18,0,3,3,0,1,0,10,0,0,8,0,0,0,0,0,0,0,1,2,7,0,0,0,0,0,7,1,0,false
E:\OOD\main\MrWall-master\MrWall-master\src\Button.java,Button,setColor/1[java.lang.String],false,29,0,2,2,0,1,0,3,0,0,1,0,0,0,0,0,0,0,0,0,1,0,0,0,0,0,3,1,0,false
E:\OOD\main\MrWall-master\MrWall-master\src\Button.java,Button,draw/1[java.awt.Graphics],false,33,0,2,2,0,1,5,7,0,0,1,5,0,0,0,0,0,1,0,5,0,3,0,0,0,0,5,1,0,false
E:\OOD\main\MrWall-master\MrWall-master\src\Button.java,Button,getLabel/0,false,51,0,2,2,0,1,0,3,1,0,0,0,0,0,0,0,0,0,0,0,0,0,0,0,0,0,3,1,0,false
E:\OOD\main\MrWall-master\MrWall-master\src\Button.java,Button,getFontSize/0,false,71,0,0,0,0,1,0,3,1,0,0,0,0,0,0,0,0,0,0,0,0,0,0,0,0,0,4,1,0,false
E:\OOD\main\MrWall-master\MrWall-master\src\Button.java,Button,getAddY/0,false,63,0,0,0,0,1,0,3,1,0,0,0,0,0,0,0,0,0,0,0,0,0,0,0,0,0,4,1,0,false
E:\OOD\main\MrWall-master\MrWall-master\src\Button.java,Button,setAddX/1[int],false,59,0,0,0,0,1,0,3,0,0,1,0,0,0,0,0,0,0,0,0,1,0,0,0,0,0,4,1,0,false
E:\OOD\main\MrWall-master\MrWall-master\src\Button.java,Button,setAddY/1[int],false,67,0,0,0,0,1,0,3,0,0,1,0,0,0,0,0,0,0,0,0,1,0,0,0,0,0,4,1,0,false
E:\OOD\main\MrWall-master\MrWall-master\src\JuanitoStaticState.java,JuanitoStaticState,heal/0,false,32,0,0,0,0,1,1,3,0,0,0,1,0,0,0,0,0,0,1,0,0,0,0,0,0,0,4,1,0,false
E:\OOD\main\MrWall-master\MrWall-master\src\JuanitoStaticState.java,JuanitoStaticState,shoot/0,false,12,3,8,0,8,2,8,13,0,0,0,8,0,0,0,0,0,0,2,3,1,0,1,0,0,0,3,1,0,false
E:\OOD\main\MrWall-master\MrWall-master\src\JuanitoStaticState.java,JuanitoStaticState,hurt/0,false,28,1,2,0,2,1,3,4,0,0,0,3,0,0,0,0,0,0,1,0,0,0,0,0,0,0,1,1,0,false
E:\OOD\main\MrWall-master\MrWall-master\src\JuanitoStaticState.java,JuanitoStaticState,moveLeft/0,false,48,2,8,0,8,1,8,7,0,0,0,8,0,0,0,0,0,0,0,1,0,0,0,0,0,0,4,1,0,false
E:\OOD\main\MrWall-master\MrWall-master\src\JuanitoStaticState.java,JuanitoStaticState,JuanitoStaticState/1[JuanitoStateContext],true,8,1,1,1,0,1,0,3,0,0,1,0,0,0,0,0,0,0,0,0,1,0,0,0,0,0,6,1,0,false
E:\OOD\main\MrWall-master\MrWall-master\src\JuanitoStaticState.java,JuanitoStaticState,moveJump/0,false,56,3,12,0,12,7,12,20,0,0,0,12,0,0,0,3,0,0,2,5,0,0,2,0,0,0,2,33,0,false
E:\OOD\main\MrWall-master\MrWall-master\src\JuanitoStaticState.java,JuanitoStaticState,stop/0,false,25,0,0,0,0,1,0,2,0,0,0,0,0,0,0,0,0,0,0,0,0,0,0,0,0,0,1,1,0,false
E:\OOD\main\MrWall-master\MrWall-master\src\JuanitoStaticState.java,JuanitoStaticState,die/0,false,35,0,0,0,0,1,1,3,0,0,0,1,0,0,0,0,0,0,1,0,0,0,0,0,0,0,4,1,0,false
E:\OOD\main\MrWall-master\MrWall-master\src\JuanitoStaticState.java,JuanitoStaticState,moveRight/0,false,40,2,8,0,8,1,8,7,0,0,0,8,0,0,0,0,0,0,0,1,0,0,0,0,0,0,4,1,0,false
E:\OOD\main\MrWall-master\MrWall-master\src\Nivel1.java,Nivel1,setBackground/1[Background],false,49,1,0,0,0,1,0,3,0,0,1,0,0,0,0,0,0,0,0,0,1,0,0,0,0,0,3,1,0,false
E:\OOD\main\MrWall-master\MrWall-master\src\Nivel1.java,Nivel1,setMiddleground/1[Background],false,65,1,0,0,0,1,0,3,0,0,1,0,0,0,0,0,0,0,0,0,1,0,0,0,0,0,4,1,0,false
E:\OOD\main\MrWall-master\MrWall-master\src\Nivel1.java,Nivel1,createStuff/0,false,32,2,4,2,2,2,3,7,0,2,0,3,0,0,1,0,0,0,1,12,2,2,1,0,0,0,5,1,0,false
E:\OOD\main\MrWall-master\MrWall-master\src\Nivel1.java,Nivel1,setContext/1[PlayPanelStrategyContext],false,89,1,0,0,0,1,0,3,0,0,1,0,0,0,0,0,0,0,0,0,1,0,0,0,0,0,6,1,0,false
E:\OOD\main\MrWall-master\MrWall-master\src\Nivel1.java,Nivel1,getBackground/0,false,45,1,0,0,0,1,0,3,1,0,0,0,0,0,0,0,0,0,0,0,0,0,0,0,0,0,3,1,0,false
E:\OOD\main\MrWall-master\MrWall-master\src\Nivel1.java,Nivel1,getEnemigos/0,false,81,1,0,0,0,1,0,3,1,0,0,0,0,0,0,0,0,0,0,0,0,0,0,0,0,0,3,1,0,false
E:\OOD\main\MrWall-master\MrWall-master\src\Nivel1.java,Nivel1,reset/0,false,102,5,7,1,6,1,8,9,0,0,0,8,1,1,0,0,0,0,0,4,0,0,0,0,0,0,3,1,0,false
E:\OOD\main\MrWall-master\MrWall-master\src\Nivel1.java,Nivel1,getForeground/0,false,53,1,0,0,0,1,0,3,1,0,0,0,0,0,0,0,0,0,0,0,0,0,0,0,0,0,4,1,0,false
E:\OOD\main\MrWall-master\MrWall-master\src\Nivel1.java,Nivel1,getContext/0,false,85,1,0,0,0,1,0,3,1,0,0,0,0,0,0,0,0,0,0,0,0,0,0,0,0,0,6,1,0,false
E:\OOD\main\MrWall-master\MrWall-master\src\Nivel1.java,Nivel1,deleteStuff/0,false,40,2,3,1,2,1,2,4,0,0,0,2,0,0,0,0,0,0,0,0,0,0,0,0,0,0,2,1,0,false
E:\OOD\main\MrWall-master\MrWall-master\src\Nivel1.java,Nivel1,setObstaculos/1[Obstaculos],false,73,1,0,0,0,1,0,3,0,0,1,0,0,0,0,0,0,0,0,0,1,0,0,0,0,0,3,1,0,false
E:\OOD\main\MrWall-master\MrWall-master\src\Nivel1.java,Nivel1,getObstaculos/0,false,69,1,0,0,0,1,0,3,1,0,0,0,0,0,0,0,0,0,0,0,0,0,0,0,0,0,3,1,0,false
E:\OOD\main\MrWall-master\MrWall-master\src\Nivel1.java,Nivel1,Nivel1/1[PlayPanelStrategyContext],true,17,6,6,1,5,1,1,10,0,0,1,1,1,1,0,0,0,0,3,6,7,0,0,0,0,0,18,1,0,false
E:\OOD\main\MrWall-master\MrWall-master\src\Nivel1.java,Nivel1,setButtons/1[Buttons],false,97,1,0,0,0,1,0,3,0,0,1,0,0,0,0,0,0,0,0,0,1,0,0,0,0,0,3,1,0,false
E:\OOD\main\MrWall-master\MrWall-master\src\Nivel1.java,Nivel1,setForeground/1[Background],false,57,1,0,0,0,1,0,3,0,0,1,0,0,0,0,0,0,0,0,0,1,0,0,0,0,0,4,1,0,false
E:\OOD\main\MrWall-master\MrWall-master\src\Nivel1.java,Nivel1,getMiddleground/0,false,61,1,0,0,0,1,0,3,1,0,0,0,0,0,0,0,0,0,0,0,0,0,0,0,0,0,4,1,0,false
E:\OOD\main\MrWall-master\MrWall-master\src\Nivel1.java,Nivel1,setEnemigos/1[Enemigos],false,77,1,0,0,0,1,0,3,0,0,1,0,0,0,0,0,0,0,0,0,1,0,0,0,0,0,3,1,0,false
E:\OOD\main\MrWall-master\MrWall-master\src\Nivel1.java,Nivel1,getButtons/0,false,93,1,0,0,0,1,0,3,1,0,0,0,0,0,0,0,0,0,0,0,0,0,0,0,0,0,3,1,0,false
E:\OOD\main\MrWall-master\MrWall-master\src\Enemigos.java,Enemigos,draw/1[java.awt.Graphics],false,59,1,2,1,1,2,4,7,0,2,1,4,0,0,1,0,0,0,0,0,2,0,1,0,0,0,6,1,0,false
E:\OOD\main\MrWall-master\MrWall-master\src\Enemigos.java,Enemigos,eliminar/1[int],false,94,1,0,0,0,3,4,9,0,2,1,4,0,0,1,0,0,0,0,0,2,0,2,0,0,0,5,1,0,false
E:\OOD\main\MrWall-master\MrWall-master\src\Enemigos.java,Enemigos,avanzar/1[int],false,85,1,3,1,2,2,5,7,0,2,1,5,0,0,1,0,0,0,0,0,2,1,1,0,0,0,5,1,0,false
E:\OOD\main\MrWall-master\MrWall-master\src\Enemigos.java,Enemigos,"addEnemigo/4[int,int,int,int]",false,20,1,3,2,1,1,1,3,0,0,4,1,0,0,0,0,0,0,0,0,0,0,0,0,0,0,3,1,0,false
E:\OOD\main\MrWall-master\MrWall-master\src\Enemigos.java,Enemigos,move/0,false,68,2,5,1,4,4,8,16,0,2,0,8,0,0,1,0,0,0,1,0,3,0,3,0,0,0,7,1,0,false
E:\OOD\main\MrWall-master\MrWall-master\src\Enemigos.java,Enemigos,pauseEnemigos/1[boolean],false,121,1,3,1,2,3,5,10,0,2,1,5,0,0,1,0,0,0,0,0,3,0,2,0,0,0,6,1,0,false
E:\OOD\main\MrWall-master\MrWall-master\src\Enemigos.java,Enemigos,"update/2[java.util.Observable,java.lang.Object]",false,25,6,16,0,16,9,20,30,2,4,2,20,0,0,2,4,0,0,1,6,4,4,4,0,0,0,7,33,0,false
E:\OOD\main\MrWall-master\MrWall-master\src\Enemigos.java,Enemigos,Enemigos/0,true,13,2,6,4,2,1,3,5,0,0,0,3,0,0,0,0,0,0,0,0,1,0,0,0,0,0,2,1,0,false
E:\OOD\main\MrWall-master\MrWall-master\src\Enemigos.java,Enemigos,setEnemigos/1[java.util.ArrayList<Enemigo>],false,107,1,0,0,0,1,0,3,0,0,1,0,0,0,0,0,0,0,0,0,1,0,0,0,0,0,3,1,0,false
E:\OOD\main\MrWall-master\MrWall-master\src\Enemigos.java,Enemigos,eliminarTodos/0,false,56,0,2,2,0,1,1,3,0,0,0,1,0,0,0,0,0,0,0,0,0,0,0,0,0,0,2,1,0,false
E:\OOD\main\MrWall-master\MrWall-master\src\Enemigos.java,Enemigos,setAtrapado/1[boolean],false,114,0,1,1,0,1,0,3,0,0,1,0,0,0,0,0,0,0,0,0,1,0,0,0,0,0,4,1,0,false
E:\OOD\main\MrWall-master\MrWall-master\src\Enemigos.java,Enemigos,emptyEnemigos/0,false,117,0,0,0,0,1,1,3,0,0,0,1,0,0,0,0,0,0,0,0,0,0,0,0,0,0,2,1,0,false
E:\OOD\main\MrWall-master\MrWall-master\src\Enemigos.java,Enemigos,getAtrapado/0,false,111,0,1,1,0,1,0,3,1,0,0,0,0,0,0,0,0,0,0,0,0,0,0,0,0,0,3,1,0,false
E:\OOD\main\MrWall-master\MrWall-master\src\Enemigos.java,Enemigos,getEnemigos/0,false,103,1,2,2,0,1,0,3,1,0,0,0,0,0,0,0,0,0,0,0,0,0,0,0,0,0,3,1,0,false
E:\OOD\main\MrWall-master\MrWall-master\src\PlayPanelStrategyProperties.java,PlayPanelStrategyProperties,PlayPanelStrategyProperties/0,true,8,0,1,1,0,1,0,3,0,0,0,0,0,0,0,0,0,0,1,0,1,0,0,0,0,0,6,0,0,false
E:\OOD\main\MrWall-master\MrWall-master\src\PlayPanelStrategyProperties.java,PlayPanelStrategyProperties,getClase/1[int],false,11,0,1,1,0,5,0,19,5,0,1,0,0,0,0,0,0,0,5,4,5,0,1,0,0,0,4,1,0,false
E:\OOD\main\MrWall-master\MrWall-master\src\GameStateContext.java,GameStateContext,setCurrent/1[GameState],false,17,1,2,2,0,1,0,3,0,0,1,0,0,0,0,0,0,0,0,0,1,0,0,0,0,0,6,1,0,false
E:\OOD\main\MrWall-master\MrWall-master\src\GameStateContext.java,GameStateContext,getGamePausedState/0,false,20,1,1,1,0,1,0,3,1,0,0,0,0,0,0,0,0,0,0,1,0,0,0,0,0,0,4,1,0,false
E:\OOD\main\MrWall-master\MrWall-master\src\GameStateContext.java,GameStateContext,getGameActiveState/0,false,19,1,2,2,0,1,0,3,1,0,0,0,0,0,0,0,0,0,0,1,0,0,0,0,0,0,4,1,0,false
E:\OOD\main\MrWall-master\MrWall-master\src\GameStateContext.java,GameStateContext,GameStateContext/0,true,10,2,5,1,4,1,3,6,0,0,0,3,0,0,0,0,0,0,0,5,4,0,0,0,0,0,6,1,0,false
E:\OOD\main\MrWall-master\MrWall-master\src\GameStateContext.java,GameStateContext,getCurrent/0,false,18,1,3,3,0,1,0,3,1,0,0,0,0,0,0,0,0,0,0,0,0,0,0,0,0,0,5,1,0,false
E:\OOD\main\MrWall-master\MrWall-master\src\JuanitoState.java,JuanitoState,shoot/0,false,7,0,1,1,0,1,0,1,0,0,0,0,0,0,0,0,0,0,0,0,0,0,0,0,0,0,1,1,0,false
E:\OOD\main\MrWall-master\MrWall-master\src\JuanitoState.java,JuanitoState,stop/0,false,12,0,3,3,0,1,0,1,0,0,0,0,0,0,0,0,0,0,0,0,0,0,0,0,0,0,1,1,0,false
E:\OOD\main\MrWall-master\MrWall-master\src\JuanitoState.java,JuanitoState,hurt/0,false,14,0,0,0,0,1,0,1,0,0,0,0,0,0,0,0,0,0,0,0,0,0,0,0,0,0,1,1,0,false
E:\OOD\main\MrWall-master\MrWall-master\src\JuanitoState.java,JuanitoState,moveRight/0,false,8,0,2,2,0,1,0,1,0,0,0,0,0,0,0,0,0,0,0,0,0,0,0,0,0,0,2,1,0,false
E:\OOD\main\MrWall-master\MrWall-master\src\JuanitoState.java,JuanitoState,moveJump/0,false,10,0,1,1,0,1,0,1,0,0,0,0,0,0,0,0,0,0,0,0,0,0,0,0,0,0,2,1,0,false
E:\OOD\main\MrWall-master\MrWall-master\src\JuanitoState.java,JuanitoState,die/0,false,17,0,1,1,0,1,0,1,0,0,0,0,0,0,0,0,0,0,0,0,0,0,0,0,0,0,1,1,0,false
E:\OOD\main\MrWall-master\MrWall-master\src\JuanitoState.java,JuanitoState,heal/0,false,15,0,0,0,0,1,0,1,0,0,0,0,0,0,0,0,0,0,0,0,0,0,0,0,0,0,1,1,0,false
E:\OOD\main\MrWall-master\MrWall-master\src\JuanitoState.java,JuanitoState,moveLeft/0,false,9,0,2,2,0,1,0,1,0,0,0,0,0,0,0,0,0,0,0,0,0,0,0,0,0,0,2,1,0,false
E:\OOD\main\MrWall-master\MrWall-master\src\NivelRules.java,NivelRules,setButtons/1[Buttons],false,78,1,0,0,0,1,0,3,0,0,1,0,0,0,0,0,0,0,0,0,1,0,0,0,0,0,3,1,0,false
E:\OOD\main\MrWall-master\MrWall-master\src\NivelRules.java,NivelRules,getObstaculos/0,false,54,1,0,0,0,1,0,3,1,0,0,0,0,0,0,0,0,0,0,0,0,0,0,0,0,0,3,1,0,false
E:\OOD\main\MrWall-master\MrWall-master\src\NivelRules.java,NivelRules,setObstaculos/1[Obstaculos],false,66,1,0,0,0,1,0,3,0,0,1,0,0,0,0,0,0,0,0,0,1,0,0,0,0,0,3,1,0,false
E:\OOD\main\MrWall-master\MrWall-master\src\NivelRules.java,NivelRules,setEnemigos/1[Enemigos],false,62,1,0,0,0,1,0,3,0,0,1,0,0,0,0,0,0,0,0,0,1,0,0,0,0,0,3,1,0,false
E:\OOD\main\MrWall-master\MrWall-master\src\NivelRules.java,NivelRules,getButtons/0,false,82,1,0,0,0,1,0,3,1,0,0,0,0,0,0,0,0,0,0,0,0,0,0,0,0,0,2,1,0,false
E:\OOD\main\MrWall-master\MrWall-master\src\NivelRules.java,NivelRules,getMiddleground/0,false,46,1,0,0,0,1,0,3,1,0,0,0,0,0,0,0,0,0,0,0,0,0,0,0,0,0,4,1,0,false
E:\OOD\main\MrWall-master\MrWall-master\src\NivelRules.java,NivelRules,setBackground/1[Background],false,34,1,0,0,0,1,0,3,0,0,1,0,0,0,0,0,0,0,0,0,1,0,0,0,0,0,3,1,0,false
E:\OOD\main\MrWall-master\MrWall-master\src\NivelRules.java,NivelRules,setMiddleground/1[Background],false,50,1,0,0,0,1,0,3,0,0,1,0,0,0,0,0,0,0,0,0,1,0,0,0,0,0,4,1,0,false
E:\OOD\main\MrWall-master\MrWall-master\src\NivelRules.java,NivelRules,getEnemigos/0,false,58,1,0,0,0,1,0,3,1,0,0,0,0,0,0,0,0,0,0,0,0,0,0,0,0,0,3,1,0,false
E:\OOD\main\MrWall-master\MrWall-master\src\NivelRules.java,NivelRules,reset/0,false,91,0,0,0,0,1,0,2,0,0,0,0,0,0,0,0,0,0,0,0,0,0,0,0,0,0,1,1,0,false
E:\OOD\main\MrWall-master\MrWall-master\src\NivelRules.java,NivelRules,createStuff/0,false,86,0,0,0,0,1,0,2,0,0,0,0,0,0,0,0,0,0,0,0,0,0,0,0,0,0,2,1,0,false
E:\OOD\main\MrWall-master\MrWall-master\src\NivelRules.java,NivelRules,setContext/1[PlayPanelStrategyContext],false,74,1,0,0,0,1,0,3,0,0,1,0,0,0,0,0,0,0,0,0,1,0,0,0,0,0,6,1,0,false
E:\OOD\main\MrWall-master\MrWall-master\src\NivelRules.java,NivelRules,NivelRules/1[PlayPanelStrategyContext],true,19,5,5,0,5,1,1,10,0,0,1,1,0,0,0,0,0,0,5,11,7,0,0,0,0,0,17,1,0,false
E:\OOD\main\MrWall-master\MrWall-master\src\NivelRules.java,NivelRules,getBackground/0,false,30,1,0,0,0,1,0,3,1,0,0,0,0,0,0,0,0,0,0,0,0,0,0,0,0,0,3,1,0,false
E:\OOD\main\MrWall-master\MrWall-master\src\NivelRules.java,NivelRules,setForeground/1[Background],false,42,1,0,0,0,1,0,3,0,0,1,0,0,0,0,0,0,0,0,0,1,0,0,0,0,0,4,1,0,false
E:\OOD\main\MrWall-master\MrWall-master\src\NivelRules.java,NivelRules,getForeground/0,false,38,1,0,0,0,1,0,3,1,0,0,0,0,0,0,0,0,0,0,0,0,0,0,0,0,0,4,1,0,false
E:\OOD\main\MrWall-master\MrWall-master\src\NivelRules.java,NivelRules,getContext/0,false,70,1,0,0,0,1,0,3,1,0,0,0,0,0,0,0,0,0,0,0,0,0,0,0,0,0,6,1,0,false
E:\OOD\main\MrWall-master\MrWall-master\src\GameActiveState.java,GameActiveState,active/0,false,21,0,0,0,0,1,0,2,0,0,0,0,0,0,0,0,0,0,0,0,0,0,0,0,0,0,1,1,0,false
E:\OOD\main\MrWall-master\MrWall-master\src\GameActiveState.java,GameActiveState,setButton/1[Button],false,32,1,0,0,0,1,0,3,0,0,1,0,0,0,0,0,0,0,0,0,1,0,0,0,0,0,3,1,0,false
E:\OOD\main\MrWall-master\MrWall-master\src\GameActiveState.java,GameActiveState,getButton/0,false,36,1,0,0,0,1,0,3,1,0,0,0,0,0,0,0,0,0,0,0,0,0,0,0,0,0,3,1,0,false
E:\OOD\main\MrWall-master\MrWall-master\src\GameActiveState.java,GameActiveState,setCon/1[GameStateContext],false,44,1,1,1,0,1,0,3,0,0,1,0,0,0,0,0,0,0,0,0,1,0,0,0,0,0,6,1,0,false
E:\OOD\main\MrWall-master\MrWall-master\src\GameActiveState.java,GameActiveState,getBackground/0,false,28,1,0,0,0,1,0,3,1,0,0,0,0,0,0,0,0,0,0,0,0,0,0,0,0,0,3,1,0,false
E:\OOD\main\MrWall-master\MrWall-master\src\GameActiveState.java,GameActiveState,getCon/0,false,40,1,0,0,0,1,0,3,1,0,0,0,0,0,0,0,0,0,0,0,0,0,0,0,0,0,6,1,0,false
E:\OOD\main\MrWall-master\MrWall-master\src\GameActiveState.java,GameActiveState,GameActiveState/1[GameStateContext],true,15,4,4,1,3,1,1,5,0,0,1,1,1,1,0,0,0,0,3,7,2,0,0,0,0,0,11,1,0,false
E:\OOD\main\MrWall-master\MrWall-master\src\GameActiveState.java,GameActiveState,paused/0,false,22,0,0,0,0,1,0,2,0,0,0,0,0,0,0,0,0,0,0,0,0,0,0,0,0,0,1,1,0,false
E:\OOD\main\MrWall-master\MrWall-master\src\GameActiveState.java,GameActiveState,setBackground/1[Background],false,24,1,0,0,0,1,0,3,0,0,1,0,0,0,0,0,0,0,0,0,1,0,0,0,0,0,3,1,0,false
E:\OOD\main\MrWall-master\MrWall-master\src\Background.java,Background,setY/1[int],false,35,0,0,0,0,1,0,3,0,0,1,0,0,0,0,0,0,0,0,0,1,0,0,0,0,0,3,1,0,false
E:\OOD\main\MrWall-master\MrWall-master\src\Background.java,Background,getPath/0,false,39,0,0,0,0,1,0,3,1,0,0,0,0,0,0,0,0,0,0,0,0,0,0,0,0,0,3,1,0,false
E:\OOD\main\MrWall-master\MrWall-master\src\Background.java,Background,getY/0,false,38,0,0,0,0,1,0,3,1,0,0,0,0,0,0,0,0,0,0,0,0,0,0,0,0,0,3,1,0,false
E:\OOD\main\MrWall-master\MrWall-master\src\Background.java,Background,getX/0,false,37,0,1,1,0,1,0,3,1,0,0,0,0,0,0,0,0,0,0,0,0,0,0,0,0,0,3,1,0,false
E:\OOD\main\MrWall-master\MrWall-master\src\Background.java,Background,"Background/3[int,int,java.lang.String]",true,20,1,7,6,1,2,5,11,0,0,3,5,1,1,0,0,1,0,0,0,3,0,1,0,0,0,11,1,0,false
E:\OOD\main\MrWall-master\MrWall-master\src\Background.java,Background,restart/0,false,42,0,1,1,0,1,0,3,0,0,0,0,0,0,0,0,0,0,0,1,1,0,0,0,0,0,2,1,0,false
E:\OOD\main\MrWall-master\MrWall-master\src\Background.java,Background,setX/1[int],false,31,0,5,5,0,3,0,6,0,1,1,0,0,0,0,0,0,2,0,2,2,1,1,0,0,0,4,1,0,false
E:\OOD\main\MrWall-master\MrWall-master\src\Background.java,Background,setPath/1[java.lang.String],false,36,0,1,1,0,1,0,3,0,0,1,0,0,0,0,0,0,0,0,0,1,0,0,0,0,0,3,1,0,false
E:\OOD\main\MrWall-master\MrWall-master\src\Background.java,Background,draw/1[java.awt.Graphics],false,40,0,1,1,0,1,1,3,0,0,1,1,0,0,0,0,0,0,0,0,0,0,0,0,0,0,3,1,0,false
E:\OOD\main\MrWall-master\MrWall-master\src\JuanitoPausedState.java,JuanitoPausedState,moveJump/0,false,17,0,0,0,0,1,0,2,0,0,0,0,0,0,0,0,0,0,0,0,0,0,0,0,0,0,2,1,0,false
E:\OOD\main\MrWall-master\MrWall-master\src\JuanitoPausedState.java,JuanitoPausedState,die/0,false,25,0,0,0,0,1,0,2,0,0,0,0,0,0,0,0,0,0,0,0,0,0,0,0,0,0,1,1,0,false
E:\OOD\main\MrWall-master\MrWall-master\src\JuanitoPausedState.java,JuanitoPausedState,moveRight/0,false,13,0,0,0,0,1,0,2,0,0,0,0,0,0,0,0,0,0,0,0,0,0,0,0,0,0,2,1,0,false
E:\OOD\main\MrWall-master\MrWall-master\src\JuanitoPausedState.java,JuanitoPausedState,heal/0,false,23,0,0,0,0,1,0,2,0,0,0,0,0,0,0,0,0,0,0,0,0,0,0,0,0,0,1,1,0,false
E:\OOD\main\MrWall-master\MrWall-master\src\JuanitoPausedState.java,JuanitoPausedState,shoot/0,false,11,0,0,0,0,1,0,2,0,0,0,0,0,0,0,0,0,0,0,0,0,0,0,0,0,0,1,1,0,false
E:\OOD\main\MrWall-master\MrWall-master\src\JuanitoPausedState.java,JuanitoPausedState,moveLeft/0,false,15,0,0,0,0,1,0,2,0,0,0,0,0,0,0,0,0,0,0,0,0,0,0,0,0,0,2,1,0,false
E:\OOD\main\MrWall-master\MrWall-master\src\JuanitoPausedState.java,JuanitoPausedState,hurt/0,false,21,0,0,0,0,1,0,2,0,0,0,0,0,0,0,0,0,0,0,0,0,0,0,0,0,0,1,1,0,false
E:\OOD\main\MrWall-master\MrWall-master\src\JuanitoPausedState.java,JuanitoPausedState,JuanitoPausedState/1[JuanitoStateContext],true,8,1,0,0,0,1,0,3,0,0,1,0,0,0,0,0,0,0,0,0,1,0,0,0,0,0,6,1,0,false
E:\OOD\main\MrWall-master\MrWall-master\src\JuanitoPausedState.java,JuanitoPausedState,stop/0,false,19,0,0,0,0,1,0,2,0,0,0,0,0,0,0,0,0,0,0,0,0,0,0,0,0,0,1,1,0,false
E:\OOD\main\MrWall-master\MrWall-master\src\Sprite.java,Sprite,getHeight/0,false,45,0,2,2,0,2,1,4,2,0,0,1,0,0,0,1,0,0,0,1,0,0,1,0,0,0,4,1,0,false
E:\OOD\main\MrWall-master\MrWall-master\src\Sprite.java,Sprite,getCenter/0,false,58,1,2,0,2,1,2,5,1,2,0,2,2,3,0,0,0,1,0,0,2,0,0,0,0,0,7,1,0,false
E:\OOD\main\MrWall-master\MrWall-master\src\Sprite.java,Sprite,getCenterX/0,false,52,1,2,1,1,1,1,3,1,0,0,1,1,1,0,0,0,0,0,1,0,2,0,0,0,0,4,1,0,false
E:\OOD\main\MrWall-master\MrWall-master\src\Sprite.java,Sprite,Sprite/0,true,17,0,1,1,0,1,0,18,0,0,0,0,0,0,0,0,0,0,0,16,16,0,0,0,0,0,26,1,0,false
E:\OOD\main\MrWall-master\MrWall-master\src\Sprite.java,Sprite,"load/5[java.lang.String,int,int,int,int]",false,72,1,2,1,1,2,4,9,0,1,5,4,1,1,1,0,0,0,0,1,6,0,1,0,0,0,20,1,0,false
E:\OOD\main\MrWall-master\MrWall-master\src\Sprite.java,Sprite,drawBounds/1[java.awt.Graphics],false,113,1,2,0,2,1,4,4,0,0,1,4,2,1,0,0,0,0,0,0,0,0,0,0,0,0,4,1,0,false
E:\OOD\main\MrWall-master\MrWall-master\src\Sprite.java,Sprite,update/0,false,82,0,1,1,0,8,0,22,0,0,0,0,0,0,0,0,0,0,0,10,9,3,3,0,0,0,14,4,0,false
E:\OOD\main\MrWall-master\MrWall-master\src\Sprite.java,Sprite,getURL/1[java.lang.String],false,63,0,1,1,0,2,2,9,1,1,1,2,0,0,0,0,1,0,0,0,2,0,1,0,0,0,9,2,0,false
E:\OOD\main\MrWall-master\MrWall-master\src\Sprite.java,Sprite,getWidth/0,false,38,0,2,2,0,2,1,4,2,0,0,1,0,0,0,1,0,0,0,1,0,0,1,0,0,0,4,1,0,false
E:\OOD\main\MrWall-master\MrWall-master\src\Sprite.java,Sprite,getCenterY/0,false,55,1,2,1,1,1,1,3,1,0,0,1,1,1,0,0,0,0,0,1,0,2,0,0,0,0,4,1,0,false
E:\OOD\main\MrWall-master\MrWall-master\src\Sprite.java,Sprite,setImage/1[java.awt.Image],false,36,0,0,0,0,1,0,3,0,0,1,0,0,0,0,0,0,0,0,0,1,0,0,0,0,0,4,1,0,false
E:\OOD\main\MrWall-master\MrWall-master\src\Sprite.java,Sprite,draw/1[java.awt.Graphics],false,118,1,2,1,1,1,2,6,0,2,1,2,1,1,0,0,0,2,0,0,2,8,0,0,0,0,12,1,0,false
E:\OOD\main\MrWall-master\MrWall-master\src\Chancla.java,Chancla,getRect/0,false,175,0,0,0,0,1,0,3,1,0,0,0,0,0,0,0,0,0,0,0,0,0,0,0,0,0,4,1,0,false
E:\OOD\main\MrWall-master\MrWall-master\src\Chancla.java,Chancla,setVelx/1[int],false,122,0,2,2,0,2,0,3,0,0,1,0,0,0,0,1,0,0,0,1,1,0,1,0,0,0,4,1,0,false
E:\OOD\main\MrWall-master\MrWall-master\src\Chancla.java,Chancla,getWidth/0,false,127,0,0,0,0,1,0,3,1,0,0,0,0,0,0,0,0,0,0,0,0,0,0,0,0,0,3,1,0,false
E:\OOD\main\MrWall-master\MrWall-master\src\Chancla.java,Chancla,setY/1[int],false,114,0,0,0,0,1,0,3,0,0,1,0,0,0,0,0,0,0,0,0,1,0,0,0,0,0,3,1,0,false
E:\OOD\main\MrWall-master\MrWall-master\src\Chancla.java,Chancla,getDt/0,false,151,0,0,0,0,1,0,3,1,0,0,0,0,0,0,0,0,0,0,0,0,0,0,0,0,0,3,1,0,false
E:\OOD\main\MrWall-master\MrWall-master\src\Chancla.java,Chancla,setDt/1[float],false,155,0,0,0,0,1,0,3,0,0,1,0,0,0,0,0,0,0,0,0,1,0,0,0,0,0,3,1,0,false
E:\OOD\main\MrWall-master\MrWall-master\src\Chancla.java,Chancla,isVisible/0,false,183,0,0,0,0,1,0,3,1,0,0,0,0,0,0,0,0,0,0,0,0,0,0,0,0,0,3,1,0,false
E:\OOD\main\MrWall-master\MrWall-master\src\Chancla.java,Chancla,getVelx/0,false,118,0,0,0,0,1,0,3,1,0,0,0,0,0,0,0,0,0,0,0,0,0,0,0,0,0,3,1,0,false
E:\OOD\main\MrWall-master\MrWall-master\src\Chancla.java,Chancla,getPath/0,false,143,0,0,0,0,1,0,3,1,0,0,0,0,0,0,0,0,0,0,0,0,0,0,0,0,0,3,1,0,false
E:\OOD\main\MrWall-master\MrWall-master\src\Chancla.java,Chancla,getY/0,false,110,0,0,0,0,1,0,3,1,0,0,0,0,0,0,0,0,0,0,0,0,0,0,0,0,0,3,1,0,false
E:\OOD\main\MrWall-master\MrWall-master\src\Chancla.java,Chancla,chanclaToJuanito/0,false,86,1,9,4,5,1,5,8,0,0,0,5,0,0,0,0,0,2,0,6,6,5,0,0,0,0,7,1,0,false
E:\OOD\main\MrWall-master\MrWall-master\src\Chancla.java,Chancla,throwChanclaLeft/0,false,72,2,5,1,4,3,6,13,0,0,0,6,1,1,0,0,0,3,0,4,4,6,1,0,0,0,10,1,0,false
E:\OOD\main\MrWall-master\MrWall-master\src\Chancla.java,Chancla,isRight/0,false,159,0,0,0,0,1,0,3,1,0,0,0,0,0,0,0,0,0,0,0,0,0,0,0,0,0,3,1,0,false
E:\OOD\main\MrWall-master\MrWall-master\src\Chancla.java,Chancla,setVisible/1[boolean],false,187,0,1,1,0,1,0,3,0,0,1,0,0,0,0,0,0,0,0,0,1,0,0,0,0,0,3,1,0,false
E:\OOD\main\MrWall-master\MrWall-master\src\Chancla.java,Chancla,throwChancla/0,false,40,1,3,1,2,3,4,5,0,0,0,4,2,3,0,0,0,0,0,0,0,0,1,0,0,0,7,1,0,false
E:\OOD\main\MrWall-master\MrWall-master\src\Chancla.java,Chancla,getX/0,false,102,0,0,0,0,1,0,3,1,0,0,0,0,0,0,0,0,0,0,0,0,0,0,0,0,0,3,1,0,false
E:\OOD\main\MrWall-master\MrWall-master\src\Chancla.java,Chancla,setRight/1[boolean],false,163,0,2,2,0,1,0,3,0,0,1,0,0,0,0,0,0,0,0,0,1,0,0,0,0,0,3,1,0,false
E:\OOD\main\MrWall-master\MrWall-master\src\Chancla.java,Chancla,draw/1[java.awt.Graphics],false,95,1,2,1,1,2,1,3,0,0,1,1,0,0,0,0,0,0,0,0,0,0,1,0,0,0,4,1,0,false
E:\OOD\main\MrWall-master\MrWall-master\src\Chancla.java,Chancla,throwChanclaRight/0,false,59,2,5,1,4,3,6,13,0,0,0,6,1,1,0,0,0,4,0,4,4,6,1,0,0,0,10,1,0,false
E:\OOD\main\MrWall-master\MrWall-master\src\Chancla.java,Chancla,setPath/1[java.lang.String],false,147,0,0,0,0,1,0,3,0,0,1,0,0,0,0,0,0,0,0,0,1,0,0,0,0,0,3,1,0,false
E:\OOD\main\MrWall-master\MrWall-master\src\Chancla.java,Chancla,getChanclasprite/0,false,167,1,2,2,0,1,0,3,1,0,0,0,0,0,0,0,0,0,0,0,0,0,0,0,0,0,4,1,0,false
E:\OOD\main\MrWall-master\MrWall-master\src\Chancla.java,Chancla,colliding/1[java.awt.Rectangle],false,50,0,2,2,0,2,1,8,2,0,1,1,0,0,0,0,0,0,0,0,2,0,1,0,0,0,6,1,0,false
E:\OOD\main\MrWall-master\MrWall-master\src\Chancla.java,Chancla,setHeight/1[int],false,139,0,0,0,0,1,0,3,0,0,1,0,0,0,0,0,0,0,0,0,1,0,0,0,0,0,3,1,0,false
E:\OOD\main\MrWall-master\MrWall-master\src\Chancla.java,Chancla,setWidth/1[int],false,131,0,0,0,0,1,0,3,0,0,1,0,0,0,0,0,0,0,0,0,1,0,0,0,0,0,3,1,0,false
E:\OOD\main\MrWall-master\MrWall-master\src\Chancla.java,Chancla,setRect/1[java.awt.Rectangle],false,179,0,0,0,0,1,0,3,0,0,1,0,0,0,0,0,0,0,0,0,1,0,0,0,0,0,4,1,0,false
E:\OOD\main\MrWall-master\MrWall-master\src\Chancla.java,Chancla,setX/1[int],false,106,0,0,0,0,1,0,3,0,0,1,0,0,0,0,0,0,0,0,0,1,0,0,0,0,0,3,1,0,false
E:\OOD\main\MrWall-master\MrWall-master\src\Chancla.java,Chancla,getHeight/0,false,135,0,0,0,0,1,0,3,1,0,0,0,0,0,0,0,0,0,0,0,0,0,0,0,0,0,3,1,0,false
E:\OOD\main\MrWall-master\MrWall-master\src\Chancla.java,Chancla,setChanclasprite/1[Sprite],false,171,1,0,0,0,1,0,3,0,0,1,0,0,0,0,0,0,0,0,0,1,0,0,0,0,0,4,1,0,false
E:\OOD\main\MrWall-master\MrWall-master\src\Chancla.java,Chancla,Chancla/0,true,20,2,8,1,7,1,6,15,0,0,0,6,0,0,0,0,0,2,1,13,12,5,0,0,0,0,14,1,0,false
E:\OOD\main\MrWall-master\MrWall-master\src\NivelMenu.java,NivelMenu,setButtons/1[Buttons],false,79,1,0,0,0,1,0,3,0,0,1,0,0,0,0,0,0,0,0,0,1,0,0,0,0,0,3,1,0,false
E:\OOD\main\MrWall-master\MrWall-master\src\NivelMenu.java,NivelMenu,NivelMenu/1[PlayPanelStrategyContext],true,19,5,5,0,5,1,1,11,0,0,1,1,0,0,0,0,0,0,7,16,7,0,0,0,0,0,17,1,0,false
E:\OOD\main\MrWall-master\MrWall-master\src\NivelMenu.java,NivelMenu,getButtons/0,false,83,1,0,0,0,1,0,3,1,0,0,0,0,0,0,0,0,0,0,0,0,0,0,0,0,0,2,1,0,false
E:\OOD\main\MrWall-master\MrWall-master\src\NivelMenu.java,NivelMenu,setEnemigos/1[Enemigos],false,63,1,0,0,0,1,0,3,0,0,1,0,0,0,0,0,0,0,0,0,1,0,0,0,0,0,3,1,0,false
E:\OOD\main\MrWall-master\MrWall-master\src\NivelMenu.java,NivelMenu,setObstaculos/1[Obstaculos],false,67,1,0,0,0,1,0,3,0,0,1,0,0,0,0,0,0,0,0,0,1,0,0,0,0,0,3,1,0,false
E:\OOD\main\MrWall-master\MrWall-master\src\NivelMenu.java,NivelMenu,getMiddleground/0,false,47,1,0,0,0,1,0,3,1,0,0,0,0,0,0,0,0,0,0,0,0,0,0,0,0,0,4,1,0,false
E:\OOD\main\MrWall-master\MrWall-master\src\NivelMenu.java,NivelMenu,setMiddleground/1[Background],false,51,1,0,0,0,1,0,3,0,0,1,0,0,0,0,0,0,0,0,0,1,0,0,0,0,0,4,1,0,false
E:\OOD\main\MrWall-master\MrWall-master\src\NivelMenu.java,NivelMenu,reset/0,false,92,0,0,0,0,1,0,2,0,0,0,0,0,0,0,0,0,0,0,0,0,0,0,0,0,0,1,1,0,false
E:\OOD\main\MrWall-master\MrWall-master\src\NivelMenu.java,NivelMenu,setBackground/1[Background],false,35,1,0,0,0,1,0,3,0,0,1,0,0,0,0,0,0,0,0,0,1,0,0,0,0,0,3,1,0,false
E:\OOD\main\MrWall-master\MrWall-master\src\NivelMenu.java,NivelMenu,getEnemigos/0,false,59,1,0,0,0,1,0,3,1,0,0,0,0,0,0,0,0,0,0,0,0,0,0,0,0,0,3,1,0,false
E:\OOD\main\MrWall-master\MrWall-master\src\NivelMenu.java,NivelMenu,createStuff/0,false,87,0,0,0,0,1,0,2,0,0,0,0,0,0,0,0,0,0,0,0,0,0,0,0,0,0,2,1,0,false
E:\OOD\main\MrWall-master\MrWall-master\src\NivelMenu.java,NivelMenu,setContext/1[PlayPanelStrategyContext],false,75,1,0,0,0,1,0,3,0,0,1,0,0,0,0,0,0,0,0,0,1,0,0,0,0,0,6,1,0,false
E:\OOD\main\MrWall-master\MrWall-master\src\NivelMenu.java,NivelMenu,getBackground/0,false,31,1,0,0,0,1,0,3,1,0,0,0,0,0,0,0,0,0,0,0,0,0,0,0,0,0,3,1,0,false
E:\OOD\main\MrWall-master\MrWall-master\src\NivelMenu.java,NivelMenu,setForeground/1[Background],false,43,1,0,0,0,1,0,3,0,0,1,0,0,0,0,0,0,0,0,0,1,0,0,0,0,0,4,1,0,false
E:\OOD\main\MrWall-master\MrWall-master\src\NivelMenu.java,NivelMenu,getObstaculos/0,false,55,1,0,0,0,1,0,3,1,0,0,0,0,0,0,0,0,0,0,0,0,0,0,0,0,0,3,1,0,false
E:\OOD\main\MrWall-master\MrWall-master\src\NivelMenu.java,NivelMenu,getForeground/0,false,39,1,0,0,0,1,0,3,1,0,0,0,0,0,0,0,0,0,0,0,0,0,0,0,0,0,4,1,0,false
E:\OOD\main\MrWall-master\MrWall-master\src\NivelMenu.java,NivelMenu,getContext/0,false,71,1,0,0,0,1,0,3,1,0,0,0,0,0,0,0,0,0,0,0,0,0,0,0,0,0,6,1,0,false
E:\OOD\main\MrWall-master\MrWall-master\src\PlayPanelStrategyFactory.java,PlayPanelStrategyFactory,getInstance/0,false,10,1,2,1,1,2,0,6,1,0,0,0,0,0,0,1,0,0,0,0,1,0,1,0,0,0,8,41,0,false
E:\OOD\main\MrWall-master\MrWall-master\src\PlayPanelStrategyFactory.java,PlayPanelStrategyFactory,"getPlayPanelState/2[java.lang.String,PlayPanelStrategyContext]",false,14,3,2,1,1,3,4,15,2,1,2,4,0,0,0,1,1,0,0,0,2,0,1,0,0,0,12,1,0,false
E:\OOD\main\MrWall-master\MrWall-master\src\GameStateFactory.java,GameStateFactory,getInstance/0,false,9,1,2,1,1,2,0,6,1,0,0,0,0,0,0,1,0,0,0,0,1,0,1,0,0,0,7,41,0,false
E:\OOD\main\MrWall-master\MrWall-master\src\GameStateFactory.java,GameStateFactory,"getGameState/2[java.lang.String,GameStateContext]",false,13,3,2,1,1,3,4,15,2,1,2,4,0,0,0,1,1,0,0,0,2,0,1,0,0,0,10,1,0,false
E:\OOD\main\MrWall-master\MrWall-master\src\GameState.java,GameState,getBackground/0,false,10,1,3,3,0,1,0,1,0,0,0,0,0,0,0,0,0,0,0,0,0,0,0,0,0,0,2,1,0,false
E:\OOD\main\MrWall-master\MrWall-master\src\GameState.java,GameState,setBackground/1[Background],false,9,1,0,0,0,1,0,1,0,0,1,0,0,0,0,0,0,0,0,0,0,0,0,0,0,0,3,1,0,false
E:\OOD\main\MrWall-master\MrWall-master\src\GameState.java,GameState,getButton/0,false,12,1,3,3,0,1,0,1,0,0,0,0,0,0,0,0,0,0,0,0,0,0,0,0,0,0,2,1,0,false
E:\OOD\main\MrWall-master\MrWall-master\src\GameState.java,GameState,setButton/1[Button],false,11,1,0,0,0,1,0,1,0,0,1,0,0,0,0,0,0,0,0,0,0,0,0,0,0,0,3,1,0,false
E:\OOD\main\MrWall-master\MrWall-master\src\GameState.java,GameState,active/0,false,6,0,0,0,0,1,0,1,0,0,0,0,0,0,0,0,0,0,0,0,0,0,0,0,0,0,1,1,0,false
E:\OOD\main\MrWall-master\MrWall-master\src\GameState.java,GameState,paused/0,false,7,0,0,0,0,1,0,1,0,0,0,0,0,0,0,0,0,0,0,0,0,0,0,0,0,0,1,1,0,false
E:\OOD\main\MrWall-master\MrWall-master\src\JuanitoStateFactory.java,JuanitoStateFactory,"getJuanitoState/2[java.lang.String,JuanitoStateContext]",false,13,3,2,1,1,3,4,15,2,1,2,4,0,0,0,1,1,0,0,0,2,0,1,0,0,0,10,1,0,false
E:\OOD\main\MrWall-master\MrWall-master\src\JuanitoStateFactory.java,JuanitoStateFactory,getInstance/0,false,8,1,2,1,1,2,0,6,1,0,0,0,0,0,0,1,0,0,0,0,1,0,1,0,0,0,7,41,0,false
E:\OOD\main\MrWall-master\MrWall-master\src\JuanitoDeadState.java,JuanitoDeadState,moveRight/0,false,16,0,0,0,0,1,1,3,0,0,0,1,0,0,0,0,0,0,1,0,0,0,0,0,0,0,6,1,0,false
E:\OOD\main\MrWall-master\MrWall-master\src\JuanitoDeadState.java,JuanitoDeadState,moveLeft/0,false,21,0,0,0,0,1,1,3,0,0,0,1,0,0,0,0,0,0,1,0,0,0,0,0,0,0,6,1,0,false
E:\OOD\main\MrWall-master\MrWall-master\src\JuanitoDeadState.java,JuanitoDeadState,stop/0,false,12,0,0,0,0,1,1,3,0,0,0,1,0,0,0,0,0,0,1,0,0,0,0,0,0,0,5,1,0,false
E:\OOD\main\MrWall-master\MrWall-master\src\JuanitoDeadState.java,JuanitoDeadState,hurt/0,false,13,0,0,0,0,1,1,3,0,0,0,1,0,0,0,0,0,0,1,0,0,0,0,0,0,0,5,1,0,false
E:\OOD\main\MrWall-master\MrWall-master\src\JuanitoDeadState.java,JuanitoDeadState,die/0,false,15,0,0,0,0,1,1,3,0,0,0,1,0,0,0,0,0,0,1,0,0,0,0,0,0,0,3,1,0,false
E:\OOD\main\MrWall-master\MrWall-master\src\JuanitoDeadState.java,JuanitoDeadState,shoot/0,false,11,0,0,0,0,1,1,3,0,0,0,1,0,0,0,0,0,0,1,0,0,0,0,0,0,0,5,1,0,false
E:\OOD\main\MrWall-master\MrWall-master\src\JuanitoDeadState.java,JuanitoDeadState,moveJump/0,false,26,0,0,0,0,1,1,3,0,0,0,1,0,0,0,0,0,0,1,0,0,0,0,0,0,0,6,1,0,false
E:\OOD\main\MrWall-master\MrWall-master\src\JuanitoDeadState.java,JuanitoDeadState,heal/0,false,14,0,0,0,0,1,1,3,0,0,0,1,0,0,0,0,0,0,1,0,0,0,0,0,0,0,5,1,0,false
E:\OOD\main\MrWall-master\MrWall-master\src\JuanitoDeadState.java,JuanitoDeadState,JuanitoDeadState/1[JuanitoStateContext],true,9,1,0,0,0,1,0,3,0,0,1,0,0,0,0,0,0,0,0,0,1,0,0,0,0,0,6,1,0,false
E:\OOD\main\MrWall-master\MrWall-master\src\GamePausedState.java,GamePausedState,setButton/1[Button],false,31,1,0,0,0,1,0,3,0,0,1,0,0,0,0,0,0,0,0,0,1,0,0,0,0,0,3,1,0,false
E:\OOD\main\MrWall-master\MrWall-master\src\GamePausedState.java,GamePausedState,active/0,false,20,0,0,0,0,1,0,2,0,0,0,0,0,0,0,0,0,0,0,0,0,0,0,0,0,0,1,1,0,false
E:\OOD\main\MrWall-master\MrWall-master\src\GamePausedState.java,GamePausedState,paused/0,false,21,0,0,0,0,1,0,2,0,0,0,0,0,0,0,0,0,0,0,0,0,0,0,0,0,0,1,1,0,false
E:\OOD\main\MrWall-master\MrWall-master\src\GamePausedState.java,GamePausedState,getButton/0,false,35,1,0,0,0,1,0,3,1,0,0,0,0,0,0,0,0,0,0,0,0,0,0,0,0,0,3,1,0,false
E:\OOD\main\MrWall-master\MrWall-master\src\GamePausedState.java,GamePausedState,setCon/1[GameStateContext],false,43,1,1,1,0,1,0,3,0,0,1,0,0,0,0,0,0,0,0,0,1,0,0,0,0,0,6,1,0,false
E:\OOD\main\MrWall-master\MrWall-master\src\GamePausedState.java,GamePausedState,getBackground/0,false,27,1,0,0,0,1,0,3,1,0,0,0,0,0,0,0,0,0,0,0,0,0,0,0,0,0,3,1,0,false
E:\OOD\main\MrWall-master\MrWall-master\src\GamePausedState.java,GamePausedState,GamePausedState/1[GameStateContext],true,14,4,3,0,3,1,1,5,0,0,1,1,1,1,0,0,0,0,3,7,2,0,0,0,0,0,11,1,0,false
E:\OOD\main\MrWall-master\MrWall-master\src\GamePausedState.java,GamePausedState,getCon/0,false,39,1,0,0,0,1,0,3,1,0,0,0,0,0,0,0,0,0,0,0,0,0,0,0,0,0,6,1,0,false
E:\OOD\main\MrWall-master\MrWall-master\src\GamePausedState.java,GamePausedState,setBackground/1[Background],false,23,1,0,0,0,1,0,3,0,0,1,0,0,0,0,0,0,0,0,0,1,0,0,0,0,0,3,1,0,false
E:\OOD\main\MrWall-master\MrWall-master\src\Juanito.java,Juanito,setPuntaje/1[int],false,211,0,4,4,0,3,0,4,0,0,1,0,0,0,0,0,0,0,0,2,2,0,1,0,0,0,5,1,0,false
E:\OOD\main\MrWall-master\MrWall-master\src\Juanito.java,Juanito,setGravity/1[int],false,187,0,0,0,0,1,0,3,0,0,1,0,0,0,0,0,0,0,0,0,1,0,0,0,0,0,3,1,0,false
E:\OOD\main\MrWall-master\MrWall-master\src\Juanito.java,Juanito,getPerfilDer/0,false,381,0,5,5,0,1,0,3,1,0,0,0,0,0,0,0,0,0,0,0,0,0,0,0,0,0,3,1,0,false
E:\OOD\main\MrWall-master\MrWall-master\src\Juanito.java,Juanito,isCr/0,false,347,0,0,0,0,1,0,3,1,0,0,0,0,0,0,0,0,0,0,0,0,0,0,0,0,0,3,1,0,false
E:\OOD\main\MrWall-master\MrWall-master\src\Juanito.java,Juanito,setJstillizq/1[javax.swing.ImageIcon],false,246,0,0,0,0,1,0,3,0,0,1,0,0,0,0,0,0,0,0,0,1,0,0,0,0,0,5,1,0,false
E:\OOD\main\MrWall-master\MrWall-master\src\Juanito.java,Juanito,setActive/1[boolean],false,404,0,3,3,0,1,0,3,0,0,1,0,0,0,0,0,0,0,0,0,1,0,0,0,0,0,3,1,0,false
E:\OOD\main\MrWall-master\MrWall-master\src\Juanito.java,Juanito,getX/0,false,282,0,7,7,0,1,0,3,1,0,0,0,0,0,0,0,0,0,0,0,0,0,0,0,0,0,3,1,0,false
E:\OOD\main\MrWall-master\MrWall-master\src\Juanito.java,Juanito,setRectangulo/1[java.awt.Rectangle],false,195,0,0,0,0,1,0,3,0,0,1,0,0,0,0,0,0,0,0,0,1,0,0,0,0,0,4,1,0,false
E:\OOD\main\MrWall-master\MrWall-master\src\Juanito.java,Juanito,setJsaltaizq/1[javax.swing.ImageIcon],false,270,0,0,0,0,1,0,3,0,0,1,0,0,0,0,0,0,0,0,0,1,0,0,0,0,0,5,1,0,false
E:\OOD\main\MrWall-master\MrWall-master\src\Juanito.java,Juanito,setMygif/1[javax.swing.ImageIcon],false,343,0,11,11,0,1,0,3,0,0,1,0,0,0,0,0,0,0,0,0,1,0,0,0,0,0,5,1,0,false
E:\OOD\main\MrWall-master\MrWall-master\src\Juanito.java,Juanito,setPerfilDer/1[java.lang.Boolean],false,378,0,4,4,0,1,0,3,0,0,1,0,0,0,0,0,0,0,0,0,1,0,0,0,0,0,5,1,0,false
E:\OOD\main\MrWall-master\MrWall-master\src\Juanito.java,Juanito,setJmoveizq/1[javax.swing.ImageIcon],false,230,0,0,0,0,1,0,3,0,0,1,0,0,0,0,0,0,0,0,0,1,0,0,0,0,0,5,1,0,false
E:\OOD\main\MrWall-master\MrWall-master\src\Juanito.java,Juanito,getJuanitoStateContext/0,false,167,1,8,8,0,1,0,3,1,0,0,0,0,0,0,0,0,0,0,0,0,0,0,0,0,0,5,1,0,false
E:\OOD\main\MrWall-master\MrWall-master\src\Juanito.java,Juanito,getJstillder/0,false,250,0,2,2,0,1,0,3,1,0,0,0,0,0,0,0,0,0,0,0,0,0,0,0,0,0,5,1,0,false
E:\OOD\main\MrWall-master\MrWall-master\src\Juanito.java,Juanito,setVisible/1[boolean],false,385,2,7,4,3,2,3,10,0,0,1,3,2,1,0,0,0,0,0,0,0,0,1,0,0,0,5,1,0,false
E:\OOD\main\MrWall-master\MrWall-master\src\Juanito.java,Juanito,draw/1[java.awt.Graphics],false,160,1,2,1,1,1,2,4,0,0,1,2,0,0,0,0,0,0,0,0,0,0,0,0,0,0,3,1,0,false
E:\OOD\main\MrWall-master\MrWall-master\src\Juanito.java,Juanito,createImageIcon/1[java.lang.String],false,409,0,1,1,0,2,3,10,2,1,1,3,0,0,0,1,0,0,1,0,1,1,1,0,0,0,12,4,0,false
E:\OOD\main\MrWall-master\MrWall-master\src\Juanito.java,Juanito,getNivel/0,false,218,0,2,2,0,1,0,3,1,0,0,0,0,0,0,0,0,0,0,0,0,0,0,0,0,0,3,1,0,false
E:\OOD\main\MrWall-master\MrWall-master\src\Juanito.java,Juanito,getInstance/0,false,11,2,42,40,2,2,0,7,1,0,0,0,0,0,0,1,0,0,0,4,2,0,1,0,0,0,7,41,0,false
E:\OOD\main\MrWall-master\MrWall-master\src\Juanito.java,Juanito,setCl/1[boolean],false,359,0,2,2,0,1,0,3,0,0,1,0,0,0,0,0,0,0,0,0,1,0,0,0,0,0,3,1,0,false
E:\OOD\main\MrWall-master\MrWall-master\src\Juanito.java,Juanito,isActive/0,false,400,0,0,0,0,1,0,3,1,0,0,0,0,0,0,0,0,0,0,0,0,0,0,0,0,0,3,1,0,false
E:\OOD\main\MrWall-master\MrWall-master\src\Juanito.java,Juanito,getPerfilIzq/0,false,374,0,0,0,0,1,0,3,1,0,0,0,0,0,0,0,0,0,0,0,0,0,0,0,0,0,3,1,0,false
E:\OOD\main\MrWall-master\MrWall-master\src\Juanito.java,Juanito,setJuanitoStateContext/1[JuanitoStateContext],false,171,1,0,0,0,1,0,3,0,0,1,0,0,0,0,0,0,0,0,0,1,0,0,0,0,0,5,1,0,false
E:\OOD\main\MrWall-master\MrWall-master\src\Juanito.java,Juanito,setY/1[int],false,294,0,0,0,0,1,0,3,0,0,1,0,0,0,0,0,0,0,0,0,1,0,0,0,0,0,3,1,0,false
E:\OOD\main\MrWall-master\MrWall-master\src\Juanito.java,Juanito,getWidth/0,false,298,0,4,4,0,1,0,3,1,0,0,0,0,0,0,0,0,0,0,0,0,0,0,0,0,0,3,1,0,false
E:\OOD\main\MrWall-master\MrWall-master\src\Juanito.java,Juanito,getJsaltader/0,false,258,0,3,3,0,1,0,3,1,0,0,0,0,0,0,0,0,0,0,0,0,0,0,0,0,0,5,1,0,false
E:\OOD\main\MrWall-master\MrWall-master\src\Juanito.java,Juanito,setJstillder/1[javax.swing.ImageIcon],false,254,0,0,0,0,1,0,3,0,0,1,0,0,0,0,0,0,0,0,0,1,0,0,0,0,0,5,1,0,false
E:\OOD\main\MrWall-master\MrWall-master\src\Juanito.java,Juanito,setCr/1[boolean],false,351,0,2,2,0,1,0,3,0,0,1,0,0,0,0,0,0,0,0,0,1,0,0,0,0,0,3,1,0,false
E:\OOD\main\MrWall-master\MrWall-master\src\Juanito.java,Juanito,"move/5[Background,Background,Background,Obstaculos,Enemigos]",false,89,4,6,1,5,16,9,43,0,0,5,9,0,0,0,2,0,2,0,17,2,6,4,0,0,0,10,1,0,false
E:\OOD\main\MrWall-master\MrWall-master\src\Juanito.java,Juanito,setJmoveder/1[javax.swing.ImageIcon],false,238,0,0,0,0,1,0,3,0,0,1,0,0,0,0,0,0,0,0,0,1,0,0,0,0,0,5,1,0,false
E:\OOD\main\MrWall-master\MrWall-master\src\Juanito.java,Juanito,setJinvisible/1[javax.swing.ImageIcon],false,274,0,0,0,0,1,0,3,0,0,1,0,0,0,0,0,0,0,0,0,1,0,0,0,0,0,5,1,0,false
E:\OOD\main\MrWall-master\MrWall-master\src\Juanito.java,Juanito,getDt/0,false,175,0,0,0,0,1,0,3,1,0,0,0,0,0,0,0,0,0,0,0,0,0,0,0,0,0,3,1,0,false
E:\OOD\main\MrWall-master\MrWall-master\src\Juanito.java,Juanito,setVely/1[int],false,335,0,3,3,0,1,0,3,0,0,1,0,0,0,0,0,0,0,0,0,1,0,0,0,0,0,3,1,0,false
E:\OOD\main\MrWall-master\MrWall-master\src\Juanito.java,Juanito,jump/0,false,126,2,5,1,4,13,8,25,0,0,0,8,0,0,0,0,0,2,0,11,6,6,4,0,0,0,13,1,0,false
E:\OOD\main\MrWall-master\MrWall-master\src\Juanito.java,Juanito,getHeight/0,false,306,0,2,2,0,1,0,3,1,0,0,0,0,0,0,0,0,0,0,0,0,0,0,0,0,0,3,1,0,false
E:\OOD\main\MrWall-master\MrWall-master\src\Juanito.java,Juanito,setHeight/1[int],false,310,0,0,0,0,1,0,3,0,0,1,0,0,0,0,0,0,0,0,0,1,0,0,0,0,0,3,1,0,false
E:\OOD\main\MrWall-master\MrWall-master\src\Juanito.java,Juanito,setPerfilIzq/1[java.lang.Boolean],false,371,0,4,4,0,1,0,3,0,0,1,0,0,0,0,0,0,0,0,0,1,0,0,0,0,0,5,1,0,false
E:\OOD\main\MrWall-master\MrWall-master\src\Juanito.java,Juanito,getJstillizq/0,false,242,0,1,1,0,1,0,3,1,0,0,0,0,0,0,0,0,0,0,0,0,0,0,0,0,0,5,1,0,false
E:\OOD\main\MrWall-master\MrWall-master\src\Juanito.java,Juanito,setVelx/1[int],false,327,0,7,7,0,1,0,3,0,0,1,0,0,0,0,0,0,0,0,0,1,0,0,0,0,0,3,1,0,false
E:\OOD\main\MrWall-master\MrWall-master\src\Juanito.java,Juanito,getJsaltaizq/0,false,266,0,3,3,0,1,0,3,1,0,0,0,0,0,0,0,0,0,0,0,0,0,0,0,0,0,5,1,0,false
E:\OOD\main\MrWall-master\MrWall-master\src\Juanito.java,Juanito,setJsaltader/1[javax.swing.ImageIcon],false,262,0,0,0,0,1,0,3,0,0,1,0,0,0,0,0,0,0,0,0,1,0,0,0,0,0,5,1,0,false
E:\OOD\main\MrWall-master\MrWall-master\src\Juanito.java,Juanito,getVida/0,false,314,0,3,3,0,1,0,3,1,0,0,0,0,0,0,0,0,0,0,0,0,0,0,0,0,0,3,1,0,false
E:\OOD\main\MrWall-master\MrWall-master\src\Juanito.java,Juanito,setCd/1[boolean],false,367,0,2,2,0,1,0,3,0,0,1,0,0,0,0,0,0,0,0,0,1,0,0,0,0,0,3,1,0,false
E:\OOD\main\MrWall-master\MrWall-master\src\Juanito.java,Juanito,getReferencia/0,false,199,0,0,0,0,1,0,3,1,0,0,0,0,0,0,0,0,0,0,0,0,0,0,0,0,0,3,1,0,false
E:\OOD\main\MrWall-master\MrWall-master\src\Juanito.java,Juanito,getMychancla/0,false,396,1,8,8,0,1,0,3,1,0,0,0,0,0,0,0,0,0,0,0,0,0,0,0,0,0,4,1,0,false
E:\OOD\main\MrWall-master\MrWall-master\src\Juanito.java,Juanito,getVelx/0,false,323,0,3,3,0,1,0,3,1,0,0,0,0,0,0,0,0,0,0,0,0,0,0,0,0,0,3,1,0,false
E:\OOD\main\MrWall-master\MrWall-master\src\Juanito.java,Juanito,isCl/0,false,355,0,0,0,0,1,0,3,1,0,0,0,0,0,0,0,0,0,0,0,0,0,0,0,0,0,3,1,0,false
E:\OOD\main\MrWall-master\MrWall-master\src\Juanito.java,Juanito,setWidth/1[int],false,302,0,0,0,0,1,0,3,0,0,1,0,0,0,0,0,0,0,0,0,1,0,0,0,0,0,3,1,0,false
E:\OOD\main\MrWall-master\MrWall-master\src\Juanito.java,Juanito,getGravity/0,false,183,0,0,0,0,1,0,3,1,0,0,0,0,0,0,0,0,0,0,0,0,0,0,0,0,0,3,1,0,false
E:\OOD\main\MrWall-master\MrWall-master\src\Juanito.java,Juanito,getRectangulo/0,false,191,0,4,4,0,1,0,3,1,0,0,0,0,0,0,0,0,0,0,0,0,0,0,0,0,0,4,1,0,false
E:\OOD\main\MrWall-master\MrWall-master\src\Juanito.java,Juanito,getJinvisible/0,false,278,0,1,1,0,1,0,3,1,0,0,0,0,0,0,0,0,0,0,0,0,0,0,0,0,0,5,1,0,false
E:\OOD\main\MrWall-master\MrWall-master\src\Juanito.java,Juanito,isCd/0,false,363,0,2,2,0,1,0,3,1,0,0,0,0,0,0,0,0,0,0,0,0,0,0,0,0,0,3,1,0,false
E:\OOD\main\MrWall-master\MrWall-master\src\Juanito.java,Juanito,setX/1[int],false,286,0,5,5,0,1,0,3,0,0,1,0,0,0,0,0,0,0,0,0,1,0,0,0,0,0,3,1,0,false
E:\OOD\main\MrWall-master\MrWall-master\src\Juanito.java,Juanito,"Juanito/4[int,int,int,int]",true,54,2,4,1,3,1,2,28,0,0,4,2,2,1,0,0,0,0,7,10,28,3,0,0,0,0,34,1,0,false
E:\OOD\main\MrWall-master\MrWall-master\src\Juanito.java,Juanito,setReferencia/1[int],false,203,0,0,0,0,1,0,3,0,0,1,0,0,0,0,0,0,0,0,0,1,0,0,0,0,0,3,1,0,false
E:\OOD\main\MrWall-master\MrWall-master\src\Juanito.java,Juanito,getPuntaje/0,false,207,0,5,5,0,1,0,3,1,0,0,0,0,0,0,0,0,0,0,0,0,0,0,0,0,0,3,1,0,false
E:\OOD\main\MrWall-master\MrWall-master\src\Juanito.java,Juanito,getJmoveizq/0,false,226,0,3,3,0,1,0,3,1,0,0,0,0,0,0,0,0,0,0,0,0,0,0,0,0,0,5,1,0,false
E:\OOD\main\MrWall-master\MrWall-master\src\Juanito.java,Juanito,getVely/0,false,331,0,0,0,0,1,0,3,1,0,0,0,0,0,0,0,0,0,0,0,0,0,0,0,0,0,3,1,0,false
E:\OOD\main\MrWall-master\MrWall-master\src\Juanito.java,Juanito,setNivel/1[int],false,222,0,2,2,0,2,0,5,0,0,1,0,0,0,0,0,0,0,0,0,1,0,1,0,0,0,3,1,0,false
E:\OOD\main\MrWall-master\MrWall-master\src\Juanito.java,Juanito,getMygif/0,false,339,0,3,3,0,1,0,3,1,0,0,0,0,0,0,0,0,0,0,0,0,0,0,0,0,0,5,1,0,false
E:\OOD\main\MrWall-master\MrWall-master\src\Juanito.java,Juanito,getY/0,false,290,0,5,5,0,1,0,3,1,0,0,0,0,0,0,0,0,0,0,0,0,0,0,0,0,0,3,1,0,false
E:\OOD\main\MrWall-master\MrWall-master\src\Juanito.java,Juanito,getJmoveder/0,false,234,0,3,3,0,1,0,3,1,0,0,0,0,0,0,0,0,0,0,0,0,0,0,0,0,0,5,1,0,false
E:\OOD\main\MrWall-master\MrWall-master\src\Juanito.java,Juanito,setVida/1[int],false,318,0,2,2,0,2,0,3,0,0,1,0,0,0,0,0,0,0,0,1,1,0,1,0,0,0,3,1,0,false
E:\OOD\main\MrWall-master\MrWall-master\src\Juanito.java,Juanito,setDt/1[float],false,179,0,0,0,0,1,0,3,0,0,1,0,0,0,0,0,0,0,0,0,1,0,0,0,0,0,3,1,0,false
E:\OOD\main\MrWall-master\MrWall-master\src\JuanitoInjuredState.java,JuanitoInjuredState,moveRight/0,false,18,2,6,0,6,1,6,5,0,0,0,6,0,0,0,0,0,0,0,1,0,0,0,0,0,0,2,1,0,false
E:\OOD\main\MrWall-master\MrWall-master\src\JuanitoInjuredState.java,JuanitoInjuredState,moveJump/0,false,31,2,10,0,10,3,10,6,0,0,0,10,0,0,0,1,0,0,0,2,0,0,1,0,0,0,2,1,0,false
E:\OOD\main\MrWall-master\MrWall-master\src\JuanitoInjuredState.java,JuanitoInjuredState,JuanitoInjuredState/1[JuanitoStateContext],true,9,1,0,0,0,1,0,3,0,0,1,0,0,0,0,0,0,0,0,0,1,0,0,0,0,0,6,1,0,false
E:\OOD\main\MrWall-master\MrWall-master\src\JuanitoInjuredState.java,JuanitoInjuredState,stop/0,false,12,0,0,0,0,1,1,3,0,0,0,1,0,0,0,0,0,0,1,0,0,0,0,0,0,0,5,1,0,false
E:\OOD\main\MrWall-master\MrWall-master\src\JuanitoInjuredState.java,JuanitoInjuredState,hurt/0,false,13,0,0,0,0,1,1,3,0,0,0,1,0,0,0,0,0,0,1,0,0,0,0,0,0,0,3,1,0,false
E:\OOD\main\MrWall-master\MrWall-master\src\JuanitoInjuredState.java,JuanitoInjuredState,die/0,false,15,1,2,0,2,1,2,3,0,0,0,2,0,0,0,0,0,0,0,0,0,0,0,0,0,0,1,1,0,false
E:\OOD\main\MrWall-master\MrWall-master\src\JuanitoInjuredState.java,JuanitoInjuredState,shoot/0,false,11,0,0,0,0,1,1,3,0,0,0,1,0,0,0,0,0,0,1,0,0,0,0,0,0,0,5,1,0,false
E:\OOD\main\MrWall-master\MrWall-master\src\JuanitoInjuredState.java,JuanitoInjuredState,heal/0,false,14,1,2,0,2,1,2,3,0,0,0,2,0,0,0,0,0,0,0,0,0,0,0,0,0,0,1,1,0,false
E:\OOD\main\MrWall-master\MrWall-master\src\JuanitoInjuredState.java,JuanitoInjuredState,moveLeft/0,false,24,2,6,0,6,1,6,5,0,0,0,6,0,0,0,0,0,0,0,1,0,0,0,0,0,0,2,1,0,false
E:\OOD\main\MrWall-master\MrWall-master\src\Obstaculo.java,Obstaculo,setVida/1[int],false,107,0,0,0,0,1,0,3,0,0,1,0,0,0,0,0,0,0,0,0,1,0,0,0,0,0,3,1,0,false
E:\OOD\main\MrWall-master\MrWall-master\src\Obstaculo.java,Obstaculo,getRectangulo/0,false,127,0,0,0,0,1,0,3,1,0,0,0,0,0,0,0,0,0,0,0,0,0,0,0,0,0,4,1,0,false
E:\OOD\main\MrWall-master\MrWall-master\src\Obstaculo.java,Obstaculo,getX/0,false,69,0,1,1,0,1,0,3,1,0,0,0,0,0,0,0,0,0,0,0,0,0,0,0,0,0,3,1,0,false
E:\OOD\main\MrWall-master\MrWall-master\src\Obstaculo.java,Obstaculo,setY/1[int],false,82,0,1,1,0,1,1,4,0,0,1,1,0,0,0,0,0,0,0,0,1,0,0,0,0,0,3,1,0,false
E:\OOD\main\MrWall-master\MrWall-master\src\Obstaculo.java,Obstaculo,draw/1[java.awt.Graphics],false,63,0,1,1,0,1,1,3,0,0,1,1,0,0,0,0,0,0,0,0,0,0,0,0,0,0,3,1,0,false
E:\OOD\main\MrWall-master\MrWall-master\src\Obstaculo.java,Obstaculo,getVida/0,false,103,0,1,1,0,1,0,3,1,0,0,0,0,0,0,0,0,0,0,0,0,0,0,0,0,0,3,1,0,false
E:\OOD\main\MrWall-master\MrWall-master\src\Obstaculo.java,Obstaculo,setImage/1[javax.swing.ImageIcon],false,123,0,0,0,0,1,0,3,0,0,1,0,0,0,0,0,0,0,0,0,1,0,0,0,0,0,4,1,0,false
E:\OOD\main\MrWall-master\MrWall-master\src\Obstaculo.java,Obstaculo,setWidth/1[int],false,91,0,0,0,0,1,0,3,0,0,1,0,0,0,0,0,0,0,0,0,1,0,0,0,0,0,3,1,0,false
E:\OOD\main\MrWall-master\MrWall-master\src\Obstaculo.java,Obstaculo,getPath/0,false,111,0,0,0,0,1,0,3,1,0,0,0,0,0,0,0,0,0,0,0,0,0,0,0,0,0,3,1,0,false
E:\OOD\main\MrWall-master\MrWall-master\src\Obstaculo.java,Obstaculo,"Obstaculo/5[int,int,int,int,java.lang.String]",true,19,2,4,1,3,2,4,11,0,0,5,4,1,1,0,1,0,0,1,1,8,0,1,0,0,0,13,1,0,false
E:\OOD\main\MrWall-master\MrWall-master\src\Obstaculo.java,Obstaculo,getY/0,false,78,0,0,0,0,1,0,3,1,0,0,0,0,0,0,0,0,0,0,0,0,0,0,0,0,0,3,1,0,false
E:\OOD\main\MrWall-master\MrWall-master\src\Obstaculo.java,Obstaculo,getWidth/0,false,87,0,0,0,0,1,0,3,1,0,0,0,0,0,0,0,0,0,0,0,0,0,0,0,0,0,3,1,0,false
E:\OOD\main\MrWall-master\MrWall-master\src\Obstaculo.java,Obstaculo,setPath/1[java.lang.String],false,115,0,0,0,0,1,0,3,0,0,1,0,0,0,0,0,0,0,0,0,1,0,0,0,0,0,3,1,0,false
E:\OOD\main\MrWall-master\MrWall-master\src\Obstaculo.java,Obstaculo,getImage/0,false,119,0,0,0,0,1,0,3,1,0,0,0,0,0,0,0,0,0,0,0,0,0,0,0,0,0,4,1,0,false
E:\OOD\main\MrWall-master\MrWall-master\src\Obstaculo.java,Obstaculo,getHeight/0,false,95,0,0,0,0,1,0,3,1,0,0,0,0,0,0,0,0,0,0,0,0,0,0,0,0,0,3,1,0,false
E:\OOD\main\MrWall-master\MrWall-master\src\Obstaculo.java,Obstaculo,setCollisions/0,false,41,1,6,1,5,8,9,14,0,0,0,9,0,0,0,1,0,0,1,0,0,7,2,0,0,0,9,1,0,false
E:\OOD\main\MrWall-master\MrWall-master\src\Obstaculo.java,Obstaculo,setHeight/1[int],false,99,0,0,0,0,1,0,3,0,0,1,0,0,0,0,0,0,0,0,0,1,0,0,0,0,0,3,1,0,false
E:\OOD\main\MrWall-master\MrWall-master\src\Obstaculo.java,Obstaculo,isColliding/0,false,34,1,3,1,2,2,3,6,2,0,0,3,0,0,0,0,0,0,0,0,0,0,1,0,0,0,4,1,0,false
E:\OOD\main\MrWall-master\MrWall-master\src\Obstaculo.java,Obstaculo,createImageIcon/1[java.lang.String],false,149,0,1,1,0,2,3,10,2,1,1,3,0,0,0,1,0,0,1,0,1,1,1,0,0,0,12,4,0,false
E:\OOD\main\MrWall-master\MrWall-master\src\Obstaculo.java,Obstaculo,setX/1[int],false,73,0,1,1,0,1,1,4,0,0,1,1,0,0,0,0,0,0,0,0,1,0,0,0,0,0,3,1,0,false
E:\OOD\main\MrWall-master\MrWall-master\src\Obstaculo.java,Obstaculo,"update/2[java.util.Observable,java.lang.Object]",false,136,2,5,0,5,3,6,10,0,0,2,6,0,0,0,1,0,0,0,2,1,1,2,0,0,0,7,1,0,false
E:\OOD\main\MrWall-master\MrWall-master\src\Obstaculo.java,Obstaculo,setRectangulo/1[java.awt.Rectangle],false,131,0,0,0,0,1,0,3,0,0,1,0,0,0,0,0,0,0,0,0,1,0,0,0,0,0,4,1,0,false
E:\OOD\main\MrWall-master\MrWall-master\src\Obstaculos.java,Obstaculos,"addObstaculo/5[int,int,int,int,java.lang.String]",false,15,1,3,2,1,1,1,3,0,0,5,1,0,0,0,0,0,0,0,0,0,0,0,0,0,0,3,1,0,false
E:\OOD\main\MrWall-master\MrWall-master\src\Obstaculos.java,Obstaculos,setObstaculos/1[java.util.ArrayList<Obstaculo>],false,85,1,0,0,0,1,0,3,0,0,1,0,0,0,0,0,0,0,0,0,1,0,0,0,0,0,3,1,0,false
E:\OOD\main\MrWall-master\MrWall-master\src\Obstaculos.java,Obstaculos,"update/2[java.util.Observable,java.lang.Object]",false,20,2,6,0,6,4,9,15,1,2,2,9,0,0,1,1,0,0,0,0,2,0,3,0,0,0,8,33,0,false
E:\OOD\main\MrWall-master\MrWall-master\src\Obstaculos.java,Obstaculos,Obstaculos/0,true,10,2,5,4,1,1,2,4,0,0,0,2,0,0,0,0,0,0,0,0,1,0,0,0,0,0,2,1,0,false
E:\OOD\main\MrWall-master\MrWall-master\src\Obstaculos.java,Obstaculos,eliminar/1[int],false,51,1,0,0,0,3,4,9,0,2,1,4,0,0,1,0,0,0,0,0,2,0,2,0,0,0,5,1,0,false
E:\OOD\main\MrWall-master\MrWall-master\src\Obstaculos.java,Obstaculos,getObstaculos/0,false,81,1,2,2,0,1,0,3,1,0,0,0,0,0,0,0,0,0,0,0,0,0,0,0,0,0,3,1,0,false
E:\OOD\main\MrWall-master\MrWall-master\src\Obstaculos.java,Obstaculos,draw/1[java.awt.Graphics],false,36,1,2,1,1,2,4,7,0,2,1,4,0,0,1,0,0,0,0,0,2,0,1,0,0,0,6,1,0,false
E:\OOD\main\MrWall-master\MrWall-master\src\Obstaculos.java,Obstaculos,eliminarTodos/0,false,76,0,2,2,0,1,1,3,0,0,0,1,0,0,0,0,0,0,0,0,0,0,0,0,0,0,2,1,0,false
E:\OOD\main\MrWall-master\MrWall-master\src\Obstaculos.java,Obstaculos,level2done/0,false,59,1,3,1,2,4,5,12,2,2,0,5,0,0,1,2,0,0,0,2,3,0,1,0,0,0,7,1,0,false
E:\OOD\main\MrWall-master\MrWall-master\src\Obstaculos.java,Obstaculos,avanzar/1[int],false,43,1,3,1,2,2,5,7,0,2,1,5,0,0,1,0,0,0,0,0,2,1,1,0,0,0,5,1,0,false
E:\OOD\main\MrWall-master\MrWall-master\src\Buttons.java,Buttons,getSize/0,false,36,0,2,2,0,1,1,3,1,0,0,1,0,0,0,0,0,0,0,0,0,0,0,0,0,0,2,1,0,false
E:\OOD\main\MrWall-master\MrWall-master\src\Buttons.java,Buttons,getButton/1[int],false,22,1,2,2,0,1,1,3,1,0,1,1,0,0,0,0,0,0,0,0,0,0,0,0,0,0,3,1,0,false
E:\OOD\main\MrWall-master\MrWall-master\src\Buttons.java,Buttons,Buttons/0,true,9,1,4,4,0,1,0,3,0,0,0,0,0,0,0,0,0,0,0,0,1,0,0,0,0,0,2,1,0,false
E:\OOD\main\MrWall-master\MrWall-master\src\Buttons.java,Buttons,draw/1[java.awt.Graphics],false,30,1,2,1,1,2,3,5,0,1,1,3,0,0,1,0,0,0,0,1,1,0,1,0,0,0,4,1,0,false
E:\OOD\main\MrWall-master\MrWall-master\src\Buttons.java,Buttons,"addButton/8[int,int,int,int,java.awt.Color,java.lang.String,int,java.lang.String]",false,26,1,3,2,1,1,1,3,0,0,8,1,0,0,0,0,0,0,0,0,0,0,0,0,0,0,3,1,0,false
E:\OOD\main\MrWall-master\MrWall-master\src\Buttons.java,Buttons,getButton/1[java.lang.String],false,13,1,1,0,1,3,3,8,2,1,1,3,0,0,1,1,0,0,0,2,1,0,2,0,0,0,4,1,0,false
E:\OOD\main\MrWall-master\MrWall-master\src\GameStateProperties.java,GameStateProperties,GameStateProperties/0,true,7,0,1,1,0,1,0,3,0,0,0,0,0,0,0,0,0,0,1,0,1,0,0,0,0,0,5,0,0,false
E:\OOD\main\MrWall-master\MrWall-master\src\GameStateProperties.java,GameStateProperties,getClase/1[int],false,10,0,1,1,0,3,0,13,3,0,1,0,0,0,0,0,0,0,3,2,3,0,1,0,0,0,4,1,0,false
E:\OOD\main\MrWall-master\MrWall-master\src\PlayPanel.java,PlayPanel$Anonymous1,mouseMoved/1[java.awt.event.MouseEvent],false,88,1,2,0,2,1,4,5,0,1,1,4,0,0,0,0,0,0,0,0,1,0,0,0,0,0,11,1,0,false
E:\OOD\main\MrWall-master\MrWall-master\src\PlayPanel.java,PlayPanel$Anonymous2,mouseClicked/1[java.awt.event.MouseEvent],false,96,1,2,0,2,1,4,5,0,1,1,4,0,0,0,0,0,0,0,0,1,0,0,0,0,0,12,1,0,false
E:\OOD\main\MrWall-master\MrWall-master\src\PlayPanelStrategy.java,PlayPanelStrategy,getForeground/0,false,10,1,4,4,0,1,0,1,0,0,0,0,0,0,0,0,0,0,0,0,0,0,0,0,0,0,3,1,0,false
E:\OOD\main\MrWall-master\MrWall-master\src\PlayPanelStrategy.java,PlayPanelStrategy,createStuff/0,false,34,0,1,1,0,1,0,1,0,0,0,0,0,0,0,0,0,0,0,0,0,0,0,0,0,0,2,1,0,false
E:\OOD\main\MrWall-master\MrWall-master\src\PlayPanelStrategy.java,PlayPanelStrategy,getBackground/0,false,6,1,4,4,0,1,0,1,0,0,0,0,0,0,0,0,0,0,0,0,0,0,0,0,0,0,2,1,0,false
E:\OOD\main\MrWall-master\MrWall-master\src\PlayPanelStrategy.java,PlayPanelStrategy,getObstaculos/0,false,18,1,4,4,0,1,0,1,0,0,0,0,0,0,0,0,0,0,0,0,0,0,0,0,0,0,2,1,0,false
E:\OOD\main\MrWall-master\MrWall-master\src\PlayPanelStrategy.java,PlayPanelStrategy,getButtons/0,false,22,1,3,3,0,1,0,1,0,0,0,0,0,0,0,0,0,0,0,0,0,0,0,0,0,0,2,1,0,false
E:\OOD\main\MrWall-master\MrWall-master\src\PlayPanelStrategy.java,PlayPanelStrategy,setEnemigos/1[Enemigos],false,28,1,0,0,0,1,0,1,0,0,1,0,0,0,0,0,0,0,0,0,0,0,0,0,0,0,3,1,0,false
E:\OOD\main\MrWall-master\MrWall-master\src\PlayPanelStrategy.java,PlayPanelStrategy,reset/0,false,36,0,0,0,0,1,0,1,0,0,0,0,0,0,0,0,0,0,0,0,0,0,0,0,0,0,1,1,0,false
E:\OOD\main\MrWall-master\MrWall-master\src\PlayPanelStrategy.java,PlayPanelStrategy,setContext/1[PlayPanelStrategyContext],false,32,1,0,0,0,1,0,1,0,0,1,0,0,0,0,0,0,0,0,0,0,0,0,0,0,0,6,1,0,false
E:\OOD\main\MrWall-master\MrWall-master\src\PlayPanelStrategy.java,PlayPanelStrategy,setBackground/1[Background],false,8,1,0,0,0,1,0,1,0,0,1,0,0,0,0,0,0,0,0,0,0,0,0,0,0,0,3,1,0,false
E:\OOD\main\MrWall-master\MrWall-master\src\PlayPanelStrategy.java,PlayPanelStrategy,getMiddleground/0,false,14,1,4,4,0,1,0,1,0,0,0,0,0,0,0,0,0,0,0,0,0,0,0,0,0,0,3,1,0,false
E:\OOD\main\MrWall-master\MrWall-master\src\PlayPanelStrategy.java,PlayPanelStrategy,getEnemigos/0,false,26,1,5,5,0,1,0,1,0,0,0,0,0,0,0,0,0,0,0,0,0,0,0,0,0,0,2,1,0,false
E:\OOD\main\MrWall-master\MrWall-master\src\PlayPanelStrategy.java,PlayPanelStrategy,setMiddleground/1[Background],false,16,1,0,0,0,1,0,1,0,0,1,0,0,0,0,0,0,0,0,0,0,0,0,0,0,0,4,1,0,false
E:\OOD\main\MrWall-master\MrWall-master\src\PlayPanelStrategy.java,PlayPanelStrategy,getContext/0,false,30,1,0,0,0,1,0,1,0,0,0,0,0,0,0,0,0,0,0,0,0,0,0,0,0,0,5,1,0,false
E:\OOD\main\MrWall-master\MrWall-master\src\PlayPanelStrategy.java,PlayPanelStrategy,setForeground/1[Background],false,12,1,0,0,0,1,0,1,0,0,1,0,0,0,0,0,0,0,0,0,0,0,0,0,0,0,4,1,0,false
E:\OOD\main\MrWall-master\MrWall-master\src\PlayPanelStrategy.java,PlayPanelStrategy,setObstaculos/1[Obstaculos],false,20,1,0,0,0,1,0,1,0,0,1,0,0,0,0,0,0,0,0,0,0,0,0,0,0,0,3,1,0,false
E:\OOD\main\MrWall-master\MrWall-master\src\PlayPanelStrategy.java,PlayPanelStrategy,setButtons/1[Buttons],false,24,1,0,0,0,1,0,1,0,0,1,0,0,0,0,0,0,0,0,0,0,0,0,0,0,0,3,1,0,false
E:\OOD\main\MrWall-master\MrWall-master\src\Main.java,Main,main/1[java.lang.String[]],false,12,1,1,0,1,1,8,12,0,3,1,8,0,0,0,0,0,0,1,2,3,0,0,0,0,0,13,9,0,false
E:\OOD\main\MrWall-master\MrWall-master\src\PlayPanel.java,PlayPanel,getPlayPanelContextoEstado/0,false,106,1,0,0,0,1,0,3,1,0,0,0,0,0,0,0,0,0,0,0,0,0,0,0,0,0,7,1,0,false
E:\OOD\main\MrWall-master\MrWall-master\src\PlayPanel.java,PlayPanel,"checkButtonState/2[java.awt.Point,Button]",false,130,1,3,1,2,2,4,8,0,0,2,4,0,0,0,0,0,0,2,0,0,0,1,0,0,0,5,1,0,false
E:\OOD\main\MrWall-master\MrWall-master\src\PlayPanel.java,PlayPanel,createImageIcon/1[java.lang.String],false,444,0,1,1,0,2,3,10,2,1,1,3,0,0,0,1,0,0,1,0,1,1,1,0,0,0,12,4,0,false
E:\OOD\main\MrWall-master\MrWall-master\src\PlayPanel.java,PlayPanel,updateLevel/0,false,195,3,9,1,8,1,8,11,0,0,0,8,0,0,0,0,0,0,0,3,6,0,0,0,0,0,8,1,0,false
E:\OOD\main\MrWall-master\MrWall-master\src\PlayPanel.java,PlayPanel,startGame/0,false,232,1,3,1,2,3,3,7,0,0,0,3,0,0,0,1,0,0,0,0,1,0,1,0,0,0,6,1,0,false
E:\OOD\main\MrWall-master\MrWall-master\src\PlayPanel.java,PlayPanel,run/0,false,247,1,3,0,3,11,8,53,0,9,0,8,3,3,3,0,2,4,0,11,16,7,5,0,0,0,46,1,0,false
E:\OOD\main\MrWall-master\MrWall-master\src\PlayPanel.java,PlayPanel,keyTyped/1[java.awt.event.KeyEvent],false,408,0,0,0,0,1,0,2,0,0,1,0,0,0,0,0,0,0,0,0,0,0,0,0,0,0,5,1,0,false
E:\OOD\main\MrWall-master\MrWall-master\src\PlayPanel.java,PlayPanel,"checkButtonArrayState/2[java.awt.Point,Buttons]",false,139,2,5,1,4,3,6,10,0,1,2,6,0,0,1,0,0,0,2,1,1,0,2,0,0,0,7,1,0,false
E:\OOD\main\MrWall-master\MrWall-master\src\PlayPanel.java,PlayPanel,checkGameState/1[java.awt.Point],false,207,8,17,1,16,5,18,18,0,0,1,18,0,0,0,2,0,0,0,0,4,0,1,0,0,0,9,1,0,false
E:\OOD\main\MrWall-master\MrWall-master\src\PlayPanel.java,PlayPanel,deport/0,false,384,9,17,1,16,1,17,13,0,0,0,17,0,0,0,0,0,0,0,1,0,0,0,0,0,0,2,1,0,false
E:\OOD\main\MrWall-master\MrWall-master\src\PlayPanel.java,PlayPanel,resumeGame/0,false,245,0,0,0,0,1,0,3,0,0,0,0,0,0,0,0,0,0,0,0,1,0,0,0,0,0,5,1,0,false
E:\OOD\main\MrWall-master\MrWall-master\src\PlayPanel.java,PlayPanel,actionPerformed/1[java.awt.event.ActionEvent],false,431,5,10,0,10,2,12,10,0,0,1,12,0,0,0,1,0,0,0,1,0,1,1,0,0,0,8,1,0,false
E:\OOD\main\MrWall-master\MrWall-master\src\PlayPanel.java,PlayPanel,PlayPanel/0,true,57,8,22,1,21,1,25,38,0,0,0,25,0,0,0,0,0,0,0,1,11,0,0,2,0,0,46,1,0,false
E:\OOD\main\MrWall-master\MrWall-master\src\PlayPanel.java,PlayPanel,pauseGame/0,false,244,0,0,0,0,1,0,3,0,0,0,0,0,0,0,0,0,0,0,0,1,0,0,0,0,0,5,1,0,false
E:\OOD\main\MrWall-master\MrWall-master\src\PlayPanel.java,PlayPanel,paintScreen/0,false,398,0,1,1,0,4,4,13,0,1,0,4,0,0,0,2,1,2,1,2,1,1,2,0,0,0,10,2,0,false
E:\OOD\main\MrWall-master\MrWall-master\src\PlayPanel.java,PlayPanel,keyReleased/1[java.awt.event.KeyEvent],false,424,3,4,0,4,3,5,3,0,0,1,5,0,0,0,2,0,0,0,0,0,0,1,0,0,0,5,1,0,false
E:\OOD\main\MrWall-master\MrWall-master\src\PlayPanel.java,PlayPanel,checkLevelChange/0,false,110,7,21,1,20,3,20,19,0,0,0,20,0,0,0,1,0,0,0,7,6,0,1,0,0,0,9,1,0,false
E:\OOD\main\MrWall-master\MrWall-master\src\PlayPanel.java,PlayPanel,gameUpdate/0,false,313,6,13,1,12,3,12,14,0,0,0,12,1,1,0,1,0,0,0,0,3,0,2,0,0,0,9,2,0,false
E:\OOD\main\MrWall-master\MrWall-master\src\PlayPanel.java,PlayPanel,gameRender/0,false,331,10,19,1,18,9,26,38,1,2,0,26,2,1,0,5,0,0,5,10,4,0,2,0,0,0,25,2,0,false
E:\OOD\main\MrWall-master\MrWall-master\src\PlayPanel.java,PlayPanel,checkMenuClick/1[java.awt.Point],false,150,11,31,1,30,6,32,40,0,1,1,32,1,1,1,3,0,0,3,7,3,0,4,0,0,0,12,1,0,false
E:\OOD\main\MrWall-master\MrWall-master\src\PlayPanel.java,PlayPanel,stopGame/0,false,240,0,0,0,0,1,0,3,0,0,0,0,0,0,0,0,0,0,0,0,1,0,0,0,0,0,4,1,0,false
E:\OOD\main\MrWall-master\MrWall-master\src\PlayPanel.java,PlayPanel,addNotify/0,false,227,1,1,0,1,1,2,4,0,0,0,2,1,1,0,0,0,0,0,0,0,0,0,0,0,0,4,1,0,false
E:\OOD\main\MrWall-master\MrWall-master\src\PlayPanel.java,PlayPanel,keyPressed/1[java.awt.event.KeyEvent],false,411,3,9,0,9,5,10,9,0,0,1,10,0,0,0,4,0,0,0,1,0,1,1,0,0,0,5,1,0,false
E:\OOD\main\MrWall-master\MrWall-master\src\JuanitoStateProperties.java,JuanitoStateProperties,getClase/1[int],false,12,0,1,1,0,6,0,22,6,0,1,0,0,0,0,0,0,0,6,5,6,0,1,0,0,0,4,1,0,false
E:\OOD\main\MrWall-master\MrWall-master\src\JuanitoStateProperties.java,JuanitoStateProperties,JuanitoStateProperties/0,true,8,0,1,1,0,1,0,3,0,0,0,0,0,0,0,0,0,0,1,0,1,0,0,0,0,0,5,0,0,false
