file,class,method,variable,usage
E:\OOD\main\MrWall-master\MrWall-master\src\PlayPanelStrategyContext.java,PlayPanelStrategyContext,setCurrent/1[PlayPanelStrategy],pps,1
E:\OOD\main\MrWall-master\MrWall-master\src\Shape.java,Shape,"Shape/5[int,int,int,int,java.awt.Color]",c,2
E:\OOD\main\MrWall-master\MrWall-master\src\Shape.java,Shape,"Shape/5[int,int,int,int,java.awt.Color]",x,2
E:\OOD\main\MrWall-master\MrWall-master\src\Shape.java,Shape,"Shape/5[int,int,int,int,java.awt.Color]",width,2
E:\OOD\main\MrWall-master\MrWall-master\src\Shape.java,Shape,"Shape/5[int,int,int,int,java.awt.Color]",y,2
E:\OOD\main\MrWall-master\MrWall-master\src\Shape.java,Shape,"Shape/5[int,int,int,int,java.awt.Color]",height,2
E:\OOD\main\MrWall-master\MrWall-master\src\Shape.java,Shape,draw/1[java.awt.Graphics],g,0
E:\OOD\main\MrWall-master\MrWall-master\src\Enemigo.java,Enemigo,setEmoveder/1[javax.swing.ImageIcon],emoveder,2
E:\OOD\main\MrWall-master\MrWall-master\src\Enemigo.java,Enemigo,setPerfilder/1[boolean],perfilder,2
E:\OOD\main\MrWall-master\MrWall-master\src\Enemigo.java,Enemigo,createImageIcon/1[java.lang.String],imgURL,2
E:\OOD\main\MrWall-master\MrWall-master\src\Enemigo.java,Enemigo,createImageIcon/1[java.lang.String],path,2
E:\OOD\main\MrWall-master\MrWall-master\src\Enemigo.java,Enemigo,"Enemigo/4[int,int,int,int]",x,3
E:\OOD\main\MrWall-master\MrWall-master\src\Enemigo.java,Enemigo,"Enemigo/4[int,int,int,int]",width,3
E:\OOD\main\MrWall-master\MrWall-master\src\Enemigo.java,Enemigo,"Enemigo/4[int,int,int,int]",y,3
E:\OOD\main\MrWall-master\MrWall-master\src\Enemigo.java,Enemigo,"Enemigo/4[int,int,int,int]",height,3
E:\OOD\main\MrWall-master\MrWall-master\src\Enemigo.java,Enemigo,setCurrentImage/1[javax.swing.ImageIcon],currentimage,2
E:\OOD\main\MrWall-master\MrWall-master\src\Enemigo.java,Enemigo,setWidth/1[int],width,2
E:\OOD\main\MrWall-master\MrWall-master\src\Enemigo.java,Enemigo,setY/1[int],y,3
E:\OOD\main\MrWall-master\MrWall-master\src\Enemigo.java,Enemigo,setEstillizq/1[javax.swing.ImageIcon],estillizq,2
E:\OOD\main\MrWall-master\MrWall-master\src\Enemigo.java,Enemigo,setEinvisible/1[javax.swing.ImageIcon],einvisible,2
E:\OOD\main\MrWall-master\MrWall-master\src\Enemigo.java,Enemigo,setCurrentimage/1[javax.swing.ImageIcon],currentimage,2
E:\OOD\main\MrWall-master\MrWall-master\src\Enemigo.java,Enemigo,setJuanitocercano/1[boolean],juanitocercano,2
E:\OOD\main\MrWall-master\MrWall-master\src\Enemigo.java,Enemigo,setPerfilizq/1[boolean],perfilizq,2
E:\OOD\main\MrWall-master\MrWall-master\src\Enemigo.java,Enemigo,draw/1[java.awt.Graphics],g,1
E:\OOD\main\MrWall-master\MrWall-master\src\Enemigo.java,Enemigo,die/0,edieizq,1
E:\OOD\main\MrWall-master\MrWall-master\src\Enemigo.java,Enemigo,setVida/1[int],vida,2
E:\OOD\main\MrWall-master\MrWall-master\src\Enemigo.java,Enemigo,setEmoveizq/1[javax.swing.ImageIcon],emoveizq,2
E:\OOD\main\MrWall-master\MrWall-master\src\Enemigo.java,Enemigo,setHeight/1[int],height,2
E:\OOD\main\MrWall-master\MrWall-master\src\Enemigo.java,Enemigo,setEstillder/1[javax.swing.ImageIcon],estillder,2
E:\OOD\main\MrWall-master\MrWall-master\src\Enemigo.java,Enemigo,setX/1[int],x,3
E:\OOD\main\MrWall-master\MrWall-master\src\Enemigo.java,Enemigo,setRectangulo/1[java.awt.Rectangle],rectangulo,2
E:\OOD\main\MrWall-master\MrWall-master\src\JuanitoHUD.java,JuanitoHUD,JuanitoHUD/0,e,3
E:\OOD\main\MrWall-master\MrWall-master\src\JuanitoHUD.java,JuanitoHUD,update/1[Juanito],j,3
E:\OOD\main\MrWall-master\MrWall-master\src\JuanitoHUD.java,JuanitoHUD,setPuntos/1[int],puntos,2
E:\OOD\main\MrWall-master\MrWall-master\src\JuanitoHUD.java,JuanitoHUD,draw/1[java.awt.Graphics],g,14
E:\OOD\main\MrWall-master\MrWall-master\src\JuanitoHUD.java,JuanitoHUD,setVisible/1[boolean],visible,1
E:\OOD\main\MrWall-master\MrWall-master\src\JuanitoHUD.java,JuanitoHUD,setVisible/1[boolean],alpha,1
E:\OOD\main\MrWall-master\MrWall-master\src\Nivel2.java,Nivel2,setMiddleground/1[Background],middleground,2
E:\OOD\main\MrWall-master\MrWall-master\src\Nivel2.java,Nivel2,setBackground/1[Background],background,2
E:\OOD\main\MrWall-master\MrWall-master\src\Nivel2.java,Nivel2,setObstaculos/1[Obstaculos],obstaculos,2
E:\OOD\main\MrWall-master\MrWall-master\src\Nivel2.java,Nivel2,Nivel2/1[PlayPanelStrategyContext],context,2
E:\OOD\main\MrWall-master\MrWall-master\src\Nivel2.java,Nivel2,createStuff/0,r,2
E:\OOD\main\MrWall-master\MrWall-master\src\Nivel2.java,Nivel2,createStuff/0,i,2
E:\OOD\main\MrWall-master\MrWall-master\src\Nivel2.java,Nivel2,setForeground/1[Background],foreground,2
E:\OOD\main\MrWall-master\MrWall-master\src\Nivel2.java,Nivel2,setEnemigos/1[Enemigos],enemigos,2
E:\OOD\main\MrWall-master\MrWall-master\src\Nivel2.java,Nivel2,setContext/1[PlayPanelStrategyContext],context,2
E:\OOD\main\MrWall-master\MrWall-master\src\Nivel2.java,Nivel2,setButtons/1[Buttons],buttons,0
E:\OOD\main\MrWall-master\MrWall-master\src\SoundLoader.java,SoundLoader,SoundLoader/1[java.lang.String[]],file,1
E:\OOD\main\MrWall-master\MrWall-master\src\SoundLoader.java,SoundLoader,SoundLoader/1[java.lang.String[]],files,1
E:\OOD\main\MrWall-master\MrWall-master\src\SoundLoader.java,SoundLoader,setCurrentIndex/1[int],i,1
E:\OOD\main\MrWall-master\MrWall-master\src\SoundLoader.java,SoundLoader,playSound/1[java.lang.String],filename,2
E:\OOD\main\MrWall-master\MrWall-master\src\SoundLoader.java,SoundLoader,playSound/1[java.lang.String],gainControl,1
E:\OOD\main\MrWall-master\MrWall-master\src\SoundLoader.java,SoundLoader,playSound/1[java.lang.String],e,1
E:\OOD\main\MrWall-master\MrWall-master\src\SoundLoader.java,SoundLoader,playSound/1[java.lang.String],format,1
E:\OOD\main\MrWall-master\MrWall-master\src\SoundLoader.java,SoundLoader,playSound/1[java.lang.String],ais,2
E:\OOD\main\MrWall-master\MrWall-master\src\SoundLoader.java,SoundLoader,playSound/1[java.lang.String],clip,4
E:\OOD\main\MrWall-master\MrWall-master\src\SoundLoader.java,SoundLoader,playSound/1[java.lang.String],info,1
E:\OOD\main\MrWall-master\MrWall-master\src\SoundLoader.java,SoundLoader,run/0,flagplay0,2
E:\OOD\main\MrWall-master\MrWall-master\src\JuanitoMovingState.java,JuanitoMovingState,JuanitoMovingState/1[JuanitoStateContext],nc,1
E:\OOD\main\MrWall-master\MrWall-master\src\JuanitoStateContext.java,JuanitoStateContext,setCurrent/1[JuanitoState],js,1
E:\OOD\main\MrWall-master\MrWall-master\src\Button.java,Button,"contains/2[double,double]",ymouse,2
E:\OOD\main\MrWall-master\MrWall-master\src\Button.java,Button,"contains/2[double,double]",xmouse,2
E:\OOD\main\MrWall-master\MrWall-master\src\Button.java,Button,"Button/8[int,int,int,int,java.awt.Color,java.lang.String,int,java.lang.String]",c,2
E:\OOD\main\MrWall-master\MrWall-master\src\Button.java,Button,"Button/8[int,int,int,int,java.awt.Color,java.lang.String,int,java.lang.String]",hexcode,2
E:\OOD\main\MrWall-master\MrWall-master\src\Button.java,Button,"Button/8[int,int,int,int,java.awt.Color,java.lang.String,int,java.lang.String]",sizefont,3
E:\OOD\main\MrWall-master\MrWall-master\src\Button.java,Button,"Button/8[int,int,int,int,java.awt.Color,java.lang.String,int,java.lang.String]",x,1
E:\OOD\main\MrWall-master\MrWall-master\src\Button.java,Button,"Button/8[int,int,int,int,java.awt.Color,java.lang.String,int,java.lang.String]",width,2
E:\OOD\main\MrWall-master\MrWall-master\src\Button.java,Button,"Button/8[int,int,int,int,java.awt.Color,java.lang.String,int,java.lang.String]",y,1
E:\OOD\main\MrWall-master\MrWall-master\src\Button.java,Button,"Button/8[int,int,int,int,java.awt.Color,java.lang.String,int,java.lang.String]",label,2
E:\OOD\main\MrWall-master\MrWall-master\src\Button.java,Button,"Button/8[int,int,int,int,java.awt.Color,java.lang.String,int,java.lang.String]",height,2
E:\OOD\main\MrWall-master\MrWall-master\src\Button.java,Button,setColor/1[java.lang.String],hexcode,2
E:\OOD\main\MrWall-master\MrWall-master\src\Button.java,Button,draw/1[java.awt.Graphics],g,5
E:\OOD\main\MrWall-master\MrWall-master\src\Button.java,Button,setAddX/1[int],addX,2
E:\OOD\main\MrWall-master\MrWall-master\src\Button.java,Button,setAddY/1[int],addY,2
E:\OOD\main\MrWall-master\MrWall-master\src\JuanitoStaticState.java,JuanitoStaticState,JuanitoStaticState/1[JuanitoStateContext],nc,1
E:\OOD\main\MrWall-master\MrWall-master\src\Nivel1.java,Nivel1,setBackground/1[Background],background,2
E:\OOD\main\MrWall-master\MrWall-master\src\Nivel1.java,Nivel1,setMiddleground/1[Background],middleground,2
E:\OOD\main\MrWall-master\MrWall-master\src\Nivel1.java,Nivel1,createStuff/0,r,2
E:\OOD\main\MrWall-master\MrWall-master\src\Nivel1.java,Nivel1,createStuff/0,i,2
E:\OOD\main\MrWall-master\MrWall-master\src\Nivel1.java,Nivel1,setContext/1[PlayPanelStrategyContext],context,2
E:\OOD\main\MrWall-master\MrWall-master\src\Nivel1.java,Nivel1,setObstaculos/1[Obstaculos],obstaculos,2
E:\OOD\main\MrWall-master\MrWall-master\src\Nivel1.java,Nivel1,Nivel1/1[PlayPanelStrategyContext],context,2
E:\OOD\main\MrWall-master\MrWall-master\src\Nivel1.java,Nivel1,setButtons/1[Buttons],buttons,2
E:\OOD\main\MrWall-master\MrWall-master\src\Nivel1.java,Nivel1,setForeground/1[Background],foreground,2
E:\OOD\main\MrWall-master\MrWall-master\src\Nivel1.java,Nivel1,setEnemigos/1[Enemigos],enemigos,2
E:\OOD\main\MrWall-master\MrWall-master\src\Enemigos.java,Enemigos,draw/1[java.awt.Graphics],apt,2
E:\OOD\main\MrWall-master\MrWall-master\src\Enemigos.java,Enemigos,draw/1[java.awt.Graphics],g,1
E:\OOD\main\MrWall-master\MrWall-master\src\Enemigos.java,Enemigos,draw/1[java.awt.Graphics],en,1
E:\OOD\main\MrWall-master\MrWall-master\src\Enemigos.java,Enemigos,eliminar/1[int],apt,2
E:\OOD\main\MrWall-master\MrWall-master\src\Enemigos.java,Enemigos,eliminar/1[int],index,1
E:\OOD\main\MrWall-master\MrWall-master\src\Enemigos.java,Enemigos,eliminar/1[int],en,1
E:\OOD\main\MrWall-master\MrWall-master\src\Enemigos.java,Enemigos,avanzar/1[int],apt,2
E:\OOD\main\MrWall-master\MrWall-master\src\Enemigos.java,Enemigos,avanzar/1[int],en,2
E:\OOD\main\MrWall-master\MrWall-master\src\Enemigos.java,Enemigos,avanzar/1[int],n,1
E:\OOD\main\MrWall-master\MrWall-master\src\Enemigos.java,Enemigos,"addEnemigo/4[int,int,int,int]",x,1
E:\OOD\main\MrWall-master\MrWall-master\src\Enemigos.java,Enemigos,"addEnemigo/4[int,int,int,int]",width,1
E:\OOD\main\MrWall-master\MrWall-master\src\Enemigos.java,Enemigos,"addEnemigo/4[int,int,int,int]",y,1
E:\OOD\main\MrWall-master\MrWall-master\src\Enemigos.java,Enemigos,"addEnemigo/4[int,int,int,int]",height,1
E:\OOD\main\MrWall-master\MrWall-master\src\Enemigos.java,Enemigos,move/0,apt,3
E:\OOD\main\MrWall-master\MrWall-master\src\Enemigos.java,Enemigos,move/0,en,2
E:\OOD\main\MrWall-master\MrWall-master\src\Enemigos.java,Enemigos,pauseEnemigos/1[boolean],apt,2
E:\OOD\main\MrWall-master\MrWall-master\src\Enemigos.java,Enemigos,pauseEnemigos/1[boolean],en,2
E:\OOD\main\MrWall-master\MrWall-master\src\Enemigos.java,Enemigos,pauseEnemigos/1[boolean],pause,1
E:\OOD\main\MrWall-master\MrWall-master\src\Enemigos.java,Enemigos,"update/2[java.util.Observable,java.lang.Object]",itr,7
E:\OOD\main\MrWall-master\MrWall-master\src\Enemigos.java,Enemigos,"update/2[java.util.Observable,java.lang.Object]",arg,0
E:\OOD\main\MrWall-master\MrWall-master\src\Enemigos.java,Enemigos,"update/2[java.util.Observable,java.lang.Object]",en,6
E:\OOD\main\MrWall-master\MrWall-master\src\Enemigos.java,Enemigos,"update/2[java.util.Observable,java.lang.Object]",o,2
E:\OOD\main\MrWall-master\MrWall-master\src\Enemigos.java,Enemigos,setEnemigos/1[java.util.ArrayList<Enemigo>],enemigos,2
E:\OOD\main\MrWall-master\MrWall-master\src\Enemigos.java,Enemigos,setAtrapado/1[boolean],s,1
E:\OOD\main\MrWall-master\MrWall-master\src\PlayPanelStrategyProperties.java,PlayPanelStrategyProperties,getClase/1[int],n,1
E:\OOD\main\MrWall-master\MrWall-master\src\GameStateContext.java,GameStateContext,setCurrent/1[GameState],pps,1
E:\OOD\main\MrWall-master\MrWall-master\src\NivelRules.java,NivelRules,setButtons/1[Buttons],buttons,2
E:\OOD\main\MrWall-master\MrWall-master\src\NivelRules.java,NivelRules,setObstaculos/1[Obstaculos],obstaculos,2
E:\OOD\main\MrWall-master\MrWall-master\src\NivelRules.java,NivelRules,setEnemigos/1[Enemigos],enemigos,2
E:\OOD\main\MrWall-master\MrWall-master\src\NivelRules.java,NivelRules,setBackground/1[Background],background,2
E:\OOD\main\MrWall-master\MrWall-master\src\NivelRules.java,NivelRules,setMiddleground/1[Background],middleground,2
E:\OOD\main\MrWall-master\MrWall-master\src\NivelRules.java,NivelRules,setContext/1[PlayPanelStrategyContext],context,2
E:\OOD\main\MrWall-master\MrWall-master\src\NivelRules.java,NivelRules,NivelRules/1[PlayPanelStrategyContext],context,2
E:\OOD\main\MrWall-master\MrWall-master\src\NivelRules.java,NivelRules,setForeground/1[Background],foreground,2
E:\OOD\main\MrWall-master\MrWall-master\src\GameActiveState.java,GameActiveState,setButton/1[Button],button,2
E:\OOD\main\MrWall-master\MrWall-master\src\GameActiveState.java,GameActiveState,setCon/1[GameStateContext],con,2
E:\OOD\main\MrWall-master\MrWall-master\src\GameActiveState.java,GameActiveState,GameActiveState/1[GameStateContext],nc,1
E:\OOD\main\MrWall-master\MrWall-master\src\GameActiveState.java,GameActiveState,setBackground/1[Background],bg,1
E:\OOD\main\MrWall-master\MrWall-master\src\Background.java,Background,setY/1[int],n,1
E:\OOD\main\MrWall-master\MrWall-master\src\Background.java,Background,"Background/3[int,int,java.lang.String]",path,2
E:\OOD\main\MrWall-master\MrWall-master\src\Background.java,Background,"Background/3[int,int,java.lang.String]",e,1
E:\OOD\main\MrWall-master\MrWall-master\src\Background.java,Background,"Background/3[int,int,java.lang.String]",x,2
E:\OOD\main\MrWall-master\MrWall-master\src\Background.java,Background,"Background/3[int,int,java.lang.String]",y,2
E:\OOD\main\MrWall-master\MrWall-master\src\Background.java,Background,setX/1[int],aux,2
E:\OOD\main\MrWall-master\MrWall-master\src\Background.java,Background,setX/1[int],n,2
E:\OOD\main\MrWall-master\MrWall-master\src\Background.java,Background,setPath/1[java.lang.String],path,2
E:\OOD\main\MrWall-master\MrWall-master\src\Background.java,Background,draw/1[java.awt.Graphics],g,1
E:\OOD\main\MrWall-master\MrWall-master\src\JuanitoPausedState.java,JuanitoPausedState,JuanitoPausedState/1[JuanitoStateContext],nc,1
E:\OOD\main\MrWall-master\MrWall-master\src\Sprite.java,Sprite,getCenter/0,x,1
E:\OOD\main\MrWall-master\MrWall-master\src\Sprite.java,Sprite,getCenter/0,y,1
E:\OOD\main\MrWall-master\MrWall-master\src\Sprite.java,Sprite,"load/5[java.lang.String,int,int,int,int]",filename,1
E:\OOD\main\MrWall-master\MrWall-master\src\Sprite.java,Sprite,"load/5[java.lang.String,int,int,int,int]",_columns,1
E:\OOD\main\MrWall-master\MrWall-master\src\Sprite.java,Sprite,"load/5[java.lang.String,int,int,int,int]",tk,1
E:\OOD\main\MrWall-master\MrWall-master\src\Sprite.java,Sprite,"load/5[java.lang.String,int,int,int,int]",_totalFrames,1
E:\OOD\main\MrWall-master\MrWall-master\src\Sprite.java,Sprite,"load/5[java.lang.String,int,int,int,int]",_width,1
E:\OOD\main\MrWall-master\MrWall-master\src\Sprite.java,Sprite,"load/5[java.lang.String,int,int,int,int]",_height,1
E:\OOD\main\MrWall-master\MrWall-master\src\Sprite.java,Sprite,drawBounds/1[java.awt.Graphics],g,2
E:\OOD\main\MrWall-master\MrWall-master\src\Sprite.java,Sprite,getURL/1[java.lang.String],filename,1
E:\OOD\main\MrWall-master\MrWall-master\src\Sprite.java,Sprite,getURL/1[java.lang.String],e,0
E:\OOD\main\MrWall-master\MrWall-master\src\Sprite.java,Sprite,getURL/1[java.lang.String],url,2
E:\OOD\main\MrWall-master\MrWall-master\src\Sprite.java,Sprite,setImage/1[java.awt.Image],_image,1
E:\OOD\main\MrWall-master\MrWall-master\src\Sprite.java,Sprite,draw/1[java.awt.Graphics],g,1
E:\OOD\main\MrWall-master\MrWall-master\src\Sprite.java,Sprite,draw/1[java.awt.Graphics],frameX,2
E:\OOD\main\MrWall-master\MrWall-master\src\Sprite.java,Sprite,draw/1[java.awt.Graphics],frameY,2
E:\OOD\main\MrWall-master\MrWall-master\src\Chancla.java,Chancla,setVelx/1[int],_velx,1
E:\OOD\main\MrWall-master\MrWall-master\src\Chancla.java,Chancla,setY/1[int],y,2
E:\OOD\main\MrWall-master\MrWall-master\src\Chancla.java,Chancla,setDt/1[float],dt,2
E:\OOD\main\MrWall-master\MrWall-master\src\Chancla.java,Chancla,setVisible/1[boolean],visible,2
E:\OOD\main\MrWall-master\MrWall-master\src\Chancla.java,Chancla,setRight/1[boolean],right,2
E:\OOD\main\MrWall-master\MrWall-master\src\Chancla.java,Chancla,draw/1[java.awt.Graphics],g,1
E:\OOD\main\MrWall-master\MrWall-master\src\Chancla.java,Chancla,setPath/1[java.lang.String],path,2
E:\OOD\main\MrWall-master\MrWall-master\src\Chancla.java,Chancla,colliding/1[java.awt.Rectangle],_rect,1
E:\OOD\main\MrWall-master\MrWall-master\src\Chancla.java,Chancla,setHeight/1[int],height,2
E:\OOD\main\MrWall-master\MrWall-master\src\Chancla.java,Chancla,setWidth/1[int],width,2
E:\OOD\main\MrWall-master\MrWall-master\src\Chancla.java,Chancla,setRect/1[java.awt.Rectangle],rect,2
E:\OOD\main\MrWall-master\MrWall-master\src\Chancla.java,Chancla,setX/1[int],x,2
E:\OOD\main\MrWall-master\MrWall-master\src\Chancla.java,Chancla,setChanclasprite/1[Sprite],chanclasprite,2
E:\OOD\main\MrWall-master\MrWall-master\src\NivelMenu.java,NivelMenu,setButtons/1[Buttons],buttons,2
E:\OOD\main\MrWall-master\MrWall-master\src\NivelMenu.java,NivelMenu,NivelMenu/1[PlayPanelStrategyContext],context,2
E:\OOD\main\MrWall-master\MrWall-master\src\NivelMenu.java,NivelMenu,setEnemigos/1[Enemigos],enemigos,2
E:\OOD\main\MrWall-master\MrWall-master\src\NivelMenu.java,NivelMenu,setObstaculos/1[Obstaculos],obstaculos,2
E:\OOD\main\MrWall-master\MrWall-master\src\NivelMenu.java,NivelMenu,setMiddleground/1[Background],middleground,2
E:\OOD\main\MrWall-master\MrWall-master\src\NivelMenu.java,NivelMenu,setBackground/1[Background],background,2
E:\OOD\main\MrWall-master\MrWall-master\src\NivelMenu.java,NivelMenu,setContext/1[PlayPanelStrategyContext],context,2
E:\OOD\main\MrWall-master\MrWall-master\src\NivelMenu.java,NivelMenu,setForeground/1[Background],foreground,2
E:\OOD\main\MrWall-master\MrWall-master\src\PlayPanelStrategyFactory.java,PlayPanelStrategyFactory,"getPlayPanelState/2[java.lang.String,PlayPanelStrategyContext]",tipo,1
E:\OOD\main\MrWall-master\MrWall-master\src\PlayPanelStrategyFactory.java,PlayPanelStrategyFactory,"getPlayPanelState/2[java.lang.String,PlayPanelStrategyContext]",pps,3
E:\OOD\main\MrWall-master\MrWall-master\src\PlayPanelStrategyFactory.java,PlayPanelStrategyFactory,"getPlayPanelState/2[java.lang.String,PlayPanelStrategyContext]",ex,1
E:\OOD\main\MrWall-master\MrWall-master\src\PlayPanelStrategyFactory.java,PlayPanelStrategyFactory,"getPlayPanelState/2[java.lang.String,PlayPanelStrategyContext]",ppsc,2
E:\OOD\main\MrWall-master\MrWall-master\src\GameStateFactory.java,GameStateFactory,"getGameState/2[java.lang.String,GameStateContext]",tipo,1
E:\OOD\main\MrWall-master\MrWall-master\src\GameStateFactory.java,GameStateFactory,"getGameState/2[java.lang.String,GameStateContext]",pps,3
E:\OOD\main\MrWall-master\MrWall-master\src\GameStateFactory.java,GameStateFactory,"getGameState/2[java.lang.String,GameStateContext]",ex,1
E:\OOD\main\MrWall-master\MrWall-master\src\GameStateFactory.java,GameStateFactory,"getGameState/2[java.lang.String,GameStateContext]",ppsc,2
E:\OOD\main\MrWall-master\MrWall-master\src\GameState.java,GameState,setBackground/1[Background],bg,0
E:\OOD\main\MrWall-master\MrWall-master\src\GameState.java,GameState,setButton/1[Button],button,0
E:\OOD\main\MrWall-master\MrWall-master\src\JuanitoStateFactory.java,JuanitoStateFactory,"getJuanitoState/2[java.lang.String,JuanitoStateContext]",tipo,1
E:\OOD\main\MrWall-master\MrWall-master\src\JuanitoStateFactory.java,JuanitoStateFactory,"getJuanitoState/2[java.lang.String,JuanitoStateContext]",ex,1
E:\OOD\main\MrWall-master\MrWall-master\src\JuanitoStateFactory.java,JuanitoStateFactory,"getJuanitoState/2[java.lang.String,JuanitoStateContext]",js,3
E:\OOD\main\MrWall-master\MrWall-master\src\JuanitoStateFactory.java,JuanitoStateFactory,"getJuanitoState/2[java.lang.String,JuanitoStateContext]",jsc,2
E:\OOD\main\MrWall-master\MrWall-master\src\JuanitoDeadState.java,JuanitoDeadState,JuanitoDeadState/1[JuanitoStateContext],nc,1
E:\OOD\main\MrWall-master\MrWall-master\src\GamePausedState.java,GamePausedState,setButton/1[Button],button,2
E:\OOD\main\MrWall-master\MrWall-master\src\GamePausedState.java,GamePausedState,setCon/1[GameStateContext],con,2
E:\OOD\main\MrWall-master\MrWall-master\src\GamePausedState.java,GamePausedState,GamePausedState/1[GameStateContext],nc,1
E:\OOD\main\MrWall-master\MrWall-master\src\GamePausedState.java,GamePausedState,setBackground/1[Background],bg,1
E:\OOD\main\MrWall-master\MrWall-master\src\Juanito.java,Juanito,setPuntaje/1[int],p,1
E:\OOD\main\MrWall-master\MrWall-master\src\Juanito.java,Juanito,setGravity/1[int],gravity,2
E:\OOD\main\MrWall-master\MrWall-master\src\Juanito.java,Juanito,setJstillizq/1[javax.swing.ImageIcon],jstillizq,2
E:\OOD\main\MrWall-master\MrWall-master\src\Juanito.java,Juanito,setActive/1[boolean],a,1
E:\OOD\main\MrWall-master\MrWall-master\src\Juanito.java,Juanito,setRectangulo/1[java.awt.Rectangle],rectangulo,2
E:\OOD\main\MrWall-master\MrWall-master\src\Juanito.java,Juanito,setJsaltaizq/1[javax.swing.ImageIcon],jsaltaizq,2
E:\OOD\main\MrWall-master\MrWall-master\src\Juanito.java,Juanito,setMygif/1[javax.swing.ImageIcon],mygif,2
E:\OOD\main\MrWall-master\MrWall-master\src\Juanito.java,Juanito,setPerfilDer/1[java.lang.Boolean],b,1
E:\OOD\main\MrWall-master\MrWall-master\src\Juanito.java,Juanito,setJmoveizq/1[javax.swing.ImageIcon],jmoveizq,2
E:\OOD\main\MrWall-master\MrWall-master\src\Juanito.java,Juanito,setVisible/1[boolean],visible,1
E:\OOD\main\MrWall-master\MrWall-master\src\Juanito.java,Juanito,draw/1[java.awt.Graphics],g,2
E:\OOD\main\MrWall-master\MrWall-master\src\Juanito.java,Juanito,createImageIcon/1[java.lang.String],imgURL,2
E:\OOD\main\MrWall-master\MrWall-master\src\Juanito.java,Juanito,createImageIcon/1[java.lang.String],path,2
E:\OOD\main\MrWall-master\MrWall-master\src\Juanito.java,Juanito,setCl/1[boolean],cl,2
E:\OOD\main\MrWall-master\MrWall-master\src\Juanito.java,Juanito,setJuanitoStateContext/1[JuanitoStateContext],juanitoStateContext,2
E:\OOD\main\MrWall-master\MrWall-master\src\Juanito.java,Juanito,setY/1[int],y,2
E:\OOD\main\MrWall-master\MrWall-master\src\Juanito.java,Juanito,setJstillder/1[javax.swing.ImageIcon],jstillder,2
E:\OOD\main\MrWall-master\MrWall-master\src\Juanito.java,Juanito,setCr/1[boolean],cr,2
E:\OOD\main\MrWall-master\MrWall-master\src\Juanito.java,Juanito,"move/5[Background,Background,Background,Obstaculos,Enemigos]",fg,8
E:\OOD\main\MrWall-master\MrWall-master\src\Juanito.java,Juanito,"move/5[Background,Background,Background,Obstaculos,Enemigos]",obs,2
E:\OOD\main\MrWall-master\MrWall-master\src\Juanito.java,Juanito,"move/5[Background,Background,Background,Obstaculos,Enemigos]",bg,2
E:\OOD\main\MrWall-master\MrWall-master\src\Juanito.java,Juanito,"move/5[Background,Background,Background,Obstaculos,Enemigos]",mg,2
E:\OOD\main\MrWall-master\MrWall-master\src\Juanito.java,Juanito,"move/5[Background,Background,Background,Obstaculos,Enemigos]",ens,2
E:\OOD\main\MrWall-master\MrWall-master\src\Juanito.java,Juanito,setJmoveder/1[javax.swing.ImageIcon],jmoveder,2
E:\OOD\main\MrWall-master\MrWall-master\src\Juanito.java,Juanito,setJinvisible/1[javax.swing.ImageIcon],jinvisible,2
E:\OOD\main\MrWall-master\MrWall-master\src\Juanito.java,Juanito,setVely/1[int],vely,2
E:\OOD\main\MrWall-master\MrWall-master\src\Juanito.java,Juanito,setHeight/1[int],height,2
E:\OOD\main\MrWall-master\MrWall-master\src\Juanito.java,Juanito,setPerfilIzq/1[java.lang.Boolean],b,1
E:\OOD\main\MrWall-master\MrWall-master\src\Juanito.java,Juanito,setVelx/1[int],velx,2
E:\OOD\main\MrWall-master\MrWall-master\src\Juanito.java,Juanito,setJsaltader/1[javax.swing.ImageIcon],jsaltader,2
E:\OOD\main\MrWall-master\MrWall-master\src\Juanito.java,Juanito,setCd/1[boolean],cd,2
E:\OOD\main\MrWall-master\MrWall-master\src\Juanito.java,Juanito,setWidth/1[int],width,2
E:\OOD\main\MrWall-master\MrWall-master\src\Juanito.java,Juanito,setX/1[int],x,2
E:\OOD\main\MrWall-master\MrWall-master\src\Juanito.java,Juanito,"Juanito/4[int,int,int,int]",w,1
E:\OOD\main\MrWall-master\MrWall-master\src\Juanito.java,Juanito,"Juanito/4[int,int,int,int]",x,3
E:\OOD\main\MrWall-master\MrWall-master\src\Juanito.java,Juanito,"Juanito/4[int,int,int,int]",h,1
E:\OOD\main\MrWall-master\MrWall-master\src\Juanito.java,Juanito,"Juanito/4[int,int,int,int]",y,3
E:\OOD\main\MrWall-master\MrWall-master\src\Juanito.java,Juanito,setReferencia/1[int],referencia,2
E:\OOD\main\MrWall-master\MrWall-master\src\Juanito.java,Juanito,setNivel/1[int],n,2
E:\OOD\main\MrWall-master\MrWall-master\src\Juanito.java,Juanito,setVida/1[int],vida,3
E:\OOD\main\MrWall-master\MrWall-master\src\Juanito.java,Juanito,setDt/1[float],dt,2
E:\OOD\main\MrWall-master\MrWall-master\src\JuanitoInjuredState.java,JuanitoInjuredState,JuanitoInjuredState/1[JuanitoStateContext],nc,1
E:\OOD\main\MrWall-master\MrWall-master\src\Obstaculo.java,Obstaculo,setVida/1[int],vida,2
E:\OOD\main\MrWall-master\MrWall-master\src\Obstaculo.java,Obstaculo,setY/1[int],y,3
E:\OOD\main\MrWall-master\MrWall-master\src\Obstaculo.java,Obstaculo,draw/1[java.awt.Graphics],g,1
E:\OOD\main\MrWall-master\MrWall-master\src\Obstaculo.java,Obstaculo,setImage/1[javax.swing.ImageIcon],image,2
E:\OOD\main\MrWall-master\MrWall-master\src\Obstaculo.java,Obstaculo,setWidth/1[int],width,2
E:\OOD\main\MrWall-master\MrWall-master\src\Obstaculo.java,Obstaculo,"Obstaculo/5[int,int,int,int,java.lang.String]",path,4
E:\OOD\main\MrWall-master\MrWall-master\src\Obstaculo.java,Obstaculo,"Obstaculo/5[int,int,int,int,java.lang.String]",x,3
E:\OOD\main\MrWall-master\MrWall-master\src\Obstaculo.java,Obstaculo,"Obstaculo/5[int,int,int,int,java.lang.String]",width,3
E:\OOD\main\MrWall-master\MrWall-master\src\Obstaculo.java,Obstaculo,"Obstaculo/5[int,int,int,int,java.lang.String]",y,3
E:\OOD\main\MrWall-master\MrWall-master\src\Obstaculo.java,Obstaculo,"Obstaculo/5[int,int,int,int,java.lang.String]",height,3
E:\OOD\main\MrWall-master\MrWall-master\src\Obstaculo.java,Obstaculo,setPath/1[java.lang.String],path,2
E:\OOD\main\MrWall-master\MrWall-master\src\Obstaculo.java,Obstaculo,setHeight/1[int],height,2
E:\OOD\main\MrWall-master\MrWall-master\src\Obstaculo.java,Obstaculo,createImageIcon/1[java.lang.String],imgURL,2
E:\OOD\main\MrWall-master\MrWall-master\src\Obstaculo.java,Obstaculo,createImageIcon/1[java.lang.String],path,2
E:\OOD\main\MrWall-master\MrWall-master\src\Obstaculo.java,Obstaculo,setX/1[int],x,3
E:\OOD\main\MrWall-master\MrWall-master\src\Obstaculo.java,Obstaculo,"update/2[java.util.Observable,java.lang.Object]",arg,0
E:\OOD\main\MrWall-master\MrWall-master\src\Obstaculo.java,Obstaculo,"update/2[java.util.Observable,java.lang.Object]",o,1
E:\OOD\main\MrWall-master\MrWall-master\src\Obstaculo.java,Obstaculo,setRectangulo/1[java.awt.Rectangle],rectangulo,2
E:\OOD\main\MrWall-master\MrWall-master\src\Obstaculos.java,Obstaculos,"addObstaculo/5[int,int,int,int,java.lang.String]",path,1
E:\OOD\main\MrWall-master\MrWall-master\src\Obstaculos.java,Obstaculos,"addObstaculo/5[int,int,int,int,java.lang.String]",x,1
E:\OOD\main\MrWall-master\MrWall-master\src\Obstaculos.java,Obstaculos,"addObstaculo/5[int,int,int,int,java.lang.String]",width,1
E:\OOD\main\MrWall-master\MrWall-master\src\Obstaculos.java,Obstaculos,"addObstaculo/5[int,int,int,int,java.lang.String]",y,1
E:\OOD\main\MrWall-master\MrWall-master\src\Obstaculos.java,Obstaculos,"addObstaculo/5[int,int,int,int,java.lang.String]",height,1
E:\OOD\main\MrWall-master\MrWall-master\src\Obstaculos.java,Obstaculos,setObstaculos/1[java.util.ArrayList<Obstaculo>],obstaculos,2
E:\OOD\main\MrWall-master\MrWall-master\src\Obstaculos.java,Obstaculos,"update/2[java.util.Observable,java.lang.Object]",obs,2
E:\OOD\main\MrWall-master\MrWall-master\src\Obstaculos.java,Obstaculos,"update/2[java.util.Observable,java.lang.Object]",itr,2
E:\OOD\main\MrWall-master\MrWall-master\src\Obstaculos.java,Obstaculos,"update/2[java.util.Observable,java.lang.Object]",arg,0
E:\OOD\main\MrWall-master\MrWall-master\src\Obstaculos.java,Obstaculos,"update/2[java.util.Observable,java.lang.Object]",o,1
E:\OOD\main\MrWall-master\MrWall-master\src\Obstaculos.java,Obstaculos,eliminar/1[int],obstaculo,1
E:\OOD\main\MrWall-master\MrWall-master\src\Obstaculos.java,Obstaculos,eliminar/1[int],apt,2
E:\OOD\main\MrWall-master\MrWall-master\src\Obstaculos.java,Obstaculos,eliminar/1[int],index,1
E:\OOD\main\MrWall-master\MrWall-master\src\Obstaculos.java,Obstaculos,draw/1[java.awt.Graphics],obstaculo,1
E:\OOD\main\MrWall-master\MrWall-master\src\Obstaculos.java,Obstaculos,draw/1[java.awt.Graphics],apt,2
E:\OOD\main\MrWall-master\MrWall-master\src\Obstaculos.java,Obstaculos,draw/1[java.awt.Graphics],g,1
E:\OOD\main\MrWall-master\MrWall-master\src\Obstaculos.java,Obstaculos,level2done/0,apt,2
E:\OOD\main\MrWall-master\MrWall-master\src\Obstaculos.java,Obstaculos,level2done/0,wall,4
E:\OOD\main\MrWall-master\MrWall-master\src\Obstaculos.java,Obstaculos,avanzar/1[int],obstaculo,2
E:\OOD\main\MrWall-master\MrWall-master\src\Obstaculos.java,Obstaculos,avanzar/1[int],apt,2
E:\OOD\main\MrWall-master\MrWall-master\src\Obstaculos.java,Obstaculos,avanzar/1[int],n,1
E:\OOD\main\MrWall-master\MrWall-master\src\Buttons.java,Buttons,getButton/1[int],i,1
E:\OOD\main\MrWall-master\MrWall-master\src\Buttons.java,Buttons,draw/1[java.awt.Graphics],g,1
E:\OOD\main\MrWall-master\MrWall-master\src\Buttons.java,Buttons,draw/1[java.awt.Graphics],i,3
E:\OOD\main\MrWall-master\MrWall-master\src\Buttons.java,Buttons,"addButton/8[int,int,int,int,java.awt.Color,java.lang.String,int,java.lang.String]",c,1
E:\OOD\main\MrWall-master\MrWall-master\src\Buttons.java,Buttons,"addButton/8[int,int,int,int,java.awt.Color,java.lang.String,int,java.lang.String]",hexcode,1
E:\OOD\main\MrWall-master\MrWall-master\src\Buttons.java,Buttons,"addButton/8[int,int,int,int,java.awt.Color,java.lang.String,int,java.lang.String]",sizefont,1
E:\OOD\main\MrWall-master\MrWall-master\src\Buttons.java,Buttons,"addButton/8[int,int,int,int,java.awt.Color,java.lang.String,int,java.lang.String]",x,1
E:\OOD\main\MrWall-master\MrWall-master\src\Buttons.java,Buttons,"addButton/8[int,int,int,int,java.awt.Color,java.lang.String,int,java.lang.String]",width,1
E:\OOD\main\MrWall-master\MrWall-master\src\Buttons.java,Buttons,"addButton/8[int,int,int,int,java.awt.Color,java.lang.String,int,java.lang.String]",y,1
E:\OOD\main\MrWall-master\MrWall-master\src\Buttons.java,Buttons,"addButton/8[int,int,int,int,java.awt.Color,java.lang.String,int,java.lang.String]",label,1
E:\OOD\main\MrWall-master\MrWall-master\src\Buttons.java,Buttons,"addButton/8[int,int,int,int,java.awt.Color,java.lang.String,int,java.lang.String]",height,1
E:\OOD\main\MrWall-master\MrWall-master\src\Buttons.java,Buttons,getButton/1[java.lang.String],i,4
E:\OOD\main\MrWall-master\MrWall-master\src\Buttons.java,Buttons,getButton/1[java.lang.String],label,1
E:\OOD\main\MrWall-master\MrWall-master\src\GameStateProperties.java,GameStateProperties,getClase/1[int],n,1
E:\OOD\main\MrWall-master\MrWall-master\src\PlayPanel.java,PlayPanel$Anonymous1,mouseMoved/1[java.awt.event.MouseEvent],p,2
E:\OOD\main\MrWall-master\MrWall-master\src\PlayPanel.java,PlayPanel$Anonymous1,mouseMoved/1[java.awt.event.MouseEvent],e,2
E:\OOD\main\MrWall-master\MrWall-master\src\PlayPanel.java,PlayPanel$Anonymous2,mouseClicked/1[java.awt.event.MouseEvent],p,2
E:\OOD\main\MrWall-master\MrWall-master\src\PlayPanel.java,PlayPanel$Anonymous2,mouseClicked/1[java.awt.event.MouseEvent],e,2
E:\OOD\main\MrWall-master\MrWall-master\src\PlayPanelStrategy.java,PlayPanelStrategy,setEnemigos/1[Enemigos],enemigos,0
E:\OOD\main\MrWall-master\MrWall-master\src\PlayPanelStrategy.java,PlayPanelStrategy,setContext/1[PlayPanelStrategyContext],context,0
E:\OOD\main\MrWall-master\MrWall-master\src\PlayPanelStrategy.java,PlayPanelStrategy,setBackground/1[Background],background,0
E:\OOD\main\MrWall-master\MrWall-master\src\PlayPanelStrategy.java,PlayPanelStrategy,setMiddleground/1[Background],middleground,0
E:\OOD\main\MrWall-master\MrWall-master\src\PlayPanelStrategy.java,PlayPanelStrategy,setForeground/1[Background],foreground,0
E:\OOD\main\MrWall-master\MrWall-master\src\PlayPanelStrategy.java,PlayPanelStrategy,setObstaculos/1[Obstaculos],obstaculos,0
E:\OOD\main\MrWall-master\MrWall-master\src\PlayPanelStrategy.java,PlayPanelStrategy,setButtons/1[Buttons],buttons,0
E:\OOD\main\MrWall-master\MrWall-master\src\Main.java,Main,main/1[java.lang.String[]],args,0
E:\OOD\main\MrWall-master\MrWall-master\src\Main.java,Main,main/1[java.lang.String[]],p,1
E:\OOD\main\MrWall-master\MrWall-master\src\Main.java,Main,main/1[java.lang.String[]],ico,1
E:\OOD\main\MrWall-master\MrWall-master\src\Main.java,Main,main/1[java.lang.String[]],frame,7
E:\OOD\main\MrWall-master\MrWall-master\src\PlayPanel.java,PlayPanel,"checkButtonState/2[java.awt.Point,Button]",p,2
E:\OOD\main\MrWall-master\MrWall-master\src\PlayPanel.java,PlayPanel,"checkButtonState/2[java.awt.Point,Button]",b,3
E:\OOD\main\MrWall-master\MrWall-master\src\PlayPanel.java,PlayPanel,createImageIcon/1[java.lang.String],imgURL,2
E:\OOD\main\MrWall-master\MrWall-master\src\PlayPanel.java,PlayPanel,createImageIcon/1[java.lang.String],path,2
E:\OOD\main\MrWall-master\MrWall-master\src\PlayPanel.java,PlayPanel,run/0,overSleepTime,3
E:\OOD\main\MrWall-master\MrWall-master\src\PlayPanel.java,PlayPanel,run/0,noDelays,2
E:\OOD\main\MrWall-master\MrWall-master\src\PlayPanel.java,PlayPanel,run/0,period,3
E:\OOD\main\MrWall-master\MrWall-master\src\PlayPanel.java,PlayPanel,run/0,skips,2
E:\OOD\main\MrWall-master\MrWall-master\src\PlayPanel.java,PlayPanel,run/0,ex,0
E:\OOD\main\MrWall-master\MrWall-master\src\PlayPanel.java,PlayPanel,run/0,beforeTime,3
E:\OOD\main\MrWall-master\MrWall-master\src\PlayPanel.java,PlayPanel,run/0,timeDiff,2
E:\OOD\main\MrWall-master\MrWall-master\src\PlayPanel.java,PlayPanel,run/0,e,0
E:\OOD\main\MrWall-master\MrWall-master\src\PlayPanel.java,PlayPanel,run/0,excess,3
E:\OOD\main\MrWall-master\MrWall-master\src\PlayPanel.java,PlayPanel,run/0,afterTime,3
E:\OOD\main\MrWall-master\MrWall-master\src\PlayPanel.java,PlayPanel,run/0,sleepTime,5
E:\OOD\main\MrWall-master\MrWall-master\src\PlayPanel.java,PlayPanel,keyTyped/1[java.awt.event.KeyEvent],e,0
E:\OOD\main\MrWall-master\MrWall-master\src\PlayPanel.java,PlayPanel,"checkButtonArrayState/2[java.awt.Point,Buttons]",p,2
E:\OOD\main\MrWall-master\MrWall-master\src\PlayPanel.java,PlayPanel,"checkButtonArrayState/2[java.awt.Point,Buttons]",b,4
E:\OOD\main\MrWall-master\MrWall-master\src\PlayPanel.java,PlayPanel,"checkButtonArrayState/2[java.awt.Point,Buttons]",i,5
E:\OOD\main\MrWall-master\MrWall-master\src\PlayPanel.java,PlayPanel,checkGameState/1[java.awt.Point],p,4
E:\OOD\main\MrWall-master\MrWall-master\src\PlayPanel.java,PlayPanel,actionPerformed/1[java.awt.event.ActionEvent],e,1
E:\OOD\main\MrWall-master\MrWall-master\src\PlayPanel.java,PlayPanel,paintScreen/0,e,1
E:\OOD\main\MrWall-master\MrWall-master\src\PlayPanel.java,PlayPanel,paintScreen/0,g,4
E:\OOD\main\MrWall-master\MrWall-master\src\PlayPanel.java,PlayPanel,keyReleased/1[java.awt.event.KeyEvent],e,2
E:\OOD\main\MrWall-master\MrWall-master\src\PlayPanel.java,PlayPanel,gameRender/0,explosion,1
E:\OOD\main\MrWall-master\MrWall-master\src\PlayPanel.java,PlayPanel,gameRender/0,deportedgif,1
E:\OOD\main\MrWall-master\MrWall-master\src\PlayPanel.java,PlayPanel,checkMenuClick/1[java.awt.Point],p,2
E:\OOD\main\MrWall-master\MrWall-master\src\PlayPanel.java,PlayPanel,checkMenuClick/1[java.awt.Point],i,6
E:\OOD\main\MrWall-master\MrWall-master\src\PlayPanel.java,PlayPanel,keyPressed/1[java.awt.event.KeyEvent],e,4
E:\OOD\main\MrWall-master\MrWall-master\src\JuanitoStateProperties.java,JuanitoStateProperties,getClase/1[int],n,1
