file,class,type,cbo,cboModified,fanin,fanout,wmc,dit,noc,rfc,lcom,lcom*,tcc,lcc,totalMethodsQty,staticMethodsQty,publicMethodsQty,privateMethodsQty,protectedMethodsQty,defaultMethodsQty,visibleMethodsQty,abstractMethodsQty,finalMethodsQty,synchronizedMethodsQty,totalFieldsQty,staticFieldsQty,publicFieldsQty,privateFieldsQty,protectedFieldsQty,defaultFieldsQty,finalFieldsQty,synchronizedFieldsQty,nosi,loc,returnQty,loopQty,comparisonsQty,tryCatchQty,parenthesizedExpsQty,stringLiteralsQty,numbersQty,assignmentsQty,mathOperationsQty,variablesQty,maxNestedBlocksQty,anonymousClassesQty,innerClassesQty,lambdasQty,uniqueWordsQty,modifiers,logStatementsQty
E:\OOD\main\Ludo_Pro4-main\Ludo_Pro4-main\src\GUI\ButtonsPanel.java,GUI.ButtonsPanel,class,4,6,2,4,23,5,0,33,13,0.7933884,0.0,0.0,11,1,2,9,0,0,2,0,0,0,11,2,0,11,0,0,1,0,2,149,9,1,1,1,0,14,48,21,33,18,2,3,0,0,134,1,0
E:\OOD\main\Ludo_Pro4-main\Ludo_Pro4-main\src\Server\Server.java,Server.Server,class,2,5,3,2,6,1,0,7,6,0.8125,0.0,0.0,4,1,2,2,0,0,2,0,0,0,4,1,0,3,0,1,0,0,1,92,2,0,1,1,0,2,1,8,0,7,1,2,0,0,81,1,0
E:\OOD\main\Ludo_Pro4-main\Ludo_Pro4-main\src\Validaciones\GameFrame.java,Validaciones.GameFrame,class,6,13,7,6,41,1,0,26,0,0.7529412,0.5367647,0.88235295,17,1,15,0,0,2,17,0,0,0,5,1,0,2,0,3,0,0,4,110,27,2,7,0,0,13,35,8,1,7,1,0,0,0,124,1,0
E:\OOD\main\Ludo_Pro4-main\Ludo_Pro4-main\src\Client\main.java,Client.main,class,2,2,0,2,1,1,0,5,0,0.0,NaN,NaN,1,1,1,0,0,0,1,0,0,0,0,0,0,0,0,0,0,0,2,9,0,0,0,0,0,0,2,2,0,2,0,0,0,0,20,1,0
E:\OOD\main\Ludo_Pro4-main\Ludo_Pro4-main\src\Client\Client.java,Client.Client,class,5,9,4,5,18,1,0,12,49,0.85714287,0.06666667,0.06666667,11,2,10,1,0,0,10,0,0,0,7,4,0,7,0,0,0,0,1,128,5,0,1,5,0,7,1,11,0,9,2,1,0,0,96,1,0
E:\OOD\main\Ludo_Pro4-main\Ludo_Pro4-main\src\Client\ObserverLobby.java,Client.ObserverLobby,interface,0,4,4,0,3,1,0,0,3,0.0,0.0,0.0,3,0,3,0,0,0,3,0,0,0,0,0,0,0,0,0,0,0,0,5,0,0,0,0,0,0,0,0,0,0,0,0,0,0,8,1,0
E:\OOD\main\Ludo_Pro4-main\Ludo_Pro4-main\src\Client\ClientConnection.java,Client.ClientConnection,class,2,4,2,2,3,1,0,0,1,0.5,0.0,0.0,2,1,2,0,0,0,2,0,0,0,1,1,0,1,0,0,0,0,0,12,1,0,1,0,0,0,0,2,0,1,1,0,0,0,21,1,0
E:\OOD\main\Ludo_Pro4-main\Ludo_Pro4-main\src\Client\ObservableGame.java,Client.ObservableGame,interface,1,2,1,1,3,1,0,0,3,0.0,0.0,0.0,3,0,3,0,0,0,3,0,0,0,0,0,0,0,0,0,0,0,0,5,0,0,0,0,0,0,0,0,0,0,0,0,0,0,7,1,0
E:\OOD\main\Ludo_Pro4-main\Ludo_Pro4-main\src\Server\MainServer.java,Server.MainServer,class,1,1,0,1,1,1,0,2,0,0.0,NaN,NaN,1,1,1,0,0,0,1,0,0,0,0,0,0,0,0,0,0,0,1,7,1,0,0,0,0,0,0,1,0,1,0,0,0,0,15,1,0
E:\OOD\main\Ludo_Pro4-main\Ludo_Pro4-main\src\Client\ObservableLobby.java,Client.ObservableLobby,interface,1,2,1,1,3,1,0,0,3,0.0,0.0,0.0,3,0,3,0,0,0,3,0,0,0,0,0,0,0,0,0,0,0,0,5,0,0,0,0,0,0,0,0,0,0,0,0,0,0,7,1,0
E:\OOD\main\Ludo_Pro4-main\Ludo_Pro4-main\src\Client\ClientPanel.java,Client.ClientPanel,class,1,2,1,1,3,5,0,0,1,0.5,0.0,0.0,2,1,2,0,0,0,2,0,0,0,1,1,0,1,0,0,0,0,0,11,1,0,1,0,0,0,0,2,0,1,1,0,0,0,21,1,0
E:\OOD\main\Ludo_Pro4-main\Ludo_Pro4-main\src\Validaciones\GetByColor.java,Validaciones.GetByColor,class,2,4,2,2,45,1,0,8,112,0.825,0.015151516,0.015151516,16,1,1,4,0,11,12,0,0,0,5,1,0,5,0,0,0,0,0,141,39,0,1,0,0,28,56,18,0,17,1,0,0,0,115,1,0
E:\OOD\main\Ludo_Pro4-main\Ludo_Pro4-main\src\GUI\ButtonsPanel.java,GUI.ButtonsPanel$Anonymous1$Anonymous2,anonymous,1,1,0,1,1,1,0,3,0,0.0,NaN,NaN,1,0,1,0,0,0,1,0,0,0,0,0,0,0,0,0,0,0,0,7,0,0,0,0,0,0,0,0,0,0,0,0,0,0,1,-1,0
E:\OOD\main\Ludo_Pro4-main\Ludo_Pro4-main\src\GUI\BoardFrame.java,GUI.BoardFrame,class,5,7,2,5,8,6,0,23,22,0.8125,0.0,0.0,8,0,2,6,0,0,2,0,0,0,6,1,2,4,0,0,1,0,4,50,0,0,0,0,0,2,5,11,7,12,0,0,0,0,75,1,0
E:\OOD\main\Ludo_Pro4-main\Ludo_Pro4-main\src\interfaces\ObservadoIF.java,interfaces.ObservadoIF,interface,1,7,6,1,3,1,0,0,3,0.0,0.0,0.0,3,0,0,0,0,3,3,0,0,0,0,0,0,0,0,0,0,0,0,5,0,0,0,0,0,0,0,0,0,0,0,0,0,0,38,1,0
E:\OOD\main\Ludo_Pro4-main\Ludo_Pro4-main\src\GUI\PanelMouseListener.java,GUI.PanelMouseListener,class,2,4,2,2,8,1,0,2,19,0.78571427,0.04761905,0.04761905,7,1,7,0,0,0,7,0,0,0,2,1,0,2,0,0,0,0,1,22,1,0,1,0,0,0,0,3,0,2,1,0,0,0,29,1,0
E:\OOD\main\Ludo_Pro4-main\Ludo_Pro4-main\src\Client\ObserverGame.java,Client.ObserverGame,interface,0,4,4,0,1,1,0,0,0,0.0,NaN,NaN,1,0,1,0,0,0,1,0,0,0,0,0,0,0,0,0,0,0,0,3,0,0,0,0,0,0,0,0,0,0,0,0,0,0,5,1,0
E:\OOD\main\Ludo_Pro4-main\Ludo_Pro4-main\src\Validaciones\Pieces.java,Validaciones.Pieces,class,5,8,3,5,42,1,0,27,158,0.86394554,0.11578947,0.25263157,21,1,5,1,0,15,20,0,0,0,7,1,0,7,0,0,0,0,2,138,16,9,1,0,0,8,168,35,0,23,3,0,0,0,142,1,0
E:\OOD\main\Ludo_Pro4-main\Ludo_Pro4-main\src\Validaciones\Game.java,Validaciones.Game,class,7,10,3,7,218,1,0,87,1070,0.90277773,0.09047619,0.17142858,60,1,4,39,0,17,21,0,0,0,12,1,0,12,0,0,0,0,11,486,82,37,43,1,4,32,134,123,51,99,6,0,0,0,355,1,0
E:\OOD\main\Ludo_Pro4-main\Ludo_Pro4-main\src\GUI\BoardPanel.java,GUI.BoardPanel,class,6,8,2,6,51,5,0,33,73,0.84259254,0.0,0.0,18,1,3,15,0,0,3,0,0,0,6,2,0,6,0,0,1,0,3,224,1,12,3,0,2,0,135,52,97,33,3,0,0,0,162,1,0
E:\OOD\main\Ludo_Pro4-main\Ludo_Pro4-main\src\Client\Client.java,Client.Client$Anonymous1,anonymous,2,2,0,2,11,1,0,17,0,0.0,NaN,NaN,1,0,1,0,0,0,1,0,0,0,0,0,0,0,0,0,0,0,0,45,0,5,2,2,0,7,2,4,0,3,4,0,0,0,14,-1,0
E:\OOD\main\Ludo_Pro4-main\Ludo_Pro4-main\src\Server\Player.java,Server.Player,class,0,1,1,0,3,1,0,0,0,0.33333334,0.6666667,1.0,3,0,3,0,0,0,3,0,0,0,2,0,0,2,0,0,0,0,0,14,2,0,0,0,0,0,0,2,0,2,0,0,0,0,6,1,0
E:\OOD\main\Ludo_Pro4-main\Ludo_Pro4-main\src\GUI\ButtonsPanel.java,GUI.ButtonsPanel$Anonymous1,anonymous,0,0,0,0,1,1,0,1,0,0.0,NaN,NaN,1,0,1,0,0,0,1,0,0,0,0,0,0,0,0,0,0,0,0,13,0,0,0,0,0,0,0,1,0,1,0,1,0,0,8,-1,0
E:\OOD\main\Ludo_Pro4-main\Ludo_Pro4-main\src\GUI\ButtonsPanel.java,GUI.ButtonsPanel$Anonymous4,anonymous,0,0,0,0,1,1,0,2,0,0.0,NaN,NaN,1,0,1,0,0,0,1,0,0,0,0,0,0,0,0,0,0,0,0,6,0,0,0,0,0,0,0,0,0,0,0,0,0,0,7,-1,0
E:\OOD\main\Ludo_Pro4-main\Ludo_Pro4-main\src\GUI\ButtonsPanel.java,GUI.ButtonsPanel$Anonymous3,anonymous,1,1,0,1,1,1,0,3,0,0.0,NaN,NaN,1,0,1,0,0,0,1,0,0,0,0,0,0,0,0,0,0,0,0,7,0,0,0,0,0,0,0,0,0,0,0,0,0,0,7,-1,0
E:\OOD\main\Ludo_Pro4-main\Ludo_Pro4-main\src\GUI\Main.java,GUI.Main,class,0,0,0,0,0,1,0,0,0,NaN,-1.0,-1.0,0,0,0,0,0,0,0,0,0,0,3,3,3,0,0,0,0,0,0,5,0,0,0,0,0,0,5,3,4,3,0,0,0,0,4,1,0
E:\OOD\main\Ludo_Pro4-main\Ludo_Pro4-main\src\interfaces\ObservadorIF.java,interfaces.ObservadorIF,interface,1,7,6,1,1,1,0,0,0,0.0,NaN,NaN,1,0,0,0,0,1,1,0,0,0,0,0,0,0,0,0,0,0,0,3,0,0,0,0,0,0,0,0,0,0,0,0,0,0,6,1,0
E:\OOD\main\Ludo_Pro4-main\Ludo_Pro4-main\src\Server\Server.java,Server.Server$Anonymous1,anonymous,1,1,0,1,3,1,0,6,0,0.0,NaN,NaN,1,0,1,0,0,0,1,0,0,0,0,0,0,0,0,0,0,0,0,15,0,1,0,1,0,2,0,1,1,1,2,0,0,0,20,-1,0
E:\OOD\main\Ludo_Pro4-main\Ludo_Pro4-main\src\Server\Server.java,Server.Server$Anonymous2,anonymous,1,1,0,1,9,1,0,14,0,0.0,NaN,NaN,1,0,1,0,0,0,1,0,0,0,0,0,0,0,0,0,0,0,0,43,0,2,0,1,0,8,1,7,1,5,6,0,0,0,23,-1,2
E:\OOD\main\Ludo_Pro4-main\Ludo_Pro4-main\src\Server\Lobby.java,Server.Lobby,class,2,5,3,2,18,1,0,9,0,0.4666667,0.8,1.0,6,0,6,0,0,0,6,0,0,0,5,0,0,4,0,1,0,0,1,79,4,3,7,2,0,5,15,21,2,13,4,0,0,0,65,1,0
E:\OOD\main\Ludo_Pro4-main\Ludo_Pro4-main\src\Client\ClientFrame.java,Client.ClientFrame,class,4,6,2,4,8,6,0,19,5,0.7142857,0.33333334,0.4,6,1,6,0,0,0,6,0,0,0,7,1,0,7,0,0,0,0,4,55,1,0,2,0,0,5,15,8,2,7,1,0,0,0,54,1,0
