file,class,method,variable,usage
E:\OOD\main\Ludo_Pro4-main\Ludo_Pro4-main\src\GUI\ButtonsPanel.java,GUI.ButtonsPanel,RefreshDado/1[int],dado,5
E:\OOD\main\Ludo_Pro4-main\Ludo_Pro4-main\src\GUI\ButtonsPanel.java,GUI.ButtonsPanel,SetButtons/0,nueva_partida,1
E:\OOD\main\Ludo_Pro4-main\Ludo_Pro4-main\src\GUI\ButtonsPanel.java,GUI.ButtonsPanel,SetButtons/0,lanzar_dado,4
E:\OOD\main\Ludo_Pro4-main\Ludo_Pro4-main\src\GUI\ButtonsPanel.java,GUI.ButtonsPanel,SetButtons/0,x0,2
E:\OOD\main\Ludo_Pro4-main\Ludo_Pro4-main\src\GUI\ButtonsPanel.java,GUI.ButtonsPanel,SetButtons/0,cerrar_juego,1
E:\OOD\main\Ludo_Pro4-main\Ludo_Pro4-main\src\GUI\ButtonsPanel.java,GUI.ButtonsPanel,SetButtons/0,puntos,9
E:\OOD\main\Ludo_Pro4-main\Ludo_Pro4-main\src\GUI\ButtonsPanel.java,GUI.ButtonsPanel,SetLabels/0,estadoAtual,6
E:\OOD\main\Ludo_Pro4-main\Ludo_Pro4-main\src\GUI\ButtonsPanel.java,GUI.ButtonsPanel,SetLabels/0,x0,2
E:\OOD\main\Ludo_Pro4-main\Ludo_Pro4-main\src\GUI\ButtonsPanel.java,GUI.ButtonsPanel,SetLabels/0,puntos,7
E:\OOD\main\Ludo_Pro4-main\Ludo_Pro4-main\src\GUI\ButtonsPanel.java,GUI.ButtonsPanel,SetCurrentPlayerLabel/0,jugadorActual,6
E:\OOD\main\Ludo_Pro4-main\Ludo_Pro4-main\src\GUI\ButtonsPanel.java,GUI.ButtonsPanel,SetCurrentPlayerLabel/0,x0,1
E:\OOD\main\Ludo_Pro4-main\Ludo_Pro4-main\src\GUI\ButtonsPanel.java,GUI.ButtonsPanel,SetCurrentPlayerLabel/0,puntos,4
E:\OOD\main\Ludo_Pro4-main\Ludo_Pro4-main\src\GUI\ButtonsPanel.java,GUI.ButtonsPanel,SetDado/0,dado,2
E:\OOD\main\Ludo_Pro4-main\Ludo_Pro4-main\src\GUI\ButtonsPanel.java,GUI.ButtonsPanel,SetDado/0,x0,1
E:\OOD\main\Ludo_Pro4-main\Ludo_Pro4-main\src\GUI\ButtonsPanel.java,GUI.ButtonsPanel,SetDado/0,puntos,2
E:\OOD\main\Ludo_Pro4-main\Ludo_Pro4-main\src\GUI\ButtonsPanel.java,GUI.ButtonsPanel,notify/1[interfaces.ObservadoIF],jugadorActual,2
E:\OOD\main\Ludo_Pro4-main\Ludo_Pro4-main\src\GUI\ButtonsPanel.java,GUI.ButtonsPanel,notify/1[interfaces.ObservadoIF],lanzar_dado,1
E:\OOD\main\Ludo_Pro4-main\Ludo_Pro4-main\src\GUI\ButtonsPanel.java,GUI.ButtonsPanel,notify/1[interfaces.ObservadoIF],estadoAtual,1
E:\OOD\main\Ludo_Pro4-main\Ludo_Pro4-main\src\GUI\ButtonsPanel.java,GUI.ButtonsPanel,ButtonsPanel/0,puntos,1
E:\OOD\main\Ludo_Pro4-main\Ludo_Pro4-main\src\GUI\ButtonsPanel.java,GUI.ButtonsPanel,ButtonsPanel/0,frameJuego,2
E:\OOD\main\Ludo_Pro4-main\Ludo_Pro4-main\src\GUI\ButtonsPanel.java,GUI.ButtonsPanel,StartListeners/0,lanzar_dado,1
E:\OOD\main\Ludo_Pro4-main\Ludo_Pro4-main\src\GUI\ButtonsPanel.java,GUI.ButtonsPanel,StartListeners/0,nueva_partida,1
E:\OOD\main\Ludo_Pro4-main\Ludo_Pro4-main\src\GUI\ButtonsPanel.java,GUI.ButtonsPanel,StartListeners/0,cerrar_juego,1
E:\OOD\main\Ludo_Pro4-main\Ludo_Pro4-main\src\GUI\ButtonsPanel.java,GUI.ButtonsPanel,GetButtonsPanel/0,instance,3
E:\OOD\main\Ludo_Pro4-main\Ludo_Pro4-main\src\GUI\ButtonsPanel.java,GUI.ButtonsPanel,SetConfigurations/0,puntos,3
E:\OOD\main\Ludo_Pro4-main\Ludo_Pro4-main\src\Server\Server.java,Server.Server,getInstance/0,instance,3
E:\OOD\main\Ludo_Pro4-main\Ludo_Pro4-main\src\Server\Server.java,Server.Server,runServer/0,currentLobby,1
E:\OOD\main\Ludo_Pro4-main\Ludo_Pro4-main\src\Validaciones\GameFrame.java,Validaciones.GameFrame,SetLancarDadoEnabled/1[boolean],lanzarDadoEnabled,1
E:\OOD\main\Ludo_Pro4-main\Ludo_Pro4-main\src\Validaciones\GameFrame.java,Validaciones.GameFrame,SetLancarDadoEnabled/1[boolean],lst,1
E:\OOD\main\Ludo_Pro4-main\Ludo_Pro4-main\src\Validaciones\GameFrame.java,Validaciones.GameFrame,GetDadoValue/0,game,1
E:\OOD\main\Ludo_Pro4-main\Ludo_Pro4-main\src\Validaciones\GameFrame.java,Validaciones.GameFrame,GetCurrentPlayerText/0,game,1
E:\OOD\main\Ludo_Pro4-main\Ludo_Pro4-main\src\Validaciones\GameFrame.java,Validaciones.GameFrame,GetGamef/0,instance,3
E:\OOD\main\Ludo_Pro4-main\Ludo_Pro4-main\src\Validaciones\GameFrame.java,Validaciones.GameFrame,add/1[interfaces.ObservadorIF],lst,1
E:\OOD\main\Ludo_Pro4-main\Ludo_Pro4-main\src\Validaciones\GameFrame.java,Validaciones.GameFrame,GetCurrentStateText/0,game,1
E:\OOD\main\Ludo_Pro4-main\Ludo_Pro4-main\src\Validaciones\GameFrame.java,Validaciones.GameFrame,notify/1[interfaces.ObservadoIF],lst,1
E:\OOD\main\Ludo_Pro4-main\Ludo_Pro4-main\src\Validaciones\GameFrame.java,Validaciones.GameFrame,remove/1[interfaces.ObservadorIF],lst,1
E:\OOD\main\Ludo_Pro4-main\Ludo_Pro4-main\src\Validaciones\GameFrame.java,Validaciones.GameFrame,get/1[int],pieces,1
E:\OOD\main\Ludo_Pro4-main\Ludo_Pro4-main\src\Validaciones\GameFrame.java,Validaciones.GameFrame,get/1[int],game,1
E:\OOD\main\Ludo_Pro4-main\Ludo_Pro4-main\src\Validaciones\GameFrame.java,Validaciones.GameFrame,get/1[int],lanzarDadoEnabled,1
E:\OOD\main\Ludo_Pro4-main\Ludo_Pro4-main\src\Validaciones\GameFrame.java,Validaciones.GameFrame,EndGame/0,game,1
E:\OOD\main\Ludo_Pro4-main\Ludo_Pro4-main\src\Validaciones\GameFrame.java,Validaciones.GameFrame,StartGame/0,game,1
E:\OOD\main\Ludo_Pro4-main\Ludo_Pro4-main\src\Validaciones\GameFrame.java,Validaciones.GameFrame,GetCurrentPlayerForeground/0,game,1
E:\OOD\main\Ludo_Pro4-main\Ludo_Pro4-main\src\Validaciones\GameFrame.java,Validaciones.GameFrame,MovePiece/0,game,1
E:\OOD\main\Ludo_Pro4-main\Ludo_Pro4-main\src\Validaciones\GameFrame.java,Validaciones.GameFrame,RollDado/0,game,1
E:\OOD\main\Ludo_Pro4-main\Ludo_Pro4-main\src\Validaciones\GameFrame.java,Validaciones.GameFrame,GameFrame/0,pieces,2
E:\OOD\main\Ludo_Pro4-main\Ludo_Pro4-main\src\Validaciones\GameFrame.java,Validaciones.GameFrame,GameFrame/0,game,2
E:\OOD\main\Ludo_Pro4-main\Ludo_Pro4-main\src\Validaciones\GameFrame.java,Validaciones.GameFrame,StartNewRound/0,game,1
E:\OOD\main\Ludo_Pro4-main\Ludo_Pro4-main\src\Validaciones\GameFrame.java,Validaciones.GameFrame,MouseClicked/1[java.awt.event.MouseEvent],game,1
E:\OOD\main\Ludo_Pro4-main\Ludo_Pro4-main\src\Client\Client.java,Client.Client,sendMessage/1[java.lang.String],output,2
E:\OOD\main\Ludo_Pro4-main\Ludo_Pro4-main\src\Client\Client.java,Client.Client,sendMessage/1[java.lang.String],socket,1
E:\OOD\main\Ludo_Pro4-main\Ludo_Pro4-main\src\Client\Client.java,Client.Client,addObserver/1[Client.ObserverLobby],lst1,1
E:\OOD\main\Ludo_Pro4-main\Ludo_Pro4-main\src\Client\Client.java,Client.Client,closeClient/0,output,1
E:\OOD\main\Ludo_Pro4-main\Ludo_Pro4-main\src\Client\Client.java,Client.Client,closeClient/0,input,1
E:\OOD\main\Ludo_Pro4-main\Ludo_Pro4-main\src\Client\Client.java,Client.Client,closeClient/0,socket,1
E:\OOD\main\Ludo_Pro4-main\Ludo_Pro4-main\src\Client\Client.java,Client.Client,getInstance/0,instance,3
E:\OOD\main\Ludo_Pro4-main\Ludo_Pro4-main\src\Client\Client.java,Client.Client,startClient/0,output,1
E:\OOD\main\Ludo_Pro4-main\Ludo_Pro4-main\src\Client\Client.java,Client.Client,startClient/0,input,1
E:\OOD\main\Ludo_Pro4-main\Ludo_Pro4-main\src\Client\Client.java,Client.Client,startClient/0,socket,4
E:\OOD\main\Ludo_Pro4-main\Ludo_Pro4-main\src\Client\Client.java,Client.Client,addObserver/1[Client.ObserverGame],lst2,1
E:\OOD\main\Ludo_Pro4-main\Ludo_Pro4-main\src\Client\ClientConnection.java,Client.ClientConnection,getInstance/0,instance,3
E:\OOD\main\Ludo_Pro4-main\Ludo_Pro4-main\src\Client\ClientPanel.java,Client.ClientPanel,getInstance/0,instance,3
E:\OOD\main\Ludo_Pro4-main\Ludo_Pro4-main\src\Validaciones\GetByColor.java,Validaciones.GetByColor,GetLastPieceMovedByColor/1[java.lang.String],LastYellowPieceMoved,1
E:\OOD\main\Ludo_Pro4-main\Ludo_Pro4-main\src\Validaciones\GetByColor.java,Validaciones.GetByColor,GetLastPieceMovedByColor/1[java.lang.String],LastRedPieceMoved,1
E:\OOD\main\Ludo_Pro4-main\Ludo_Pro4-main\src\Validaciones\GetByColor.java,Validaciones.GetByColor,GetLastPieceMovedByColor/1[java.lang.String],LastBluePieceMoved,1
E:\OOD\main\Ludo_Pro4-main\Ludo_Pro4-main\src\Validaciones\GetByColor.java,Validaciones.GetByColor,GetLastPieceMovedByColor/1[java.lang.String],LastGreenPieceMoved,1
E:\OOD\main\Ludo_Pro4-main\Ludo_Pro4-main\src\Validaciones\GetByColor.java,Validaciones.GetByColor,GetGetByColor/0,instance,3
E:\OOD\main\Ludo_Pro4-main\Ludo_Pro4-main\src\Validaciones\GetByColor.java,Validaciones.GetByColor,"StoreLastPieceMoved/2[java.lang.String,int]",LastYellowPieceMoved,1
E:\OOD\main\Ludo_Pro4-main\Ludo_Pro4-main\src\Validaciones\GetByColor.java,Validaciones.GetByColor,"StoreLastPieceMoved/2[java.lang.String,int]",LastRedPieceMoved,1
E:\OOD\main\Ludo_Pro4-main\Ludo_Pro4-main\src\Validaciones\GetByColor.java,Validaciones.GetByColor,"StoreLastPieceMoved/2[java.lang.String,int]",LastBluePieceMoved,1
E:\OOD\main\Ludo_Pro4-main\Ludo_Pro4-main\src\Validaciones\GetByColor.java,Validaciones.GetByColor,"StoreLastPieceMoved/2[java.lang.String,int]",LastGreenPieceMoved,1
E:\OOD\main\Ludo_Pro4-main\Ludo_Pro4-main\src\GUI\BoardFrame.java,GUI.BoardFrame,SetPanelBotones/0,buttonsPanel,2
E:\OOD\main\Ludo_Pro4-main\Ludo_Pro4-main\src\GUI\BoardFrame.java,GUI.BoardFrame,SetPanelTablero/0,boardPanel,3
E:\OOD\main\Ludo_Pro4-main\Ludo_Pro4-main\src\GUI\BoardFrame.java,GUI.BoardFrame,SetPanelTablero/0,g,1
E:\OOD\main\Ludo_Pro4-main\Ludo_Pro4-main\src\GUI\BoardFrame.java,GUI.BoardFrame,SetBoundsAndLayout/0,ancho,2
E:\OOD\main\Ludo_Pro4-main\Ludo_Pro4-main\src\GUI\BoardFrame.java,GUI.BoardFrame,SetBoundsAndLayout/0,alto,2
E:\OOD\main\Ludo_Pro4-main\Ludo_Pro4-main\src\GUI\BoardFrame.java,GUI.BoardFrame,SetDefaultSizes/0,ancho,1
E:\OOD\main\Ludo_Pro4-main\Ludo_Pro4-main\src\GUI\BoardFrame.java,GUI.BoardFrame,SetDefaultSizes/0,alto,1
E:\OOD\main\Ludo_Pro4-main\Ludo_Pro4-main\src\GUI\BoardFrame.java,GUI.BoardFrame,SetTitleAndSize/0,ancho,1
E:\OOD\main\Ludo_Pro4-main\Ludo_Pro4-main\src\GUI\BoardFrame.java,GUI.BoardFrame,SetTitleAndSize/0,alto,1
E:\OOD\main\Ludo_Pro4-main\Ludo_Pro4-main\src\GUI\PanelMouseListener.java,GUI.PanelMouseListener,mouseClicked/1[java.awt.event.MouseEvent],frameJuego,1
E:\OOD\main\Ludo_Pro4-main\Ludo_Pro4-main\src\GUI\PanelMouseListener.java,GUI.PanelMouseListener,GetMouseListener/0,instance,3
E:\OOD\main\Ludo_Pro4-main\Ludo_Pro4-main\src\GUI\PanelMouseListener.java,GUI.PanelMouseListener,PanelMouseListener/0,frameJuego,1
E:\OOD\main\Ludo_Pro4-main\Ludo_Pro4-main\src\Validaciones\Pieces.java,Validaciones.Pieces,GetBluePieces/0,blue,1
E:\OOD\main\Ludo_Pro4-main\Ludo_Pro4-main\src\Validaciones\Pieces.java,Validaciones.Pieces,SetBluePieces/1[int[][]],blue,4
E:\OOD\main\Ludo_Pro4-main\Ludo_Pro4-main\src\Validaciones\Pieces.java,Validaciones.Pieces,SetBluePieces/1[int[][]],lst,1
E:\OOD\main\Ludo_Pro4-main\Ludo_Pro4-main\src\Validaciones\Pieces.java,Validaciones.Pieces,remove/1[interfaces.ObservadorIF],lst,1
E:\OOD\main\Ludo_Pro4-main\Ludo_Pro4-main\src\Validaciones\Pieces.java,Validaciones.Pieces,GetYellowPieces/0,yellow,1
E:\OOD\main\Ludo_Pro4-main\Ludo_Pro4-main\src\Validaciones\Pieces.java,Validaciones.Pieces,GetRedPieces/0,red,1
E:\OOD\main\Ludo_Pro4-main\Ludo_Pro4-main\src\Validaciones\Pieces.java,Validaciones.Pieces,SetDictionary/0,coordinatesDictionary,2
E:\OOD\main\Ludo_Pro4-main\Ludo_Pro4-main\src\Validaciones\Pieces.java,Validaciones.Pieces,SetYellowPieces/1[int[][]],yellow,4
E:\OOD\main\Ludo_Pro4-main\Ludo_Pro4-main\src\Validaciones\Pieces.java,Validaciones.Pieces,SetYellowPieces/1[int[][]],lst,1
E:\OOD\main\Ludo_Pro4-main\Ludo_Pro4-main\src\Validaciones\Pieces.java,Validaciones.Pieces,Encode/1[int],coordinatesDictionary,2
E:\OOD\main\Ludo_Pro4-main\Ludo_Pro4-main\src\Validaciones\Pieces.java,Validaciones.Pieces,Pieces/0,coordinatesDictionary,1
E:\OOD\main\Ludo_Pro4-main\Ludo_Pro4-main\src\Validaciones\Pieces.java,Validaciones.Pieces,SetGreenPieces/1[int[][]],green,4
E:\OOD\main\Ludo_Pro4-main\Ludo_Pro4-main\src\Validaciones\Pieces.java,Validaciones.Pieces,SetGreenPieces/1[int[][]],lst,1
E:\OOD\main\Ludo_Pro4-main\Ludo_Pro4-main\src\Validaciones\Pieces.java,Validaciones.Pieces,GetPieces/0,instance,3
E:\OOD\main\Ludo_Pro4-main\Ludo_Pro4-main\src\Validaciones\Pieces.java,Validaciones.Pieces,add/1[interfaces.ObservadorIF],lst,1
E:\OOD\main\Ludo_Pro4-main\Ludo_Pro4-main\src\Validaciones\Pieces.java,Validaciones.Pieces,SetRedPieces/1[int[][]],red,4
E:\OOD\main\Ludo_Pro4-main\Ludo_Pro4-main\src\Validaciones\Pieces.java,Validaciones.Pieces,SetRedPieces/1[int[][]],lst,1
E:\OOD\main\Ludo_Pro4-main\Ludo_Pro4-main\src\Validaciones\Pieces.java,Validaciones.Pieces,GetGreenPieces/0,green,1
E:\OOD\main\Ludo_Pro4-main\Ludo_Pro4-main\src\Validaciones\Pieces.java,Validaciones.Pieces,Decode/1[int[]],coordinatesDictionary,1
E:\OOD\main\Ludo_Pro4-main\Ludo_Pro4-main\src\Validaciones\Game.java,Validaciones.Game,ReturnLastPieceMovedToStart/1[java.lang.String],getByColor,1
E:\OOD\main\Ludo_Pro4-main\Ludo_Pro4-main\src\Validaciones\Game.java,Validaciones.Game,"GetNewCoordinates/4[java.lang.String,int,int,int[][]]",pieces,11
E:\OOD\main\Ludo_Pro4-main\Ludo_Pro4-main\src\Validaciones\Game.java,Validaciones.Game,SetWaitingForPlayer/1[boolean],waitingForPlayer,1
E:\OOD\main\Ludo_Pro4-main\Ludo_Pro4-main\src\Validaciones\Game.java,Validaciones.Game,"MovePieceFromCurrentToNew/3[java.lang.String,int,int]",pieces,2
E:\OOD\main\Ludo_Pro4-main\Ludo_Pro4-main\src\Validaciones\Game.java,Validaciones.Game,"MovePieceFromCurrentToNew/3[java.lang.String,int,int]",getByColor,1
E:\OOD\main\Ludo_Pro4-main\Ludo_Pro4-main\src\Validaciones\Game.java,Validaciones.Game,WaitForPlayerMovement/1[java.lang.String],changeCurrentStateTo,2
E:\OOD\main\Ludo_Pro4-main\Ludo_Pro4-main\src\Validaciones\Game.java,Validaciones.Game,MovePiece/0,roundsPlayed,1
E:\OOD\main\Ludo_Pro4-main\Ludo_Pro4-main\src\Validaciones\Game.java,Validaciones.Game,add/1[interfaces.ObservadorIF],lst,1
E:\OOD\main\Ludo_Pro4-main\Ludo_Pro4-main\src\Validaciones\Game.java,Validaciones.Game,GetAllOtherPieces/1[java.lang.String],pieces,1
E:\OOD\main\Ludo_Pro4-main\Ludo_Pro4-main\src\Validaciones\Game.java,Validaciones.Game,IsThereAPieceInStart/1[java.lang.String],pieces,1
E:\OOD\main\Ludo_Pro4-main\Ludo_Pro4-main\src\Validaciones\Game.java,Validaciones.Game,SetCurrentState/1[int],currentState,1
E:\OOD\main\Ludo_Pro4-main\Ludo_Pro4-main\src\Validaciones\Game.java,Validaciones.Game,SetCurrentState/1[int],lst,1
E:\OOD\main\Ludo_Pro4-main\Ludo_Pro4-main\src\Validaciones\Game.java,Validaciones.Game,StartGamePieces/0,pieces,4
E:\OOD\main\Ludo_Pro4-main\Ludo_Pro4-main\src\Validaciones\Game.java,Validaciones.Game,StartGamePieces/0,getByColor,4
E:\OOD\main\Ludo_Pro4-main\Ludo_Pro4-main\src\Validaciones\Game.java,Validaciones.Game,GetPoints/0,pieces,1
E:\OOD\main\Ludo_Pro4-main\Ludo_Pro4-main\src\Validaciones\Game.java,Validaciones.Game,GetCurrentPlayer/0,currentPlayer,1
E:\OOD\main\Ludo_Pro4-main\Ludo_Pro4-main\src\Validaciones\Game.java,Validaciones.Game,IsWaitingForPlayer/0,waitingForPlayer,1
E:\OOD\main\Ludo_Pro4-main\Ludo_Pro4-main\src\Validaciones\Game.java,Validaciones.Game,"SetNewCoordinatesForPieceMovingToStart/3[int[],int[][],java.lang.String]",pieces,6
E:\OOD\main\Ludo_Pro4-main\Ludo_Pro4-main\src\Validaciones\Game.java,Validaciones.Game,Game/0,pieces,1
E:\OOD\main\Ludo_Pro4-main\Ludo_Pro4-main\src\Validaciones\Game.java,Validaciones.Game,Game/0,getByColor,1
E:\OOD\main\Ludo_Pro4-main\Ludo_Pro4-main\src\Validaciones\Game.java,Validaciones.Game,RollDado/0,random,1
E:\OOD\main\Ludo_Pro4-main\Ludo_Pro4-main\src\Validaciones\Game.java,Validaciones.Game,RollDado/0,changeCurrentStateTo,1
E:\OOD\main\Ludo_Pro4-main\Ludo_Pro4-main\src\Validaciones\Game.java,Validaciones.Game,CanMove/1[java.lang.String],valueNeededToLeaveStartPlace,1
E:\OOD\main\Ludo_Pro4-main\Ludo_Pro4-main\src\Validaciones\Game.java,Validaciones.Game,remove/1[interfaces.ObservadorIF],lst,1
E:\OOD\main\Ludo_Pro4-main\Ludo_Pro4-main\src\Validaciones\Game.java,Validaciones.Game,SetDadoValue/1[int],dadoValue,1
E:\OOD\main\Ludo_Pro4-main\Ludo_Pro4-main\src\Validaciones\Game.java,Validaciones.Game,SetDadoValue/1[int],lst,1
E:\OOD\main\Ludo_Pro4-main\Ludo_Pro4-main\src\Validaciones\Game.java,Validaciones.Game,AllPiecesAreEnded/1[java.lang.String],pieces,1
E:\OOD\main\Ludo_Pro4-main\Ludo_Pro4-main\src\Validaciones\Game.java,Validaciones.Game,NextPlayer/0,changeCurrentStateTo,1
E:\OOD\main\Ludo_Pro4-main\Ludo_Pro4-main\src\Validaciones\Game.java,Validaciones.Game,NextPlayer/0,roundsPlayed,3
E:\OOD\main\Ludo_Pro4-main\Ludo_Pro4-main\src\Validaciones\Game.java,Validaciones.Game,GetDadoValue/0,dadoValue,1
E:\OOD\main\Ludo_Pro4-main\Ludo_Pro4-main\src\Validaciones\Game.java,Validaciones.Game,MovePieceFromStartPlaceToStartHouse/1[java.lang.String],getByColor,1
E:\OOD\main\Ludo_Pro4-main\Ludo_Pro4-main\src\Validaciones\Game.java,Validaciones.Game,"AlreadyTwoPiecesOfPlayerInDestinationHouse/2[java.lang.String,int]",pieces,1
E:\OOD\main\Ludo_Pro4-main\Ludo_Pro4-main\src\Validaciones\Game.java,Validaciones.Game,"GetCoordinatesOfFirstStartPlaceWithoutAPiece/2[java.lang.String,int[][]]",pieces,3
E:\OOD\main\Ludo_Pro4-main\Ludo_Pro4-main\src\Validaciones\Game.java,Validaciones.Game,"GetCoordinatesOfFirstStartPlaceWithoutAPiece/2[java.lang.String,int[][]]",getByColor,1
E:\OOD\main\Ludo_Pro4-main\Ludo_Pro4-main\src\Validaciones\Game.java,Validaciones.Game,GetJuego/0,instance,3
E:\OOD\main\Ludo_Pro4-main\Ludo_Pro4-main\src\Validaciones\Game.java,Validaciones.Game,CanMoveAutomatically/1[java.lang.String],valueNeededToLeaveStartPlace,1
E:\OOD\main\Ludo_Pro4-main\Ludo_Pro4-main\src\Validaciones\Game.java,Validaciones.Game,IsThereAPieceOnNormalHousesNotBlocked/1[java.lang.String],pieces,1
E:\OOD\main\Ludo_Pro4-main\Ludo_Pro4-main\src\Validaciones\Game.java,Validaciones.Game,AreAllPiecesInStart/1[java.lang.String],pieces,1
E:\OOD\main\Ludo_Pro4-main\Ludo_Pro4-main\src\Validaciones\Game.java,Validaciones.Game,"IsInStart/2[int[],java.lang.String]",getByColor,1
E:\OOD\main\Ludo_Pro4-main\Ludo_Pro4-main\src\Validaciones\Game.java,Validaciones.Game,"EntersFinalRoute/2[int,java.lang.String]",getByColor,1
E:\OOD\main\Ludo_Pro4-main\Ludo_Pro4-main\src\Validaciones\Game.java,Validaciones.Game,"IsInEnd/2[int[],java.lang.String]",getByColor,1
E:\OOD\main\Ludo_Pro4-main\Ludo_Pro4-main\src\Validaciones\Game.java,Validaciones.Game,"GetWalkedDistance/2[java.lang.String,int]",getByColor,2
E:\OOD\main\Ludo_Pro4-main\Ludo_Pro4-main\src\Validaciones\Game.java,Validaciones.Game,"SetNewCoordinatesForPieceInEnd/3[int[],int[][],java.lang.String]",pieces,5
E:\OOD\main\Ludo_Pro4-main\Ludo_Pro4-main\src\Validaciones\Game.java,Validaciones.Game,"SetNewCoordinatesForPieceInEnd/3[int[],int[][],java.lang.String]",getByColor,1
E:\OOD\main\Ludo_Pro4-main\Ludo_Pro4-main\src\Validaciones\Game.java,Validaciones.Game,"SetNewCoordinates/3[int[],int[],int[][]]",pieces,5
E:\OOD\main\Ludo_Pro4-main\Ludo_Pro4-main\src\Validaciones\Game.java,Validaciones.Game,"CapturePieceIfThereIsAPieceFromAnotherColorInHouse/2[java.lang.String,int]",pieces,1
E:\OOD\main\Ludo_Pro4-main\Ludo_Pro4-main\src\Validaciones\Game.java,Validaciones.Game,AreThereTwoPiecesInStartHouse/1[java.lang.String],getByColor,1
E:\OOD\main\Ludo_Pro4-main\Ludo_Pro4-main\src\Validaciones\Game.java,Validaciones.Game,IsThereAPieceInFinalRouteThatCanMove/1[java.lang.String],pieces,1
E:\OOD\main\Ludo_Pro4-main\Ludo_Pro4-main\src\Validaciones\Game.java,Validaciones.Game,IsThereAPieceInFinalRouteThatCanMove/1[java.lang.String],getByColor,1
E:\OOD\main\Ludo_Pro4-main\Ludo_Pro4-main\src\Validaciones\Game.java,Validaciones.Game,GetAllPieces/0,pieces,6
E:\OOD\main\Ludo_Pro4-main\Ludo_Pro4-main\src\Validaciones\Game.java,Validaciones.Game,SetCurrentPlayer/1[int],currentPlayer,1
E:\OOD\main\Ludo_Pro4-main\Ludo_Pro4-main\src\Validaciones\Game.java,Validaciones.Game,SetCurrentPlayer/1[int],lst,1
E:\OOD\main\Ludo_Pro4-main\Ludo_Pro4-main\src\Validaciones\Game.java,Validaciones.Game,TryMoving/1[int[]],pieces,1
E:\OOD\main\Ludo_Pro4-main\Ludo_Pro4-main\src\Validaciones\Game.java,Validaciones.Game,TryMoving/1[int[]],changeCurrentStateTo,2
E:\OOD\main\Ludo_Pro4-main\Ludo_Pro4-main\src\Validaciones\Game.java,Validaciones.Game,TryMoving/1[int[]],valueNeededToLeaveStartPlace,1
E:\OOD\main\Ludo_Pro4-main\Ludo_Pro4-main\src\Validaciones\Game.java,Validaciones.Game,TryMoving/1[int[]],getByColor,4
E:\OOD\main\Ludo_Pro4-main\Ludo_Pro4-main\src\Validaciones\Game.java,Validaciones.Game,"SetNewCoordinatesForPieceInStart/3[int[],int[][],java.lang.String]",pieces,5
E:\OOD\main\Ludo_Pro4-main\Ludo_Pro4-main\src\Validaciones\Game.java,Validaciones.Game,GetCurrentState/0,currentState,1
E:\OOD\main\Ludo_Pro4-main\Ludo_Pro4-main\src\Validaciones\Game.java,Validaciones.Game,AnyPieceEntersFinalRouteAndCanMove/1[java.lang.String],pieces,1
E:\OOD\main\Ludo_Pro4-main\Ludo_Pro4-main\src\Validaciones\Game.java,Validaciones.Game,AnyPieceEntersFinalRouteAndCanMove/1[java.lang.String],getByColor,1
E:\OOD\main\Ludo_Pro4-main\Ludo_Pro4-main\src\Validaciones\Game.java,Validaciones.Game,MouseClicked/1[java.awt.event.MouseEvent],changeCurrentStateTo,1
E:\OOD\main\Ludo_Pro4-main\Ludo_Pro4-main\src\Validaciones\Game.java,Validaciones.Game,PieceSelected/1[java.awt.event.MouseEvent],pieces,1
E:\OOD\main\Ludo_Pro4-main\Ludo_Pro4-main\src\GUI\BoardPanel.java,GUI.BoardPanel,DrawCircles/1[java.awt.Graphics2D],p,4
E:\OOD\main\Ludo_Pro4-main\Ludo_Pro4-main\src\GUI\BoardPanel.java,GUI.BoardPanel,DrawLargeRectangles/1[java.awt.Graphics2D],p,3
E:\OOD\main\Ludo_Pro4-main\Ludo_Pro4-main\src\GUI\BoardPanel.java,GUI.BoardPanel,DrawArrivalPlace/1[java.awt.Graphics2D],p,6
E:\OOD\main\Ludo_Pro4-main\Ludo_Pro4-main\src\GUI\BoardPanel.java,GUI.BoardPanel,"DrawSmallRectaglesWithArrowsAndBlackOnes/2[java.awt.Graphics2D,int]",p,14
E:\OOD\main\Ludo_Pro4-main\Ludo_Pro4-main\src\GUI\BoardPanel.java,GUI.BoardPanel,GetBoardPanel/0,instance,3
E:\OOD\main\Ludo_Pro4-main\Ludo_Pro4-main\src\GUI\BoardPanel.java,GUI.BoardPanel,"DrawPiece/4[java.awt.Graphics2D,int,int[][],int]",pieces,6
E:\OOD\main\Ludo_Pro4-main\Ludo_Pro4-main\src\GUI\BoardPanel.java,GUI.BoardPanel,"DrawPiece/4[java.awt.Graphics2D,int,int[][],int]",p,12
E:\OOD\main\Ludo_Pro4-main\Ludo_Pro4-main\src\GUI\BoardPanel.java,GUI.BoardPanel,DrawPlayersGamePieces/1[java.awt.Graphics2D],pieces,4
E:\OOD\main\Ludo_Pro4-main\Ludo_Pro4-main\src\GUI\BoardPanel.java,GUI.BoardPanel,notify/1[interfaces.ObservadoIF],pieces,1
E:\OOD\main\Ludo_Pro4-main\Ludo_Pro4-main\src\GUI\BoardPanel.java,GUI.BoardPanel,DrawAllLines/1[java.awt.Graphics2D],p,4
E:\OOD\main\Ludo_Pro4-main\Ludo_Pro4-main\src\GUI\BoardPanel.java,GUI.BoardPanel,"DrawArrow/4[java.awt.Graphics2D,int,int,int]",p,13
E:\OOD\main\Ludo_Pro4-main\Ludo_Pro4-main\src\GUI\BoardPanel.java,GUI.BoardPanel,BoardPanel/0,p,3
E:\OOD\main\Ludo_Pro4-main\Ludo_Pro4-main\src\GUI\BoardPanel.java,GUI.BoardPanel,BoardPanel/0,ancho,1
E:\OOD\main\Ludo_Pro4-main\Ludo_Pro4-main\src\GUI\BoardPanel.java,GUI.BoardPanel,BoardPanel/0,alto,1
E:\OOD\main\Ludo_Pro4-main\Ludo_Pro4-main\src\GUI\BoardPanel.java,GUI.BoardPanel,SetProperties/0,ancho,1
E:\OOD\main\Ludo_Pro4-main\Ludo_Pro4-main\src\GUI\BoardPanel.java,GUI.BoardPanel,SetProperties/0,alto,1
E:\OOD\main\Ludo_Pro4-main\Ludo_Pro4-main\src\GUI\BoardPanel.java,GUI.BoardPanel,"DrawSmallRectanglesFirstFive/2[java.awt.Graphics2D,int]",p,10
E:\OOD\main\Ludo_Pro4-main\Ludo_Pro4-main\src\Server\Player.java,Server.Player,getSocket/0,socket,1
E:\OOD\main\Ludo_Pro4-main\Ludo_Pro4-main\src\Server\Player.java,Server.Player,"Player/2[java.lang.String,java.net.Socket]",nickname,3
E:\OOD\main\Ludo_Pro4-main\Ludo_Pro4-main\src\Server\Player.java,Server.Player,"Player/2[java.lang.String,java.net.Socket]",socket,3
E:\OOD\main\Ludo_Pro4-main\Ludo_Pro4-main\src\Server\Player.java,Server.Player,getNickname/0,nickname,1
E:\OOD\main\Ludo_Pro4-main\Ludo_Pro4-main\src\Server\Lobby.java,Server.Lobby,getNumberOfPlayers/0,numberOfPlayers,1
E:\OOD\main\Ludo_Pro4-main\Ludo_Pro4-main\src\Server\Lobby.java,Server.Lobby,startGame/0,numberOfPlayers,1
E:\OOD\main\Ludo_Pro4-main\Ludo_Pro4-main\src\Server\Lobby.java,Server.Lobby,startGame/0,players,1
E:\OOD\main\Ludo_Pro4-main\Ludo_Pro4-main\src\Server\Lobby.java,Server.Lobby,startGame/0,logger,1
E:\OOD\main\Ludo_Pro4-main\Ludo_Pro4-main\src\Server\Lobby.java,Server.Lobby,startGame/0,turn,2
E:\OOD\main\Ludo_Pro4-main\Ludo_Pro4-main\src\Server\Lobby.java,Server.Lobby,"addPlayer/2[java.lang.String,java.net.Socket]",numberOfPlayers,5
E:\OOD\main\Ludo_Pro4-main\Ludo_Pro4-main\src\Server\Lobby.java,Server.Lobby,"addPlayer/2[java.lang.String,java.net.Socket]",players,2
E:\OOD\main\Ludo_Pro4-main\Ludo_Pro4-main\src\Server\Lobby.java,Server.Lobby,"addPlayer/2[java.lang.String,java.net.Socket]",isFull,1
E:\OOD\main\Ludo_Pro4-main\Ludo_Pro4-main\src\Server\Lobby.java,Server.Lobby,getIsFull/0,isFull,1
E:\OOD\main\Ludo_Pro4-main\Ludo_Pro4-main\src\Server\Lobby.java,Server.Lobby,"sendToAllPlayers/2[java.lang.String,java.lang.String]",numberOfPlayers,1
E:\OOD\main\Ludo_Pro4-main\Ludo_Pro4-main\src\Server\Lobby.java,Server.Lobby,"sendToAllPlayers/2[java.lang.String,java.lang.String]",players,2
E:\OOD\main\Ludo_Pro4-main\Ludo_Pro4-main\src\Server\Lobby.java,Server.Lobby,"sendToAllPlayers/2[java.lang.String,java.lang.String]",logger,1
E:\OOD\main\Ludo_Pro4-main\Ludo_Pro4-main\src\Server\Lobby.java,Server.Lobby,"sendToAllPlayers/2[java.lang.String,java.lang.String]",turn,4
E:\OOD\main\Ludo_Pro4-main\Ludo_Pro4-main\src\Server\Lobby.java,Server.Lobby,Lobby/0,numberOfPlayers,1
E:\OOD\main\Ludo_Pro4-main\Ludo_Pro4-main\src\Server\Lobby.java,Server.Lobby,Lobby/0,players,1
E:\OOD\main\Ludo_Pro4-main\Ludo_Pro4-main\src\Server\Lobby.java,Server.Lobby,Lobby/0,isFull,1
E:\OOD\main\Ludo_Pro4-main\Ludo_Pro4-main\src\Client\ClientFrame.java,Client.ClientFrame,actionPerformed/1[java.awt.event.ActionEvent],t1,1
E:\OOD\main\Ludo_Pro4-main\Ludo_Pro4-main\src\Client\ClientFrame.java,Client.ClientFrame,actionPerformed/1[java.awt.event.ActionEvent],b1,2
E:\OOD\main\Ludo_Pro4-main\Ludo_Pro4-main\src\Client\ClientFrame.java,Client.ClientFrame,actionPerformed/1[java.awt.event.ActionEvent],currentNickname,2
E:\OOD\main\Ludo_Pro4-main\Ludo_Pro4-main\src\Client\ClientFrame.java,Client.ClientFrame,receivedNicknameAvaiable/0,l1,2
E:\OOD\main\Ludo_Pro4-main\Ludo_Pro4-main\src\Client\ClientFrame.java,Client.ClientFrame,receivedNicknameAvaiable/0,t1,1
E:\OOD\main\Ludo_Pro4-main\Ludo_Pro4-main\src\Client\ClientFrame.java,Client.ClientFrame,receivedNicknameAvaiable/0,currentNickname,1
E:\OOD\main\Ludo_Pro4-main\Ludo_Pro4-main\src\Client\ClientFrame.java,Client.ClientFrame,ClientFrame/1[java.lang.String],l1,3
E:\OOD\main\Ludo_Pro4-main\Ludo_Pro4-main\src\Client\ClientFrame.java,Client.ClientFrame,ClientFrame/1[java.lang.String],screen,5
E:\OOD\main\Ludo_Pro4-main\Ludo_Pro4-main\src\Client\ClientFrame.java,Client.ClientFrame,ClientFrame/1[java.lang.String],t1,4
E:\OOD\main\Ludo_Pro4-main\Ludo_Pro4-main\src\Client\ClientFrame.java,Client.ClientFrame,ClientFrame/1[java.lang.String],b1,4
E:\OOD\main\Ludo_Pro4-main\Ludo_Pro4-main\src\Client\ClientFrame.java,Client.ClientFrame,getInstance/0,instance,3
E:\OOD\main\Ludo_Pro4-main\Ludo_Pro4-main\src\Client\ClientFrame.java,Client.ClientFrame,receivedNicknameUnavaiable/0,b1,1
