file,class,method,constructor,line,cbo,cboModified,fanin,fanout,wmc,rfc,loc,returnsQty,variablesQty,parametersQty,methodsInvokedQty,methodsInvokedLocalQty,methodsInvokedIndirectLocalQty,loopQty,comparisonsQty,tryCatchQty,parenthesizedExpsQty,stringLiteralsQty,numbersQty,assignmentsQty,mathOperationsQty,maxNestedBlocksQty,anonymousClassesQty,innerClassesQty,lambdasQty,uniqueWordsQty,modifiers,logStatementsQty,hasJavaDoc
E:\OOD\main\Ludo_Pro4-main\Ludo_Pro4-main\src\GUI\ButtonsPanel.java,GUI.ButtonsPanel,RefreshDado/1[int],false,195,1,2,1,1,4,7,12,0,0,1,7,1,1,0,0,1,0,0,3,0,0,2,0,0,0,28,2,0,true
E:\OOD\main\Ludo_Pro4-main\Ludo_Pro4-main\src\GUI\ButtonsPanel.java,GUI.ButtonsPanel,SetButtons/0,false,82,0,1,1,0,2,4,13,0,1,0,4,0,0,1,0,0,0,0,9,2,11,1,0,0,0,17,2,0,true
E:\OOD\main\Ludo_Pro4-main\Ludo_Pro4-main\src\GUI\ButtonsPanel.java,GUI.ButtonsPanel,SetLabels/0,false,100,0,1,1,0,1,6,13,0,1,0,6,0,0,0,0,0,0,3,10,1,9,0,0,0,0,25,2,0,true
E:\OOD\main\Ludo_Pro4-main\Ludo_Pro4-main\src\GUI\ButtonsPanel.java,GUI.ButtonsPanel,SetCurrentPlayerLabel/0,false,126,0,1,1,0,1,5,8,0,0,0,5,0,0,0,0,0,0,1,5,1,5,0,0,0,0,19,2,0,true
E:\OOD\main\Ludo_Pro4-main\Ludo_Pro4-main\src\GUI\ButtonsPanel.java,GUI.ButtonsPanel,SetDado/0,false,118,0,1,1,0,1,2,4,0,0,0,2,0,0,0,0,0,0,0,3,0,4,0,0,0,0,10,2,0,true
E:\OOD\main\Ludo_Pro4-main\Ludo_Pro4-main\src\GUI\ButtonsPanel.java,GUI.ButtonsPanel,notify/1[interfaces.ObservadoIF],false,211,2,2,0,2,1,7,14,0,5,1,7,1,2,0,0,0,0,0,5,5,0,0,0,0,0,19,1,0,false
E:\OOD\main\Ludo_Pro4-main\Ludo_Pro4-main\src\GUI\ButtonsPanel.java,GUI.ButtonsPanel,ButtonsPanel/0,true,46,2,9,1,8,1,8,11,0,0,0,8,6,1,0,0,0,0,0,0,2,0,0,0,0,0,13,2,0,false
E:\OOD\main\Ludo_Pro4-main\Ludo_Pro4-main\src\GUI\ButtonsPanel.java,GUI.ButtonsPanel,StartListeners/0,false,138,0,2,1,1,1,1,31,0,0,0,1,0,0,0,0,0,0,0,0,0,0,0,3,0,0,18,2,0,true
E:\OOD\main\Ludo_Pro4-main\Ludo_Pro4-main\src\GUI\ButtonsPanel.java,GUI.ButtonsPanel,GetButtonsPanel/0,false,39,1,2,1,1,2,0,4,1,0,0,0,0,0,0,1,0,0,0,0,1,0,1,0,0,0,19,9,0,true
E:\OOD\main\Ludo_Pro4-main\Ludo_Pro4-main\src\GUI\ButtonsPanel.java,GUI.ButtonsPanel,GetDadoImageByNumber/1[int],false,65,0,1,1,0,8,2,19,8,0,1,2,0,0,0,0,0,0,7,7,0,0,1,0,0,0,25,2,0,true
E:\OOD\main\Ludo_Pro4-main\Ludo_Pro4-main\src\GUI\ButtonsPanel.java,GUI.ButtonsPanel,SetConfigurations/0,false,182,0,1,1,0,1,5,7,0,0,0,5,0,0,0,0,0,0,0,4,0,3,0,0,0,0,15,2,0,true
E:\OOD\main\Ludo_Pro4-main\Ludo_Pro4-main\src\Server\Server.java,Server.Server,getInstance/0,false,21,1,2,1,1,2,0,6,1,0,0,0,0,0,0,1,0,0,0,0,1,0,1,0,0,0,20,9,0,true
E:\OOD\main\Ludo_Pro4-main\Ludo_Pro4-main\src\Server\Server.java,Server.Server,threadAcceptClients/1[java.net.ServerSocket],false,54,0,2,1,1,1,1,19,0,1,1,1,0,0,0,0,0,0,0,0,1,0,0,1,0,0,44,2,0,true
E:\OOD\main\Ludo_Pro4-main\Ludo_Pro4-main\src\Server\Server.java,Server.Server,runServer/0,false,32,2,3,1,2,2,3,14,1,1,0,3,1,1,0,0,1,0,2,1,2,0,1,0,0,0,33,1,0,true
E:\OOD\main\Ludo_Pro4-main\Ludo_Pro4-main\src\Server\Server.java,Server.Server,threadListenNewClient/1[java.net.Socket],false,88,0,2,1,1,1,1,47,0,1,1,1,0,0,0,0,0,0,0,0,1,0,0,1,0,0,48,2,0,true
E:\OOD\main\Ludo_Pro4-main\Ludo_Pro4-main\src\Validaciones\GameFrame.java,Validaciones.GameFrame,SetLancarDadoEnabled/1[boolean],false,55,1,4,3,1,2,4,5,0,1,1,4,0,0,1,0,0,0,0,0,2,0,1,0,0,0,31,1,0,true
E:\OOD\main\Ludo_Pro4-main\Ludo_Pro4-main\src\Validaciones\GameFrame.java,Validaciones.GameFrame,GetDadoValue/0,false,78,1,1,0,1,1,1,3,1,0,0,1,0,0,0,0,0,0,0,0,0,0,0,0,0,0,3,1,0,false
E:\OOD\main\Ludo_Pro4-main\Ludo_Pro4-main\src\Validaciones\GameFrame.java,Validaciones.GameFrame,GetCurrentPlayerText/0,false,105,1,3,2,1,5,1,13,5,0,0,1,0,0,0,0,0,0,4,4,0,0,1,0,0,0,19,1,0,true
E:\OOD\main\Ludo_Pro4-main\Ludo_Pro4-main\src\Validaciones\GameFrame.java,Validaciones.GameFrame,GetGamef/0,false,25,1,6,5,1,2,0,4,1,0,0,0,0,0,0,1,0,0,0,0,1,0,1,0,0,0,18,9,0,true
E:\OOD\main\Ludo_Pro4-main\Ludo_Pro4-main\src\Validaciones\GameFrame.java,Validaciones.GameFrame,add/1[interfaces.ObservadorIF],false,134,1,2,2,0,1,1,3,0,0,1,1,0,0,0,0,0,0,0,0,0,0,0,0,0,0,5,1,0,false
E:\OOD\main\Ludo_Pro4-main\Ludo_Pro4-main\src\Validaciones\GameFrame.java,Validaciones.GameFrame,GetCurrentStateText/0,false,119,1,2,1,1,8,1,19,8,0,0,1,0,0,0,0,0,0,7,7,0,0,1,0,0,0,32,1,0,true
E:\OOD\main\Ludo_Pro4-main\Ludo_Pro4-main\src\Validaciones\GameFrame.java,Validaciones.GameFrame,notify/1[interfaces.ObservadoIF],false,174,2,1,0,1,2,4,4,0,1,1,4,0,0,1,0,0,0,0,0,1,0,1,0,0,0,6,1,0,false
E:\OOD\main\Ludo_Pro4-main\Ludo_Pro4-main\src\Validaciones\GameFrame.java,Validaciones.GameFrame,remove/1[interfaces.ObservadorIF],false,139,1,0,0,0,1,1,3,0,0,1,1,0,0,0,0,0,0,0,0,0,0,0,0,0,0,5,1,0,false
E:\OOD\main\Ludo_Pro4-main\Ludo_Pro4-main\src\Validaciones\GameFrame.java,Validaciones.GameFrame,get/1[int],false,146,4,5,0,5,7,5,9,7,0,1,5,3,1,0,6,0,0,0,7,0,0,1,0,0,0,12,1,0,false
E:\OOD\main\Ludo_Pro4-main\Ludo_Pro4-main\src\Validaciones\GameFrame.java,Validaciones.GameFrame,EndGame/0,false,165,2,3,1,2,1,4,4,0,0,0,4,1,1,0,0,0,0,2,1,0,1,0,0,0,0,19,0,0,true
E:\OOD\main\Ludo_Pro4-main\Ludo_Pro4-main\src\Validaciones\GameFrame.java,Validaciones.GameFrame,StartGame/0,false,65,2,3,1,2,1,2,4,0,0,0,2,1,1,0,0,0,0,0,0,0,0,0,0,0,0,16,1,0,true
E:\OOD\main\Ludo_Pro4-main\Ludo_Pro4-main\src\Validaciones\GameFrame.java,Validaciones.GameFrame,GetCurrentPlayerForeground/0,false,91,1,2,1,1,5,1,13,5,0,0,1,0,0,0,0,0,0,0,16,0,0,1,0,0,0,15,1,0,true
E:\OOD\main\Ludo_Pro4-main\Ludo_Pro4-main\src\Validaciones\GameFrame.java,Validaciones.GameFrame,MovePiece/0,false,74,1,2,1,1,1,1,3,0,0,0,1,0,0,0,0,0,0,0,0,0,0,0,0,0,0,2,1,0,false
E:\OOD\main\Ludo_Pro4-main\Ludo_Pro4-main\src\Validaciones\GameFrame.java,Validaciones.GameFrame,RollDado/0,false,70,1,2,1,1,1,1,3,0,0,0,1,0,0,0,0,0,0,0,0,0,0,0,0,0,0,2,1,0,false
E:\OOD\main\Ludo_Pro4-main\Ludo_Pro4-main\src\Validaciones\GameFrame.java,Validaciones.GameFrame,GameFrame/0,true,32,2,5,1,4,1,4,6,0,0,0,4,0,0,0,0,0,0,0,0,2,0,0,0,0,0,4,0,0,false
E:\OOD\main\Ludo_Pro4-main\Ludo_Pro4-main\src\Validaciones\GameFrame.java,Validaciones.GameFrame,StartNewRound/0,false,44,2,3,1,2,1,2,4,0,0,0,2,1,1,0,0,0,0,0,0,0,0,0,0,0,0,23,1,0,true
E:\OOD\main\Ludo_Pro4-main\Ludo_Pro4-main\src\Validaciones\GameFrame.java,Validaciones.GameFrame,MouseClicked/1[java.awt.event.MouseEvent],false,82,1,2,1,1,1,1,3,0,0,1,1,0,0,0,0,0,0,0,0,0,0,0,0,0,0,4,1,0,false
E:\OOD\main\Ludo_Pro4-main\Ludo_Pro4-main\src\Client\main.java,Client.main,main/1[java.lang.String[]],false,9,2,3,0,3,1,5,7,0,2,1,5,0,0,0,0,0,0,0,2,2,0,0,0,0,0,20,9,0,true
E:\OOD\main\Ludo_Pro4-main\Ludo_Pro4-main\src\Client\Client.java,Client.Client,sendMessage/1[java.lang.String],false,141,0,1,1,0,2,2,10,1,0,1,2,0,0,0,0,1,0,1,0,1,0,1,0,0,0,37,1,0,true
E:\OOD\main\Ludo_Pro4-main\Ludo_Pro4-main\src\Client\Client.java,Client.Client,addObserver/1[Client.ObserverLobby],false,170,1,1,1,0,1,1,3,0,0,1,1,0,0,0,0,0,0,0,0,0,0,0,0,0,0,4,1,0,false
E:\OOD\main\Ludo_Pro4-main\Ludo_Pro4-main\src\Client\Client.java,Client.Client,closeClient/0,false,156,0,0,0,0,2,4,11,0,0,0,4,0,0,0,0,1,0,2,0,0,0,1,0,0,0,24,1,0,true
E:\OOD\main\Ludo_Pro4-main\Ludo_Pro4-main\src\Client\Client.java,Client.Client,notifyObserver/1[Client.ObserverLobby],false,179,1,0,0,0,1,0,2,0,0,1,0,0,0,0,0,0,0,0,0,0,0,0,0,0,0,4,1,0,false
E:\OOD\main\Ludo_Pro4-main\Ludo_Pro4-main\src\Client\Client.java,Client.Client,getInstance/0,false,30,1,5,4,1,2,0,6,1,0,0,0,0,0,0,1,0,0,0,0,1,0,1,0,0,0,19,9,0,true
E:\OOD\main\Ludo_Pro4-main\Ludo_Pro4-main\src\Client\Client.java,Client.Client,threadMessages/1[java.net.Socket],false,68,0,2,1,1,2,4,58,1,2,1,4,0,0,0,0,1,0,1,0,2,0,1,1,0,0,39,10,0,true
E:\OOD\main\Ludo_Pro4-main\Ludo_Pro4-main\src\Client\Client.java,Client.Client,notifyObserver/1[Client.ObserverGame],false,192,1,0,0,0,1,0,2,0,0,1,0,0,0,0,0,0,0,0,0,0,0,0,0,0,0,4,1,0,false
E:\OOD\main\Ludo_Pro4-main\Ludo_Pro4-main\src\Client\Client.java,Client.Client,removeObserver/1[Client.ObserverGame],false,189,1,0,0,0,1,0,2,0,0,1,0,0,0,0,0,0,0,0,0,0,0,0,0,0,0,4,1,0,false
E:\OOD\main\Ludo_Pro4-main\Ludo_Pro4-main\src\Client\Client.java,Client.Client,removeObserver/1[Client.ObserverLobby],false,176,1,0,0,0,1,0,2,0,0,1,0,0,0,0,0,0,0,0,0,0,0,0,0,0,0,4,1,0,false
E:\OOD\main\Ludo_Pro4-main\Ludo_Pro4-main\src\Client\Client.java,Client.Client,startClient/0,false,41,1,2,1,1,4,4,20,2,0,0,4,1,1,0,0,2,0,3,1,3,0,2,0,0,0,39,1,0,true
E:\OOD\main\Ludo_Pro4-main\Ludo_Pro4-main\src\Client\Client.java,Client.Client,addObserver/1[Client.ObserverGame],false,183,1,1,1,0,1,1,3,0,0,1,1,0,0,0,0,0,0,0,0,0,0,0,0,0,0,4,1,0,false
E:\OOD\main\Ludo_Pro4-main\Ludo_Pro4-main\src\Client\ObserverLobby.java,Client.ObserverLobby,receivedNicknameUnavaiable/0,false,7,0,1,1,0,1,0,1,0,0,0,0,0,0,0,0,0,0,0,0,0,0,0,0,0,0,3,1,0,false
E:\OOD\main\Ludo_Pro4-main\Ludo_Pro4-main\src\Client\ObserverLobby.java,Client.ObserverLobby,receivedNicknameAvaiable/0,false,5,0,1,1,0,1,0,1,0,0,0,0,0,0,0,0,0,0,0,0,0,0,0,0,0,0,3,1,0,false
E:\OOD\main\Ludo_Pro4-main\Ludo_Pro4-main\src\Client\ObserverLobby.java,Client.ObserverLobby,receivedGameStart/0,false,9,0,1,1,0,1,0,1,0,0,0,0,0,0,0,0,0,0,0,0,0,0,0,0,0,0,3,1,0,false
E:\OOD\main\Ludo_Pro4-main\Ludo_Pro4-main\src\Client\ClientConnection.java,Client.ClientConnection,getInstance/0,false,19,1,2,1,1,2,0,6,1,0,0,0,0,0,0,1,0,0,0,0,1,0,1,0,0,0,19,9,0,true
E:\OOD\main\Ludo_Pro4-main\Ludo_Pro4-main\src\Client\ClientConnection.java,Client.ClientConnection,ClientConnection/0,true,9,1,2,1,1,1,0,3,0,0,0,0,0,0,0,0,0,0,0,0,0,0,0,0,0,0,4,1,0,false
E:\OOD\main\Ludo_Pro4-main\Ludo_Pro4-main\src\Client\ObservableGame.java,Client.ObservableGame,notifyObserver/1[Client.ObserverGame],false,7,1,0,0,0,1,0,1,0,0,1,0,0,0,0,0,0,0,0,0,0,0,0,0,0,0,4,1,0,false
E:\OOD\main\Ludo_Pro4-main\Ludo_Pro4-main\src\Client\ObservableGame.java,Client.ObservableGame,removeObserver/1[Client.ObserverGame],false,6,1,0,0,0,1,0,1,0,0,1,0,0,0,0,0,0,0,0,0,0,0,0,0,0,0,4,1,0,false
E:\OOD\main\Ludo_Pro4-main\Ludo_Pro4-main\src\Client\ObservableGame.java,Client.ObservableGame,addObserver/1[Client.ObserverGame],false,5,1,0,0,0,1,0,1,0,0,1,0,0,0,0,0,0,0,0,0,0,0,0,0,0,0,4,1,0,false
E:\OOD\main\Ludo_Pro4-main\Ludo_Pro4-main\src\Server\MainServer.java,Server.MainServer,main/1[java.lang.String[]],false,8,1,2,0,2,1,2,5,1,1,1,2,0,0,0,0,0,0,0,0,1,0,0,0,0,0,14,9,0,true
E:\OOD\main\Ludo_Pro4-main\Ludo_Pro4-main\src\Client\ObservableLobby.java,Client.ObservableLobby,notifyObserver/1[Client.ObserverLobby],false,6,1,0,0,0,1,0,1,0,0,1,0,0,0,0,0,0,0,0,0,0,0,0,0,0,0,4,1,0,false
E:\OOD\main\Ludo_Pro4-main\Ludo_Pro4-main\src\Client\ObservableLobby.java,Client.ObservableLobby,addObserver/1[Client.ObserverLobby],false,4,1,0,0,0,1,0,1,0,0,1,0,0,0,0,0,0,0,0,0,0,0,0,0,0,0,4,1,0,false
E:\OOD\main\Ludo_Pro4-main\Ludo_Pro4-main\src\Client\ObservableLobby.java,Client.ObservableLobby,removeObserver/1[Client.ObserverLobby],false,5,1,0,0,0,1,0,1,0,0,1,0,0,0,0,0,0,0,0,0,0,0,0,0,0,0,4,1,0,false
E:\OOD\main\Ludo_Pro4-main\Ludo_Pro4-main\src\Client\ClientPanel.java,Client.ClientPanel,ClientPanel/0,true,8,0,1,1,0,1,0,2,0,0,0,0,0,0,0,0,0,0,0,0,0,0,0,0,0,0,2,1,0,false
E:\OOD\main\Ludo_Pro4-main\Ludo_Pro4-main\src\Client\ClientPanel.java,Client.ClientPanel,getInstance/0,false,17,1,1,0,1,2,0,6,1,0,0,0,0,0,0,1,0,0,0,0,1,0,1,0,0,0,20,9,0,true
E:\OOD\main\Ludo_Pro4-main\Ludo_Pro4-main\src\Validaciones\GetByColor.java,Validaciones.GetByColor,GetLastPieceMovedByColor/1[java.lang.String],false,194,0,1,1,0,5,0,13,5,0,1,0,0,0,0,0,0,0,4,1,0,0,1,0,0,0,27,0,0,true
E:\OOD\main\Ludo_Pro4-main\Ludo_Pro4-main\src\Validaciones\GetByColor.java,Validaciones.GetByColor,GetGetByColor/0,false,70,1,2,1,1,2,0,4,1,0,0,0,0,0,0,1,0,0,0,0,1,0,1,0,0,0,17,9,0,true
E:\OOD\main\Ludo_Pro4-main\Ludo_Pro4-main\src\Validaciones\GetByColor.java,Validaciones.GetByColor,getEndGreen/0,false,50,1,1,1,0,1,0,3,1,0,0,0,0,0,0,0,0,0,0,2,0,0,0,0,0,0,15,2,0,true
E:\OOD\main\Ludo_Pro4-main\Ludo_Pro4-main\src\Validaciones\GetByColor.java,Validaciones.GetByColor,GetFirstHouseOfFinalRouteByColor/1[java.lang.String],false,170,0,2,2,0,5,0,17,5,4,1,0,0,0,0,0,0,0,4,5,4,0,1,0,0,0,31,0,0,true
E:\OOD\main\Ludo_Pro4-main\Ludo_Pro4-main\src\Validaciones\GetByColor.java,Validaciones.GetByColor,GetFinalHouseByColor/1[java.lang.String],false,146,0,4,4,0,5,0,17,5,4,1,0,0,0,0,0,0,0,4,5,4,0,1,0,0,0,25,0,0,true
E:\OOD\main\Ludo_Pro4-main\Ludo_Pro4-main\src\Validaciones\GetByColor.java,Validaciones.GetByColor,getStartRed/0,false,10,1,2,2,0,1,0,3,1,0,0,0,0,0,0,0,0,0,0,8,0,0,0,0,0,0,18,0,0,true
E:\OOD\main\Ludo_Pro4-main\Ludo_Pro4-main\src\Validaciones\GetByColor.java,Validaciones.GetByColor,"StoreLastPieceMoved/2[java.lang.String,int]",false,214,0,1,1,0,5,0,16,0,0,2,0,0,0,0,0,0,0,4,0,4,0,1,0,0,0,28,0,0,true
E:\OOD\main\Ludo_Pro4-main\Ludo_Pro4-main\src\Validaciones\GetByColor.java,Validaciones.GetByColor,getStartGreen/0,false,24,1,2,2,0,1,0,3,1,0,0,0,0,0,0,0,0,0,0,8,0,0,0,0,0,0,23,0,0,true
E:\OOD\main\Ludo_Pro4-main\Ludo_Pro4-main\src\Validaciones\GetByColor.java,Validaciones.GetByColor,getEndBlue/0,false,44,1,1,1,0,1,0,3,1,0,0,0,0,0,0,0,0,0,0,2,0,0,0,0,0,0,18,2,0,true
E:\OOD\main\Ludo_Pro4-main\Ludo_Pro4-main\src\Validaciones\GetByColor.java,Validaciones.GetByColor,getEndRed/0,false,37,1,1,1,0,1,0,3,1,0,0,0,0,0,0,0,0,0,0,2,0,0,0,0,0,0,15,2,0,true
E:\OOD\main\Ludo_Pro4-main\Ludo_Pro4-main\src\Validaciones\GetByColor.java,Validaciones.GetByColor,GetStartPlacesByColor/1[java.lang.String],false,82,2,6,2,4,5,4,13,5,0,1,4,4,1,0,0,0,0,4,0,0,0,1,0,0,0,27,0,0,true
E:\OOD\main\Ludo_Pro4-main\Ludo_Pro4-main\src\Validaciones\GetByColor.java,Validaciones.GetByColor,getStartBlue/0,false,17,1,2,2,0,1,0,3,1,0,0,0,0,0,0,0,0,0,0,8,0,0,0,0,0,0,24,0,0,true
E:\OOD\main\Ludo_Pro4-main\Ludo_Pro4-main\src\Validaciones\GetByColor.java,Validaciones.GetByColor,GetCoordinatesOfEndPlaceByColor/1[java.lang.String],false,102,2,6,2,4,5,4,13,5,0,1,4,4,1,0,0,0,0,4,0,0,0,1,0,0,0,9,0,0,false
E:\OOD\main\Ludo_Pro4-main\Ludo_Pro4-main\src\Validaciones\GetByColor.java,Validaciones.GetByColor,getStartYellow/0,false,30,1,2,2,0,1,0,3,1,0,0,0,0,0,0,0,0,0,0,8,0,0,0,0,0,0,11,0,0,true
E:\OOD\main\Ludo_Pro4-main\Ludo_Pro4-main\src\Validaciones\GetByColor.java,Validaciones.GetByColor,GetStartHouseByColor/1[java.lang.String],false,122,0,3,3,0,5,0,17,5,4,1,0,0,0,0,0,0,0,4,5,4,0,1,0,0,0,26,0,0,true
E:\OOD\main\Ludo_Pro4-main\Ludo_Pro4-main\src\Validaciones\GetByColor.java,Validaciones.GetByColor,getEndYellow/0,false,57,1,1,1,0,1,0,3,1,0,0,0,0,0,0,0,0,0,0,2,0,0,0,0,0,0,21,2,0,true
E:\OOD\main\Ludo_Pro4-main\Ludo_Pro4-main\src\GUI\ButtonsPanel.java,GUI.ButtonsPanel$Anonymous1$Anonymous2,run/0,false,146,1,13,0,13,1,3,5,0,0,0,3,0,0,0,0,0,0,0,0,0,0,0,0,0,0,1,1,0,false
E:\OOD\main\Ludo_Pro4-main\Ludo_Pro4-main\src\GUI\BoardFrame.java,GUI.BoardFrame,SetPanelBotones/0,false,37,1,2,1,1,1,3,4,0,0,0,3,0,0,0,0,0,0,0,0,1,0,0,0,0,0,16,2,0,true
E:\OOD\main\Ludo_Pro4-main\Ludo_Pro4-main\src\GUI\BoardFrame.java,GUI.BoardFrame,SetPanelTablero/0,false,28,1,2,1,1,1,4,5,0,0,0,4,0,0,0,0,0,0,0,0,1,0,0,0,0,0,14,2,0,true
E:\OOD\main\Ludo_Pro4-main\Ludo_Pro4-main\src\GUI\BoardFrame.java,GUI.BoardFrame,SetFrameC/0,false,47,1,4,1,3,1,5,7,0,0,0,5,3,1,0,0,0,0,0,0,0,0,0,0,0,0,27,2,0,true
E:\OOD\main\Ludo_Pro4-main\Ludo_Pro4-main\src\GUI\BoardFrame.java,GUI.BoardFrame,SetBoundsAndLayout/0,false,66,0,1,1,0,1,4,8,0,6,0,4,0,0,0,0,0,0,0,4,6,6,0,0,0,0,20,2,0,true
E:\OOD\main\Ludo_Pro4-main\Ludo_Pro4-main\src\GUI\BoardFrame.java,GUI.BoardFrame,BoardFrame/0,true,18,2,6,1,5,1,5,6,0,0,0,5,3,2,0,0,0,0,0,0,0,0,0,0,0,0,7,1,0,false
E:\OOD\main\Ludo_Pro4-main\Ludo_Pro4-main\src\GUI\BoardFrame.java,GUI.BoardFrame,SetDefaultSizes/0,false,58,0,1,1,0,1,0,4,0,0,0,0,0,0,0,0,0,0,0,0,2,0,0,0,0,0,8,2,0,true
E:\OOD\main\Ludo_Pro4-main\Ludo_Pro4-main\src\GUI\BoardFrame.java,GUI.BoardFrame,SetTitleAndSize/0,false,78,0,1,1,0,1,3,5,0,0,0,3,0,0,0,0,0,0,1,0,0,0,0,0,0,0,11,2,0,true
E:\OOD\main\Ludo_Pro4-main\Ludo_Pro4-main\src\GUI\BoardFrame.java,GUI.BoardFrame,receivedPlay/1[java.lang.String],false,86,0,0,0,0,1,1,3,0,0,1,1,0,0,0,0,0,0,1,0,0,1,0,0,0,0,7,1,0,false
E:\OOD\main\Ludo_Pro4-main\Ludo_Pro4-main\src\interfaces\ObservadoIF.java,interfaces.ObservadoIF,add/1[interfaces.ObservadorIF],false,5,1,0,0,0,1,0,1,0,0,1,0,0,0,0,0,0,0,0,0,0,0,0,0,0,0,26,0,0,true
E:\OOD\main\Ludo_Pro4-main\Ludo_Pro4-main\src\interfaces\ObservadoIF.java,interfaces.ObservadoIF,remove/1[interfaces.ObservadorIF],false,13,1,0,0,0,1,0,1,0,0,1,0,0,0,0,0,0,0,0,0,0,0,0,0,0,0,17,0,0,true
E:\OOD\main\Ludo_Pro4-main\Ludo_Pro4-main\src\interfaces\ObservadoIF.java,interfaces.ObservadoIF,get/1[int],false,20,0,2,2,0,1,0,1,0,0,1,0,0,0,0,0,0,0,0,0,0,0,0,0,0,0,14,0,0,true
E:\OOD\main\Ludo_Pro4-main\Ludo_Pro4-main\src\GUI\PanelMouseListener.java,GUI.PanelMouseListener,mouseClicked/1[java.awt.event.MouseEvent],false,31,1,1,0,1,1,1,3,0,0,1,1,0,0,0,0,0,0,0,0,0,0,0,0,0,0,5,1,0,false
E:\OOD\main\Ludo_Pro4-main\Ludo_Pro4-main\src\GUI\PanelMouseListener.java,GUI.PanelMouseListener,mouseEntered/1[java.awt.event.MouseEvent],false,36,0,0,0,0,1,0,2,0,0,1,0,0,0,0,0,0,0,0,0,0,0,0,0,0,0,5,1,0,false
E:\OOD\main\Ludo_Pro4-main\Ludo_Pro4-main\src\GUI\PanelMouseListener.java,GUI.PanelMouseListener,mousePressed/1[java.awt.event.MouseEvent],false,48,0,0,0,0,1,0,2,0,0,1,0,0,0,0,0,0,0,0,0,0,0,0,0,0,0,5,1,0,false
E:\OOD\main\Ludo_Pro4-main\Ludo_Pro4-main\src\GUI\PanelMouseListener.java,GUI.PanelMouseListener,GetMouseListener/0,false,23,1,2,1,1,2,0,4,1,0,0,0,0,0,0,1,0,0,0,0,1,0,1,0,0,0,17,9,0,true
E:\OOD\main\Ludo_Pro4-main\Ludo_Pro4-main\src\GUI\PanelMouseListener.java,GUI.PanelMouseListener,mouseExited/1[java.awt.event.MouseEvent],false,42,0,0,0,0,1,0,2,0,0,1,0,0,0,0,0,0,0,0,0,0,0,0,0,0,0,5,1,0,false
E:\OOD\main\Ludo_Pro4-main\Ludo_Pro4-main\src\GUI\PanelMouseListener.java,GUI.PanelMouseListener,mouseReleased/1[java.awt.event.MouseEvent],false,54,0,0,0,0,1,0,2,0,0,1,0,0,0,0,0,0,0,0,0,0,0,0,0,0,0,5,1,0,false
E:\OOD\main\Ludo_Pro4-main\Ludo_Pro4-main\src\GUI\PanelMouseListener.java,GUI.PanelMouseListener,PanelMouseListener/0,true,14,1,2,1,1,1,1,3,0,0,0,1,0,0,0,0,0,0,0,0,1,0,0,0,0,0,5,1,0,false
E:\OOD\main\Ludo_Pro4-main\Ludo_Pro4-main\src\Client\ObserverGame.java,Client.ObserverGame,receivedPlay/1[java.lang.String],false,5,0,1,1,0,1,0,1,0,0,1,0,0,0,0,0,0,0,0,0,0,0,0,0,0,0,3,1,0,false
E:\OOD\main\Ludo_Pro4-main\Ludo_Pro4-main\src\Validaciones\Pieces.java,Validaciones.Pieces,GetBluePieces/0,false,28,1,2,2,0,1,0,3,1,0,0,0,0,0,0,0,0,0,0,0,0,0,0,0,0,0,4,0,0,false
E:\OOD\main\Ludo_Pro4-main\Ludo_Pro4-main\src\Validaciones\Pieces.java,Validaciones.Pieces,SetBluePieces/1[int[][]],false,48,2,4,3,1,2,4,5,0,1,1,4,0,0,1,0,0,0,0,0,2,0,1,0,0,0,17,0,0,true
E:\OOD\main\Ludo_Pro4-main\Ludo_Pro4-main\src\Validaciones\Pieces.java,Validaciones.Pieces,remove/1[interfaces.ObservadorIF],false,263,1,0,0,0,1,1,3,0,0,1,1,0,0,0,0,0,0,0,0,0,0,0,0,0,0,5,1,0,false
E:\OOD\main\Ludo_Pro4-main\Ludo_Pro4-main\src\Validaciones\Pieces.java,Validaciones.Pieces,"MovePieces/2[int[][],java.lang.String]",false,204,2,5,1,4,5,4,16,0,0,2,4,4,1,0,0,0,0,4,0,0,0,1,0,0,0,35,0,0,true
E:\OOD\main\Ludo_Pro4-main\Ludo_Pro4-main\src\Validaciones\Pieces.java,Validaciones.Pieces,GetYellowPieces/0,false,30,1,2,2,0,1,0,3,1,0,0,0,0,0,0,0,0,0,0,0,0,0,0,0,0,0,4,0,0,false
E:\OOD\main\Ludo_Pro4-main\Ludo_Pro4-main\src\Validaciones\Pieces.java,Validaciones.Pieces,GetRedPieces/0,false,27,1,2,2,0,1,0,3,1,0,0,0,0,0,0,0,0,0,0,0,0,0,0,0,0,0,4,0,0,false
E:\OOD\main\Ludo_Pro4-main\Ludo_Pro4-main\src\Validaciones\Pieces.java,Validaciones.Pieces,SetAll/1[int[][][]],false,114,2,4,0,4,1,4,6,0,0,1,4,4,1,0,0,0,0,0,4,0,0,0,0,0,0,24,1,0,true
E:\OOD\main\Ludo_Pro4-main\Ludo_Pro4-main\src\Validaciones\Pieces.java,Validaciones.Pieces,GetAll/0,false,100,2,5,1,4,1,4,8,1,1,0,4,4,1,0,0,0,0,0,7,5,0,0,0,0,0,21,0,0,true
E:\OOD\main\Ludo_Pro4-main\Ludo_Pro4-main\src\Validaciones\Pieces.java,Validaciones.Pieces,SetDictionary/0,false,224,0,1,1,0,3,1,8,0,3,0,1,0,0,2,0,0,0,0,146,4,0,1,0,0,0,19,2,0,true
E:\OOD\main\Ludo_Pro4-main\Ludo_Pro4-main\src\Validaciones\Pieces.java,Validaciones.Pieces,SetYellowPieces/1[int[][]],false,70,2,4,3,1,2,4,5,0,1,1,4,0,0,1,0,0,0,0,0,2,0,1,0,0,0,17,0,0,true
E:\OOD\main\Ludo_Pro4-main\Ludo_Pro4-main\src\Validaciones\Pieces.java,Validaciones.Pieces,Encode/1[int],false,147,1,1,1,0,1,1,6,1,1,1,1,0,0,0,0,0,0,0,5,3,0,0,0,0,0,18,0,0,true
E:\OOD\main\Ludo_Pro4-main\Ludo_Pro4-main\src\Validaciones\Pieces.java,Validaciones.Pieces,Pieces/0,true,90,1,2,1,1,1,1,4,0,0,0,1,1,1,0,0,0,0,0,0,1,0,0,0,0,0,4,0,0,false
E:\OOD\main\Ludo_Pro4-main\Ludo_Pro4-main\src\Validaciones\Pieces.java,Validaciones.Pieces,SetGreenPieces/1[int[][]],false,59,2,4,3,1,2,4,5,0,1,1,4,0,0,1,0,0,0,0,0,2,0,1,0,0,0,17,0,0,true
E:\OOD\main\Ludo_Pro4-main\Ludo_Pro4-main\src\Validaciones\Pieces.java,Validaciones.Pieces,GetPieces/0,false,83,1,3,2,1,2,0,4,1,0,0,0,0,0,0,1,0,0,0,0,1,0,1,0,0,0,19,9,0,true
E:\OOD\main\Ludo_Pro4-main\Ludo_Pro4-main\src\Validaciones\Pieces.java,Validaciones.Pieces,get/1[int],false,267,0,0,0,0,1,0,3,1,0,1,0,0,0,0,0,0,0,0,0,0,0,0,0,0,0,4,1,0,false
E:\OOD\main\Ludo_Pro4-main\Ludo_Pro4-main\src\Validaciones\Pieces.java,Validaciones.Pieces,GetEncodedPiecesFromColor/1[java.lang.String],false,183,2,7,3,4,5,4,13,5,0,1,4,4,1,0,0,0,0,4,0,0,0,1,0,0,0,26,0,0,true
E:\OOD\main\Ludo_Pro4-main\Ludo_Pro4-main\src\Validaciones\Pieces.java,Validaciones.Pieces,add/1[interfaces.ObservadorIF],false,259,1,1,1,0,1,1,3,0,0,1,1,0,0,0,0,0,0,0,0,0,0,0,0,0,0,5,1,0,false
E:\OOD\main\Ludo_Pro4-main\Ludo_Pro4-main\src\Validaciones\Pieces.java,Validaciones.Pieces,SetRedPieces/1[int[][]],false,37,2,4,3,1,2,4,5,0,1,1,4,0,0,1,0,0,0,0,0,2,0,1,0,0,0,17,0,0,true
E:\OOD\main\Ludo_Pro4-main\Ludo_Pro4-main\src\Validaciones\Pieces.java,Validaciones.Pieces,GetGreenPieces/0,false,29,1,2,2,0,1,0,3,1,0,0,0,0,0,0,0,0,0,0,0,0,0,0,0,0,0,4,0,0,false
E:\OOD\main\Ludo_Pro4-main\Ludo_Pro4-main\src\Validaciones\Pieces.java,Validaciones.Pieces,Decode/1[int[]],false,127,1,2,2,0,4,5,10,2,3,1,5,0,0,2,0,0,0,0,2,4,0,2,0,0,0,33,0,0,true
E:\OOD\main\Ludo_Pro4-main\Ludo_Pro4-main\src\Validaciones\Pieces.java,Validaciones.Pieces,GetDecodedPiecesPlacesByColor/1[java.lang.String],false,160,3,16,11,5,4,5,13,1,4,1,5,2,2,1,0,0,0,0,4,7,0,3,0,0,0,36,0,0,true
E:\OOD\main\Ludo_Pro4-main\Ludo_Pro4-main\src\Validaciones\Game.java,Validaciones.Game,ReturnLastPieceMovedToStart/1[java.lang.String],false,419,2,4,1,3,2,3,5,0,1,1,3,2,6,0,0,0,0,0,2,1,0,1,0,0,0,30,2,0,true
E:\OOD\main\Ludo_Pro4-main\Ludo_Pro4-main\src\Validaciones\Game.java,Validaciones.Game,"AlreadyTwoPiecesInDestinationHouse/2[java.lang.String,int]",false,703,1,4,1,3,4,3,7,3,0,2,3,3,2,0,0,0,0,0,0,0,0,2,0,0,0,44,2,0,true
E:\OOD\main\Ludo_Pro4-main\Ludo_Pro4-main\src\Validaciones\Game.java,Validaciones.Game,"GetNewCoordinates/4[java.lang.String,int,int,int[][]]",false,833,3,6,1,5,4,5,8,1,1,4,5,4,3,0,3,0,0,0,3,4,0,3,0,0,0,43,2,0,true
E:\OOD\main\Ludo_Pro4-main\Ludo_Pro4-main\src\Validaciones\Game.java,Validaciones.Game,SetWaitingForPlayer/1[boolean],false,76,0,3,3,0,1,0,3,0,0,1,0,0,0,0,0,0,0,0,0,1,0,0,0,0,0,24,0,0,true
E:\OOD\main\Ludo_Pro4-main\Ludo_Pro4-main\src\Validaciones\Game.java,Validaciones.Game,"MovePieceFromCurrentToNew/3[java.lang.String,int,int]",false,795,4,9,5,4,1,4,6,0,2,3,4,1,4,0,0,0,0,0,0,2,0,0,0,0,0,31,2,0,true
E:\OOD\main\Ludo_Pro4-main\Ludo_Pro4-main\src\Validaciones\Game.java,Validaciones.Game,WaitForPlayerMovement/1[java.lang.String],false,749,1,3,1,2,2,2,4,0,0,1,2,2,1,0,1,0,0,0,2,0,0,0,0,0,0,36,2,0,true
E:\OOD\main\Ludo_Pro4-main\Ludo_Pro4-main\src\Validaciones\Game.java,Validaciones.Game,MovePiece/0,false,197,1,7,2,5,3,5,6,0,1,0,5,5,23,0,2,0,0,0,2,1,0,1,0,0,0,42,0,0,true
E:\OOD\main\Ludo_Pro4-main\Ludo_Pro4-main\src\Validaciones\Game.java,Validaciones.Game,add/1[interfaces.ObservadorIF],false,986,1,1,1,0,1,1,3,0,0,1,1,0,0,0,0,0,0,0,0,0,0,0,0,0,0,5,1,0,false
E:\OOD\main\Ludo_Pro4-main\Ludo_Pro4-main\src\Validaciones\Game.java,Validaciones.Game,GetAllOtherPieces/1[java.lang.String],false,604,3,3,1,2,2,2,10,1,4,1,2,1,1,1,0,0,0,0,3,5,0,1,0,0,0,28,2,0,true
E:\OOD\main\Ludo_Pro4-main\Ludo_Pro4-main\src\Validaciones\Game.java,Validaciones.Game,GetCurrentPlayersColor/0,false,942,1,5,4,1,5,1,13,5,0,0,1,1,1,0,0,0,0,4,4,0,0,1,0,0,0,11,2,0,true
E:\OOD\main\Ludo_Pro4-main\Ludo_Pro4-main\src\Validaciones\Game.java,Validaciones.Game,IsThereAPieceInStart/1[java.lang.String],false,780,2,3,2,1,3,1,5,2,1,1,1,0,0,1,1,0,0,0,1,1,0,2,0,0,0,24,2,0,true
E:\OOD\main\Ludo_Pro4-main\Ludo_Pro4-main\src\Validaciones\Game.java,Validaciones.Game,IsInShelter/1[int],false,593,0,2,2,0,9,0,3,1,0,1,0,0,0,0,8,0,0,0,8,0,0,0,0,0,0,17,2,0,true
E:\OOD\main\Ludo_Pro4-main\Ludo_Pro4-main\src\Validaciones\Game.java,Validaciones.Game,"MoveToEndPlace/2[int,java.lang.String]",false,383,2,5,1,4,2,4,6,0,0,2,4,2,5,0,0,0,0,0,1,0,0,1,0,0,0,28,2,0,true
E:\OOD\main\Ludo_Pro4-main\Ludo_Pro4-main\src\Validaciones\Game.java,Validaciones.Game,SetCurrentState/1[int],false,49,1,8,7,1,2,4,5,0,1,1,4,0,0,1,0,0,0,0,0,2,0,1,0,0,0,16,0,0,true
E:\OOD\main\Ludo_Pro4-main\Ludo_Pro4-main\src\Validaciones\Game.java,Validaciones.Game,StartGamePieces/0,false,125,2,9,1,8,1,8,6,0,0,0,8,0,0,0,0,0,0,0,0,0,0,0,0,0,0,10,0,0,true
E:\OOD\main\Ludo_Pro4-main\Ludo_Pro4-main\src\Validaciones\Game.java,Validaciones.Game,GetPoints/0,false,637,3,3,1,2,7,2,25,1,9,0,2,1,1,3,2,0,0,16,16,15,3,6,0,0,0,26,0,0,true
E:\OOD\main\Ludo_Pro4-main\Ludo_Pro4-main\src\Validaciones\Game.java,Validaciones.Game,StartGame/0,false,142,1,5,1,4,1,4,6,0,0,0,4,4,1,0,0,0,0,0,3,0,0,0,0,0,0,12,0,0,true
E:\OOD\main\Ludo_Pro4-main\Ludo_Pro4-main\src\Validaciones\Game.java,Validaciones.Game,GetCurrentPlayer/0,false,22,0,4,4,0,1,0,3,1,0,0,0,0,0,0,0,0,0,0,0,0,0,0,0,0,0,4,0,0,false
E:\OOD\main\Ludo_Pro4-main\Ludo_Pro4-main\src\Validaciones\Game.java,Validaciones.Game,PlayerCantMove/0,false,754,1,2,1,1,1,1,3,0,0,0,1,1,1,0,0,0,0,0,1,0,0,0,0,0,0,6,2,0,false
E:\OOD\main\Ludo_Pro4-main\Ludo_Pro4-main\src\Validaciones\Game.java,Validaciones.Game,IsWaitingForPlayer/0,false,67,0,1,1,0,1,0,3,1,0,0,0,0,0,0,0,0,0,0,0,0,0,0,0,0,0,35,0,0,true
E:\OOD\main\Ludo_Pro4-main\Ludo_Pro4-main\src\Validaciones\Game.java,Validaciones.Game,"IsBlocked/2[int,java.lang.String]",false,549,1,5,2,3,4,3,6,3,1,2,3,3,5,0,0,0,0,0,2,1,4,2,0,0,0,42,2,0,true
E:\OOD\main\Ludo_Pro4-main\Ludo_Pro4-main\src\Validaciones\Game.java,Validaciones.Game,"SetNewCoordinatesForPieceMovingToStart/3[int[],int[][],java.lang.String]",false,889,2,2,1,1,3,2,7,1,1,3,2,1,1,1,0,0,0,0,1,2,0,2,0,0,0,49,2,0,true
E:\OOD\main\Ludo_Pro4-main\Ludo_Pro4-main\src\Validaciones\Game.java,Validaciones.Game,Game/0,true,117,2,3,1,2,1,2,4,0,0,0,2,0,0,0,0,0,0,0,0,2,0,0,0,0,0,5,2,0,false
E:\OOD\main\Ludo_Pro4-main\Ludo_Pro4-main\src\Validaciones\Game.java,Validaciones.Game,RollDado/0,false,153,1,5,1,4,4,5,8,0,1,0,5,4,2,1,1,0,0,0,7,2,1,1,0,0,0,33,0,0,true
E:\OOD\main\Ludo_Pro4-main\Ludo_Pro4-main\src\Validaciones\Game.java,Validaciones.Game,StartNewRound/0,false,135,1,2,1,1,1,1,3,0,0,0,1,1,1,0,0,0,0,0,1,0,0,0,0,0,0,12,0,0,true
E:\OOD\main\Ludo_Pro4-main\Ludo_Pro4-main\src\Validaciones\Game.java,Validaciones.Game,AlreadyTwoPiecesOfAnyColorInDestinationHouse/1[int],false,718,2,2,1,1,4,1,6,1,2,1,1,1,1,1,1,0,0,0,2,2,0,2,0,0,0,32,2,0,true
E:\OOD\main\Ludo_Pro4-main\Ludo_Pro4-main\src\Validaciones\Game.java,Validaciones.Game,GetAllOtherColors/1[java.lang.String],false,621,0,2,2,0,3,1,7,1,3,1,1,0,0,1,0,0,0,4,2,4,0,2,0,0,0,23,2,0,true
E:\OOD\main\Ludo_Pro4-main\Ludo_Pro4-main\src\Validaciones\Game.java,Validaciones.Game,CanMove/1[java.lang.String],false,475,1,8,1,7,8,7,7,5,0,1,7,7,11,0,1,0,0,0,0,0,0,4,0,0,0,59,2,0,true
E:\OOD\main\Ludo_Pro4-main\Ludo_Pro4-main\src\Validaciones\Game.java,Validaciones.Game,remove/1[interfaces.ObservadorIF],false,992,1,0,0,0,1,1,3,0,0,1,1,0,0,0,0,0,0,0,0,0,0,0,0,0,0,5,1,0,false
E:\OOD\main\Ludo_Pro4-main\Ludo_Pro4-main\src\Validaciones\Game.java,Validaciones.Game,SetDadoValue/1[int],false,91,1,5,4,1,2,4,5,0,1,1,4,0,0,1,0,0,0,0,0,2,0,1,0,0,0,22,0,0,true
E:\OOD\main\Ludo_Pro4-main\Ludo_Pro4-main\src\Validaciones\Game.java,Validaciones.Game,AllPiecesAreEnded/1[java.lang.String],false,976,2,2,1,1,3,1,5,2,1,1,1,0,0,1,1,0,0,0,1,1,0,2,0,0,0,29,2,0,true
E:\OOD\main\Ludo_Pro4-main\Ludo_Pro4-main\src\Validaciones\Game.java,Validaciones.Game,NextPlayer/0,false,238,2,11,3,8,6,9,16,0,0,0,9,6,1,0,2,1,0,0,11,2,1,2,0,0,0,22,2,0,true
E:\OOD\main\Ludo_Pro4-main\Ludo_Pro4-main\src\Validaciones\Game.java,Validaciones.Game,GetDadoValue/0,false,82,0,13,13,0,1,0,3,1,0,0,0,0,0,0,0,0,0,0,0,0,0,0,0,0,0,4,0,0,false
E:\OOD\main\Ludo_Pro4-main\Ludo_Pro4-main\src\Validaciones\Game.java,Validaciones.Game,MovePieceFromStartPlaceToStartHouse/1[java.lang.String],false,463,2,4,2,2,1,2,4,0,1,1,2,1,5,0,0,0,0,0,1,1,0,0,0,0,0,25,2,0,true
E:\OOD\main\Ludo_Pro4-main\Ludo_Pro4-main\src\Validaciones\Game.java,Validaciones.Game,"AlreadyTwoPiecesOfPlayerInDestinationHouse/2[java.lang.String,int]",false,734,2,2,1,1,4,1,6,1,2,2,1,0,0,1,1,0,0,0,2,2,0,2,0,0,0,37,2,0,true
E:\OOD\main\Ludo_Pro4-main\Ludo_Pro4-main\src\Validaciones\Game.java,Validaciones.Game,"GetCoordinatesOfFirstStartPlaceWithoutAPiece/2[java.lang.String,int[][]]",false,905,2,2,1,1,5,2,10,2,4,2,2,0,0,2,0,0,0,0,2,5,0,3,0,0,0,40,2,0,true
E:\OOD\main\Ludo_Pro4-main\Ludo_Pro4-main\src\Validaciones\Game.java,Validaciones.Game,GetJuego/0,false,110,1,3,2,1,2,0,4,1,0,0,0,0,0,0,1,0,0,0,0,1,0,1,0,0,0,17,9,0,true
E:\OOD\main\Ludo_Pro4-main\Ludo_Pro4-main\src\Validaciones\Game.java,Validaciones.Game,CanMoveAutomatically/1[java.lang.String],false,452,1,4,1,3,2,3,3,1,0,1,3,3,2,0,1,0,0,0,0,0,0,0,0,0,0,42,2,0,true
E:\OOD\main\Ludo_Pro4-main\Ludo_Pro4-main\src\Validaciones\Game.java,Validaciones.Game,IsThereAPieceOnNormalHousesNotBlocked/1[java.lang.String],false,531,3,3,1,2,5,2,7,2,1,1,2,1,6,1,1,0,0,0,2,1,0,3,0,0,0,32,2,0,true
E:\OOD\main\Ludo_Pro4-main\Ludo_Pro4-main\src\Validaciones\Game.java,Validaciones.Game,AreAllPiecesInStart/1[java.lang.String],false,962,2,3,2,1,3,1,5,2,1,1,1,0,0,1,1,0,0,0,1,1,0,2,0,0,0,24,2,0,true
E:\OOD\main\Ludo_Pro4-main\Ludo_Pro4-main\src\Validaciones\Game.java,Validaciones.Game,"IsInStart/2[int[],java.lang.String]",false,213,2,4,3,1,3,2,5,2,1,2,2,0,0,1,0,0,0,0,0,1,0,2,0,0,0,28,0,0,true
E:\OOD\main\Ludo_Pro4-main\Ludo_Pro4-main\src\Validaciones\Game.java,Validaciones.Game,"EntersFinalRoute/2[int,java.lang.String]",false,357,2,4,2,2,9,2,12,4,5,2,2,1,1,3,3,0,0,0,5,5,6,3,0,0,0,35,2,0,true
E:\OOD\main\Ludo_Pro4-main\Ludo_Pro4-main\src\Validaciones\Game.java,Validaciones.Game,"IsInEnd/2[int[],java.lang.String]",false,228,2,2,1,1,2,2,5,2,1,2,2,0,0,0,0,0,0,0,0,1,0,1,0,0,0,25,0,0,true
E:\OOD\main\Ludo_Pro4-main\Ludo_Pro4-main\src\Validaciones\Game.java,Validaciones.Game,ChooseMovementAndMovePiece/1[java.lang.String],false,433,1,7,1,6,3,6,11,0,0,1,6,6,21,0,0,0,0,0,0,0,0,2,0,0,0,43,2,0,true
E:\OOD\main\Ludo_Pro4-main\Ludo_Pro4-main\src\Validaciones\Game.java,Validaciones.Game,"GetWalkedDistance/2[java.lang.String,int]",false,679,1,3,1,2,9,2,15,5,2,2,2,0,0,0,0,0,0,4,5,2,8,1,0,0,0,24,2,0,true
E:\OOD\main\Ludo_Pro4-main\Ludo_Pro4-main\src\Validaciones\Game.java,Validaciones.Game,"SetNewCoordinatesForPieceInEnd/3[int[],int[][],java.lang.String]",false,854,2,2,1,1,3,2,7,1,1,3,2,0,0,1,0,0,0,0,1,2,0,2,0,0,0,35,2,0,true
E:\OOD\main\Ludo_Pro4-main\Ludo_Pro4-main\src\Validaciones\Game.java,Validaciones.Game,"SetNewCoordinates/3[int[],int[],int[][]]",false,928,1,1,1,0,3,1,7,1,1,3,1,0,0,1,0,0,0,0,1,2,0,2,0,0,0,35,2,0,true
E:\OOD\main\Ludo_Pro4-main\Ludo_Pro4-main\src\Validaciones\Game.java,Validaciones.Game,"CapturePieceIfThereIsAPieceFromAnotherColorInHouse/2[java.lang.String,int]",false,398,3,5,1,4,5,4,12,3,2,2,4,3,5,2,1,0,0,0,1,2,0,3,0,0,0,40,2,0,true
E:\OOD\main\Ludo_Pro4-main\Ludo_Pro4-main\src\Validaciones\Game.java,Validaciones.Game,AreThereTwoPiecesInStartHouse/1[java.lang.String],false,764,3,5,3,2,4,2,7,1,3,1,2,1,1,1,1,0,0,0,2,3,0,2,0,0,0,36,2,0,true
E:\OOD\main\Ludo_Pro4-main\Ludo_Pro4-main\src\Validaciones\Game.java,Validaciones.Game,IsThereAPieceInFinalRouteThatCanMove/1[java.lang.String],false,515,4,4,1,3,4,3,7,2,1,1,3,1,1,1,0,0,0,0,2,1,2,3,0,0,0,37,2,0,true
E:\OOD\main\Ludo_Pro4-main\Ludo_Pro4-main\src\Validaciones\Game.java,Validaciones.Game,GetAllPieces/0,false,807,2,3,2,1,3,1,14,1,6,0,1,0,0,2,0,0,0,4,1,7,1,2,0,0,0,25,2,0,true
E:\OOD\main\Ludo_Pro4-main\Ludo_Pro4-main\src\Validaciones\Game.java,Validaciones.Game,SetCurrentPlayer/1[int],false,31,1,3,2,1,2,4,5,0,1,1,4,0,0,1,0,0,0,0,0,2,0,1,0,0,0,14,0,0,true
E:\OOD\main\Ludo_Pro4-main\Ludo_Pro4-main\src\Validaciones\Game.java,Validaciones.Game,TryMoving/1[int[]],false,286,4,16,1,15,15,15,50,9,8,1,15,12,16,0,5,0,1,0,15,11,13,5,0,0,0,92,2,0,true
E:\OOD\main\Ludo_Pro4-main\Ludo_Pro4-main\src\Validaciones\Game.java,Validaciones.Game,"SetNewCoordinatesForPieceInStart/3[int[],int[][],java.lang.String]",false,871,2,2,1,1,3,1,7,1,1,3,1,1,1,1,0,0,0,0,1,2,0,2,0,0,0,33,2,0,true
E:\OOD\main\Ludo_Pro4-main\Ludo_Pro4-main\src\Validaciones\Game.java,Validaciones.Game,GetCurrentState/0,false,40,0,2,2,0,1,0,3,1,0,0,0,0,0,0,0,0,0,0,0,0,0,0,0,0,0,4,0,0,false
E:\OOD\main\Ludo_Pro4-main\Ludo_Pro4-main\src\Validaciones\Game.java,Validaciones.Game,AnyPieceEntersFinalRouteAndCanMove/1[java.lang.String],false,495,4,5,1,4,4,4,11,2,3,1,4,2,2,1,0,0,1,0,1,3,2,3,0,0,0,45,2,0,true
E:\OOD\main\Ludo_Pro4-main\Ludo_Pro4-main\src\Validaciones\Game.java,Validaciones.Game,MouseClicked/1[java.awt.event.MouseEvent],false,174,2,8,1,7,6,7,16,2,2,1,7,7,26,0,2,0,0,0,2,2,0,4,0,0,0,57,0,0,true
E:\OOD\main\Ludo_Pro4-main\Ludo_Pro4-main\src\Validaciones\Game.java,Validaciones.Game,"IsThereABarrier/3[java.lang.String,int,int]",false,566,1,3,1,2,16,3,14,3,4,3,3,2,2,4,3,0,2,0,7,4,4,4,0,0,0,49,2,0,true
E:\OOD\main\Ludo_Pro4-main\Ludo_Pro4-main\src\Validaciones\Game.java,Validaciones.Game,get/1[int],false,998,0,0,0,0,1,0,3,1,0,1,0,0,0,0,0,0,0,0,1,0,0,0,0,0,0,3,1,0,false
E:\OOD\main\Ludo_Pro4-main\Ludo_Pro4-main\src\Validaciones\Game.java,Validaciones.Game,PieceSelected/1[java.awt.event.MouseEvent],false,262,3,3,1,2,6,4,12,2,6,1,4,1,2,1,0,0,0,0,6,6,6,3,0,0,0,38,2,0,true
E:\OOD\main\Ludo_Pro4-main\Ludo_Pro4-main\src\GUI\BoardPanel.java,GUI.BoardPanel,"SetPiecesPaint/2[java.awt.Graphics2D,int]",false,310,0,1,1,0,5,1,16,0,0,2,1,0,0,0,0,0,0,0,16,0,0,1,0,0,0,19,2,0,true
E:\OOD\main\Ludo_Pro4-main\Ludo_Pro4-main\src\GUI\BoardPanel.java,GUI.BoardPanel,DrawCircles/1[java.awt.Graphics2D],false,239,2,2,1,1,3,2,9,0,1,1,2,1,1,2,0,0,0,0,12,1,6,2,0,0,0,20,2,0,true
E:\OOD\main\Ludo_Pro4-main\Ludo_Pro4-main\src\GUI\BoardPanel.java,GUI.BoardPanel,DrawLargeRectangles/1[java.awt.Graphics2D],false,103,2,3,1,2,3,2,8,0,3,1,2,2,1,2,0,0,0,0,6,3,5,2,0,0,0,29,2,0,true
E:\OOD\main\Ludo_Pro4-main\Ludo_Pro4-main\src\GUI\BoardPanel.java,GUI.BoardPanel,DrawArrivalPlace/1[java.awt.Graphics2D],false,215,1,3,1,2,6,3,43,0,6,1,3,2,1,1,0,0,0,0,30,22,8,2,0,0,0,30,2,0,true
E:\OOD\main\Ludo_Pro4-main\Ludo_Pro4-main\src\GUI\BoardPanel.java,GUI.BoardPanel,"DrawSmallRectaglesWithArrowsAndBlackOnes/2[java.awt.Graphics2D,int]",false,132,2,4,1,3,5,4,18,0,2,2,4,3,1,1,1,0,0,0,15,2,14,2,0,0,0,31,2,0,true
E:\OOD\main\Ludo_Pro4-main\Ludo_Pro4-main\src\GUI\BoardPanel.java,GUI.BoardPanel,GetBoardPanel/0,false,37,1,2,1,1,2,0,4,1,0,0,0,0,0,0,1,0,0,0,0,1,0,1,0,0,0,19,9,0,true
E:\OOD\main\Ludo_Pro4-main\Ludo_Pro4-main\src\GUI\BoardPanel.java,GUI.BoardPanel,"DrawPiece/4[java.awt.Graphics2D,int,int[][],int]",false,274,2,4,1,3,1,3,8,0,1,4,3,3,1,0,0,0,0,0,8,2,12,0,0,0,0,33,2,0,true
E:\OOD\main\Ludo_Pro4-main\Ludo_Pro4-main\src\GUI\BoardPanel.java,GUI.BoardPanel,DrawSmallRectangles/1[java.awt.Graphics2D],false,119,1,3,1,2,2,2,6,0,1,1,2,2,3,1,0,0,0,0,2,1,0,1,0,0,0,23,2,0,true
E:\OOD\main\Ludo_Pro4-main\Ludo_Pro4-main\src\GUI\BoardPanel.java,GUI.BoardPanel,"SetPaint/2[java.awt.Graphics2D,int]",false,291,0,5,5,0,5,1,16,0,0,2,1,0,0,0,0,0,0,0,16,0,0,1,0,0,0,27,2,0,true
E:\OOD\main\Ludo_Pro4-main\Ludo_Pro4-main\src\GUI\BoardPanel.java,GUI.BoardPanel,DrawPlayersGamePieces/1[java.awt.Graphics2D],false,254,1,2,1,1,4,2,10,0,2,1,2,1,2,2,1,0,0,0,4,2,0,3,0,0,0,30,2,0,true
E:\OOD\main\Ludo_Pro4-main\Ludo_Pro4-main\src\GUI\BoardPanel.java,GUI.BoardPanel,notify/1[interfaces.ObservadoIF],false,337,2,1,0,1,1,3,5,0,0,1,3,0,0,0,0,0,0,0,1,1,0,0,0,0,0,8,1,0,false
E:\OOD\main\Ludo_Pro4-main\Ludo_Pro4-main\src\GUI\BoardPanel.java,GUI.BoardPanel,DrawAllLines/1[java.awt.Graphics2D],false,89,0,1,1,0,3,2,7,0,3,1,2,0,0,2,0,0,0,0,4,3,2,2,0,0,0,16,2,0,true
E:\OOD\main\Ludo_Pro4-main\Ludo_Pro4-main\src\GUI\BoardPanel.java,GUI.BoardPanel,"DrawArrow/4[java.awt.Graphics2D,int,int,int]",false,160,0,1,1,0,5,3,28,0,4,4,3,0,0,0,0,0,0,0,8,4,38,1,0,0,0,31,2,0,true
E:\OOD\main\Ludo_Pro4-main\Ludo_Pro4-main\src\GUI\BoardPanel.java,GUI.BoardPanel,"FillAndDrawBlackLine/2[java.awt.Graphics2D,java.awt.Shape]",false,329,0,6,6,0,1,3,5,0,0,2,3,0,0,0,0,0,0,0,0,0,0,0,0,0,0,29,2,0,true
E:\OOD\main\Ludo_Pro4-main\Ludo_Pro4-main\src\GUI\BoardPanel.java,GUI.BoardPanel,BoardPanel/0,true,45,2,4,1,3,1,3,7,0,0,0,3,1,1,0,0,0,0,0,2,3,2,0,0,0,0,5,2,0,false
E:\OOD\main\Ludo_Pro4-main\Ludo_Pro4-main\src\GUI\BoardPanel.java,GUI.BoardPanel,SetProperties/0,false,57,1,2,1,1,1,8,8,0,0,0,8,0,0,0,0,0,0,0,0,0,0,0,0,0,0,12,2,0,true
E:\OOD\main\Ludo_Pro4-main\Ludo_Pro4-main\src\GUI\BoardPanel.java,GUI.BoardPanel,paintComponent/1[java.awt.Graphics],false,72,1,6,0,6,1,7,10,0,1,1,7,6,9,0,0,0,0,0,0,1,0,0,0,0,0,33,1,0,true
E:\OOD\main\Ludo_Pro4-main\Ludo_Pro4-main\src\GUI\BoardPanel.java,GUI.BoardPanel,"DrawSmallRectanglesFirstFive/2[java.awt.Graphics2D,int]",false,196,2,3,1,2,2,2,8,0,3,2,2,2,1,1,0,0,2,0,10,3,10,1,0,0,0,31,2,0,true
E:\OOD\main\Ludo_Pro4-main\Ludo_Pro4-main\src\Client\Client.java,Client.Client$Anonymous1,run/0,false,81,2,13,0,13,11,17,43,0,3,0,17,0,0,5,2,2,0,7,2,4,0,4,0,0,0,14,1,0,false
E:\OOD\main\Ludo_Pro4-main\Ludo_Pro4-main\src\Server\Player.java,Server.Player,getSocket/0,false,20,0,2,2,0,1,0,3,1,0,0,0,0,0,0,0,0,0,0,0,0,0,0,0,0,0,3,1,0,false
E:\OOD\main\Ludo_Pro4-main\Ludo_Pro4-main\src\Server\Player.java,Server.Player,"Player/2[java.lang.String,java.net.Socket]",true,10,0,1,1,0,1,0,4,0,0,2,0,0,0,0,0,0,0,0,0,2,0,0,0,0,0,3,1,0,false
E:\OOD\main\Ludo_Pro4-main\Ludo_Pro4-main\src\Server\Player.java,Server.Player,getNickname/0,false,16,0,2,2,0,1,0,3,1,0,0,0,0,0,0,0,0,0,0,0,0,0,0,0,0,0,3,1,0,false
E:\OOD\main\Ludo_Pro4-main\Ludo_Pro4-main\src\GUI\ButtonsPanel.java,GUI.ButtonsPanel$Anonymous1,actionPerformed/1[java.awt.event.ActionEvent],false,144,0,2,0,2,1,1,11,0,1,1,1,0,0,0,0,0,0,0,0,1,0,0,1,0,0,9,1,0,false
E:\OOD\main\Ludo_Pro4-main\Ludo_Pro4-main\src\GUI\ButtonsPanel.java,GUI.ButtonsPanel$Anonymous4,actionPerformed/1[java.awt.event.ActionEvent],false,172,0,2,0,2,1,2,4,0,0,1,2,0,0,0,0,0,0,0,0,0,0,0,0,0,0,7,1,0,false
E:\OOD\main\Ludo_Pro4-main\Ludo_Pro4-main\src\GUI\ButtonsPanel.java,GUI.ButtonsPanel$Anonymous3,actionPerformed/1[java.awt.event.ActionEvent],false,160,1,2,0,2,1,3,5,0,0,1,3,0,0,0,0,0,0,0,0,0,0,0,0,0,0,7,1,0,false
E:\OOD\main\Ludo_Pro4-main\Ludo_Pro4-main\src\interfaces\ObservadorIF.java,interfaces.ObservadorIF,notify/1[interfaces.ObservadoIF],false,5,1,9,9,0,1,0,1,0,0,1,0,0,0,0,0,0,0,0,0,0,0,0,0,0,0,5,0,0,false
E:\OOD\main\Ludo_Pro4-main\Ludo_Pro4-main\src\Server\Server.java,Server.Server$Anonymous1,run/0,false,59,1,13,0,13,3,6,13,0,1,0,6,0,0,1,0,1,0,2,0,1,1,2,0,0,0,20,1,0,false
E:\OOD\main\Ludo_Pro4-main\Ludo_Pro4-main\src\Server\Server.java,Server.Server$Anonymous2,run/0,false,93,1,13,0,13,9,14,41,0,5,0,14,0,0,2,0,1,0,8,1,7,1,6,0,0,0,23,1,2,false
E:\OOD\main\Ludo_Pro4-main\Ludo_Pro4-main\src\Server\Lobby.java,Server.Lobby,getNumberOfPlayers/0,false,37,0,0,0,0,1,0,3,1,0,0,0,0,0,0,0,0,0,0,0,0,0,0,0,0,0,12,1,0,true
E:\OOD\main\Ludo_Pro4-main\Ludo_Pro4-main\src\Server\Lobby.java,Server.Lobby,startGame/0,false,74,1,2,1,1,4,5,21,0,4,0,5,0,0,1,1,1,0,3,2,6,1,3,0,0,0,30,1,0,true
E:\OOD\main\Ludo_Pro4-main\Ludo_Pro4-main\src\Server\Lobby.java,Server.Lobby,"addPlayer/2[java.lang.String,java.net.Socket]",false,48,1,3,1,2,5,2,15,2,1,2,2,0,0,1,3,0,0,0,5,4,0,3,0,0,0,25,1,0,true
E:\OOD\main\Ludo_Pro4-main\Ludo_Pro4-main\src\Server\Lobby.java,Server.Lobby,getIsFull/0,false,28,0,1,1,0,1,0,3,1,0,0,0,0,0,0,0,0,0,0,0,0,0,0,0,0,0,12,1,0,true
E:\OOD\main\Ludo_Pro4-main\Ludo_Pro4-main\src\Server\Lobby.java,Server.Lobby,"sendToAllPlayers/2[java.lang.String,java.lang.String]",false,106,1,3,1,2,6,7,25,0,3,2,7,0,0,1,3,1,0,2,5,6,1,4,0,0,0,36,1,0,true
E:\OOD\main\Ludo_Pro4-main\Ludo_Pro4-main\src\Server\Lobby.java,Server.Lobby,Lobby/0,true,17,1,2,2,0,1,0,5,0,0,0,0,0,0,0,0,0,0,0,2,3,0,0,0,0,0,8,1,0,false
E:\OOD\main\Ludo_Pro4-main\Ludo_Pro4-main\src\Client\ClientFrame.java,Client.ClientFrame,actionPerformed/1[java.awt.event.ActionEvent],false,60,1,2,0,2,2,6,10,0,0,1,6,0,0,0,1,0,0,1,1,1,1,1,0,0,0,9,1,0,false
E:\OOD\main\Ludo_Pro4-main\Ludo_Pro4-main\src\Client\ClientFrame.java,Client.ClientFrame,receivedNicknameAvaiable/0,false,75,0,0,0,0,1,3,5,0,0,0,3,0,0,0,0,0,0,1,2,0,1,0,0,0,0,4,1,0,false
E:\OOD\main\Ludo_Pro4-main\Ludo_Pro4-main\src\Client\ClientFrame.java,Client.ClientFrame,ClientFrame/1[java.lang.String],true,18,1,3,1,2,1,9,18,0,0,1,9,0,0,0,0,0,0,2,12,4,0,0,0,0,0,20,1,0,false
E:\OOD\main\Ludo_Pro4-main\Ludo_Pro4-main\src\Client\ClientFrame.java,Client.ClientFrame,receivedGameStart/0,false,91,1,1,0,1,1,2,4,0,0,0,2,0,0,0,0,0,0,0,0,0,0,0,0,0,0,4,1,0,false
E:\OOD\main\Ludo_Pro4-main\Ludo_Pro4-main\src\Client\ClientFrame.java,Client.ClientFrame,getInstance/0,false,49,1,2,1,1,2,0,6,1,0,0,0,0,0,0,1,0,0,1,0,1,0,1,0,0,0,19,9,0,true
E:\OOD\main\Ludo_Pro4-main\Ludo_Pro4-main\src\Client\ClientFrame.java,Client.ClientFrame,receivedNicknameUnavaiable/0,false,84,0,0,0,0,1,1,3,0,0,0,1,0,0,0,0,0,0,0,0,0,0,0,0,0,0,4,1,0,false
