file,class,method,variable,usage
E:\OOD\main\Ludo_Pro4-main\Ludo_Pro4-main\src\GUI\ButtonsPanel.java,GUI.ButtonsPanel,RefreshDado/1[int],e,0
E:\OOD\main\Ludo_Pro4-main\Ludo_Pro4-main\src\GUI\ButtonsPanel.java,GUI.ButtonsPanel,RefreshDado/1[int],diceValue,3
E:\OOD\main\Ludo_Pro4-main\Ludo_Pro4-main\src\GUI\ButtonsPanel.java,GUI.ButtonsPanel,SetButtons/0,jb,3
E:\OOD\main\Ludo_Pro4-main\Ludo_Pro4-main\src\GUI\ButtonsPanel.java,GUI.ButtonsPanel,SetButtons/0,i,2
E:\OOD\main\Ludo_Pro4-main\Ludo_Pro4-main\src\GUI\ButtonsPanel.java,GUI.ButtonsPanel,SetLabels/0,jl,4
E:\OOD\main\Ludo_Pro4-main\Ludo_Pro4-main\src\GUI\ButtonsPanel.java,GUI.ButtonsPanel,notify/1[interfaces.ObservadoIF],observado,5
E:\OOD\main\Ludo_Pro4-main\Ludo_Pro4-main\src\GUI\ButtonsPanel.java,GUI.ButtonsPanel,notify/1[interfaces.ObservadoIF],diceValue,1
E:\OOD\main\Ludo_Pro4-main\Ludo_Pro4-main\src\GUI\ButtonsPanel.java,GUI.ButtonsPanel,notify/1[interfaces.ObservadoIF],currentStateText,1
E:\OOD\main\Ludo_Pro4-main\Ludo_Pro4-main\src\GUI\ButtonsPanel.java,GUI.ButtonsPanel,notify/1[interfaces.ObservadoIF],foreground,1
E:\OOD\main\Ludo_Pro4-main\Ludo_Pro4-main\src\GUI\ButtonsPanel.java,GUI.ButtonsPanel,notify/1[interfaces.ObservadoIF],lancarDadoEnabled,1
E:\OOD\main\Ludo_Pro4-main\Ludo_Pro4-main\src\GUI\ButtonsPanel.java,GUI.ButtonsPanel,notify/1[interfaces.ObservadoIF],currentPlayerText,1
E:\OOD\main\Ludo_Pro4-main\Ludo_Pro4-main\src\GUI\ButtonsPanel.java,GUI.ButtonsPanel,GetDadoImageByNumber/1[int],n,1
E:\OOD\main\Ludo_Pro4-main\Ludo_Pro4-main\src\Server\Server.java,Server.Server,threadAcceptClients/1[java.net.ServerSocket],acceptClients,1
E:\OOD\main\Ludo_Pro4-main\Ludo_Pro4-main\src\Server\Server.java,Server.Server,threadAcceptClients/1[java.net.ServerSocket],server,0
E:\OOD\main\Ludo_Pro4-main\Ludo_Pro4-main\src\Server\Server.java,Server.Server,runServer/0,server,2
E:\OOD\main\Ludo_Pro4-main\Ludo_Pro4-main\src\Server\Server.java,Server.Server,runServer/0,e,1
E:\OOD\main\Ludo_Pro4-main\Ludo_Pro4-main\src\Server\Server.java,Server.Server,threadListenNewClient/1[java.net.Socket],newClient,0
E:\OOD\main\Ludo_Pro4-main\Ludo_Pro4-main\src\Server\Server.java,Server.Server,threadListenNewClient/1[java.net.Socket],listenClient,1
E:\OOD\main\Ludo_Pro4-main\Ludo_Pro4-main\src\Validaciones\GameFrame.java,Validaciones.GameFrame,SetLancarDadoEnabled/1[boolean],trueorfalse,1
E:\OOD\main\Ludo_Pro4-main\Ludo_Pro4-main\src\Validaciones\GameFrame.java,Validaciones.GameFrame,SetLancarDadoEnabled/1[boolean],li,2
E:\OOD\main\Ludo_Pro4-main\Ludo_Pro4-main\src\Validaciones\GameFrame.java,Validaciones.GameFrame,add/1[interfaces.ObservadorIF],observador,1
E:\OOD\main\Ludo_Pro4-main\Ludo_Pro4-main\src\Validaciones\GameFrame.java,Validaciones.GameFrame,notify/1[interfaces.ObservadoIF],observado,0
E:\OOD\main\Ludo_Pro4-main\Ludo_Pro4-main\src\Validaciones\GameFrame.java,Validaciones.GameFrame,notify/1[interfaces.ObservadoIF],li,2
E:\OOD\main\Ludo_Pro4-main\Ludo_Pro4-main\src\Validaciones\GameFrame.java,Validaciones.GameFrame,remove/1[interfaces.ObservadorIF],observador,1
E:\OOD\main\Ludo_Pro4-main\Ludo_Pro4-main\src\Validaciones\GameFrame.java,Validaciones.GameFrame,get/1[int],i,6
E:\OOD\main\Ludo_Pro4-main\Ludo_Pro4-main\src\Validaciones\GameFrame.java,Validaciones.GameFrame,MouseClicked/1[java.awt.event.MouseEvent],e,1
E:\OOD\main\Ludo_Pro4-main\Ludo_Pro4-main\src\Client\main.java,Client.main,main/1[java.lang.String[]],args,0
E:\OOD\main\Ludo_Pro4-main\Ludo_Pro4-main\src\Client\main.java,Client.main,main/1[java.lang.String[]],screen,2
E:\OOD\main\Ludo_Pro4-main\Ludo_Pro4-main\src\Client\main.java,Client.main,main/1[java.lang.String[]],client,1
E:\OOD\main\Ludo_Pro4-main\Ludo_Pro4-main\src\Client\Client.java,Client.Client,sendMessage/1[java.lang.String],e,0
E:\OOD\main\Ludo_Pro4-main\Ludo_Pro4-main\src\Client\Client.java,Client.Client,sendMessage/1[java.lang.String],message,1
E:\OOD\main\Ludo_Pro4-main\Ludo_Pro4-main\src\Client\Client.java,Client.Client,addObserver/1[Client.ObserverLobby],o,1
E:\OOD\main\Ludo_Pro4-main\Ludo_Pro4-main\src\Client\Client.java,Client.Client,closeClient/0,e,0
E:\OOD\main\Ludo_Pro4-main\Ludo_Pro4-main\src\Client\Client.java,Client.Client,notifyObserver/1[Client.ObserverLobby],o,0
E:\OOD\main\Ludo_Pro4-main\Ludo_Pro4-main\src\Client\Client.java,Client.Client,threadMessages/1[java.net.Socket],server,1
E:\OOD\main\Ludo_Pro4-main\Ludo_Pro4-main\src\Client\Client.java,Client.Client,threadMessages/1[java.net.Socket],scanner,1
E:\OOD\main\Ludo_Pro4-main\Ludo_Pro4-main\src\Client\Client.java,Client.Client,threadMessages/1[java.net.Socket],e2,1
E:\OOD\main\Ludo_Pro4-main\Ludo_Pro4-main\src\Client\Client.java,Client.Client,threadMessages/1[java.net.Socket],messageThread,1
E:\OOD\main\Ludo_Pro4-main\Ludo_Pro4-main\src\Client\Client.java,Client.Client,notifyObserver/1[Client.ObserverGame],o,0
E:\OOD\main\Ludo_Pro4-main\Ludo_Pro4-main\src\Client\Client.java,Client.Client,removeObserver/1[Client.ObserverGame],o,0
E:\OOD\main\Ludo_Pro4-main\Ludo_Pro4-main\src\Client\Client.java,Client.Client,removeObserver/1[Client.ObserverLobby],o,0
E:\OOD\main\Ludo_Pro4-main\Ludo_Pro4-main\src\Client\Client.java,Client.Client,startClient/0,e,1
E:\OOD\main\Ludo_Pro4-main\Ludo_Pro4-main\src\Client\Client.java,Client.Client,addObserver/1[Client.ObserverGame],o,1
E:\OOD\main\Ludo_Pro4-main\Ludo_Pro4-main\src\Client\ObservableGame.java,Client.ObservableGame,notifyObserver/1[Client.ObserverGame],o,0
E:\OOD\main\Ludo_Pro4-main\Ludo_Pro4-main\src\Client\ObservableGame.java,Client.ObservableGame,removeObserver/1[Client.ObserverGame],o,0
E:\OOD\main\Ludo_Pro4-main\Ludo_Pro4-main\src\Client\ObservableGame.java,Client.ObservableGame,addObserver/1[Client.ObserverGame],o,0
E:\OOD\main\Ludo_Pro4-main\Ludo_Pro4-main\src\Server\MainServer.java,Server.MainServer,main/1[java.lang.String[]],args,0
E:\OOD\main\Ludo_Pro4-main\Ludo_Pro4-main\src\Server\MainServer.java,Server.MainServer,main/1[java.lang.String[]],server,1
E:\OOD\main\Ludo_Pro4-main\Ludo_Pro4-main\src\Client\ObservableLobby.java,Client.ObservableLobby,notifyObserver/1[Client.ObserverLobby],o,0
E:\OOD\main\Ludo_Pro4-main\Ludo_Pro4-main\src\Client\ObservableLobby.java,Client.ObservableLobby,addObserver/1[Client.ObserverLobby],o,0
E:\OOD\main\Ludo_Pro4-main\Ludo_Pro4-main\src\Client\ObservableLobby.java,Client.ObservableLobby,removeObserver/1[Client.ObserverLobby],o,0
E:\OOD\main\Ludo_Pro4-main\Ludo_Pro4-main\src\Validaciones\GetByColor.java,Validaciones.GetByColor,GetLastPieceMovedByColor/1[java.lang.String],color,1
E:\OOD\main\Ludo_Pro4-main\Ludo_Pro4-main\src\Validaciones\GetByColor.java,Validaciones.GetByColor,GetFirstHouseOfFinalRouteByColor/1[java.lang.String],color,1
E:\OOD\main\Ludo_Pro4-main\Ludo_Pro4-main\src\Validaciones\GetByColor.java,Validaciones.GetByColor,GetFirstHouseOfFinalRouteByColor/1[java.lang.String],blueFirstPlaceofFinalRoute,1
E:\OOD\main\Ludo_Pro4-main\Ludo_Pro4-main\src\Validaciones\GetByColor.java,Validaciones.GetByColor,GetFirstHouseOfFinalRouteByColor/1[java.lang.String],yellowFirstPlaceofFinalRoute,1
E:\OOD\main\Ludo_Pro4-main\Ludo_Pro4-main\src\Validaciones\GetByColor.java,Validaciones.GetByColor,GetFirstHouseOfFinalRouteByColor/1[java.lang.String],redFirstPlaceofFinalRoute,1
E:\OOD\main\Ludo_Pro4-main\Ludo_Pro4-main\src\Validaciones\GetByColor.java,Validaciones.GetByColor,GetFirstHouseOfFinalRouteByColor/1[java.lang.String],greenFirstPlaceofFinalRoute,1
E:\OOD\main\Ludo_Pro4-main\Ludo_Pro4-main\src\Validaciones\GetByColor.java,Validaciones.GetByColor,GetFinalHouseByColor/1[java.lang.String],color,1
E:\OOD\main\Ludo_Pro4-main\Ludo_Pro4-main\src\Validaciones\GetByColor.java,Validaciones.GetByColor,GetFinalHouseByColor/1[java.lang.String],greenFinalPlace,1
E:\OOD\main\Ludo_Pro4-main\Ludo_Pro4-main\src\Validaciones\GetByColor.java,Validaciones.GetByColor,GetFinalHouseByColor/1[java.lang.String],blueFinalPlace,1
E:\OOD\main\Ludo_Pro4-main\Ludo_Pro4-main\src\Validaciones\GetByColor.java,Validaciones.GetByColor,GetFinalHouseByColor/1[java.lang.String],redFinalPlace,1
E:\OOD\main\Ludo_Pro4-main\Ludo_Pro4-main\src\Validaciones\GetByColor.java,Validaciones.GetByColor,GetFinalHouseByColor/1[java.lang.String],yellowFinalPlace,1
E:\OOD\main\Ludo_Pro4-main\Ludo_Pro4-main\src\Validaciones\GetByColor.java,Validaciones.GetByColor,"StoreLastPieceMoved/2[java.lang.String,int]",color,1
E:\OOD\main\Ludo_Pro4-main\Ludo_Pro4-main\src\Validaciones\GetByColor.java,Validaciones.GetByColor,"StoreLastPieceMoved/2[java.lang.String,int]",newPlace,4
E:\OOD\main\Ludo_Pro4-main\Ludo_Pro4-main\src\Validaciones\GetByColor.java,Validaciones.GetByColor,GetStartPlacesByColor/1[java.lang.String],color,1
E:\OOD\main\Ludo_Pro4-main\Ludo_Pro4-main\src\Validaciones\GetByColor.java,Validaciones.GetByColor,GetCoordinatesOfEndPlaceByColor/1[java.lang.String],color,1
E:\OOD\main\Ludo_Pro4-main\Ludo_Pro4-main\src\Validaciones\GetByColor.java,Validaciones.GetByColor,GetStartHouseByColor/1[java.lang.String],blueStartPlace,1
E:\OOD\main\Ludo_Pro4-main\Ludo_Pro4-main\src\Validaciones\GetByColor.java,Validaciones.GetByColor,GetStartHouseByColor/1[java.lang.String],color,1
E:\OOD\main\Ludo_Pro4-main\Ludo_Pro4-main\src\Validaciones\GetByColor.java,Validaciones.GetByColor,GetStartHouseByColor/1[java.lang.String],greenStartPlace,1
E:\OOD\main\Ludo_Pro4-main\Ludo_Pro4-main\src\Validaciones\GetByColor.java,Validaciones.GetByColor,GetStartHouseByColor/1[java.lang.String],redStartPlace,1
E:\OOD\main\Ludo_Pro4-main\Ludo_Pro4-main\src\Validaciones\GetByColor.java,Validaciones.GetByColor,GetStartHouseByColor/1[java.lang.String],yellowStartPlace,1
E:\OOD\main\Ludo_Pro4-main\Ludo_Pro4-main\src\GUI\BoardFrame.java,GUI.BoardFrame,SetBoundsAndLayout/0,screenSize,2
E:\OOD\main\Ludo_Pro4-main\Ludo_Pro4-main\src\GUI\BoardFrame.java,GUI.BoardFrame,SetBoundsAndLayout/0,tk,1
E:\OOD\main\Ludo_Pro4-main\Ludo_Pro4-main\src\GUI\BoardFrame.java,GUI.BoardFrame,SetBoundsAndLayout/0,x,1
E:\OOD\main\Ludo_Pro4-main\Ludo_Pro4-main\src\GUI\BoardFrame.java,GUI.BoardFrame,SetBoundsAndLayout/0,sl,1
E:\OOD\main\Ludo_Pro4-main\Ludo_Pro4-main\src\GUI\BoardFrame.java,GUI.BoardFrame,SetBoundsAndLayout/0,y,1
E:\OOD\main\Ludo_Pro4-main\Ludo_Pro4-main\src\GUI\BoardFrame.java,GUI.BoardFrame,SetBoundsAndLayout/0,sa,1
E:\OOD\main\Ludo_Pro4-main\Ludo_Pro4-main\src\GUI\BoardFrame.java,GUI.BoardFrame,receivedPlay/1[java.lang.String],play,1
E:\OOD\main\Ludo_Pro4-main\Ludo_Pro4-main\src\interfaces\ObservadoIF.java,interfaces.ObservadoIF,add/1[interfaces.ObservadorIF],observador,0
E:\OOD\main\Ludo_Pro4-main\Ludo_Pro4-main\src\interfaces\ObservadoIF.java,interfaces.ObservadoIF,remove/1[interfaces.ObservadorIF],observador,0
E:\OOD\main\Ludo_Pro4-main\Ludo_Pro4-main\src\interfaces\ObservadoIF.java,interfaces.ObservadoIF,get/1[int],i,0
E:\OOD\main\Ludo_Pro4-main\Ludo_Pro4-main\src\GUI\PanelMouseListener.java,GUI.PanelMouseListener,mouseClicked/1[java.awt.event.MouseEvent],e,1
E:\OOD\main\Ludo_Pro4-main\Ludo_Pro4-main\src\GUI\PanelMouseListener.java,GUI.PanelMouseListener,mouseEntered/1[java.awt.event.MouseEvent],e,0
E:\OOD\main\Ludo_Pro4-main\Ludo_Pro4-main\src\GUI\PanelMouseListener.java,GUI.PanelMouseListener,mousePressed/1[java.awt.event.MouseEvent],e,0
E:\OOD\main\Ludo_Pro4-main\Ludo_Pro4-main\src\GUI\PanelMouseListener.java,GUI.PanelMouseListener,mouseExited/1[java.awt.event.MouseEvent],e,0
E:\OOD\main\Ludo_Pro4-main\Ludo_Pro4-main\src\GUI\PanelMouseListener.java,GUI.PanelMouseListener,mouseReleased/1[java.awt.event.MouseEvent],e,0
E:\OOD\main\Ludo_Pro4-main\Ludo_Pro4-main\src\Client\ObserverGame.java,Client.ObserverGame,receivedPlay/1[java.lang.String],play,0
E:\OOD\main\Ludo_Pro4-main\Ludo_Pro4-main\src\Validaciones\Pieces.java,Validaciones.Pieces,SetBluePieces/1[int[][]],blue,2
E:\OOD\main\Ludo_Pro4-main\Ludo_Pro4-main\src\Validaciones\Pieces.java,Validaciones.Pieces,SetBluePieces/1[int[][]],li,2
E:\OOD\main\Ludo_Pro4-main\Ludo_Pro4-main\src\Validaciones\Pieces.java,Validaciones.Pieces,remove/1[interfaces.ObservadorIF],observador,1
E:\OOD\main\Ludo_Pro4-main\Ludo_Pro4-main\src\Validaciones\Pieces.java,Validaciones.Pieces,"MovePieces/2[int[][],java.lang.String]",color,1
E:\OOD\main\Ludo_Pro4-main\Ludo_Pro4-main\src\Validaciones\Pieces.java,Validaciones.Pieces,"MovePieces/2[int[][],java.lang.String]",newCoordinates,4
E:\OOD\main\Ludo_Pro4-main\Ludo_Pro4-main\src\Validaciones\Pieces.java,Validaciones.Pieces,SetAll/1[int[][][]],allpieces,4
E:\OOD\main\Ludo_Pro4-main\Ludo_Pro4-main\src\Validaciones\Pieces.java,Validaciones.Pieces,GetAll/0,all,5
E:\OOD\main\Ludo_Pro4-main\Ludo_Pro4-main\src\Validaciones\Pieces.java,Validaciones.Pieces,SetDictionary/0,temp,3
E:\OOD\main\Ludo_Pro4-main\Ludo_Pro4-main\src\Validaciones\Pieces.java,Validaciones.Pieces,SetDictionary/0,count,3
E:\OOD\main\Ludo_Pro4-main\Ludo_Pro4-main\src\Validaciones\Pieces.java,Validaciones.Pieces,SetDictionary/0,finalroute,1
E:\OOD\main\Ludo_Pro4-main\Ludo_Pro4-main\src\Validaciones\Pieces.java,Validaciones.Pieces,SetDictionary/0,temps,1
E:\OOD\main\Ludo_Pro4-main\Ludo_Pro4-main\src\Validaciones\Pieces.java,Validaciones.Pieces,SetYellowPieces/1[int[][]],yellow,2
E:\OOD\main\Ludo_Pro4-main\Ludo_Pro4-main\src\Validaciones\Pieces.java,Validaciones.Pieces,SetYellowPieces/1[int[][]],li,2
E:\OOD\main\Ludo_Pro4-main\Ludo_Pro4-main\src\Validaciones\Pieces.java,Validaciones.Pieces,Encode/1[int],temp,3
E:\OOD\main\Ludo_Pro4-main\Ludo_Pro4-main\src\Validaciones\Pieces.java,Validaciones.Pieces,Encode/1[int],place,2
E:\OOD\main\Ludo_Pro4-main\Ludo_Pro4-main\src\Validaciones\Pieces.java,Validaciones.Pieces,SetGreenPieces/1[int[][]],green,2
E:\OOD\main\Ludo_Pro4-main\Ludo_Pro4-main\src\Validaciones\Pieces.java,Validaciones.Pieces,SetGreenPieces/1[int[][]],li,2
E:\OOD\main\Ludo_Pro4-main\Ludo_Pro4-main\src\Validaciones\Pieces.java,Validaciones.Pieces,get/1[int],i,0
E:\OOD\main\Ludo_Pro4-main\Ludo_Pro4-main\src\Validaciones\Pieces.java,Validaciones.Pieces,GetEncodedPiecesFromColor/1[java.lang.String],color,1
E:\OOD\main\Ludo_Pro4-main\Ludo_Pro4-main\src\Validaciones\Pieces.java,Validaciones.Pieces,add/1[interfaces.ObservadorIF],observador,1
E:\OOD\main\Ludo_Pro4-main\Ludo_Pro4-main\src\Validaciones\Pieces.java,Validaciones.Pieces,SetRedPieces/1[int[][]],red,2
E:\OOD\main\Ludo_Pro4-main\Ludo_Pro4-main\src\Validaciones\Pieces.java,Validaciones.Pieces,SetRedPieces/1[int[][]],li,2
E:\OOD\main\Ludo_Pro4-main\Ludo_Pro4-main\src\Validaciones\Pieces.java,Validaciones.Pieces,Decode/1[int[]],entry,2
E:\OOD\main\Ludo_Pro4-main\Ludo_Pro4-main\src\Validaciones\Pieces.java,Validaciones.Pieces,Decode/1[int[]],toInt,2
E:\OOD\main\Ludo_Pro4-main\Ludo_Pro4-main\src\Validaciones\Pieces.java,Validaciones.Pieces,Decode/1[int[]],v,1
E:\OOD\main\Ludo_Pro4-main\Ludo_Pro4-main\src\Validaciones\Pieces.java,Validaciones.Pieces,Decode/1[int[]],count,1
E:\OOD\main\Ludo_Pro4-main\Ludo_Pro4-main\src\Validaciones\Pieces.java,Validaciones.Pieces,Decode/1[int[]],place,1
E:\OOD\main\Ludo_Pro4-main\Ludo_Pro4-main\src\Validaciones\Pieces.java,Validaciones.Pieces,Decode/1[int[]],value,2
E:\OOD\main\Ludo_Pro4-main\Ludo_Pro4-main\src\Validaciones\Pieces.java,Validaciones.Pieces,GetDecodedPiecesPlacesByColor/1[java.lang.String],decodedPieces,4
E:\OOD\main\Ludo_Pro4-main\Ludo_Pro4-main\src\Validaciones\Pieces.java,Validaciones.Pieces,GetDecodedPiecesPlacesByColor/1[java.lang.String],color,3
E:\OOD\main\Ludo_Pro4-main\Ludo_Pro4-main\src\Validaciones\Pieces.java,Validaciones.Pieces,GetDecodedPiecesPlacesByColor/1[java.lang.String],piece,3
E:\OOD\main\Ludo_Pro4-main\Ludo_Pro4-main\src\Validaciones\Pieces.java,Validaciones.Pieces,GetDecodedPiecesPlacesByColor/1[java.lang.String],encodedPieces,1
E:\OOD\main\Ludo_Pro4-main\Ludo_Pro4-main\src\Validaciones\Pieces.java,Validaciones.Pieces,GetDecodedPiecesPlacesByColor/1[java.lang.String],count,4
E:\OOD\main\Ludo_Pro4-main\Ludo_Pro4-main\src\Validaciones\Pieces.java,Validaciones.Pieces,GetDecodedPiecesPlacesByColor/1[java.lang.String],jogo,2
E:\OOD\main\Ludo_Pro4-main\Ludo_Pro4-main\src\Validaciones\Game.java,Validaciones.Game,ReturnLastPieceMovedToStart/1[java.lang.String],color,2
E:\OOD\main\Ludo_Pro4-main\Ludo_Pro4-main\src\Validaciones\Game.java,Validaciones.Game,ReturnLastPieceMovedToStart/1[java.lang.String],lastmoved,2
E:\OOD\main\Ludo_Pro4-main\Ludo_Pro4-main\src\Validaciones\Game.java,Validaciones.Game,"AlreadyTwoPiecesInDestinationHouse/2[java.lang.String,int]",color,1
E:\OOD\main\Ludo_Pro4-main\Ludo_Pro4-main\src\Validaciones\Game.java,Validaciones.Game,"AlreadyTwoPiecesInDestinationHouse/2[java.lang.String,int]",destination,3
E:\OOD\main\Ludo_Pro4-main\Ludo_Pro4-main\src\Validaciones\Game.java,Validaciones.Game,"GetNewCoordinates/4[java.lang.String,int,int,int[][]]",pieces,9
E:\OOD\main\Ludo_Pro4-main\Ludo_Pro4-main\src\Validaciones\Game.java,Validaciones.Game,"GetNewCoordinates/4[java.lang.String,int,int,int[][]]",color,3
E:\OOD\main\Ludo_Pro4-main\Ludo_Pro4-main\src\Validaciones\Game.java,Validaciones.Game,"GetNewCoordinates/4[java.lang.String,int,int,int[][]]",newCoordinates,5
E:\OOD\main\Ludo_Pro4-main\Ludo_Pro4-main\src\Validaciones\Game.java,Validaciones.Game,"GetNewCoordinates/4[java.lang.String,int,int,int[][]]",newPlace,4
E:\OOD\main\Ludo_Pro4-main\Ludo_Pro4-main\src\Validaciones\Game.java,Validaciones.Game,"GetNewCoordinates/4[java.lang.String,int,int,int[][]]",currentPlace,4
E:\OOD\main\Ludo_Pro4-main\Ludo_Pro4-main\src\Validaciones\Game.java,Validaciones.Game,SetWaitingForPlayer/1[boolean],waiting,1
E:\OOD\main\Ludo_Pro4-main\Ludo_Pro4-main\src\Validaciones\Game.java,Validaciones.Game,"MovePieceFromCurrentToNew/3[java.lang.String,int,int]",pieces,3
E:\OOD\main\Ludo_Pro4-main\Ludo_Pro4-main\src\Validaciones\Game.java,Validaciones.Game,"MovePieceFromCurrentToNew/3[java.lang.String,int,int]",color,4
E:\OOD\main\Ludo_Pro4-main\Ludo_Pro4-main\src\Validaciones\Game.java,Validaciones.Game,"MovePieceFromCurrentToNew/3[java.lang.String,int,int]",newCoordinates,1
E:\OOD\main\Ludo_Pro4-main\Ludo_Pro4-main\src\Validaciones\Game.java,Validaciones.Game,"MovePieceFromCurrentToNew/3[java.lang.String,int,int]",newPlace,2
E:\OOD\main\Ludo_Pro4-main\Ludo_Pro4-main\src\Validaciones\Game.java,Validaciones.Game,"MovePieceFromCurrentToNew/3[java.lang.String,int,int]",currentPlace,1
E:\OOD\main\Ludo_Pro4-main\Ludo_Pro4-main\src\Validaciones\Game.java,Validaciones.Game,WaitForPlayerMovement/1[java.lang.String],color,0
E:\OOD\main\Ludo_Pro4-main\Ludo_Pro4-main\src\Validaciones\Game.java,Validaciones.Game,MovePiece/0,color,2
E:\OOD\main\Ludo_Pro4-main\Ludo_Pro4-main\src\Validaciones\Game.java,Validaciones.Game,add/1[interfaces.ObservadorIF],observador,1
E:\OOD\main\Ludo_Pro4-main\Ludo_Pro4-main\src\Validaciones\Game.java,Validaciones.Game,GetAllOtherPieces/1[java.lang.String],otherPieces,2
E:\OOD\main\Ludo_Pro4-main\Ludo_Pro4-main\src\Validaciones\Game.java,Validaciones.Game,GetAllOtherPieces/1[java.lang.String],pieces,2
E:\OOD\main\Ludo_Pro4-main\Ludo_Pro4-main\src\Validaciones\Game.java,Validaciones.Game,GetAllOtherPieces/1[java.lang.String],color,1
E:\OOD\main\Ludo_Pro4-main\Ludo_Pro4-main\src\Validaciones\Game.java,Validaciones.Game,GetAllOtherPieces/1[java.lang.String],coulor,1
E:\OOD\main\Ludo_Pro4-main\Ludo_Pro4-main\src\Validaciones\Game.java,Validaciones.Game,GetAllOtherPieces/1[java.lang.String],count,1
E:\OOD\main\Ludo_Pro4-main\Ludo_Pro4-main\src\Validaciones\Game.java,Validaciones.Game,GetAllOtherPieces/1[java.lang.String],otherColors,1
E:\OOD\main\Ludo_Pro4-main\Ludo_Pro4-main\src\Validaciones\Game.java,Validaciones.Game,IsThereAPieceInStart/1[java.lang.String],color,1
E:\OOD\main\Ludo_Pro4-main\Ludo_Pro4-main\src\Validaciones\Game.java,Validaciones.Game,IsThereAPieceInStart/1[java.lang.String],piece,1
E:\OOD\main\Ludo_Pro4-main\Ludo_Pro4-main\src\Validaciones\Game.java,Validaciones.Game,IsThereAPieceInStart/1[java.lang.String],piecesPlaces,1
E:\OOD\main\Ludo_Pro4-main\Ludo_Pro4-main\src\Validaciones\Game.java,Validaciones.Game,IsInShelter/1[int],piece,8
E:\OOD\main\Ludo_Pro4-main\Ludo_Pro4-main\src\Validaciones\Game.java,Validaciones.Game,"MoveToEndPlace/2[int,java.lang.String]",decodedPiece,1
E:\OOD\main\Ludo_Pro4-main\Ludo_Pro4-main\src\Validaciones\Game.java,Validaciones.Game,"MoveToEndPlace/2[int,java.lang.String]",color,2
E:\OOD\main\Ludo_Pro4-main\Ludo_Pro4-main\src\Validaciones\Game.java,Validaciones.Game,SetCurrentState/1[int],current,1
E:\OOD\main\Ludo_Pro4-main\Ludo_Pro4-main\src\Validaciones\Game.java,Validaciones.Game,SetCurrentState/1[int],li,2
E:\OOD\main\Ludo_Pro4-main\Ludo_Pro4-main\src\Validaciones\Game.java,Validaciones.Game,GetPoints/0,pieces,2
E:\OOD\main\Ludo_Pro4-main\Ludo_Pro4-main\src\Validaciones\Game.java,Validaciones.Game,GetPoints/0,count2,1
E:\OOD\main\Ludo_Pro4-main\Ludo_Pro4-main\src\Validaciones\Game.java,Validaciones.Game,GetPoints/0,walked,1
E:\OOD\main\Ludo_Pro4-main\Ludo_Pro4-main\src\Validaciones\Game.java,Validaciones.Game,GetPoints/0,distsum,2
E:\OOD\main\Ludo_Pro4-main\Ludo_Pro4-main\src\Validaciones\Game.java,Validaciones.Game,GetPoints/0,color,2
E:\OOD\main\Ludo_Pro4-main\Ludo_Pro4-main\src\Validaciones\Game.java,Validaciones.Game,GetPoints/0,piece,4
E:\OOD\main\Ludo_Pro4-main\Ludo_Pro4-main\src\Validaciones\Game.java,Validaciones.Game,GetPoints/0,distssum,5
E:\OOD\main\Ludo_Pro4-main\Ludo_Pro4-main\src\Validaciones\Game.java,Validaciones.Game,GetPoints/0,count,5
E:\OOD\main\Ludo_Pro4-main\Ludo_Pro4-main\src\Validaciones\Game.java,Validaciones.Game,GetPoints/0,dist,1
E:\OOD\main\Ludo_Pro4-main\Ludo_Pro4-main\src\Validaciones\Game.java,Validaciones.Game,GetPoints/0,allcolors,1
E:\OOD\main\Ludo_Pro4-main\Ludo_Pro4-main\src\Validaciones\Game.java,Validaciones.Game,GetPoints/0,newstr,1
E:\OOD\main\Ludo_Pro4-main\Ludo_Pro4-main\src\Validaciones\Game.java,Validaciones.Game,GetPoints/0,dists,5
E:\OOD\main\Ludo_Pro4-main\Ludo_Pro4-main\src\Validaciones\Game.java,Validaciones.Game,"IsBlocked/2[int,java.lang.String]",newHouse,2
E:\OOD\main\Ludo_Pro4-main\Ludo_Pro4-main\src\Validaciones\Game.java,Validaciones.Game,"IsBlocked/2[int,java.lang.String]",color,2
E:\OOD\main\Ludo_Pro4-main\Ludo_Pro4-main\src\Validaciones\Game.java,Validaciones.Game,"IsBlocked/2[int,java.lang.String]",piece,4
E:\OOD\main\Ludo_Pro4-main\Ludo_Pro4-main\src\Validaciones\Game.java,Validaciones.Game,"SetNewCoordinatesForPieceMovingToStart/3[int[],int[][],java.lang.String]",pieces,5
E:\OOD\main\Ludo_Pro4-main\Ludo_Pro4-main\src\Validaciones\Game.java,Validaciones.Game,"SetNewCoordinatesForPieceMovingToStart/3[int[],int[][],java.lang.String]",color,1
E:\OOD\main\Ludo_Pro4-main\Ludo_Pro4-main\src\Validaciones\Game.java,Validaciones.Game,"SetNewCoordinatesForPieceMovingToStart/3[int[],int[][],java.lang.String]",currentPlace,1
E:\OOD\main\Ludo_Pro4-main\Ludo_Pro4-main\src\Validaciones\Game.java,Validaciones.Game,"SetNewCoordinatesForPieceMovingToStart/3[int[],int[][],java.lang.String]",i,4
E:\OOD\main\Ludo_Pro4-main\Ludo_Pro4-main\src\Validaciones\Game.java,Validaciones.Game,RollDado/0,i,3
E:\OOD\main\Ludo_Pro4-main\Ludo_Pro4-main\src\Validaciones\Game.java,Validaciones.Game,AlreadyTwoPiecesOfAnyColorInDestinationHouse/1[int],allpieces,1
E:\OOD\main\Ludo_Pro4-main\Ludo_Pro4-main\src\Validaciones\Game.java,Validaciones.Game,AlreadyTwoPiecesOfAnyColorInDestinationHouse/1[int],piece,1
E:\OOD\main\Ludo_Pro4-main\Ludo_Pro4-main\src\Validaciones\Game.java,Validaciones.Game,AlreadyTwoPiecesOfAnyColorInDestinationHouse/1[int],destination,1
E:\OOD\main\Ludo_Pro4-main\Ludo_Pro4-main\src\Validaciones\Game.java,Validaciones.Game,AlreadyTwoPiecesOfAnyColorInDestinationHouse/1[int],count,2
E:\OOD\main\Ludo_Pro4-main\Ludo_Pro4-main\src\Validaciones\Game.java,Validaciones.Game,GetAllOtherColors/1[java.lang.String],color,1
E:\OOD\main\Ludo_Pro4-main\Ludo_Pro4-main\src\Validaciones\Game.java,Validaciones.Game,GetAllOtherColors/1[java.lang.String],coulor,2
E:\OOD\main\Ludo_Pro4-main\Ludo_Pro4-main\src\Validaciones\Game.java,Validaciones.Game,GetAllOtherColors/1[java.lang.String],count,1
E:\OOD\main\Ludo_Pro4-main\Ludo_Pro4-main\src\Validaciones\Game.java,Validaciones.Game,GetAllOtherColors/1[java.lang.String],allcolors,1
E:\OOD\main\Ludo_Pro4-main\Ludo_Pro4-main\src\Validaciones\Game.java,Validaciones.Game,GetAllOtherColors/1[java.lang.String],otherColors,2
E:\OOD\main\Ludo_Pro4-main\Ludo_Pro4-main\src\Validaciones\Game.java,Validaciones.Game,CanMove/1[java.lang.String],color,6
E:\OOD\main\Ludo_Pro4-main\Ludo_Pro4-main\src\Validaciones\Game.java,Validaciones.Game,remove/1[interfaces.ObservadorIF],observador,1
E:\OOD\main\Ludo_Pro4-main\Ludo_Pro4-main\src\Validaciones\Game.java,Validaciones.Game,SetDadoValue/1[int],value,1
E:\OOD\main\Ludo_Pro4-main\Ludo_Pro4-main\src\Validaciones\Game.java,Validaciones.Game,SetDadoValue/1[int],li,2
E:\OOD\main\Ludo_Pro4-main\Ludo_Pro4-main\src\Validaciones\Game.java,Validaciones.Game,AllPiecesAreEnded/1[java.lang.String],color,1
E:\OOD\main\Ludo_Pro4-main\Ludo_Pro4-main\src\Validaciones\Game.java,Validaciones.Game,AllPiecesAreEnded/1[java.lang.String],piece,1
E:\OOD\main\Ludo_Pro4-main\Ludo_Pro4-main\src\Validaciones\Game.java,Validaciones.Game,AllPiecesAreEnded/1[java.lang.String],piecesPlaces,1
E:\OOD\main\Ludo_Pro4-main\Ludo_Pro4-main\src\Validaciones\Game.java,Validaciones.Game,NextPlayer/0,e,0
E:\OOD\main\Ludo_Pro4-main\Ludo_Pro4-main\src\Validaciones\Game.java,Validaciones.Game,MovePieceFromStartPlaceToStartHouse/1[java.lang.String],color,2
E:\OOD\main\Ludo_Pro4-main\Ludo_Pro4-main\src\Validaciones\Game.java,Validaciones.Game,MovePieceFromStartPlaceToStartHouse/1[java.lang.String],startHouse,1
E:\OOD\main\Ludo_Pro4-main\Ludo_Pro4-main\src\Validaciones\Game.java,Validaciones.Game,"AlreadyTwoPiecesOfPlayerInDestinationHouse/2[java.lang.String,int]",pieces,2
E:\OOD\main\Ludo_Pro4-main\Ludo_Pro4-main\src\Validaciones\Game.java,Validaciones.Game,"AlreadyTwoPiecesOfPlayerInDestinationHouse/2[java.lang.String,int]",color,1
E:\OOD\main\Ludo_Pro4-main\Ludo_Pro4-main\src\Validaciones\Game.java,Validaciones.Game,"AlreadyTwoPiecesOfPlayerInDestinationHouse/2[java.lang.String,int]",piece,1
E:\OOD\main\Ludo_Pro4-main\Ludo_Pro4-main\src\Validaciones\Game.java,Validaciones.Game,"AlreadyTwoPiecesOfPlayerInDestinationHouse/2[java.lang.String,int]",destination,1
E:\OOD\main\Ludo_Pro4-main\Ludo_Pro4-main\src\Validaciones\Game.java,Validaciones.Game,"AlreadyTwoPiecesOfPlayerInDestinationHouse/2[java.lang.String,int]",count,2
E:\OOD\main\Ludo_Pro4-main\Ludo_Pro4-main\src\Validaciones\Game.java,Validaciones.Game,"GetCoordinatesOfFirstStartPlaceWithoutAPiece/2[java.lang.String,int[][]]",pieces,2
E:\OOD\main\Ludo_Pro4-main\Ludo_Pro4-main\src\Validaciones\Game.java,Validaciones.Game,"GetCoordinatesOfFirstStartPlaceWithoutAPiece/2[java.lang.String,int[][]]",flag,3
E:\OOD\main\Ludo_Pro4-main\Ludo_Pro4-main\src\Validaciones\Game.java,Validaciones.Game,"GetCoordinatesOfFirstStartPlaceWithoutAPiece/2[java.lang.String,int[][]]",color,1
E:\OOD\main\Ludo_Pro4-main\Ludo_Pro4-main\src\Validaciones\Game.java,Validaciones.Game,"GetCoordinatesOfFirstStartPlaceWithoutAPiece/2[java.lang.String,int[][]]",start,3
E:\OOD\main\Ludo_Pro4-main\Ludo_Pro4-main\src\Validaciones\Game.java,Validaciones.Game,"GetCoordinatesOfFirstStartPlaceWithoutAPiece/2[java.lang.String,int[][]]",i,3
E:\OOD\main\Ludo_Pro4-main\Ludo_Pro4-main\src\Validaciones\Game.java,Validaciones.Game,"GetCoordinatesOfFirstStartPlaceWithoutAPiece/2[java.lang.String,int[][]]",j,4
E:\OOD\main\Ludo_Pro4-main\Ludo_Pro4-main\src\Validaciones\Game.java,Validaciones.Game,CanMoveAutomatically/1[java.lang.String],color,2
E:\OOD\main\Ludo_Pro4-main\Ludo_Pro4-main\src\Validaciones\Game.java,Validaciones.Game,IsThereAPieceOnNormalHousesNotBlocked/1[java.lang.String],color,2
E:\OOD\main\Ludo_Pro4-main\Ludo_Pro4-main\src\Validaciones\Game.java,Validaciones.Game,IsThereAPieceOnNormalHousesNotBlocked/1[java.lang.String],piece,3
E:\OOD\main\Ludo_Pro4-main\Ludo_Pro4-main\src\Validaciones\Game.java,Validaciones.Game,IsThereAPieceOnNormalHousesNotBlocked/1[java.lang.String],piecesPlaces,1
E:\OOD\main\Ludo_Pro4-main\Ludo_Pro4-main\src\Validaciones\Game.java,Validaciones.Game,AreAllPiecesInStart/1[java.lang.String],color,1
E:\OOD\main\Ludo_Pro4-main\Ludo_Pro4-main\src\Validaciones\Game.java,Validaciones.Game,AreAllPiecesInStart/1[java.lang.String],piece,1
E:\OOD\main\Ludo_Pro4-main\Ludo_Pro4-main\src\Validaciones\Game.java,Validaciones.Game,AreAllPiecesInStart/1[java.lang.String],piecesPlaces,1
E:\OOD\main\Ludo_Pro4-main\Ludo_Pro4-main\src\Validaciones\Game.java,Validaciones.Game,"IsInStart/2[int[],java.lang.String]",color,1
E:\OOD\main\Ludo_Pro4-main\Ludo_Pro4-main\src\Validaciones\Game.java,Validaciones.Game,"IsInStart/2[int[],java.lang.String]",piece,1
E:\OOD\main\Ludo_Pro4-main\Ludo_Pro4-main\src\Validaciones\Game.java,Validaciones.Game,"IsInStart/2[int[],java.lang.String]",startpieces,1
E:\OOD\main\Ludo_Pro4-main\Ludo_Pro4-main\src\Validaciones\Game.java,Validaciones.Game,"IsInStart/2[int[],java.lang.String]",startpiece,1
E:\OOD\main\Ludo_Pro4-main\Ludo_Pro4-main\src\Validaciones\Game.java,Validaciones.Game,"EntersFinalRoute/2[int,java.lang.String]",decodedPiece,7
E:\OOD\main\Ludo_Pro4-main\Ludo_Pro4-main\src\Validaciones\Game.java,Validaciones.Game,"EntersFinalRoute/2[int,java.lang.String]",newHouse,1
E:\OOD\main\Ludo_Pro4-main\Ludo_Pro4-main\src\Validaciones\Game.java,Validaciones.Game,"EntersFinalRoute/2[int,java.lang.String]",finalHouse,3
E:\OOD\main\Ludo_Pro4-main\Ludo_Pro4-main\src\Validaciones\Game.java,Validaciones.Game,"EntersFinalRoute/2[int,java.lang.String]",color,1
E:\OOD\main\Ludo_Pro4-main\Ludo_Pro4-main\src\Validaciones\Game.java,Validaciones.Game,"EntersFinalRoute/2[int,java.lang.String]",i,11
E:\OOD\main\Ludo_Pro4-main\Ludo_Pro4-main\src\Validaciones\Game.java,Validaciones.Game,"IsInEnd/2[int[],java.lang.String]",color,1
E:\OOD\main\Ludo_Pro4-main\Ludo_Pro4-main\src\Validaciones\Game.java,Validaciones.Game,"IsInEnd/2[int[],java.lang.String]",piece,1
E:\OOD\main\Ludo_Pro4-main\Ludo_Pro4-main\src\Validaciones\Game.java,Validaciones.Game,"IsInEnd/2[int[],java.lang.String]",endplace,1
E:\OOD\main\Ludo_Pro4-main\Ludo_Pro4-main\src\Validaciones\Game.java,Validaciones.Game,ChooseMovementAndMovePiece/1[java.lang.String],color,4
E:\OOD\main\Ludo_Pro4-main\Ludo_Pro4-main\src\Validaciones\Game.java,Validaciones.Game,"GetWalkedDistance/2[java.lang.String,int]",finalhouse,4
E:\OOD\main\Ludo_Pro4-main\Ludo_Pro4-main\src\Validaciones\Game.java,Validaciones.Game,"GetWalkedDistance/2[java.lang.String,int]",color,3
E:\OOD\main\Ludo_Pro4-main\Ludo_Pro4-main\src\Validaciones\Game.java,Validaciones.Game,"GetWalkedDistance/2[java.lang.String,int]",piece,12
E:\OOD\main\Ludo_Pro4-main\Ludo_Pro4-main\src\Validaciones\Game.java,Validaciones.Game,"GetWalkedDistance/2[java.lang.String,int]",starthouse,4
E:\OOD\main\Ludo_Pro4-main\Ludo_Pro4-main\src\Validaciones\Game.java,Validaciones.Game,"SetNewCoordinatesForPieceInEnd/3[int[],int[][],java.lang.String]",pieces,4
E:\OOD\main\Ludo_Pro4-main\Ludo_Pro4-main\src\Validaciones\Game.java,Validaciones.Game,"SetNewCoordinatesForPieceInEnd/3[int[],int[][],java.lang.String]",color,1
E:\OOD\main\Ludo_Pro4-main\Ludo_Pro4-main\src\Validaciones\Game.java,Validaciones.Game,"SetNewCoordinatesForPieceInEnd/3[int[],int[][],java.lang.String]",currentPlace,1
E:\OOD\main\Ludo_Pro4-main\Ludo_Pro4-main\src\Validaciones\Game.java,Validaciones.Game,"SetNewCoordinatesForPieceInEnd/3[int[],int[][],java.lang.String]",i,4
E:\OOD\main\Ludo_Pro4-main\Ludo_Pro4-main\src\Validaciones\Game.java,Validaciones.Game,"SetNewCoordinates/3[int[],int[],int[][]]",pieces,4
E:\OOD\main\Ludo_Pro4-main\Ludo_Pro4-main\src\Validaciones\Game.java,Validaciones.Game,"SetNewCoordinates/3[int[],int[],int[][]]",newPlace,1
E:\OOD\main\Ludo_Pro4-main\Ludo_Pro4-main\src\Validaciones\Game.java,Validaciones.Game,"SetNewCoordinates/3[int[],int[],int[][]]",currentPlace,1
E:\OOD\main\Ludo_Pro4-main\Ludo_Pro4-main\src\Validaciones\Game.java,Validaciones.Game,"SetNewCoordinates/3[int[],int[],int[][]]",i,4
E:\OOD\main\Ludo_Pro4-main\Ludo_Pro4-main\src\Validaciones\Game.java,Validaciones.Game,"CapturePieceIfThereIsAPieceFromAnotherColorInHouse/2[java.lang.String,int]",otherpiece,2
E:\OOD\main\Ludo_Pro4-main\Ludo_Pro4-main\src\Validaciones\Game.java,Validaciones.Game,"CapturePieceIfThereIsAPieceFromAnotherColorInHouse/2[java.lang.String,int]",color,1
E:\OOD\main\Ludo_Pro4-main\Ludo_Pro4-main\src\Validaciones\Game.java,Validaciones.Game,"CapturePieceIfThereIsAPieceFromAnotherColorInHouse/2[java.lang.String,int]",piece,2
E:\OOD\main\Ludo_Pro4-main\Ludo_Pro4-main\src\Validaciones\Game.java,Validaciones.Game,"CapturePieceIfThereIsAPieceFromAnotherColorInHouse/2[java.lang.String,int]",otherpieces,1
E:\OOD\main\Ludo_Pro4-main\Ludo_Pro4-main\src\Validaciones\Game.java,Validaciones.Game,"CapturePieceIfThereIsAPieceFromAnotherColorInHouse/2[java.lang.String,int]",othercolor,2
E:\OOD\main\Ludo_Pro4-main\Ludo_Pro4-main\src\Validaciones\Game.java,Validaciones.Game,"CapturePieceIfThereIsAPieceFromAnotherColorInHouse/2[java.lang.String,int]",otherColors,1
E:\OOD\main\Ludo_Pro4-main\Ludo_Pro4-main\src\Validaciones\Game.java,Validaciones.Game,AreThereTwoPiecesInStartHouse/1[java.lang.String],color,1
E:\OOD\main\Ludo_Pro4-main\Ludo_Pro4-main\src\Validaciones\Game.java,Validaciones.Game,AreThereTwoPiecesInStartHouse/1[java.lang.String],piece,1
E:\OOD\main\Ludo_Pro4-main\Ludo_Pro4-main\src\Validaciones\Game.java,Validaciones.Game,AreThereTwoPiecesInStartHouse/1[java.lang.String],count,2
E:\OOD\main\Ludo_Pro4-main\Ludo_Pro4-main\src\Validaciones\Game.java,Validaciones.Game,AreThereTwoPiecesInStartHouse/1[java.lang.String],startHouse,1
E:\OOD\main\Ludo_Pro4-main\Ludo_Pro4-main\src\Validaciones\Game.java,Validaciones.Game,AreThereTwoPiecesInStartHouse/1[java.lang.String],piecesPlaces,1
E:\OOD\main\Ludo_Pro4-main\Ludo_Pro4-main\src\Validaciones\Game.java,Validaciones.Game,IsThereAPieceInFinalRouteThatCanMove/1[java.lang.String],color,2
E:\OOD\main\Ludo_Pro4-main\Ludo_Pro4-main\src\Validaciones\Game.java,Validaciones.Game,IsThereAPieceInFinalRouteThatCanMove/1[java.lang.String],piece,2
E:\OOD\main\Ludo_Pro4-main\Ludo_Pro4-main\src\Validaciones\Game.java,Validaciones.Game,IsThereAPieceInFinalRouteThatCanMove/1[java.lang.String],piecesPlaces,1
E:\OOD\main\Ludo_Pro4-main\Ludo_Pro4-main\src\Validaciones\Game.java,Validaciones.Game,GetAllPieces/0,red,2
E:\OOD\main\Ludo_Pro4-main\Ludo_Pro4-main\src\Validaciones\Game.java,Validaciones.Game,GetAllPieces/0,all,2
E:\OOD\main\Ludo_Pro4-main\Ludo_Pro4-main\src\Validaciones\Game.java,Validaciones.Game,GetAllPieces/0,pieces,1
E:\OOD\main\Ludo_Pro4-main\Ludo_Pro4-main\src\Validaciones\Game.java,Validaciones.Game,GetAllPieces/0,green,2
E:\OOD\main\Ludo_Pro4-main\Ludo_Pro4-main\src\Validaciones\Game.java,Validaciones.Game,GetAllPieces/0,blue,2
E:\OOD\main\Ludo_Pro4-main\Ludo_Pro4-main\src\Validaciones\Game.java,Validaciones.Game,GetAllPieces/0,piece,1
E:\OOD\main\Ludo_Pro4-main\Ludo_Pro4-main\src\Validaciones\Game.java,Validaciones.Game,GetAllPieces/0,yellow,2
E:\OOD\main\Ludo_Pro4-main\Ludo_Pro4-main\src\Validaciones\Game.java,Validaciones.Game,GetAllPieces/0,count,1
E:\OOD\main\Ludo_Pro4-main\Ludo_Pro4-main\src\Validaciones\Game.java,Validaciones.Game,SetCurrentPlayer/1[int],current,1
E:\OOD\main\Ludo_Pro4-main\Ludo_Pro4-main\src\Validaciones\Game.java,Validaciones.Game,SetCurrentPlayer/1[int],li,2
E:\OOD\main\Ludo_Pro4-main\Ludo_Pro4-main\src\Validaciones\Game.java,Validaciones.Game,TryMoving/1[int[]],housesToWalkInFinalRoute,4
E:\OOD\main\Ludo_Pro4-main\Ludo_Pro4-main\src\Validaciones\Game.java,Validaciones.Game,TryMoving/1[int[]],decodedPiece,19
E:\OOD\main\Ludo_Pro4-main\Ludo_Pro4-main\src\Validaciones\Game.java,Validaciones.Game,TryMoving/1[int[]],finalHouse,2
E:\OOD\main\Ludo_Pro4-main\Ludo_Pro4-main\src\Validaciones\Game.java,Validaciones.Game,TryMoving/1[int[]],newHouse,2
E:\OOD\main\Ludo_Pro4-main\Ludo_Pro4-main\src\Validaciones\Game.java,Validaciones.Game,TryMoving/1[int[]],color,16
E:\OOD\main\Ludo_Pro4-main\Ludo_Pro4-main\src\Validaciones\Game.java,Validaciones.Game,TryMoving/1[int[]],newhouse,1
E:\OOD\main\Ludo_Pro4-main\Ludo_Pro4-main\src\Validaciones\Game.java,Validaciones.Game,TryMoving/1[int[]],captured,1
E:\OOD\main\Ludo_Pro4-main\Ludo_Pro4-main\src\Validaciones\Game.java,Validaciones.Game,TryMoving/1[int[]],pieceSelected,2
E:\OOD\main\Ludo_Pro4-main\Ludo_Pro4-main\src\Validaciones\Game.java,Validaciones.Game,TryMoving/1[int[]],firstofRoute,1
E:\OOD\main\Ludo_Pro4-main\Ludo_Pro4-main\src\Validaciones\Game.java,Validaciones.Game,"SetNewCoordinatesForPieceInStart/3[int[],int[][],java.lang.String]",pieces,4
E:\OOD\main\Ludo_Pro4-main\Ludo_Pro4-main\src\Validaciones\Game.java,Validaciones.Game,"SetNewCoordinatesForPieceInStart/3[int[],int[][],java.lang.String]",color,1
E:\OOD\main\Ludo_Pro4-main\Ludo_Pro4-main\src\Validaciones\Game.java,Validaciones.Game,"SetNewCoordinatesForPieceInStart/3[int[],int[][],java.lang.String]",newPlace,1
E:\OOD\main\Ludo_Pro4-main\Ludo_Pro4-main\src\Validaciones\Game.java,Validaciones.Game,"SetNewCoordinatesForPieceInStart/3[int[],int[][],java.lang.String]",i,4
E:\OOD\main\Ludo_Pro4-main\Ludo_Pro4-main\src\Validaciones\Game.java,Validaciones.Game,AnyPieceEntersFinalRouteAndCanMove/1[java.lang.String],housesToWalkInFinalRoute,1
E:\OOD\main\Ludo_Pro4-main\Ludo_Pro4-main\src\Validaciones\Game.java,Validaciones.Game,AnyPieceEntersFinalRouteAndCanMove/1[java.lang.String],finalHouse,1
E:\OOD\main\Ludo_Pro4-main\Ludo_Pro4-main\src\Validaciones\Game.java,Validaciones.Game,AnyPieceEntersFinalRouteAndCanMove/1[java.lang.String],color,3
E:\OOD\main\Ludo_Pro4-main\Ludo_Pro4-main\src\Validaciones\Game.java,Validaciones.Game,AnyPieceEntersFinalRouteAndCanMove/1[java.lang.String],piece,2
E:\OOD\main\Ludo_Pro4-main\Ludo_Pro4-main\src\Validaciones\Game.java,Validaciones.Game,AnyPieceEntersFinalRouteAndCanMove/1[java.lang.String],piecesPlaces,1
E:\OOD\main\Ludo_Pro4-main\Ludo_Pro4-main\src\Validaciones\Game.java,Validaciones.Game,MouseClicked/1[java.awt.event.MouseEvent],e,1
E:\OOD\main\Ludo_Pro4-main\Ludo_Pro4-main\src\Validaciones\Game.java,Validaciones.Game,MouseClicked/1[java.awt.event.MouseEvent],moved,1
E:\OOD\main\Ludo_Pro4-main\Ludo_Pro4-main\src\Validaciones\Game.java,Validaciones.Game,MouseClicked/1[java.awt.event.MouseEvent],pieceSelected,2
E:\OOD\main\Ludo_Pro4-main\Ludo_Pro4-main\src\Validaciones\Game.java,Validaciones.Game,"IsThereABarrier/3[java.lang.String,int,int]",otherPieces,1
E:\OOD\main\Ludo_Pro4-main\Ludo_Pro4-main\src\Validaciones\Game.java,Validaciones.Game,"IsThereABarrier/3[java.lang.String,int,int]",newHouse,1
E:\OOD\main\Ludo_Pro4-main\Ludo_Pro4-main\src\Validaciones\Game.java,Validaciones.Game,"IsThereABarrier/3[java.lang.String,int,int]",otherpiece,6
E:\OOD\main\Ludo_Pro4-main\Ludo_Pro4-main\src\Validaciones\Game.java,Validaciones.Game,"IsThereABarrier/3[java.lang.String,int,int]",barrier,6
E:\OOD\main\Ludo_Pro4-main\Ludo_Pro4-main\src\Validaciones\Game.java,Validaciones.Game,"IsThereABarrier/3[java.lang.String,int,int]",color,1
E:\OOD\main\Ludo_Pro4-main\Ludo_Pro4-main\src\Validaciones\Game.java,Validaciones.Game,"IsThereABarrier/3[java.lang.String,int,int]",piece,5
E:\OOD\main\Ludo_Pro4-main\Ludo_Pro4-main\src\Validaciones\Game.java,Validaciones.Game,"IsThereABarrier/3[java.lang.String,int,int]",PlacesWherePiecesFormBarrier,2
E:\OOD\main\Ludo_Pro4-main\Ludo_Pro4-main\src\Validaciones\Game.java,Validaciones.Game,"IsThereABarrier/3[java.lang.String,int,int]",j,7
E:\OOD\main\Ludo_Pro4-main\Ludo_Pro4-main\src\Validaciones\Game.java,Validaciones.Game,"IsThereABarrier/3[java.lang.String,int,int]",k,4
E:\OOD\main\Ludo_Pro4-main\Ludo_Pro4-main\src\Validaciones\Game.java,Validaciones.Game,get/1[int],i,0
E:\OOD\main\Ludo_Pro4-main\Ludo_Pro4-main\src\Validaciones\Game.java,Validaciones.Game,PieceSelected/1[java.awt.event.MouseEvent],p,6
E:\OOD\main\Ludo_Pro4-main\Ludo_Pro4-main\src\Validaciones\Game.java,Validaciones.Game,PieceSelected/1[java.awt.event.MouseEvent],pieces,2
E:\OOD\main\Ludo_Pro4-main\Ludo_Pro4-main\src\Validaciones\Game.java,Validaciones.Game,PieceSelected/1[java.awt.event.MouseEvent],pieceboundary,2
E:\OOD\main\Ludo_Pro4-main\Ludo_Pro4-main\src\Validaciones\Game.java,Validaciones.Game,PieceSelected/1[java.awt.event.MouseEvent],color,1
E:\OOD\main\Ludo_Pro4-main\Ludo_Pro4-main\src\Validaciones\Game.java,Validaciones.Game,PieceSelected/1[java.awt.event.MouseEvent],e,2
E:\OOD\main\Ludo_Pro4-main\Ludo_Pro4-main\src\Validaciones\Game.java,Validaciones.Game,PieceSelected/1[java.awt.event.MouseEvent],piece,5
E:\OOD\main\Ludo_Pro4-main\Ludo_Pro4-main\src\Validaciones\Game.java,Validaciones.Game,PieceSelected/1[java.awt.event.MouseEvent],x,2
E:\OOD\main\Ludo_Pro4-main\Ludo_Pro4-main\src\Validaciones\Game.java,Validaciones.Game,PieceSelected/1[java.awt.event.MouseEvent],y,2
E:\OOD\main\Ludo_Pro4-main\Ludo_Pro4-main\src\GUI\BoardPanel.java,GUI.BoardPanel,"SetPiecesPaint/2[java.awt.Graphics2D,int]",g2d,4
E:\OOD\main\Ludo_Pro4-main\Ludo_Pro4-main\src\GUI\BoardPanel.java,GUI.BoardPanel,"SetPiecesPaint/2[java.awt.Graphics2D,int]",i,1
E:\OOD\main\Ludo_Pro4-main\Ludo_Pro4-main\src\GUI\BoardPanel.java,GUI.BoardPanel,DrawCircles/1[java.awt.Graphics2D],g2d,2
E:\OOD\main\Ludo_Pro4-main\Ludo_Pro4-main\src\GUI\BoardPanel.java,GUI.BoardPanel,DrawCircles/1[java.awt.Graphics2D],i,1
E:\OOD\main\Ludo_Pro4-main\Ludo_Pro4-main\src\GUI\BoardPanel.java,GUI.BoardPanel,DrawCircles/1[java.awt.Graphics2D],j,1
E:\OOD\main\Ludo_Pro4-main\Ludo_Pro4-main\src\GUI\BoardPanel.java,GUI.BoardPanel,DrawCircles/1[java.awt.Graphics2D],ec,1
E:\OOD\main\Ludo_Pro4-main\Ludo_Pro4-main\src\GUI\BoardPanel.java,GUI.BoardPanel,DrawLargeRectangles/1[java.awt.Graphics2D],g2d,2
E:\OOD\main\Ludo_Pro4-main\Ludo_Pro4-main\src\GUI\BoardPanel.java,GUI.BoardPanel,DrawLargeRectangles/1[java.awt.Graphics2D],count,1
E:\OOD\main\Ludo_Pro4-main\Ludo_Pro4-main\src\GUI\BoardPanel.java,GUI.BoardPanel,DrawLargeRectangles/1[java.awt.Graphics2D],i,1
E:\OOD\main\Ludo_Pro4-main\Ludo_Pro4-main\src\GUI\BoardPanel.java,GUI.BoardPanel,DrawLargeRectangles/1[java.awt.Graphics2D],tamRet,4
E:\OOD\main\Ludo_Pro4-main\Ludo_Pro4-main\src\GUI\BoardPanel.java,GUI.BoardPanel,DrawLargeRectangles/1[java.awt.Graphics2D],j,1
E:\OOD\main\Ludo_Pro4-main\Ludo_Pro4-main\src\GUI\BoardPanel.java,GUI.BoardPanel,DrawLargeRectangles/1[java.awt.Graphics2D],rectangle,1
E:\OOD\main\Ludo_Pro4-main\Ludo_Pro4-main\src\GUI\BoardPanel.java,GUI.BoardPanel,DrawArrivalPlace/1[java.awt.Graphics2D],a,6
E:\OOD\main\Ludo_Pro4-main\Ludo_Pro4-main\src\GUI\BoardPanel.java,GUI.BoardPanel,DrawArrivalPlace/1[java.awt.Graphics2D],b,6
E:\OOD\main\Ludo_Pro4-main\Ludo_Pro4-main\src\GUI\BoardPanel.java,GUI.BoardPanel,DrawArrivalPlace/1[java.awt.Graphics2D],c,6
E:\OOD\main\Ludo_Pro4-main\Ludo_Pro4-main\src\GUI\BoardPanel.java,GUI.BoardPanel,DrawArrivalPlace/1[java.awt.Graphics2D],d,6
E:\OOD\main\Ludo_Pro4-main\Ludo_Pro4-main\src\GUI\BoardPanel.java,GUI.BoardPanel,DrawArrivalPlace/1[java.awt.Graphics2D],g2d,2
E:\OOD\main\Ludo_Pro4-main\Ludo_Pro4-main\src\GUI\BoardPanel.java,GUI.BoardPanel,DrawArrivalPlace/1[java.awt.Graphics2D],i,4
E:\OOD\main\Ludo_Pro4-main\Ludo_Pro4-main\src\GUI\BoardPanel.java,GUI.BoardPanel,DrawArrivalPlace/1[java.awt.Graphics2D],pol,4
E:\OOD\main\Ludo_Pro4-main\Ludo_Pro4-main\src\GUI\BoardPanel.java,GUI.BoardPanel,"DrawSmallRectaglesWithArrowsAndBlackOnes/2[java.awt.Graphics2D,int]",coord,4
E:\OOD\main\Ludo_Pro4-main\Ludo_Pro4-main\src\GUI\BoardPanel.java,GUI.BoardPanel,"DrawSmallRectaglesWithArrowsAndBlackOnes/2[java.awt.Graphics2D,int]",g2d,4
E:\OOD\main\Ludo_Pro4-main\Ludo_Pro4-main\src\GUI\BoardPanel.java,GUI.BoardPanel,"DrawSmallRectaglesWithArrowsAndBlackOnes/2[java.awt.Graphics2D,int]",i,6
E:\OOD\main\Ludo_Pro4-main\Ludo_Pro4-main\src\GUI\BoardPanel.java,GUI.BoardPanel,"DrawSmallRectaglesWithArrowsAndBlackOnes/2[java.awt.Graphics2D,int]",j,6
E:\OOD\main\Ludo_Pro4-main\Ludo_Pro4-main\src\GUI\BoardPanel.java,GUI.BoardPanel,"DrawSmallRectaglesWithArrowsAndBlackOnes/2[java.awt.Graphics2D,int]",rectangle,1
E:\OOD\main\Ludo_Pro4-main\Ludo_Pro4-main\src\GUI\BoardPanel.java,GUI.BoardPanel,"DrawPiece/4[java.awt.Graphics2D,int,int[][],int]",pieces,4
E:\OOD\main\Ludo_Pro4-main\Ludo_Pro4-main\src\GUI\BoardPanel.java,GUI.BoardPanel,"DrawPiece/4[java.awt.Graphics2D,int,int[][],int]",piece,4
E:\OOD\main\Ludo_Pro4-main\Ludo_Pro4-main\src\GUI\BoardPanel.java,GUI.BoardPanel,"DrawPiece/4[java.awt.Graphics2D,int,int[][],int]",g2d,4
E:\OOD\main\Ludo_Pro4-main\Ludo_Pro4-main\src\GUI\BoardPanel.java,GUI.BoardPanel,"DrawPiece/4[java.awt.Graphics2D,int,int[][],int]",count,2
E:\OOD\main\Ludo_Pro4-main\Ludo_Pro4-main\src\GUI\BoardPanel.java,GUI.BoardPanel,"DrawPiece/4[java.awt.Graphics2D,int,int[][],int]",ec,3
E:\OOD\main\Ludo_Pro4-main\Ludo_Pro4-main\src\GUI\BoardPanel.java,GUI.BoardPanel,DrawSmallRectangles/1[java.awt.Graphics2D],g2d,2
E:\OOD\main\Ludo_Pro4-main\Ludo_Pro4-main\src\GUI\BoardPanel.java,GUI.BoardPanel,DrawSmallRectangles/1[java.awt.Graphics2D],i,4
E:\OOD\main\Ludo_Pro4-main\Ludo_Pro4-main\src\GUI\BoardPanel.java,GUI.BoardPanel,"SetPaint/2[java.awt.Graphics2D,int]",g2d,4
E:\OOD\main\Ludo_Pro4-main\Ludo_Pro4-main\src\GUI\BoardPanel.java,GUI.BoardPanel,"SetPaint/2[java.awt.Graphics2D,int]",i,1
E:\OOD\main\Ludo_Pro4-main\Ludo_Pro4-main\src\GUI\BoardPanel.java,GUI.BoardPanel,DrawPlayersGamePieces/1[java.awt.Graphics2D],pieces,2
E:\OOD\main\Ludo_Pro4-main\Ludo_Pro4-main\src\GUI\BoardPanel.java,GUI.BoardPanel,DrawPlayersGamePieces/1[java.awt.Graphics2D],countColor,2
E:\OOD\main\Ludo_Pro4-main\Ludo_Pro4-main\src\GUI\BoardPanel.java,GUI.BoardPanel,DrawPlayersGamePieces/1[java.awt.Graphics2D],piece,3
E:\OOD\main\Ludo_Pro4-main\Ludo_Pro4-main\src\GUI\BoardPanel.java,GUI.BoardPanel,DrawPlayersGamePieces/1[java.awt.Graphics2D],g2d,2
E:\OOD\main\Ludo_Pro4-main\Ludo_Pro4-main\src\GUI\BoardPanel.java,GUI.BoardPanel,notify/1[interfaces.ObservadoIF],observado,1
E:\OOD\main\Ludo_Pro4-main\Ludo_Pro4-main\src\GUI\BoardPanel.java,GUI.BoardPanel,DrawAllLines/1[java.awt.Graphics2D],g2d,2
E:\OOD\main\Ludo_Pro4-main\Ludo_Pro4-main\src\GUI\BoardPanel.java,GUI.BoardPanel,DrawAllLines/1[java.awt.Graphics2D],i,3
E:\OOD\main\Ludo_Pro4-main\Ludo_Pro4-main\src\GUI\BoardPanel.java,GUI.BoardPanel,DrawAllLines/1[java.awt.Graphics2D],j,3
E:\OOD\main\Ludo_Pro4-main\Ludo_Pro4-main\src\GUI\BoardPanel.java,GUI.BoardPanel,DrawAllLines/1[java.awt.Graphics2D],rectangle,1
E:\OOD\main\Ludo_Pro4-main\Ludo_Pro4-main\src\GUI\BoardPanel.java,GUI.BoardPanel,"DrawArrow/4[java.awt.Graphics2D,int,int,int]",a,16
E:\OOD\main\Ludo_Pro4-main\Ludo_Pro4-main\src\GUI\BoardPanel.java,GUI.BoardPanel,"DrawArrow/4[java.awt.Graphics2D,int,int,int]",b,4
E:\OOD\main\Ludo_Pro4-main\Ludo_Pro4-main\src\GUI\BoardPanel.java,GUI.BoardPanel,"DrawArrow/4[java.awt.Graphics2D,int,int,int]",c,4
E:\OOD\main\Ludo_Pro4-main\Ludo_Pro4-main\src\GUI\BoardPanel.java,GUI.BoardPanel,"DrawArrow/4[java.awt.Graphics2D,int,int,int]",g2d,2
E:\OOD\main\Ludo_Pro4-main\Ludo_Pro4-main\src\GUI\BoardPanel.java,GUI.BoardPanel,"DrawArrow/4[java.awt.Graphics2D,int,int,int]",x,12
E:\OOD\main\Ludo_Pro4-main\Ludo_Pro4-main\src\GUI\BoardPanel.java,GUI.BoardPanel,"DrawArrow/4[java.awt.Graphics2D,int,int,int]",y,12
E:\OOD\main\Ludo_Pro4-main\Ludo_Pro4-main\src\GUI\BoardPanel.java,GUI.BoardPanel,"DrawArrow/4[java.awt.Graphics2D,int,int,int]",i,1
E:\OOD\main\Ludo_Pro4-main\Ludo_Pro4-main\src\GUI\BoardPanel.java,GUI.BoardPanel,"DrawArrow/4[java.awt.Graphics2D,int,int,int]",pol,13
E:\OOD\main\Ludo_Pro4-main\Ludo_Pro4-main\src\GUI\BoardPanel.java,GUI.BoardPanel,"FillAndDrawBlackLine/2[java.awt.Graphics2D,java.awt.Shape]",s,2
E:\OOD\main\Ludo_Pro4-main\Ludo_Pro4-main\src\GUI\BoardPanel.java,GUI.BoardPanel,"FillAndDrawBlackLine/2[java.awt.Graphics2D,java.awt.Shape]",g2d,3
E:\OOD\main\Ludo_Pro4-main\Ludo_Pro4-main\src\GUI\BoardPanel.java,GUI.BoardPanel,paintComponent/1[java.awt.Graphics],g,2
E:\OOD\main\Ludo_Pro4-main\Ludo_Pro4-main\src\GUI\BoardPanel.java,GUI.BoardPanel,paintComponent/1[java.awt.Graphics],g2d,6
E:\OOD\main\Ludo_Pro4-main\Ludo_Pro4-main\src\GUI\BoardPanel.java,GUI.BoardPanel,"DrawSmallRectanglesFirstFive/2[java.awt.Graphics2D,int]",coord,2
E:\OOD\main\Ludo_Pro4-main\Ludo_Pro4-main\src\GUI\BoardPanel.java,GUI.BoardPanel,"DrawSmallRectanglesFirstFive/2[java.awt.Graphics2D,int]",g2d,2
E:\OOD\main\Ludo_Pro4-main\Ludo_Pro4-main\src\GUI\BoardPanel.java,GUI.BoardPanel,"DrawSmallRectanglesFirstFive/2[java.awt.Graphics2D,int]",i,3
E:\OOD\main\Ludo_Pro4-main\Ludo_Pro4-main\src\GUI\BoardPanel.java,GUI.BoardPanel,"DrawSmallRectanglesFirstFive/2[java.awt.Graphics2D,int]",j,6
E:\OOD\main\Ludo_Pro4-main\Ludo_Pro4-main\src\GUI\BoardPanel.java,GUI.BoardPanel,"DrawSmallRectanglesFirstFive/2[java.awt.Graphics2D,int]",rectangle,1
E:\OOD\main\Ludo_Pro4-main\Ludo_Pro4-main\src\Client\Client.java,Client.Client$Anonymous1,run/0,msg,4
E:\OOD\main\Ludo_Pro4-main\Ludo_Pro4-main\src\Client\Client.java,Client.Client$Anonymous1,run/0,listIt2,2
E:\OOD\main\Ludo_Pro4-main\Ludo_Pro4-main\src\Client\Client.java,Client.Client$Anonymous1,run/0,e,1
E:\OOD\main\Ludo_Pro4-main\Ludo_Pro4-main\src\Client\Client.java,Client.Client$Anonymous1,run/0,e1,1
E:\OOD\main\Ludo_Pro4-main\Ludo_Pro4-main\src\Client\Client.java,Client.Client$Anonymous1,run/0,li,6
E:\OOD\main\Ludo_Pro4-main\Ludo_Pro4-main\src\Server\Player.java,Server.Player,"Player/2[java.lang.String,java.net.Socket]",nickname,2
E:\OOD\main\Ludo_Pro4-main\Ludo_Pro4-main\src\Server\Player.java,Server.Player,"Player/2[java.lang.String,java.net.Socket]",socket,2
E:\OOD\main\Ludo_Pro4-main\Ludo_Pro4-main\src\GUI\ButtonsPanel.java,GUI.ButtonsPanel$Anonymous1,actionPerformed/1[java.awt.event.ActionEvent],t,1
E:\OOD\main\Ludo_Pro4-main\Ludo_Pro4-main\src\GUI\ButtonsPanel.java,GUI.ButtonsPanel$Anonymous1,actionPerformed/1[java.awt.event.ActionEvent],e,0
E:\OOD\main\Ludo_Pro4-main\Ludo_Pro4-main\src\GUI\ButtonsPanel.java,GUI.ButtonsPanel$Anonymous4,actionPerformed/1[java.awt.event.ActionEvent],e,0
E:\OOD\main\Ludo_Pro4-main\Ludo_Pro4-main\src\GUI\ButtonsPanel.java,GUI.ButtonsPanel$Anonymous3,actionPerformed/1[java.awt.event.ActionEvent],e,0
E:\OOD\main\Ludo_Pro4-main\Ludo_Pro4-main\src\interfaces\ObservadorIF.java,interfaces.ObservadorIF,notify/1[interfaces.ObservadoIF],observado,0
E:\OOD\main\Ludo_Pro4-main\Ludo_Pro4-main\src\Server\Server.java,Server.Server$Anonymous1,run/0,newClient,2
E:\OOD\main\Ludo_Pro4-main\Ludo_Pro4-main\src\Server\Server.java,Server.Server$Anonymous1,run/0,e,1
E:\OOD\main\Ludo_Pro4-main\Ludo_Pro4-main\src\Server\Server.java,Server.Server$Anonymous2,run/0,output,2
E:\OOD\main\Ludo_Pro4-main\Ludo_Pro4-main\src\Server\Server.java,Server.Server$Anonymous2,run/0,lobby,4
E:\OOD\main\Ludo_Pro4-main\Ludo_Pro4-main\src\Server\Server.java,Server.Server$Anonymous2,run/0,e,1
E:\OOD\main\Ludo_Pro4-main\Ludo_Pro4-main\src\Server\Server.java,Server.Server$Anonymous2,run/0,scanner,3
E:\OOD\main\Ludo_Pro4-main\Ludo_Pro4-main\src\Server\Server.java,Server.Server$Anonymous2,run/0,nickname,3
E:\OOD\main\Ludo_Pro4-main\Ludo_Pro4-main\src\Server\Server.java,Server.Server$Anonymous2,run/0,message,5
E:\OOD\main\Ludo_Pro4-main\Ludo_Pro4-main\src\Server\Lobby.java,Server.Lobby,startGame/0,output,1
E:\OOD\main\Ludo_Pro4-main\Ludo_Pro4-main\src\Server\Lobby.java,Server.Lobby,startGame/0,e,1
E:\OOD\main\Ludo_Pro4-main\Ludo_Pro4-main\src\Server\Lobby.java,Server.Lobby,startGame/0,i,4
E:\OOD\main\Ludo_Pro4-main\Ludo_Pro4-main\src\Server\Lobby.java,Server.Lobby,startGame/0,fullMessage,3
E:\OOD\main\Ludo_Pro4-main\Ludo_Pro4-main\src\Server\Lobby.java,Server.Lobby,startGame/0,message,2
E:\OOD\main\Ludo_Pro4-main\Ludo_Pro4-main\src\Server\Lobby.java,Server.Lobby,"addPlayer/2[java.lang.String,java.net.Socket]",nickname,2
E:\OOD\main\Ludo_Pro4-main\Ludo_Pro4-main\src\Server\Lobby.java,Server.Lobby,"addPlayer/2[java.lang.String,java.net.Socket]",i,3
E:\OOD\main\Ludo_Pro4-main\Ludo_Pro4-main\src\Server\Lobby.java,Server.Lobby,"addPlayer/2[java.lang.String,java.net.Socket]",socket,1
E:\OOD\main\Ludo_Pro4-main\Ludo_Pro4-main\src\Server\Lobby.java,Server.Lobby,"sendToAllPlayers/2[java.lang.String,java.lang.String]",output,1
E:\OOD\main\Ludo_Pro4-main\Ludo_Pro4-main\src\Server\Lobby.java,Server.Lobby,"sendToAllPlayers/2[java.lang.String,java.lang.String]",e,1
E:\OOD\main\Ludo_Pro4-main\Ludo_Pro4-main\src\Server\Lobby.java,Server.Lobby,"sendToAllPlayers/2[java.lang.String,java.lang.String]",nickname,1
E:\OOD\main\Ludo_Pro4-main\Ludo_Pro4-main\src\Server\Lobby.java,Server.Lobby,"sendToAllPlayers/2[java.lang.String,java.lang.String]",i,5
E:\OOD\main\Ludo_Pro4-main\Ludo_Pro4-main\src\Server\Lobby.java,Server.Lobby,"sendToAllPlayers/2[java.lang.String,java.lang.String]",fullMessage,3
E:\OOD\main\Ludo_Pro4-main\Ludo_Pro4-main\src\Server\Lobby.java,Server.Lobby,"sendToAllPlayers/2[java.lang.String,java.lang.String]",message,2
E:\OOD\main\Ludo_Pro4-main\Ludo_Pro4-main\src\Client\ClientFrame.java,Client.ClientFrame,actionPerformed/1[java.awt.event.ActionEvent],e,1
E:\OOD\main\Ludo_Pro4-main\Ludo_Pro4-main\src\Client\ClientFrame.java,Client.ClientFrame,ClientFrame/1[java.lang.String],s,1
