file,class,type,cbo,cboModified,fanin,fanout,wmc,dit,noc,rfc,lcom,lcom*,tcc,lcc,totalMethodsQty,staticMethodsQty,publicMethodsQty,privateMethodsQty,protectedMethodsQty,defaultMethodsQty,visibleMethodsQty,abstractMethodsQty,finalMethodsQty,synchronizedMethodsQty,totalFieldsQty,staticFieldsQty,publicFieldsQty,privateFieldsQty,protectedFieldsQty,defaultFieldsQty,finalFieldsQty,synchronizedFieldsQty,nosi,loc,returnQty,loopQty,comparisonsQty,tryCatchQty,parenthesizedExpsQty,stringLiteralsQty,numbersQty,assignmentsQty,mathOperationsQty,variablesQty,maxNestedBlocksQty,anonymousClassesQty,innerClassesQty,lambdasQty,uniqueWordsQty,modifiers,logStatementsQty
E:\OOD\main\FroggyRoad-master\FroggyRoad-master\ManageVehicles.java,ManageVehicles,class,2,4,2,2,32,1,0,9,0,0.0,1.0,1.0,4,0,0,0,0,4,4,0,0,0,1,0,0,1,0,0,0,0,0,125,4,0,2,0,4,30,44,31,4,7,2,0,0,0,36,0,0
E:\OOD\main\FroggyRoad-master\FroggyRoad-master\Window.java,Window,class,2,4,2,2,2,6,0,7,1,0.5,0.0,0.0,2,1,1,0,0,1,2,0,0,0,2,0,0,2,0,0,2,0,0,17,0,0,0,0,0,1,2,3,0,3,0,0,0,0,33,1,0
E:\OOD\main\FroggyRoad-master\FroggyRoad-master\Score.java,Score,class,1,3,2,1,8,1,0,6,1,0.0,0.0,0.0,2,0,2,0,0,0,2,0,0,0,0,0,0,0,0,0,0,0,0,46,1,1,0,4,0,3,2,12,0,9,3,0,0,0,36,1,0
E:\OOD\main\FroggyRoad-master\FroggyRoad-master\Sprite.java,Sprite,class,1,6,5,1,23,1,0,7,39,0.74603176,0.37254903,1.0,18,0,4,0,0,14,18,0,0,0,5,0,0,5,0,0,0,0,0,80,9,0,3,1,0,1,8,20,0,7,2,0,0,0,42,0,0
E:\OOD\main\FroggyRoad-master\FroggyRoad-master\StripGenerator.java,StripGenerator,class,2,4,2,2,21,1,0,3,10,0.0,0.0,0.0,5,0,0,1,0,4,4,0,0,0,0,0,0,0,0,0,0,0,0,82,5,7,0,0,0,17,29,32,0,23,2,0,0,0,28,0,0
E:\OOD\main\FroggyRoad-master\FroggyRoad-master\Display.java,Display$KeyPressing,innerclass,2,2,0,2,23,2,0,8,1,0.0,0.0,0.0,2,0,2,0,0,0,2,0,0,0,0,0,0,0,0,0,0,0,0,59,0,0,0,0,0,0,11,10,0,0,2,0,0,0,28,2,0
E:\OOD\main\FroggyRoad-master\FroggyRoad-master\Display.java,Display,class,7,10,3,7,139,6,0,69,0,0.7857142,1.0,1.0,13,0,2,10,0,1,3,0,0,0,21,0,0,21,0,0,0,0,11,476,1,29,16,0,21,67,209,106,55,69,9,0,1,0,212,0,0
