file,class,method,variable,usage
E:\OOD\main\FroggyRoad-master\FroggyRoad-master\ManageVehicles.java,ManageVehicles,setTrain/1[int],rand,3
E:\OOD\main\FroggyRoad-master\FroggyRoad-master\ManageVehicles.java,ManageVehicles,setCar/1[int],rand,3
E:\OOD\main\FroggyRoad-master\FroggyRoad-master\ManageVehicles.java,ManageVehicles,randomTrain/0,rand,1
E:\OOD\main\FroggyRoad-master\FroggyRoad-master\ManageVehicles.java,ManageVehicles,randomCar/1[java.lang.String],rand,1
E:\OOD\main\FroggyRoad-master\FroggyRoad-master\Window.java,Window,Window/1[boolean],WIDTH,1
E:\OOD\main\FroggyRoad-master\FroggyRoad-master\Window.java,Window,Window/1[boolean],HEIGHT,1
E:\OOD\main\FroggyRoad-master\FroggyRoad-master\Sprite.java,Sprite,setYDir/1[double],ydir,3
E:\OOD\main\FroggyRoad-master\FroggyRoad-master\Sprite.java,Sprite,getFileName/0,filename,1
E:\OOD\main\FroggyRoad-master\FroggyRoad-master\Sprite.java,Sprite,move/0,xloc,1
E:\OOD\main\FroggyRoad-master\FroggyRoad-master\Sprite.java,Sprite,move/0,ydir,1
E:\OOD\main\FroggyRoad-master\FroggyRoad-master\Sprite.java,Sprite,move/0,xdir,1
E:\OOD\main\FroggyRoad-master\FroggyRoad-master\Sprite.java,Sprite,move/0,yloc,1
E:\OOD\main\FroggyRoad-master\FroggyRoad-master\Sprite.java,Sprite,"Sprite/2[int,int]",xloc,3
E:\OOD\main\FroggyRoad-master\FroggyRoad-master\Sprite.java,Sprite,"Sprite/2[int,int]",yloc,3
E:\OOD\main\FroggyRoad-master\FroggyRoad-master\Sprite.java,Sprite,setXLoc/1[int],xloc,3
E:\OOD\main\FroggyRoad-master\FroggyRoad-master\Sprite.java,Sprite,Sprite/0,xloc,1
E:\OOD\main\FroggyRoad-master\FroggyRoad-master\Sprite.java,Sprite,Sprite/0,image,1
E:\OOD\main\FroggyRoad-master\FroggyRoad-master\Sprite.java,Sprite,Sprite/0,ydir,1
E:\OOD\main\FroggyRoad-master\FroggyRoad-master\Sprite.java,Sprite,Sprite/0,xdir,1
E:\OOD\main\FroggyRoad-master\FroggyRoad-master\Sprite.java,Sprite,Sprite/0,yloc,1
E:\OOD\main\FroggyRoad-master\FroggyRoad-master\Sprite.java,Sprite,getXLoc/0,xloc,1
E:\OOD\main\FroggyRoad-master\FroggyRoad-master\Sprite.java,Sprite,setImage/1[java.lang.String],image,2
E:\OOD\main\FroggyRoad-master\FroggyRoad-master\Sprite.java,Sprite,setImage/1[java.lang.String],filename,4
E:\OOD\main\FroggyRoad-master\FroggyRoad-master\Sprite.java,Sprite,getYDir/0,ydir,1
E:\OOD\main\FroggyRoad-master\FroggyRoad-master\Sprite.java,Sprite,getWidth/0,image,2
E:\OOD\main\FroggyRoad-master\FroggyRoad-master\Sprite.java,Sprite,setXDir/1[double],xdir,3
E:\OOD\main\FroggyRoad-master\FroggyRoad-master\Sprite.java,Sprite,getHeight/0,image,2
E:\OOD\main\FroggyRoad-master\FroggyRoad-master\Sprite.java,Sprite,getYLoc/0,yloc,1
E:\OOD\main\FroggyRoad-master\FroggyRoad-master\Sprite.java,Sprite,"Sprite/3[java.lang.String,int,int]",xloc,3
E:\OOD\main\FroggyRoad-master\FroggyRoad-master\Sprite.java,Sprite,"Sprite/3[java.lang.String,int,int]",filename,2
E:\OOD\main\FroggyRoad-master\FroggyRoad-master\Sprite.java,Sprite,"Sprite/3[java.lang.String,int,int]",yloc,3
E:\OOD\main\FroggyRoad-master\FroggyRoad-master\Sprite.java,Sprite,Sprite/1[java.lang.String],filename,2
E:\OOD\main\FroggyRoad-master\FroggyRoad-master\Sprite.java,Sprite,"paint/2[java.awt.Graphics,javax.swing.JPanel]",xloc,2
E:\OOD\main\FroggyRoad-master\FroggyRoad-master\Sprite.java,Sprite,"paint/2[java.awt.Graphics,javax.swing.JPanel]",image,2
E:\OOD\main\FroggyRoad-master\FroggyRoad-master\Sprite.java,Sprite,"paint/2[java.awt.Graphics,javax.swing.JPanel]",show,1
E:\OOD\main\FroggyRoad-master\FroggyRoad-master\Sprite.java,Sprite,"paint/2[java.awt.Graphics,javax.swing.JPanel]",yloc,2
E:\OOD\main\FroggyRoad-master\FroggyRoad-master\Sprite.java,Sprite,getXDir/0,xdir,1
E:\OOD\main\FroggyRoad-master\FroggyRoad-master\Sprite.java,Sprite,setYLoc/1[int],yloc,3
E:\OOD\main\FroggyRoad-master\FroggyRoad-master\Display.java,Display,actionPerformed/1[java.awt.event.ActionEvent],score,2
E:\OOD\main\FroggyRoad-master\FroggyRoad-master\Display.java,Display,actionPerformed/1[java.awt.event.ActionEvent],numOfStrips,1
E:\OOD\main\FroggyRoad-master\FroggyRoad-master\Display.java,Display,actionPerformed/1[java.awt.event.ActionEvent],allStrips,1
E:\OOD\main\FroggyRoad-master\FroggyRoad-master\Display.java,Display,actionPerformed/1[java.awt.event.ActionEvent],startButton,1
E:\OOD\main\FroggyRoad-master\FroggyRoad-master\Display.java,Display,actionPerformed/1[java.awt.event.ActionEvent],controlsButton,1
E:\OOD\main\FroggyRoad-master\FroggyRoad-master\Display.java,Display,actionPerformed/1[java.awt.event.ActionEvent],newGame,2
E:\OOD\main\FroggyRoad-master\FroggyRoad-master\Display.java,Display,actionPerformed/1[java.awt.event.ActionEvent],hero,1
E:\OOD\main\FroggyRoad-master\FroggyRoad-master\Display.java,Display,actionPerformed/1[java.awt.event.ActionEvent],movement,2
E:\OOD\main\FroggyRoad-master\FroggyRoad-master\Display.java,Display,manageStrips/0,special,7
E:\OOD\main\FroggyRoad-master\FroggyRoad-master\Display.java,Display,manageStrips/0,cars,1
E:\OOD\main\FroggyRoad-master\FroggyRoad-master\Display.java,Display,manageStrips/0,numOfStrips,1
E:\OOD\main\FroggyRoad-master\FroggyRoad-master\Display.java,Display,manageStrips/0,allStrips,32
E:\OOD\main\FroggyRoad-master\FroggyRoad-master\Display.java,Display,manageStrips/0,stripGen,5
E:\OOD\main\FroggyRoad-master\FroggyRoad-master\Display.java,Display,manageStrips/0,land,4
E:\OOD\main\FroggyRoad-master\FroggyRoad-master\Display.java,Display,manageStrips/0,vManager,2
E:\OOD\main\FroggyRoad-master\FroggyRoad-master\Display.java,Display,manageStrips/0,water,7
E:\OOD\main\FroggyRoad-master\FroggyRoad-master\Display.java,Display,manageStrips/0,trains,1
E:\OOD\main\FroggyRoad-master\FroggyRoad-master\Display.java,Display,heroBounds/0,invDuration,5
E:\OOD\main\FroggyRoad-master\FroggyRoad-master\Display.java,Display,heroBounds/0,numOfStrips,1
E:\OOD\main\FroggyRoad-master\FroggyRoad-master\Display.java,Display,heroBounds/0,allStrips,1
E:\OOD\main\FroggyRoad-master\FroggyRoad-master\Display.java,Display,heroBounds/0,left,1
E:\OOD\main\FroggyRoad-master\FroggyRoad-master\Display.java,Display,heroBounds/0,invincibility,3
E:\OOD\main\FroggyRoad-master\FroggyRoad-master\Display.java,Display,heroBounds/0,hero,23
E:\OOD\main\FroggyRoad-master\FroggyRoad-master\Display.java,Display,heroBounds/0,up,1
E:\OOD\main\FroggyRoad-master\FroggyRoad-master\Display.java,Display,heroBounds/0,right,1
E:\OOD\main\FroggyRoad-master\FroggyRoad-master\Display.java,Display,heroBounds/0,down,1
E:\OOD\main\FroggyRoad-master\FroggyRoad-master\Display.java,Display,heroBounds/0,invTimeLeft,4
E:\OOD\main\FroggyRoad-master\FroggyRoad-master\Display.java,Display,manageCars/0,rand,4
E:\OOD\main\FroggyRoad-master\FroggyRoad-master\Display.java,Display,manageCars/0,cars,3
E:\OOD\main\FroggyRoad-master\FroggyRoad-master\Display.java,Display,manageCars/0,invincibility,1
E:\OOD\main\FroggyRoad-master\FroggyRoad-master\Display.java,Display,manageCars/0,hero,1
E:\OOD\main\FroggyRoad-master\FroggyRoad-master\Display.java,Display,manageCars/0,vManager,2
E:\OOD\main\FroggyRoad-master\FroggyRoad-master\Display.java,Display,Display/1[boolean],showLogo,1
E:\OOD\main\FroggyRoad-master\FroggyRoad-master\Display.java,Display,Display/1[boolean],startButton,6
E:\OOD\main\FroggyRoad-master\FroggyRoad-master\Display.java,Display,Display/1[boolean],controlsButton,6
E:\OOD\main\FroggyRoad-master\FroggyRoad-master\Display.java,Display,Display/1[boolean],gameLoop,2
E:\OOD\main\FroggyRoad-master\FroggyRoad-master\Display.java,Display,manageTrains/0,rand,4
E:\OOD\main\FroggyRoad-master\FroggyRoad-master\Display.java,Display,manageTrains/0,invincibility,1
E:\OOD\main\FroggyRoad-master\FroggyRoad-master\Display.java,Display,manageTrains/0,hero,1
E:\OOD\main\FroggyRoad-master\FroggyRoad-master\Display.java,Display,manageTrains/0,vManager,2
E:\OOD\main\FroggyRoad-master\FroggyRoad-master\Display.java,Display,manageTrains/0,trains,3
E:\OOD\main\FroggyRoad-master\FroggyRoad-master\Display.java,Display,paintComponent/1[java.awt.Graphics],cars,1
E:\OOD\main\FroggyRoad-master\FroggyRoad-master\Display.java,Display,paintComponent/1[java.awt.Graphics],score,1
E:\OOD\main\FroggyRoad-master\FroggyRoad-master\Display.java,Display,paintComponent/1[java.awt.Graphics],showLogo,1
E:\OOD\main\FroggyRoad-master\FroggyRoad-master\Display.java,Display,paintComponent/1[java.awt.Graphics],numOfStrips,1
E:\OOD\main\FroggyRoad-master\FroggyRoad-master\Display.java,Display,paintComponent/1[java.awt.Graphics],scoreManager,1
E:\OOD\main\FroggyRoad-master\FroggyRoad-master\Display.java,Display,paintComponent/1[java.awt.Graphics],allStrips,1
E:\OOD\main\FroggyRoad-master\FroggyRoad-master\Display.java,Display,paintComponent/1[java.awt.Graphics],invincibility,1
E:\OOD\main\FroggyRoad-master\FroggyRoad-master\Display.java,Display,paintComponent/1[java.awt.Graphics],logo,3
E:\OOD\main\FroggyRoad-master\FroggyRoad-master\Display.java,Display,paintComponent/1[java.awt.Graphics],hero,1
E:\OOD\main\FroggyRoad-master\FroggyRoad-master\Display.java,Display,paintComponent/1[java.awt.Graphics],trains,1
E:\OOD\main\FroggyRoad-master\FroggyRoad-master\Display.java,Display,paintComponent/1[java.awt.Graphics],invTimeLeft,1
E:\OOD\main\FroggyRoad-master\FroggyRoad-master\Display.java,Display,killMsg/1[java.lang.String],score,6
E:\OOD\main\FroggyRoad-master\FroggyRoad-master\Display.java,Display,killMsg/1[java.lang.String],showLogo,1
E:\OOD\main\FroggyRoad-master\FroggyRoad-master\Display.java,Display,killMsg/1[java.lang.String],scoreManager,1
E:\OOD\main\FroggyRoad-master\FroggyRoad-master\Display.java,Display,killMsg/1[java.lang.String],startButton,1
E:\OOD\main\FroggyRoad-master\FroggyRoad-master\Display.java,Display,killMsg/1[java.lang.String],controlsButton,1
E:\OOD\main\FroggyRoad-master\FroggyRoad-master\Display.java,Display,killMsg/1[java.lang.String],gameLoop,1
E:\OOD\main\FroggyRoad-master\FroggyRoad-master\Display.java,Display,jumpHero/0,numOfStrips,4
E:\OOD\main\FroggyRoad-master\FroggyRoad-master\Display.java,Display,jumpHero/0,allStrips,2
E:\OOD\main\FroggyRoad-master\FroggyRoad-master\Display.java,Display,jumpHero/0,left,3
E:\OOD\main\FroggyRoad-master\FroggyRoad-master\Display.java,Display,jumpHero/0,hero,17
E:\OOD\main\FroggyRoad-master\FroggyRoad-master\Display.java,Display,jumpHero/0,right,3
E:\OOD\main\FroggyRoad-master\FroggyRoad-master\Display.java,Display,jumpHero/0,up,3
E:\OOD\main\FroggyRoad-master\FroggyRoad-master\Display.java,Display,jumpHero/0,press,7
E:\OOD\main\FroggyRoad-master\FroggyRoad-master\Display.java,Display,jumpHero/0,down,3
E:\OOD\main\FroggyRoad-master\FroggyRoad-master\Display.java,Display,jumpHero/0,movement,2
E:\OOD\main\FroggyRoad-master\FroggyRoad-master\Display.java,Display,scrollScreen/0,numOfStrips,1
E:\OOD\main\FroggyRoad-master\FroggyRoad-master\Display.java,Display,scrollScreen/0,allStrips,1
E:\OOD\main\FroggyRoad-master\FroggyRoad-master\Display.java,Display,scrollScreen/0,hero,1
E:\OOD\main\FroggyRoad-master\FroggyRoad-master\Display.java,Display,scrollScreen/0,press,1
E:\OOD\main\FroggyRoad-master\FroggyRoad-master\Display.java,Display,newGame/0,newGame,2
E:\OOD\main\FroggyRoad-master\FroggyRoad-master\Display.java,Display,setInitialLocations/0,special,1
E:\OOD\main\FroggyRoad-master\FroggyRoad-master\Display.java,Display,setInitialLocations/0,numOfStrips,2
E:\OOD\main\FroggyRoad-master\FroggyRoad-master\Display.java,Display,setInitialLocations/0,allStrips,6
E:\OOD\main\FroggyRoad-master\FroggyRoad-master\Display.java,Display,setInitialLocations/0,stripGen,1
E:\OOD\main\FroggyRoad-master\FroggyRoad-master\Display.java,Display,setInitialLocations/0,land,1
E:\OOD\main\FroggyRoad-master\FroggyRoad-master\Display.java,Display,setInitialLocations/0,hero,2
