file,class,method,constructor,line,cbo,cboModified,fanin,fanout,wmc,rfc,loc,returnsQty,variablesQty,parametersQty,methodsInvokedQty,methodsInvokedLocalQty,methodsInvokedIndirectLocalQty,loopQty,comparisonsQty,tryCatchQty,parenthesizedExpsQty,stringLiteralsQty,numbersQty,assignmentsQty,mathOperationsQty,maxNestedBlocksQty,anonymousClassesQty,innerClassesQty,lambdasQty,uniqueWordsQty,modifiers,logStatementsQty,hasJavaDoc
E:\OOD\main\FroggyRoad-master\FroggyRoad-master\ManageVehicles.java,ManageVehicles,setTrain/1[int],false,122,2,7,1,6,2,6,14,1,1,1,6,1,1,0,1,0,2,0,9,1,2,1,0,0,0,17,0,0,true
E:\OOD\main\FroggyRoad-master\FroggyRoad-master\ManageVehicles.java,ManageVehicles,setCar/1[int],false,16,2,8,1,7,2,7,16,1,1,1,7,1,1,0,1,0,2,2,9,1,2,1,0,0,0,17,0,0,true
E:\OOD\main\FroggyRoad-master\FroggyRoad-master\ManageVehicles.java,ManageVehicles,randomTrain/0,false,151,0,2,2,0,9,1,31,1,2,0,1,0,0,0,0,0,0,9,9,10,0,1,0,0,0,10,0,0,true
E:\OOD\main\FroggyRoad-master\FroggyRoad-master\ManageVehicles.java,ManageVehicles,randomCar/1[java.lang.String],false,47,0,2,2,0,19,2,61,1,2,1,2,0,0,0,0,0,0,19,17,18,0,2,0,0,0,11,0,0,true
E:\OOD\main\FroggyRoad-master\FroggyRoad-master\Window.java,Window,main/1[java.lang.String[]],false,47,1,1,0,1,1,0,4,0,1,1,0,0,0,0,0,0,0,0,0,1,0,0,0,0,0,9,9,0,true
E:\OOD\main\FroggyRoad-master\FroggyRoad-master\Window.java,Window,Window/1[boolean],true,19,1,3,2,1,1,7,9,0,0,1,7,0,0,0,0,0,0,1,0,0,0,0,0,0,0,18,0,0,true
E:\OOD\main\FroggyRoad-master\FroggyRoad-master\Score.java,Score,updateScores/1[int],false,15,1,2,1,1,3,4,15,0,3,1,4,1,1,0,0,1,0,1,0,4,0,1,0,0,0,19,1,0,true
E:\OOD\main\FroggyRoad-master\FroggyRoad-master\Score.java,Score,readScore/0,false,47,0,2,2,0,5,5,29,1,6,0,5,0,0,1,0,3,0,2,2,8,0,3,0,0,0,27,1,0,true
E:\OOD\main\FroggyRoad-master\FroggyRoad-master\Sprite.java,Sprite,setYDir/1[double],false,126,0,5,5,0,1,0,3,0,0,1,0,0,0,0,0,0,0,0,0,1,0,0,0,0,0,4,0,0,false
E:\OOD\main\FroggyRoad-master\FroggyRoad-master\Sprite.java,Sprite,getFileName/0,false,131,0,3,3,0,1,0,3,1,0,0,0,0,0,0,0,0,0,0,0,0,0,0,0,0,0,4,0,0,false
E:\OOD\main\FroggyRoad-master\FroggyRoad-master\Sprite.java,Sprite,move/0,false,140,0,4,4,0,1,0,4,0,0,0,0,0,0,0,0,0,0,0,0,2,0,0,0,0,0,5,0,0,false
E:\OOD\main\FroggyRoad-master\FroggyRoad-master\Sprite.java,Sprite,"Sprite/2[int,int]",true,58,0,0,0,0,1,0,4,0,0,2,0,0,0,0,0,0,0,0,0,2,0,0,0,0,0,9,1,0,true
E:\OOD\main\FroggyRoad-master\FroggyRoad-master\Sprite.java,Sprite,setXLoc/1[int],false,96,0,8,8,0,1,0,3,0,0,1,0,0,0,0,0,0,0,0,0,1,0,0,0,0,0,4,0,0,false
E:\OOD\main\FroggyRoad-master\FroggyRoad-master\Sprite.java,Sprite,Sprite/0,true,36,0,2,2,0,1,0,7,0,0,0,0,0,0,0,0,0,0,0,4,5,0,0,0,0,0,8,0,0,true
E:\OOD\main\FroggyRoad-master\FroggyRoad-master\Sprite.java,Sprite,getXLoc/0,false,88,0,5,5,0,1,0,3,1,0,0,0,0,0,0,0,0,0,0,0,0,0,0,0,0,0,4,0,0,false
E:\OOD\main\FroggyRoad-master\FroggyRoad-master\Sprite.java,Sprite,setImage/1[java.lang.String],false,74,0,9,9,0,2,2,9,0,0,1,2,0,0,0,0,1,0,0,0,3,0,1,0,0,0,10,0,0,false
E:\OOD\main\FroggyRoad-master\FroggyRoad-master\Sprite.java,Sprite,getYDir/0,false,121,0,0,0,0,1,0,3,1,0,0,0,0,0,0,0,0,0,0,0,0,0,0,0,0,0,4,1,0,false
E:\OOD\main\FroggyRoad-master\FroggyRoad-master\Sprite.java,Sprite,getWidth/0,false,149,0,1,1,0,2,1,4,2,0,0,1,0,0,0,1,0,0,0,1,0,0,1,0,0,0,4,0,0,false
E:\OOD\main\FroggyRoad-master\FroggyRoad-master\Sprite.java,Sprite,setXDir/1[double],false,116,0,6,6,0,1,0,3,0,0,1,0,0,0,0,0,0,0,0,0,1,0,0,0,0,0,4,0,0,false
E:\OOD\main\FroggyRoad-master\FroggyRoad-master\Sprite.java,Sprite,getHeight/0,false,158,0,1,1,0,2,1,4,2,0,0,1,0,0,0,1,0,0,0,1,0,0,1,0,0,0,4,0,0,false
E:\OOD\main\FroggyRoad-master\FroggyRoad-master\Sprite.java,Sprite,getYLoc/0,false,101,0,6,6,0,1,0,3,1,0,0,0,0,0,0,0,0,0,0,0,0,0,0,0,0,0,4,0,0,false
E:\OOD\main\FroggyRoad-master\FroggyRoad-master\Sprite.java,Sprite,"Sprite/3[java.lang.String,int,int]",true,48,1,1,0,1,1,1,5,0,0,3,1,1,1,0,0,0,0,0,0,2,0,0,0,0,0,13,1,0,true
E:\OOD\main\FroggyRoad-master\FroggyRoad-master\Sprite.java,Sprite,Sprite/1[java.lang.String],true,66,1,3,2,1,1,1,3,0,0,1,1,1,1,0,0,0,0,0,0,0,0,0,0,0,0,11,0,0,true
E:\OOD\main\FroggyRoad-master\FroggyRoad-master\Sprite.java,Sprite,"paint/2[java.awt.Graphics,javax.swing.JPanel]",false,169,0,1,1,0,3,2,6,0,0,2,2,0,0,0,1,0,0,0,2,0,0,2,0,0,0,7,0,0,false
E:\OOD\main\FroggyRoad-master\FroggyRoad-master\Sprite.java,Sprite,getXDir/0,false,111,0,0,0,0,1,0,3,1,0,0,0,0,0,0,0,0,0,0,0,0,0,0,0,0,0,4,1,0,false
E:\OOD\main\FroggyRoad-master\FroggyRoad-master\Sprite.java,Sprite,setYLoc/1[int],false,106,0,7,7,0,1,0,3,0,0,1,0,0,0,0,0,0,0,0,0,1,0,0,0,0,0,4,0,0,false
E:\OOD\main\FroggyRoad-master\FroggyRoad-master\StripGenerator.java,StripGenerator,"makeSpecialStrip/5[int,int,java.lang.String,java.lang.String,java.lang.String]",false,71,1,6,4,2,6,1,21,1,1,5,1,0,0,0,0,0,0,0,5,1,0,1,0,0,0,11,2,0,false
E:\OOD\main\FroggyRoad-master\FroggyRoad-master\StripGenerator.java,StripGenerator,getWaterStrip/0,false,151,2,2,1,1,2,2,9,1,4,0,2,1,1,1,0,0,0,3,4,5,0,1,0,0,0,10,0,0,false
E:\OOD\main\FroggyRoad-master\FroggyRoad-master\StripGenerator.java,StripGenerator,getLandStrip/0,false,111,2,3,2,1,2,2,9,1,4,0,2,1,1,1,0,0,0,3,4,5,0,1,0,0,0,10,0,0,false
E:\OOD\main\FroggyRoad-master\FroggyRoad-master\StripGenerator.java,StripGenerator,getSpecialLandStrip/0,false,130,2,2,1,1,2,2,9,1,4,0,2,1,1,1,0,0,0,3,4,5,0,1,0,0,0,10,0,0,false
E:\OOD\main\FroggyRoad-master\FroggyRoad-master\StripGenerator.java,StripGenerator,getStrip/0,false,12,2,3,1,2,9,2,32,1,10,0,2,1,1,4,0,0,0,8,12,16,0,2,0,0,0,19,0,0,true
E:\OOD\main\FroggyRoad-master\FroggyRoad-master\Display.java,Display$KeyPressing,keyPressed/1[java.awt.event.KeyEvent],false,866,2,2,0,2,18,6,41,0,0,1,6,0,0,0,0,0,0,0,7,10,0,2,0,0,0,16,1,0,false
E:\OOD\main\FroggyRoad-master\FroggyRoad-master\Display.java,Display$KeyPressing,keyReleased/1[java.awt.event.KeyEvent],false,918,1,2,0,2,5,3,16,0,0,1,3,0,0,0,0,0,0,0,4,0,0,1,0,0,0,13,1,0,true
E:\OOD\main\FroggyRoad-master\FroggyRoad-master\Display.java,Display,actionPerformed/1[java.awt.event.ActionEvent],false,188,2,8,0,8,6,13,26,0,2,1,13,7,4,2,2,0,0,5,3,4,1,3,0,0,0,53,1,0,true
E:\OOD\main\FroggyRoad-master\FroggyRoad-master\Display.java,Display,manageStrips/0,false,606,3,12,1,11,41,15,88,0,9,0,15,0,0,11,6,0,0,23,51,21,2,9,0,0,0,21,2,0,true
E:\OOD\main\FroggyRoad-master\FroggyRoad-master\Display.java,Display,heroBounds/0,false,316,2,8,1,7,31,8,51,0,1,0,8,2,1,2,4,0,14,6,46,10,27,6,0,0,0,32,2,0,true
E:\OOD\main\FroggyRoad-master\FroggyRoad-master\Display.java,Display,manageCars/0,false,503,3,10,1,9,7,13,24,0,2,0,13,2,1,1,0,0,4,3,12,2,4,3,0,0,0,19,2,0,true
E:\OOD\main\FroggyRoad-master\FroggyRoad-master\Display.java,Display,Display/1[boolean],true,79,2,3,1,2,2,14,24,0,0,1,14,1,1,0,0,0,0,2,9,4,0,1,0,0,0,30,0,0,true
E:\OOD\main\FroggyRoad-master\FroggyRoad-master\Display.java,Display,manageTrains/0,false,557,3,10,1,9,7,13,24,0,2,0,13,2,1,1,0,0,3,1,12,2,4,3,0,0,0,16,2,0,true
E:\OOD\main\FroggyRoad-master\FroggyRoad-master\Display.java,Display,paintComponent/1[java.awt.Graphics],false,794,2,4,0,4,7,13,32,0,8,1,13,0,0,4,0,0,0,3,14,8,6,2,0,0,0,29,1,0,true
E:\OOD\main\FroggyRoad-master\FroggyRoad-master\Display.java,Display,"collision/2[Sprite,Sprite]",false,782,1,7,3,4,1,5,5,1,2,2,5,0,0,0,0,0,0,0,0,2,0,0,0,0,0,8,2,0,true
E:\OOD\main\FroggyRoad-master\FroggyRoad-master\Display.java,Display,killMsg/1[java.lang.String],false,277,1,4,3,1,6,5,25,0,0,1,5,0,0,0,0,0,0,15,0,1,5,1,0,0,0,26,2,0,true
E:\OOD\main\FroggyRoad-master\FroggyRoad-master\Display.java,Display,jumpHero/0,false,406,1,7,1,6,19,6,51,0,5,0,6,0,0,2,4,0,0,4,27,13,6,3,0,0,0,50,2,0,true
E:\OOD\main\FroggyRoad-master\FroggyRoad-master\Display.java,Display,scrollScreen/0,false,765,1,2,1,1,4,1,10,0,2,0,1,0,0,2,0,0,0,0,5,2,0,2,0,0,0,12,2,0,true
E:\OOD\main\FroggyRoad-master\FroggyRoad-master\Display.java,Display,newGame/0,false,260,1,3,2,1,2,2,7,0,1,0,2,0,0,0,0,0,0,0,0,1,0,1,0,0,0,11,2,0,true
E:\OOD\main\FroggyRoad-master\FroggyRoad-master\Display.java,Display,setInitialLocations/0,false,129,2,6,1,5,6,7,27,0,7,0,7,0,0,4,0,0,0,3,18,11,0,2,0,0,0,19,2,0,true
