file,class,method,variable,usage
E:\OOD\main\FroggyRoad-master\FroggyRoad-master\ManageVehicles.java,ManageVehicles,setTrain/1[int],stripYLoc,1
E:\OOD\main\FroggyRoad-master\FroggyRoad-master\ManageVehicles.java,ManageVehicles,setTrain/1[int],train,7
E:\OOD\main\FroggyRoad-master\FroggyRoad-master\ManageVehicles.java,ManageVehicles,setCar/1[int],stripYLoc,1
E:\OOD\main\FroggyRoad-master\FroggyRoad-master\ManageVehicles.java,ManageVehicles,setCar/1[int],car,9
E:\OOD\main\FroggyRoad-master\FroggyRoad-master\ManageVehicles.java,ManageVehicles,randomTrain/0,trainNum,1
E:\OOD\main\FroggyRoad-master\FroggyRoad-master\ManageVehicles.java,ManageVehicles,randomTrain/0,trainImage,9
E:\OOD\main\FroggyRoad-master\FroggyRoad-master\ManageVehicles.java,ManageVehicles,randomCar/1[java.lang.String],carColor,2
E:\OOD\main\FroggyRoad-master\FroggyRoad-master\ManageVehicles.java,ManageVehicles,randomCar/1[java.lang.String],carImage,17
E:\OOD\main\FroggyRoad-master\FroggyRoad-master\ManageVehicles.java,ManageVehicles,randomCar/1[java.lang.String],dir,2
E:\OOD\main\FroggyRoad-master\FroggyRoad-master\Window.java,Window,main/1[java.lang.String[]],args,0
E:\OOD\main\FroggyRoad-master\FroggyRoad-master\Window.java,Window,main/1[java.lang.String[]],pause,1
E:\OOD\main\FroggyRoad-master\FroggyRoad-master\Window.java,Window,Window/1[boolean],pause,1
E:\OOD\main\FroggyRoad-master\FroggyRoad-master\Score.java,Score,updateScores/1[int],score,2
E:\OOD\main\FroggyRoad-master\FroggyRoad-master\Score.java,Score,updateScores/1[int],outputFile,2
E:\OOD\main\FroggyRoad-master\FroggyRoad-master\Score.java,Score,updateScores/1[int],e,1
E:\OOD\main\FroggyRoad-master\FroggyRoad-master\Score.java,Score,updateScores/1[int],fstream,1
E:\OOD\main\FroggyRoad-master\FroggyRoad-master\Score.java,Score,updateScores/1[int],fileScore,3
E:\OOD\main\FroggyRoad-master\FroggyRoad-master\Score.java,Score,readScore/0,inputFile,2
E:\OOD\main\FroggyRoad-master\FroggyRoad-master\Score.java,Score,readScore/0,outputFile,2
E:\OOD\main\FroggyRoad-master\FroggyRoad-master\Score.java,Score,readScore/0,endOfFile,2
E:\OOD\main\FroggyRoad-master\FroggyRoad-master\Score.java,Score,readScore/0,ex,0
E:\OOD\main\FroggyRoad-master\FroggyRoad-master\Score.java,Score,readScore/0,e,2
E:\OOD\main\FroggyRoad-master\FroggyRoad-master\Score.java,Score,readScore/0,fstream,3
E:\OOD\main\FroggyRoad-master\FroggyRoad-master\Score.java,Score,readScore/0,fileScore,2
E:\OOD\main\FroggyRoad-master\FroggyRoad-master\Sprite.java,Sprite,setYDir/1[double],ydir,2
E:\OOD\main\FroggyRoad-master\FroggyRoad-master\Sprite.java,Sprite,"Sprite/2[int,int]",xloc,2
E:\OOD\main\FroggyRoad-master\FroggyRoad-master\Sprite.java,Sprite,"Sprite/2[int,int]",yloc,2
E:\OOD\main\FroggyRoad-master\FroggyRoad-master\Sprite.java,Sprite,setXLoc/1[int],xloc,2
E:\OOD\main\FroggyRoad-master\FroggyRoad-master\Sprite.java,Sprite,setImage/1[java.lang.String],filename,3
E:\OOD\main\FroggyRoad-master\FroggyRoad-master\Sprite.java,Sprite,setImage/1[java.lang.String],e,0
E:\OOD\main\FroggyRoad-master\FroggyRoad-master\Sprite.java,Sprite,setXDir/1[double],xdir,2
E:\OOD\main\FroggyRoad-master\FroggyRoad-master\Sprite.java,Sprite,"Sprite/3[java.lang.String,int,int]",xloc,2
E:\OOD\main\FroggyRoad-master\FroggyRoad-master\Sprite.java,Sprite,"Sprite/3[java.lang.String,int,int]",filename,1
E:\OOD\main\FroggyRoad-master\FroggyRoad-master\Sprite.java,Sprite,"Sprite/3[java.lang.String,int,int]",yloc,2
E:\OOD\main\FroggyRoad-master\FroggyRoad-master\Sprite.java,Sprite,Sprite/1[java.lang.String],filename,1
E:\OOD\main\FroggyRoad-master\FroggyRoad-master\Sprite.java,Sprite,"paint/2[java.awt.Graphics,javax.swing.JPanel]",g,2
E:\OOD\main\FroggyRoad-master\FroggyRoad-master\Sprite.java,Sprite,"paint/2[java.awt.Graphics,javax.swing.JPanel]",panel,1
E:\OOD\main\FroggyRoad-master\FroggyRoad-master\Sprite.java,Sprite,setYLoc/1[int],yloc,2
E:\OOD\main\FroggyRoad-master\FroggyRoad-master\StripGenerator.java,StripGenerator,"makeSpecialStrip/5[int,int,java.lang.String,java.lang.String,java.lang.String]",specialBlockTwo,1
E:\OOD\main\FroggyRoad-master\FroggyRoad-master\StripGenerator.java,StripGenerator,"makeSpecialStrip/5[int,int,java.lang.String,java.lang.String,java.lang.String]",background,3
E:\OOD\main\FroggyRoad-master\FroggyRoad-master\StripGenerator.java,StripGenerator,"makeSpecialStrip/5[int,int,java.lang.String,java.lang.String,java.lang.String]",x,1
E:\OOD\main\FroggyRoad-master\FroggyRoad-master\StripGenerator.java,StripGenerator,"makeSpecialStrip/5[int,int,java.lang.String,java.lang.String,java.lang.String]",specialBlockOne,1
E:\OOD\main\FroggyRoad-master\FroggyRoad-master\StripGenerator.java,StripGenerator,"makeSpecialStrip/5[int,int,java.lang.String,java.lang.String,java.lang.String]",i,0
E:\OOD\main\FroggyRoad-master\FroggyRoad-master\StripGenerator.java,StripGenerator,"makeSpecialStrip/5[int,int,java.lang.String,java.lang.String,java.lang.String]",oneBlock,6
E:\OOD\main\FroggyRoad-master\FroggyRoad-master\StripGenerator.java,StripGenerator,getWaterStrip/0,gen,1
E:\OOD\main\FroggyRoad-master\FroggyRoad-master\StripGenerator.java,StripGenerator,getWaterStrip/0,spriteStrip,2
E:\OOD\main\FroggyRoad-master\FroggyRoad-master\StripGenerator.java,StripGenerator,getWaterStrip/0,x,1
E:\OOD\main\FroggyRoad-master\FroggyRoad-master\StripGenerator.java,StripGenerator,getWaterStrip/0,i,4
E:\OOD\main\FroggyRoad-master\FroggyRoad-master\StripGenerator.java,StripGenerator,getLandStrip/0,gen,1
E:\OOD\main\FroggyRoad-master\FroggyRoad-master\StripGenerator.java,StripGenerator,getLandStrip/0,spriteStrip,2
E:\OOD\main\FroggyRoad-master\FroggyRoad-master\StripGenerator.java,StripGenerator,getLandStrip/0,x,1
E:\OOD\main\FroggyRoad-master\FroggyRoad-master\StripGenerator.java,StripGenerator,getLandStrip/0,i,4
E:\OOD\main\FroggyRoad-master\FroggyRoad-master\StripGenerator.java,StripGenerator,getSpecialLandStrip/0,gen,1
E:\OOD\main\FroggyRoad-master\FroggyRoad-master\StripGenerator.java,StripGenerator,getSpecialLandStrip/0,spriteStrip,2
E:\OOD\main\FroggyRoad-master\FroggyRoad-master\StripGenerator.java,StripGenerator,getSpecialLandStrip/0,x,1
E:\OOD\main\FroggyRoad-master\FroggyRoad-master\StripGenerator.java,StripGenerator,getSpecialLandStrip/0,i,4
E:\OOD\main\FroggyRoad-master\FroggyRoad-master\StripGenerator.java,StripGenerator,getStrip/0,gen,3
E:\OOD\main\FroggyRoad-master\FroggyRoad-master\StripGenerator.java,StripGenerator,getStrip/0,strip,3
E:\OOD\main\FroggyRoad-master\FroggyRoad-master\StripGenerator.java,StripGenerator,getStrip/0,spriteStrip,6
E:\OOD\main\FroggyRoad-master\FroggyRoad-master\StripGenerator.java,StripGenerator,getStrip/0,x,5
E:\OOD\main\FroggyRoad-master\FroggyRoad-master\StripGenerator.java,StripGenerator,getStrip/0,y,4
E:\OOD\main\FroggyRoad-master\FroggyRoad-master\StripGenerator.java,StripGenerator,getStrip/0,i,17
E:\OOD\main\FroggyRoad-master\FroggyRoad-master\Display.java,Display$KeyPressing,keyPressed/1[java.awt.event.KeyEvent],e,1
E:\OOD\main\FroggyRoad-master\FroggyRoad-master\Display.java,Display$KeyPressing,keyReleased/1[java.awt.event.KeyEvent],e,1
E:\OOD\main\FroggyRoad-master\FroggyRoad-master\Display.java,Display,actionPerformed/1[java.awt.event.ActionEvent],e,2
E:\OOD\main\FroggyRoad-master\FroggyRoad-master\Display.java,Display,actionPerformed/1[java.awt.event.ActionEvent],x,3
E:\OOD\main\FroggyRoad-master\FroggyRoad-master\Display.java,Display,actionPerformed/1[java.awt.event.ActionEvent],i,3
E:\OOD\main\FroggyRoad-master\FroggyRoad-master\Display.java,Display,manageStrips/0,allWater,4
E:\OOD\main\FroggyRoad-master\FroggyRoad-master\Display.java,Display,manageStrips/0,val,2
E:\OOD\main\FroggyRoad-master\FroggyRoad-master\Display.java,Display,manageStrips/0,s,4
E:\OOD\main\FroggyRoad-master\FroggyRoad-master\Display.java,Display,manageStrips/0,v,34
E:\OOD\main\FroggyRoad-master\FroggyRoad-master\Display.java,Display,manageStrips/0,X,2
E:\OOD\main\FroggyRoad-master\FroggyRoad-master\Display.java,Display,manageStrips/0,allGrass,4
E:\OOD\main\FroggyRoad-master\FroggyRoad-master\Display.java,Display,manageStrips/0,i,23
E:\OOD\main\FroggyRoad-master\FroggyRoad-master\Display.java,Display,heroBounds/0,s,20
E:\OOD\main\FroggyRoad-master\FroggyRoad-master\Display.java,Display,heroBounds/0,i,3
E:\OOD\main\FroggyRoad-master\FroggyRoad-master\Display.java,Display,manageCars/0,car,11
E:\OOD\main\FroggyRoad-master\FroggyRoad-master\Display.java,Display,manageCars/0,i,4
E:\OOD\main\FroggyRoad-master\FroggyRoad-master\Display.java,Display,Display/1[boolean],pause,1
E:\OOD\main\FroggyRoad-master\FroggyRoad-master\Display.java,Display,manageTrains/0,i,4
E:\OOD\main\FroggyRoad-master\FroggyRoad-master\Display.java,Display,manageTrains/0,train,11
E:\OOD\main\FroggyRoad-master\FroggyRoad-master\Display.java,Display,paintComponent/1[java.awt.Graphics],s,3
E:\OOD\main\FroggyRoad-master\FroggyRoad-master\Display.java,Display,paintComponent/1[java.awt.Graphics],cF,2
E:\OOD\main\FroggyRoad-master\FroggyRoad-master\Display.java,Display,paintComponent/1[java.awt.Graphics],CF,2
E:\OOD\main\FroggyRoad-master\FroggyRoad-master\Display.java,Display,paintComponent/1[java.awt.Graphics],g,18
E:\OOD\main\FroggyRoad-master\FroggyRoad-master\Display.java,Display,paintComponent/1[java.awt.Graphics],currentFont,2
E:\OOD\main\FroggyRoad-master\FroggyRoad-master\Display.java,Display,paintComponent/1[java.awt.Graphics],x,3
E:\OOD\main\FroggyRoad-master\FroggyRoad-master\Display.java,Display,paintComponent/1[java.awt.Graphics],nF,1
E:\OOD\main\FroggyRoad-master\FroggyRoad-master\Display.java,Display,paintComponent/1[java.awt.Graphics],NF,1
E:\OOD\main\FroggyRoad-master\FroggyRoad-master\Display.java,Display,paintComponent/1[java.awt.Graphics],i,3
E:\OOD\main\FroggyRoad-master\FroggyRoad-master\Display.java,Display,paintComponent/1[java.awt.Graphics],newFont,1
E:\OOD\main\FroggyRoad-master\FroggyRoad-master\Display.java,Display,"collision/2[Sprite,Sprite]",one,4
E:\OOD\main\FroggyRoad-master\FroggyRoad-master\Display.java,Display,"collision/2[Sprite,Sprite]",two,4
E:\OOD\main\FroggyRoad-master\FroggyRoad-master\Display.java,Display,"collision/2[Sprite,Sprite]",first,1
E:\OOD\main\FroggyRoad-master\FroggyRoad-master\Display.java,Display,"collision/2[Sprite,Sprite]",second,1
E:\OOD\main\FroggyRoad-master\FroggyRoad-master\Display.java,Display,killMsg/1[java.lang.String],killer,1
E:\OOD\main\FroggyRoad-master\FroggyRoad-master\Display.java,Display,jumpHero/0,x,7
E:\OOD\main\FroggyRoad-master\FroggyRoad-master\Display.java,Display,jumpHero/0,i,9
E:\OOD\main\FroggyRoad-master\FroggyRoad-master\Display.java,Display,jumpHero/0,location,6
E:\OOD\main\FroggyRoad-master\FroggyRoad-master\Display.java,Display,scrollScreen/0,v,3
E:\OOD\main\FroggyRoad-master\FroggyRoad-master\Display.java,Display,scrollScreen/0,x,3
E:\OOD\main\FroggyRoad-master\FroggyRoad-master\Display.java,Display,newGame/0,frame,1
E:\OOD\main\FroggyRoad-master\FroggyRoad-master\Display.java,Display,setInitialLocations/0,strip,1
E:\OOD\main\FroggyRoad-master\FroggyRoad-master\Display.java,Display,setInitialLocations/0,x,3
E:\OOD\main\FroggyRoad-master\FroggyRoad-master\Display.java,Display,setInitialLocations/0,i,13
E:\OOD\main\FroggyRoad-master\FroggyRoad-master\Display.java,Display,setInitialLocations/0,y,2
E:\OOD\main\FroggyRoad-master\FroggyRoad-master\Display.java,Display,setInitialLocations/0,z,4
