file,class,type,cbo,cboModified,fanin,fanout,wmc,dit,noc,rfc,lcom,lcom*,tcc,lcc,totalMethodsQty,staticMethodsQty,publicMethodsQty,privateMethodsQty,protectedMethodsQty,defaultMethodsQty,visibleMethodsQty,abstractMethodsQty,finalMethodsQty,synchronizedMethodsQty,totalFieldsQty,staticFieldsQty,publicFieldsQty,privateFieldsQty,protectedFieldsQty,defaultFieldsQty,finalFieldsQty,synchronizedFieldsQty,nosi,loc,returnQty,loopQty,comparisonsQty,tryCatchQty,parenthesizedExpsQty,stringLiteralsQty,numbersQty,assignmentsQty,mathOperationsQty,variablesQty,maxNestedBlocksQty,anonymousClassesQty,innerClassesQty,lambdasQty,uniqueWordsQty,modifiers,logStatementsQty
E:\OOD\main\Cannon_Defender_3-master\Cannon_Defender_3-master\src\Boss.java,Boss,class,1,2,1,1,28,2,0,5,14,0.89285713,0.25,0.53571427,8,0,8,0,0,0,8,0,0,0,21,0,0,12,0,9,9,0,6,158,1,0,2,0,7,9,38,46,22,21,3,0,0,0,58,1,0
E:\OOD\main\Cannon_Defender_3-master\Cannon_Defender_3-master\src\FireBall.java,FireBall,class,1,2,1,1,11,2,0,5,8,0.8,0.1,0.1,5,0,5,0,0,0,5,0,0,0,3,0,0,2,0,1,1,0,6,56,0,0,2,0,6,1,22,22,18,3,1,0,0,0,27,1,0
E:\OOD\main\Cannon_Defender_3-master\Cannon_Defender_3-master\src\Player.java,Player,class,2,5,3,2,79,2,0,15,219,0.9531471,0.13450292,0.45614034,26,0,19,7,0,0,19,0,0,0,55,0,0,31,0,24,23,0,0,349,10,0,24,0,7,20,66,98,4,57,2,0,0,0,83,1,0
E:\OOD\main\Cannon_Defender_3-master\Cannon_Defender_3-master\src\MainMenu.java,MainMenu$TAdapter,innerclass,1,1,0,1,1,2,0,3,0,0.0,NaN,NaN,1,0,1,0,0,0,1,0,0,0,0,0,0,0,0,0,0,0,0,8,0,0,0,0,0,1,0,1,0,0,0,0,0,0,11,2,0
E:\OOD\main\Cannon_Defender_3-master\Cannon_Defender_3-master\src\Background.java,Background,class,9,12,3,9,150,6,0,90,0,0.8605444,0.57575756,1.0,12,0,12,0,0,0,12,0,0,0,45,0,0,35,0,10,0,0,12,419,0,10,32,5,6,26,191,98,87,74,4,0,1,0,141,1,0
E:\OOD\main\Cannon_Defender_3-master\Cannon_Defender_3-master\src\Sprite.java,Sprite,class,0,6,6,0,12,1,5,0,46,0.85714287,0.15151516,0.15151516,12,0,11,0,1,0,12,0,0,0,7,0,0,1,6,0,0,0,0,45,5,0,0,0,0,0,0,7,0,7,0,0,0,0,19,1,0
E:\OOD\main\Cannon_Defender_3-master\Cannon_Defender_3-master\src\Background.java,Background$TAdapter,innerclass,1,1,0,1,3,2,0,2,1,0.0,0.0,0.0,2,0,2,0,0,0,2,0,0,0,0,0,0,0,0,0,0,0,0,11,0,0,0,0,0,0,2,1,0,0,1,0,0,0,10,2,0
E:\OOD\main\Cannon_Defender_3-master\Cannon_Defender_3-master\src\Minion.java,Minion,class,1,2,1,1,28,2,0,5,13,0.8928572,0.1904762,0.2857143,7,0,7,0,0,0,7,0,0,0,20,0,0,11,0,9,9,0,6,150,0,0,2,0,6,9,40,43,20,20,2,0,0,0,54,1,0
E:\OOD\main\Cannon_Defender_3-master\Cannon_Defender_3-master\src\MainMenu.java,MainMenu,class,3,5,2,3,7,6,0,17,0,0.8,0.5,0.5,4,0,3,0,0,1,4,0,0,0,5,0,0,2,0,3,0,0,1,49,0,0,1,0,0,7,6,8,0,8,1,0,1,0,37,1,0
E:\OOD\main\Cannon_Defender_3-master\Cannon_Defender_3-master\src\Ogre.java,Ogre,class,1,2,1,1,29,2,0,5,14,0.89285713,0.25,0.53571427,8,0,8,0,0,0,8,0,0,0,21,0,0,12,0,9,9,0,6,156,1,0,2,0,7,9,42,46,20,21,2,0,0,0,59,1,0
E:\OOD\main\Cannon_Defender_3-master\Cannon_Defender_3-master\src\Settings.java,Settings,class,2,4,2,2,2,6,0,7,1,0.0,0.0,0.0,2,1,2,0,0,0,2,0,0,0,0,0,0,0,0,0,0,0,0,14,0,0,0,0,0,1,2,0,0,0,0,0,0,0,36,1,0
