file,class,method,variable,usage
E:\OOD\main\Cannon_Defender_3-master\Cannon_Defender_3-master\src\Boss.java,Boss,"move/4[int,int,int,int]",R2,1
E:\OOD\main\Cannon_Defender_3-master\Cannon_Defender_3-master\src\Boss.java,Boss,"move/4[int,int,int,int]",L1,2
E:\OOD\main\Cannon_Defender_3-master\Cannon_Defender_3-master\src\Boss.java,Boss,"move/4[int,int,int,int]",L2,1
E:\OOD\main\Cannon_Defender_3-master\Cannon_Defender_3-master\src\Boss.java,Boss,"move/4[int,int,int,int]",animTick,4
E:\OOD\main\Cannon_Defender_3-master\Cannon_Defender_3-master\src\Boss.java,Boss,"move/4[int,int,int,int]",U1,2
E:\OOD\main\Cannon_Defender_3-master\Cannon_Defender_3-master\src\Boss.java,Boss,"move/4[int,int,int,int]",D1,2
E:\OOD\main\Cannon_Defender_3-master\Cannon_Defender_3-master\src\Boss.java,Boss,"move/4[int,int,int,int]",U2,1
E:\OOD\main\Cannon_Defender_3-master\Cannon_Defender_3-master\src\Boss.java,Boss,"move/4[int,int,int,int]",D2,1
E:\OOD\main\Cannon_Defender_3-master\Cannon_Defender_3-master\src\Boss.java,Boss,"move/4[int,int,int,int]",R1,2
E:\OOD\main\Cannon_Defender_3-master\Cannon_Defender_3-master\src\Boss.java,Boss,"HPEffect/4[int,int,int,int]",bossHP,1
E:\OOD\main\Cannon_Defender_3-master\Cannon_Defender_3-master\src\Boss.java,Boss,setTick/1[int],animTick,1
E:\OOD\main\Cannon_Defender_3-master\Cannon_Defender_3-master\src\Boss.java,Boss,destroyed/0,DE,1
E:\OOD\main\Cannon_Defender_3-master\Cannon_Defender_3-master\src\Boss.java,Boss,Boss/0,multiplier,6
E:\OOD\main\Cannon_Defender_3-master\Cannon_Defender_3-master\src\Boss.java,Boss,Boss/0,D1,1
E:\OOD\main\Cannon_Defender_3-master\Cannon_Defender_3-master\src\Boss.java,Boss,"respawn/2[int,int]",multiplier,6
E:\OOD\main\Cannon_Defender_3-master\Cannon_Defender_3-master\src\Boss.java,Boss,"respawn/2[int,int]",bossHP,1
E:\OOD\main\Cannon_Defender_3-master\Cannon_Defender_3-master\src\Boss.java,Boss,"respawn/2[int,int]",D1,1
E:\OOD\main\Cannon_Defender_3-master\Cannon_Defender_3-master\src\Boss.java,Boss,getHP/0,bossHP,1
E:\OOD\main\Cannon_Defender_3-master\Cannon_Defender_3-master\src\FireBall.java,FireBall,"respawn/2[int,int]",multiplier,6
E:\OOD\main\Cannon_Defender_3-master\Cannon_Defender_3-master\src\FireBall.java,FireBall,FireBall/0,ii,1
E:\OOD\main\Cannon_Defender_3-master\Cannon_Defender_3-master\src\FireBall.java,FireBall,FireBall/0,multiplier,6
E:\OOD\main\Cannon_Defender_3-master\Cannon_Defender_3-master\src\Player.java,Player,drawUp/0,animTick,1
E:\OOD\main\Cannon_Defender_3-master\Cannon_Defender_3-master\src\Player.java,Player,drawUp/0,U1,2
E:\OOD\main\Cannon_Defender_3-master\Cannon_Defender_3-master\src\Player.java,Player,drawUp/0,U2,1
E:\OOD\main\Cannon_Defender_3-master\Cannon_Defender_3-master\src\Player.java,Player,healthEffect/1[double],totalHealth,2
E:\OOD\main\Cannon_Defender_3-master\Cannon_Defender_3-master\src\Player.java,Player,healthEffect/1[double],health,3
E:\OOD\main\Cannon_Defender_3-master\Cannon_Defender_3-master\src\Player.java,Player,keyReleased/1[java.awt.event.KeyEvent],defenseOn,1
E:\OOD\main\Cannon_Defender_3-master\Cannon_Defender_3-master\src\Player.java,Player,keyReleased/1[java.awt.event.KeyEvent],attackOn,1
E:\OOD\main\Cannon_Defender_3-master\Cannon_Defender_3-master\src\Player.java,Player,keyReleased/1[java.awt.event.KeyEvent],whirlOn,1
E:\OOD\main\Cannon_Defender_3-master\Cannon_Defender_3-master\src\Player.java,Player,defenseOn/0,defenseOn,2
E:\OOD\main\Cannon_Defender_3-master\Cannon_Defender_3-master\src\Player.java,Player,attackOn/0,attackOn,2
E:\OOD\main\Cannon_Defender_3-master\Cannon_Defender_3-master\src\Player.java,Player,drawDown/0,animTick,1
E:\OOD\main\Cannon_Defender_3-master\Cannon_Defender_3-master\src\Player.java,Player,drawDown/0,D1,2
E:\OOD\main\Cannon_Defender_3-master\Cannon_Defender_3-master\src\Player.java,Player,drawDown/0,D2,1
E:\OOD\main\Cannon_Defender_3-master\Cannon_Defender_3-master\src\Player.java,Player,totalHealth/0,totalHealth,2
E:\OOD\main\Cannon_Defender_3-master\Cannon_Defender_3-master\src\Player.java,Player,manaEffect/1[double],mana,2
E:\OOD\main\Cannon_Defender_3-master\Cannon_Defender_3-master\src\Player.java,Player,manaEffect/1[double],totalMana,2
E:\OOD\main\Cannon_Defender_3-master\Cannon_Defender_3-master\src\Player.java,Player,mana/0,mana,2
E:\OOD\main\Cannon_Defender_3-master\Cannon_Defender_3-master\src\Player.java,Player,drawRight/0,R2,1
E:\OOD\main\Cannon_Defender_3-master\Cannon_Defender_3-master\src\Player.java,Player,drawRight/0,animTick,1
E:\OOD\main\Cannon_Defender_3-master\Cannon_Defender_3-master\src\Player.java,Player,drawRight/0,R1,2
E:\OOD\main\Cannon_Defender_3-master\Cannon_Defender_3-master\src\Player.java,Player,setIdle/0,L1,1
E:\OOD\main\Cannon_Defender_3-master\Cannon_Defender_3-master\src\Player.java,Player,setIdle/0,U1,1
E:\OOD\main\Cannon_Defender_3-master\Cannon_Defender_3-master\src\Player.java,Player,setIdle/0,D1,1
E:\OOD\main\Cannon_Defender_3-master\Cannon_Defender_3-master\src\Player.java,Player,setIdle/0,direction,3
E:\OOD\main\Cannon_Defender_3-master\Cannon_Defender_3-master\src\Player.java,Player,setIdle/0,R1,1
E:\OOD\main\Cannon_Defender_3-master\Cannon_Defender_3-master\src\Player.java,Player,moveSuppressActions/0,defenseOn,1
E:\OOD\main\Cannon_Defender_3-master\Cannon_Defender_3-master\src\Player.java,Player,moveSuppressActions/0,attackOn,1
E:\OOD\main\Cannon_Defender_3-master\Cannon_Defender_3-master\src\Player.java,Player,moveSuppressActions/0,whirlOn,1
E:\OOD\main\Cannon_Defender_3-master\Cannon_Defender_3-master\src\Player.java,Player,getTick/1[int],animTick,1
E:\OOD\main\Cannon_Defender_3-master\Cannon_Defender_3-master\src\Player.java,Player,keyPressed/1[java.awt.event.KeyEvent],mana,6
E:\OOD\main\Cannon_Defender_3-master\Cannon_Defender_3-master\src\Player.java,Player,keyPressed/1[java.awt.event.KeyEvent],defenseOn,2
E:\OOD\main\Cannon_Defender_3-master\Cannon_Defender_3-master\src\Player.java,Player,keyPressed/1[java.awt.event.KeyEvent],totalHealth,2
E:\OOD\main\Cannon_Defender_3-master\Cannon_Defender_3-master\src\Player.java,Player,keyPressed/1[java.awt.event.KeyEvent],health,1
E:\OOD\main\Cannon_Defender_3-master\Cannon_Defender_3-master\src\Player.java,Player,keyPressed/1[java.awt.event.KeyEvent],attackOn,1
E:\OOD\main\Cannon_Defender_3-master\Cannon_Defender_3-master\src\Player.java,Player,keyPressed/1[java.awt.event.KeyEvent],whirlOn,2
E:\OOD\main\Cannon_Defender_3-master\Cannon_Defender_3-master\src\Player.java,Player,keyPressed/1[java.awt.event.KeyEvent],direction,4
E:\OOD\main\Cannon_Defender_3-master\Cannon_Defender_3-master\src\Player.java,Player,keyPressed/1[java.awt.event.KeyEvent],totalMana,1
E:\OOD\main\Cannon_Defender_3-master\Cannon_Defender_3-master\src\Player.java,Player,health/0,health,2
E:\OOD\main\Cannon_Defender_3-master\Cannon_Defender_3-master\src\Player.java,Player,drawAttack/0,RA2,1
E:\OOD\main\Cannon_Defender_3-master\Cannon_Defender_3-master\src\Player.java,Player,drawAttack/0,RA1,1
E:\OOD\main\Cannon_Defender_3-master\Cannon_Defender_3-master\src\Player.java,Player,drawAttack/0,DA2,1
E:\OOD\main\Cannon_Defender_3-master\Cannon_Defender_3-master\src\Player.java,Player,drawAttack/0,UA1,1
E:\OOD\main\Cannon_Defender_3-master\Cannon_Defender_3-master\src\Player.java,Player,drawAttack/0,DA1,1
E:\OOD\main\Cannon_Defender_3-master\Cannon_Defender_3-master\src\Player.java,Player,drawAttack/0,UA2,1
E:\OOD\main\Cannon_Defender_3-master\Cannon_Defender_3-master\src\Player.java,Player,drawAttack/0,animTick,4
E:\OOD\main\Cannon_Defender_3-master\Cannon_Defender_3-master\src\Player.java,Player,drawAttack/0,LA2,1
E:\OOD\main\Cannon_Defender_3-master\Cannon_Defender_3-master\src\Player.java,Player,drawAttack/0,LA1,1
E:\OOD\main\Cannon_Defender_3-master\Cannon_Defender_3-master\src\Player.java,Player,drawAttack/0,direction,1
E:\OOD\main\Cannon_Defender_3-master\Cannon_Defender_3-master\src\Player.java,Player,drawAttack/0,R1,1
E:\OOD\main\Cannon_Defender_3-master\Cannon_Defender_3-master\src\Player.java,Player,drawDefense/0,DD,2
E:\OOD\main\Cannon_Defender_3-master\Cannon_Defender_3-master\src\Player.java,Player,drawDefense/0,RD,1
E:\OOD\main\Cannon_Defender_3-master\Cannon_Defender_3-master\src\Player.java,Player,drawDefense/0,LD,1
E:\OOD\main\Cannon_Defender_3-master\Cannon_Defender_3-master\src\Player.java,Player,drawDefense/0,direction,1
E:\OOD\main\Cannon_Defender_3-master\Cannon_Defender_3-master\src\Player.java,Player,drawDefense/0,UD,1
E:\OOD\main\Cannon_Defender_3-master\Cannon_Defender_3-master\src\Player.java,Player,whirlOn/0,whirlOn,2
E:\OOD\main\Cannon_Defender_3-master\Cannon_Defender_3-master\src\Player.java,Player,doAnimation/0,animDir,3
E:\OOD\main\Cannon_Defender_3-master\Cannon_Defender_3-master\src\Player.java,Player,doAnimation/0,animPos,4
E:\OOD\main\Cannon_Defender_3-master\Cannon_Defender_3-master\src\Player.java,Player,doAnimation/0,animDelay,1
E:\OOD\main\Cannon_Defender_3-master\Cannon_Defender_3-master\src\Player.java,Player,doAnimation/0,animCount,4
E:\OOD\main\Cannon_Defender_3-master\Cannon_Defender_3-master\src\Player.java,Player,totalMana/0,totalMana,2
E:\OOD\main\Cannon_Defender_3-master\Cannon_Defender_3-master\src\Player.java,Player,direction/0,direction,2
E:\OOD\main\Cannon_Defender_3-master\Cannon_Defender_3-master\src\Player.java,Player,Player/0,START_Y,1
E:\OOD\main\Cannon_Defender_3-master\Cannon_Defender_3-master\src\Player.java,Player,Player/0,D1,1
E:\OOD\main\Cannon_Defender_3-master\Cannon_Defender_3-master\src\Player.java,Player,Player/0,START_X,1
E:\OOD\main\Cannon_Defender_3-master\Cannon_Defender_3-master\src\Player.java,Player,drawLeft/0,L1,2
E:\OOD\main\Cannon_Defender_3-master\Cannon_Defender_3-master\src\Player.java,Player,drawLeft/0,L2,1
E:\OOD\main\Cannon_Defender_3-master\Cannon_Defender_3-master\src\Player.java,Player,drawLeft/0,animTick,1
E:\OOD\main\Cannon_Defender_3-master\Cannon_Defender_3-master\src\Background.java,Background,Background/0,ii,1
E:\OOD\main\Cannon_Defender_3-master\Cannon_Defender_3-master\src\Background.java,Background,Background/0,bgroundy,1
E:\OOD\main\Cannon_Defender_3-master\Cannon_Defender_3-master\src\Background.java,Background,Background/0,filename,1
E:\OOD\main\Cannon_Defender_3-master\Cannon_Defender_3-master\src\Background.java,Background,Background/0,imBackground,1
E:\OOD\main\Cannon_Defender_3-master\Cannon_Defender_3-master\src\Background.java,Background,Background/0,MS,1
E:\OOD\main\Cannon_Defender_3-master\Cannon_Defender_3-master\src\Background.java,Background,Background/0,menu,1
E:\OOD\main\Cannon_Defender_3-master\Cannon_Defender_3-master\src\Background.java,Background,Background/0,animator,2
E:\OOD\main\Cannon_Defender_3-master\Cannon_Defender_3-master\src\Background.java,Background,Background/0,imspellBar,1
E:\OOD\main\Cannon_Defender_3-master\Cannon_Defender_3-master\src\Background.java,Background,Background/0,SB,1
E:\OOD\main\Cannon_Defender_3-master\Cannon_Defender_3-master\src\Background.java,Background,Background/0,bgroundx,1
E:\OOD\main\Cannon_Defender_3-master\Cannon_Defender_3-master\src\Background.java,Background,Background/0,player,2
E:\OOD\main\Cannon_Defender_3-master\Cannon_Defender_3-master\src\Background.java,Background,run/0,gameOver,1
E:\OOD\main\Cannon_Defender_3-master\Cannon_Defender_3-master\src\Background.java,Background,cycle/0,timeCount,1
E:\OOD\main\Cannon_Defender_3-master\Cannon_Defender_3-master\src\Background.java,Background,cycle/0,pastScore,1
E:\OOD\main\Cannon_Defender_3-master\Cannon_Defender_3-master\src\Background.java,Background,cycle/0,boss,29
E:\OOD\main\Cannon_Defender_3-master\Cannon_Defender_3-master\src\Background.java,Background,cycle/0,ogres,1
E:\OOD\main\Cannon_Defender_3-master\Cannon_Defender_3-master\src\Background.java,Background,cycle/0,menuVisible,1
E:\OOD\main\Cannon_Defender_3-master\Cannon_Defender_3-master\src\Background.java,Background,cycle/0,px,47
E:\OOD\main\Cannon_Defender_3-master\Cannon_Defender_3-master\src\Background.java,Background,cycle/0,py,47
E:\OOD\main\Cannon_Defender_3-master\Cannon_Defender_3-master\src\Background.java,Background,cycle/0,pdir,8
E:\OOD\main\Cannon_Defender_3-master\Cannon_Defender_3-master\src\Background.java,Background,cycle/0,fireballs,1
E:\OOD\main\Cannon_Defender_3-master\Cannon_Defender_3-master\src\Background.java,Background,cycle/0,gameOver,1
E:\OOD\main\Cannon_Defender_3-master\Cannon_Defender_3-master\src\Background.java,Background,cycle/0,minions,1
E:\OOD\main\Cannon_Defender_3-master\Cannon_Defender_3-master\src\Background.java,Background,cycle/0,score,10
E:\OOD\main\Cannon_Defender_3-master\Cannon_Defender_3-master\src\Background.java,Background,cycle/0,dx,10
E:\OOD\main\Cannon_Defender_3-master\Cannon_Defender_3-master\src\Background.java,Background,cycle/0,dy,10
E:\OOD\main\Cannon_Defender_3-master\Cannon_Defender_3-master\src\Background.java,Background,cycle/0,animTick,7
E:\OOD\main\Cannon_Defender_3-master\Cannon_Defender_3-master\src\Background.java,Background,cycle/0,player,37
E:\OOD\main\Cannon_Defender_3-master\Cannon_Defender_3-master\src\Background.java,Background,drawPlayer/1[java.awt.Graphics],WW,1
E:\OOD\main\Cannon_Defender_3-master\Cannon_Defender_3-master\src\Background.java,Background,drawPlayer/1[java.awt.Graphics],player,7
E:\OOD\main\Cannon_Defender_3-master\Cannon_Defender_3-master\src\Background.java,Background,bgroundMove/0,bgroundy,1
E:\OOD\main\Cannon_Defender_3-master\Cannon_Defender_3-master\src\Background.java,Background,bgroundMove/0,dx,1
E:\OOD\main\Cannon_Defender_3-master\Cannon_Defender_3-master\src\Background.java,Background,bgroundMove/0,dy,1
E:\OOD\main\Cannon_Defender_3-master\Cannon_Defender_3-master\src\Background.java,Background,bgroundMove/0,player,4
E:\OOD\main\Cannon_Defender_3-master\Cannon_Defender_3-master\src\Background.java,Background,bgroundMove/0,bgroundx,1
E:\OOD\main\Cannon_Defender_3-master\Cannon_Defender_3-master\src\Background.java,Background,readScore/0,pastScore,1
E:\OOD\main\Cannon_Defender_3-master\Cannon_Defender_3-master\src\Background.java,Background,readScore/0,filename,1
E:\OOD\main\Cannon_Defender_3-master\Cannon_Defender_3-master\src\Background.java,Background,gameInit/0,boss,1
E:\OOD\main\Cannon_Defender_3-master\Cannon_Defender_3-master\src\Background.java,Background,gameInit/0,ogres,2
E:\OOD\main\Cannon_Defender_3-master\Cannon_Defender_3-master\src\Background.java,Background,gameInit/0,fireballs,2
E:\OOD\main\Cannon_Defender_3-master\Cannon_Defender_3-master\src\Background.java,Background,gameInit/0,minions,2
E:\OOD\main\Cannon_Defender_3-master\Cannon_Defender_3-master\src\Background.java,Background,gameInit/0,player,1
E:\OOD\main\Cannon_Defender_3-master\Cannon_Defender_3-master\src\Background.java,Background,writeScore/0,score,1
E:\OOD\main\Cannon_Defender_3-master\Cannon_Defender_3-master\src\Background.java,Background,writeScore/0,filename,1
E:\OOD\main\Cannon_Defender_3-master\Cannon_Defender_3-master\src\Background.java,Background,drawInterface/1[java.awt.Graphics],timeCount,1
E:\OOD\main\Cannon_Defender_3-master\Cannon_Defender_3-master\src\Background.java,Background,drawInterface/1[java.awt.Graphics],score,1
E:\OOD\main\Cannon_Defender_3-master\Cannon_Defender_3-master\src\Background.java,Background,drawInterface/1[java.awt.Graphics],strx,2
E:\OOD\main\Cannon_Defender_3-master\Cannon_Defender_3-master\src\Background.java,Background,drawInterface/1[java.awt.Graphics],manaPerc,2
E:\OOD\main\Cannon_Defender_3-master\Cannon_Defender_3-master\src\Background.java,Background,drawInterface/1[java.awt.Graphics],s,1
E:\OOD\main\Cannon_Defender_3-master\Cannon_Defender_3-master\src\Background.java,Background,drawInterface/1[java.awt.Graphics],f,1
E:\OOD\main\Cannon_Defender_3-master\Cannon_Defender_3-master\src\Background.java,Background,drawInterface/1[java.awt.Graphics],healthPerc,2
E:\OOD\main\Cannon_Defender_3-master\Cannon_Defender_3-master\src\Background.java,Background,drawInterface/1[java.awt.Graphics],stry,2
E:\OOD\main\Cannon_Defender_3-master\Cannon_Defender_3-master\src\Background.java,Background,drawInterface/1[java.awt.Graphics],player,10
E:\OOD\main\Cannon_Defender_3-master\Cannon_Defender_3-master\src\Background.java,Background,paint/1[java.awt.Graphics],bgroundy,1
E:\OOD\main\Cannon_Defender_3-master\Cannon_Defender_3-master\src\Background.java,Background,paint/1[java.awt.Graphics],imBackground,1
E:\OOD\main\Cannon_Defender_3-master\Cannon_Defender_3-master\src\Background.java,Background,paint/1[java.awt.Graphics],menuVisible,4
E:\OOD\main\Cannon_Defender_3-master\Cannon_Defender_3-master\src\Background.java,Background,paint/1[java.awt.Graphics],MS,1
E:\OOD\main\Cannon_Defender_3-master\Cannon_Defender_3-master\src\Background.java,Background,paint/1[java.awt.Graphics],SI,1
E:\OOD\main\Cannon_Defender_3-master\Cannon_Defender_3-master\src\Background.java,Background,paint/1[java.awt.Graphics],IS,1
E:\OOD\main\Cannon_Defender_3-master\Cannon_Defender_3-master\src\Background.java,Background,paint/1[java.awt.Graphics],menu,8
E:\OOD\main\Cannon_Defender_3-master\Cannon_Defender_3-master\src\Background.java,Background,paint/1[java.awt.Graphics],MI,1
E:\OOD\main\Cannon_Defender_3-master\Cannon_Defender_3-master\src\Background.java,Background,paint/1[java.awt.Graphics],gameOver,2
E:\OOD\main\Cannon_Defender_3-master\Cannon_Defender_3-master\src\Background.java,Background,paint/1[java.awt.Graphics],bgroundx,1
E:\OOD\main\Cannon_Defender_3-master\Cannon_Defender_3-master\src\Background.java,Background,paint/1[java.awt.Graphics],player,1
E:\OOD\main\Cannon_Defender_3-master\Cannon_Defender_3-master\src\Background.java,Background,drawMinions/1[java.awt.Graphics],boss,3
E:\OOD\main\Cannon_Defender_3-master\Cannon_Defender_3-master\src\Background.java,Background,drawMinions/1[java.awt.Graphics],ogres,1
E:\OOD\main\Cannon_Defender_3-master\Cannon_Defender_3-master\src\Background.java,Background,drawMinions/1[java.awt.Graphics],fireballs,1
E:\OOD\main\Cannon_Defender_3-master\Cannon_Defender_3-master\src\Background.java,Background,drawMinions/1[java.awt.Graphics],minions,1
E:\OOD\main\Cannon_Defender_3-master\Cannon_Defender_3-master\src\Background.java,Background,drawMinions/1[java.awt.Graphics],imspellBar,1
E:\OOD\main\Cannon_Defender_3-master\Cannon_Defender_3-master\src\Background.java,Background,gameOver/1[java.awt.Graphics],timeCount,1
E:\OOD\main\Cannon_Defender_3-master\Cannon_Defender_3-master\src\Background.java,Background,gameOver/1[java.awt.Graphics],score,2
E:\OOD\main\Cannon_Defender_3-master\Cannon_Defender_3-master\src\Background.java,Background,gameOver/1[java.awt.Graphics],pastScore,2
E:\OOD\main\Cannon_Defender_3-master\Cannon_Defender_3-master\src\Background.java,Background,gameOver/1[java.awt.Graphics],gameOver,1
E:\OOD\main\Cannon_Defender_3-master\Cannon_Defender_3-master\src\Sprite.java,Sprite,setDying/1[boolean],dying,3
E:\OOD\main\Cannon_Defender_3-master\Cannon_Defender_3-master\src\Sprite.java,Sprite,getX/0,x,1
E:\OOD\main\Cannon_Defender_3-master\Cannon_Defender_3-master\src\Sprite.java,Sprite,isDying/0,dying,1
E:\OOD\main\Cannon_Defender_3-master\Cannon_Defender_3-master\src\Sprite.java,Sprite,Sprite/0,visible,1
E:\OOD\main\Cannon_Defender_3-master\Cannon_Defender_3-master\src\Sprite.java,Sprite,isVisible/0,visible,1
E:\OOD\main\Cannon_Defender_3-master\Cannon_Defender_3-master\src\Sprite.java,Sprite,setVisible/1[boolean],visible,3
E:\OOD\main\Cannon_Defender_3-master\Cannon_Defender_3-master\src\Sprite.java,Sprite,setX/1[int],x,3
E:\OOD\main\Cannon_Defender_3-master\Cannon_Defender_3-master\src\Sprite.java,Sprite,getY/0,y,1
E:\OOD\main\Cannon_Defender_3-master\Cannon_Defender_3-master\src\Sprite.java,Sprite,setY/1[int],y,3
E:\OOD\main\Cannon_Defender_3-master\Cannon_Defender_3-master\src\Sprite.java,Sprite,die/0,visible,1
E:\OOD\main\Cannon_Defender_3-master\Cannon_Defender_3-master\src\Sprite.java,Sprite,getImage/0,image,1
E:\OOD\main\Cannon_Defender_3-master\Cannon_Defender_3-master\src\Sprite.java,Sprite,setImage/1[java.awt.Image],image,3
E:\OOD\main\Cannon_Defender_3-master\Cannon_Defender_3-master\src\Minion.java,Minion,Minion/0,multiplier,6
E:\OOD\main\Cannon_Defender_3-master\Cannon_Defender_3-master\src\Minion.java,Minion,Minion/0,D1,1
E:\OOD\main\Cannon_Defender_3-master\Cannon_Defender_3-master\src\Minion.java,Minion,"respawn/2[int,int]",multiplier,6
E:\OOD\main\Cannon_Defender_3-master\Cannon_Defender_3-master\src\Minion.java,Minion,"respawn/2[int,int]",D1,1
E:\OOD\main\Cannon_Defender_3-master\Cannon_Defender_3-master\src\Minion.java,Minion,"move/4[int,int,int,int]",R2,1
E:\OOD\main\Cannon_Defender_3-master\Cannon_Defender_3-master\src\Minion.java,Minion,"move/4[int,int,int,int]",L1,2
E:\OOD\main\Cannon_Defender_3-master\Cannon_Defender_3-master\src\Minion.java,Minion,"move/4[int,int,int,int]",L2,1
E:\OOD\main\Cannon_Defender_3-master\Cannon_Defender_3-master\src\Minion.java,Minion,"move/4[int,int,int,int]",animTick,4
E:\OOD\main\Cannon_Defender_3-master\Cannon_Defender_3-master\src\Minion.java,Minion,"move/4[int,int,int,int]",U1,2
E:\OOD\main\Cannon_Defender_3-master\Cannon_Defender_3-master\src\Minion.java,Minion,"move/4[int,int,int,int]",D1,2
E:\OOD\main\Cannon_Defender_3-master\Cannon_Defender_3-master\src\Minion.java,Minion,"move/4[int,int,int,int]",U2,1
E:\OOD\main\Cannon_Defender_3-master\Cannon_Defender_3-master\src\Minion.java,Minion,"move/4[int,int,int,int]",D2,1
E:\OOD\main\Cannon_Defender_3-master\Cannon_Defender_3-master\src\Minion.java,Minion,"move/4[int,int,int,int]",R1,2
E:\OOD\main\Cannon_Defender_3-master\Cannon_Defender_3-master\src\Minion.java,Minion,setTick/1[int],animTick,1
E:\OOD\main\Cannon_Defender_3-master\Cannon_Defender_3-master\src\Minion.java,Minion,destroyed/0,DE,1
E:\OOD\main\Cannon_Defender_3-master\Cannon_Defender_3-master\src\MainMenu.java,MainMenu,paint/1[java.awt.Graphics],visible,1
E:\OOD\main\Cannon_Defender_3-master\Cannon_Defender_3-master\src\MainMenu.java,MainMenu,play/0,play,1
E:\OOD\main\Cannon_Defender_3-master\Cannon_Defender_3-master\src\MainMenu.java,MainMenu,actionPerformed/1[java.awt.event.ActionEvent],play,1
E:\OOD\main\Cannon_Defender_3-master\Cannon_Defender_3-master\src\MainMenu.java,MainMenu,MainMenu/0,play,1
E:\OOD\main\Cannon_Defender_3-master\Cannon_Defender_3-master\src\Ogre.java,Ogre,setTick/1[int],animTick,1
E:\OOD\main\Cannon_Defender_3-master\Cannon_Defender_3-master\src\Ogre.java,Ogre,"move/4[int,int,int,int]",R2,1
E:\OOD\main\Cannon_Defender_3-master\Cannon_Defender_3-master\src\Ogre.java,Ogre,"move/4[int,int,int,int]",L1,2
E:\OOD\main\Cannon_Defender_3-master\Cannon_Defender_3-master\src\Ogre.java,Ogre,"move/4[int,int,int,int]",L2,1
E:\OOD\main\Cannon_Defender_3-master\Cannon_Defender_3-master\src\Ogre.java,Ogre,"move/4[int,int,int,int]",animTick,4
E:\OOD\main\Cannon_Defender_3-master\Cannon_Defender_3-master\src\Ogre.java,Ogre,"move/4[int,int,int,int]",U1,2
E:\OOD\main\Cannon_Defender_3-master\Cannon_Defender_3-master\src\Ogre.java,Ogre,"move/4[int,int,int,int]",D1,2
E:\OOD\main\Cannon_Defender_3-master\Cannon_Defender_3-master\src\Ogre.java,Ogre,"move/4[int,int,int,int]",U2,1
E:\OOD\main\Cannon_Defender_3-master\Cannon_Defender_3-master\src\Ogre.java,Ogre,"move/4[int,int,int,int]",D2,1
E:\OOD\main\Cannon_Defender_3-master\Cannon_Defender_3-master\src\Ogre.java,Ogre,"move/4[int,int,int,int]",R1,2
E:\OOD\main\Cannon_Defender_3-master\Cannon_Defender_3-master\src\Ogre.java,Ogre,Ogre/0,multiplier,6
E:\OOD\main\Cannon_Defender_3-master\Cannon_Defender_3-master\src\Ogre.java,Ogre,Ogre/0,D1,1
E:\OOD\main\Cannon_Defender_3-master\Cannon_Defender_3-master\src\Ogre.java,Ogre,"HPEffect/4[int,int,int,int]",ogreHP,1
E:\OOD\main\Cannon_Defender_3-master\Cannon_Defender_3-master\src\Ogre.java,Ogre,destroyed/0,DE,1
E:\OOD\main\Cannon_Defender_3-master\Cannon_Defender_3-master\src\Ogre.java,Ogre,getHP/0,ogreHP,1
E:\OOD\main\Cannon_Defender_3-master\Cannon_Defender_3-master\src\Ogre.java,Ogre,"respawn/2[int,int]",multiplier,6
E:\OOD\main\Cannon_Defender_3-master\Cannon_Defender_3-master\src\Ogre.java,Ogre,"respawn/2[int,int]",ogreHP,1
E:\OOD\main\Cannon_Defender_3-master\Cannon_Defender_3-master\src\Ogre.java,Ogre,"respawn/2[int,int]",D1,1
