file,class,method,constructor,line,cbo,cboModified,fanin,fanout,wmc,rfc,loc,returnsQty,variablesQty,parametersQty,methodsInvokedQty,methodsInvokedLocalQty,methodsInvokedIndirectLocalQty,loopQty,comparisonsQty,tryCatchQty,parenthesizedExpsQty,stringLiteralsQty,numbersQty,assignmentsQty,mathOperationsQty,maxNestedBlocksQty,anonymousClassesQty,innerClassesQty,lambdasQty,uniqueWordsQty,modifiers,logStatementsQty,hasJavaDoc
E:\OOD\main\Cannon_Defender_3-master\Cannon_Defender_3-master\src\Boss.java,Boss,"move/4[int,int,int,int]",false,73,1,2,1,1,12,2,60,0,0,4,2,0,0,0,0,0,0,0,10,2,4,3,0,0,0,13,1,0,false
E:\OOD\main\Cannon_Defender_3-master\Cannon_Defender_3-master\src\Boss.java,Boss,"HPEffect/4[int,int,int,int]",false,54,0,1,1,0,4,0,19,0,0,4,0,0,0,0,0,0,0,0,4,5,2,2,0,0,0,10,1,0,false
E:\OOD\main\Cannon_Defender_3-master\Cannon_Defender_3-master\src\Boss.java,Boss,setTick/1[int],false,154,0,1,1,0,1,0,3,0,0,1,0,0,0,0,0,0,0,0,0,1,0,0,0,0,0,4,1,0,false
E:\OOD\main\Cannon_Defender_3-master\Cannon_Defender_3-master\src\Boss.java,Boss,destroyed/0,false,160,1,2,1,1,1,2,4,0,0,0,2,0,0,0,0,0,0,0,0,1,0,0,0,0,0,5,1,0,false
E:\OOD\main\Cannon_Defender_3-master\Cannon_Defender_3-master\src\Boss.java,Boss,Boss/0,true,33,1,2,1,1,2,3,12,0,0,0,3,0,0,0,1,0,3,0,8,5,7,1,0,0,0,6,1,0,false
E:\OOD\main\Cannon_Defender_3-master\Cannon_Defender_3-master\src\Boss.java,Boss,"moveDictate/2[int,int]",false,133,0,1,1,0,5,0,20,0,0,2,0,0,0,0,0,0,0,0,6,6,0,1,0,0,0,9,1,0,false
E:\OOD\main\Cannon_Defender_3-master\Cannon_Defender_3-master\src\Boss.java,Boss,"respawn/2[int,int]",false,167,1,2,1,1,2,3,14,0,0,2,3,0,0,0,1,0,3,0,9,7,9,1,0,0,0,13,1,0,false
E:\OOD\main\Cannon_Defender_3-master\Cannon_Defender_3-master\src\Boss.java,Boss,getHP/0,false,48,0,1,1,0,1,0,3,1,0,0,0,0,0,0,0,0,1,0,0,0,0,0,0,0,0,4,1,0,false
E:\OOD\main\Cannon_Defender_3-master\Cannon_Defender_3-master\src\FireBall.java,FireBall,"respawn/2[int,int]",false,60,0,1,1,0,2,1,12,0,0,2,1,0,0,0,1,0,3,0,8,6,9,1,0,0,0,8,1,0,false
E:\OOD\main\Cannon_Defender_3-master\Cannon_Defender_3-master\src\FireBall.java,FireBall,FireBall/0,true,13,1,2,1,1,2,3,12,0,0,0,3,0,0,0,1,0,3,0,8,5,7,1,0,0,0,7,1,0,false
E:\OOD\main\Cannon_Defender_3-master\Cannon_Defender_3-master\src\FireBall.java,FireBall,"moveDictate/2[int,int]",false,33,0,1,1,0,5,0,20,0,0,2,0,0,0,0,0,0,0,0,6,6,0,1,0,0,0,9,1,0,false
E:\OOD\main\Cannon_Defender_3-master\Cannon_Defender_3-master\src\FireBall.java,FireBall,"move/2[int,int]",false,26,0,1,1,0,1,0,4,0,0,2,0,0,0,0,0,0,0,0,0,2,2,0,0,0,0,7,1,0,false
E:\OOD\main\Cannon_Defender_3-master\Cannon_Defender_3-master\src\FireBall.java,FireBall,destroyed/0,false,54,0,1,1,0,1,0,3,0,0,0,0,0,0,0,0,0,0,0,0,1,0,0,0,0,0,3,1,0,false
E:\OOD\main\Cannon_Defender_3-master\Cannon_Defender_3-master\src\Player.java,Player,dy/0,false,173,0,1,1,0,1,0,3,1,0,0,0,0,0,0,0,0,1,0,0,0,0,0,0,0,0,1,1,0,false
E:\OOD\main\Cannon_Defender_3-master\Cannon_Defender_3-master\src\Player.java,Player,drawUp/0,false,206,1,2,1,1,3,2,13,0,0,0,2,0,0,0,0,0,0,0,2,0,0,1,0,0,0,6,2,0,false
E:\OOD\main\Cannon_Defender_3-master\Cannon_Defender_3-master\src\Player.java,Player,healthEffect/1[double],false,98,0,1,1,0,5,0,5,0,0,1,0,0,0,0,0,0,0,0,3,1,1,1,0,0,0,5,1,0,false
E:\OOD\main\Cannon_Defender_3-master\Cannon_Defender_3-master\src\Player.java,Player,keyReleased/1[java.awt.event.KeyEvent],false,404,1,2,1,1,8,2,26,0,1,1,2,1,1,0,7,0,0,0,4,8,0,1,0,0,0,14,1,0,false
E:\OOD\main\Cannon_Defender_3-master\Cannon_Defender_3-master\src\Player.java,Player,defenseOn/0,false,143,0,1,1,0,1,0,3,1,0,0,0,0,0,0,0,0,0,0,0,0,0,0,0,0,0,2,1,0,false
E:\OOD\main\Cannon_Defender_3-master\Cannon_Defender_3-master\src\Player.java,Player,attackOn/0,false,137,0,1,1,0,1,0,3,1,0,0,0,0,0,0,0,0,0,0,0,0,0,0,0,0,0,2,1,0,false
E:\OOD\main\Cannon_Defender_3-master\Cannon_Defender_3-master\src\Player.java,Player,drawDown/0,false,190,1,2,1,1,3,2,13,0,0,0,2,0,0,0,0,0,0,0,2,0,0,1,0,0,0,6,2,0,false
E:\OOD\main\Cannon_Defender_3-master\Cannon_Defender_3-master\src\Player.java,Player,totalHealth/0,false,113,0,2,2,0,1,0,3,1,0,0,0,0,0,0,0,0,1,0,0,0,0,0,0,0,0,2,1,0,false
E:\OOD\main\Cannon_Defender_3-master\Cannon_Defender_3-master\src\Player.java,Player,manaEffect/1[double],false,106,0,1,1,0,2,0,5,0,0,1,0,0,0,0,0,0,0,0,0,1,1,1,0,0,0,5,1,0,false
E:\OOD\main\Cannon_Defender_3-master\Cannon_Defender_3-master\src\Player.java,Player,mana/0,false,131,0,2,2,0,1,0,3,1,0,0,0,0,0,0,0,0,1,0,0,0,0,0,0,0,0,1,1,0,false
E:\OOD\main\Cannon_Defender_3-master\Cannon_Defender_3-master\src\Player.java,Player,act/0,false,77,0,1,1,0,5,0,21,0,0,0,0,0,0,0,0,0,0,0,8,7,0,1,0,0,0,5,1,0,false
E:\OOD\main\Cannon_Defender_3-master\Cannon_Defender_3-master\src\Player.java,Player,drawRight/0,false,238,1,2,1,1,3,2,13,0,0,0,2,0,0,0,0,0,0,0,2,0,0,1,0,0,0,6,2,0,false
E:\OOD\main\Cannon_Defender_3-master\Cannon_Defender_3-master\src\Player.java,Player,setIdle/0,false,314,1,2,1,1,4,2,14,0,0,0,2,0,0,0,3,0,0,0,3,0,0,1,0,0,0,4,2,0,false
E:\OOD\main\Cannon_Defender_3-master\Cannon_Defender_3-master\src\Player.java,Player,moveSuppressActions/0,false,328,0,1,1,0,1,0,5,0,0,0,0,0,0,0,0,0,0,0,0,3,0,0,0,0,0,8,1,0,false
E:\OOD\main\Cannon_Defender_3-master\Cannon_Defender_3-master\src\Player.java,Player,getTick/1[int],false,161,0,1,1,0,1,0,3,0,0,1,0,0,0,0,0,0,0,0,0,1,0,0,0,0,0,4,1,0,false
E:\OOD\main\Cannon_Defender_3-master\Cannon_Defender_3-master\src\Player.java,Player,keyPressed/1[java.awt.event.KeyEvent],false,336,1,8,1,7,12,8,58,0,1,1,8,7,1,0,8,0,0,0,16,20,0,2,0,0,0,29,1,0,false
E:\OOD\main\Cannon_Defender_3-master\Cannon_Defender_3-master\src\Player.java,Player,health/0,false,119,0,2,2,0,1,0,3,1,0,0,0,0,0,0,0,0,1,0,0,0,0,0,0,0,0,1,1,0,false
E:\OOD\main\Cannon_Defender_3-master\Cannon_Defender_3-master\src\Player.java,Player,drawAttack/0,false,254,1,2,1,1,9,2,39,0,0,0,2,0,0,0,4,0,0,0,8,0,0,2,0,0,0,7,2,0,false
E:\OOD\main\Cannon_Defender_3-master\Cannon_Defender_3-master\src\Player.java,Player,drawDefense/0,false,292,1,2,1,1,5,2,19,0,0,0,2,0,0,0,0,0,0,0,4,0,0,1,0,0,0,5,2,0,false
E:\OOD\main\Cannon_Defender_3-master\Cannon_Defender_3-master\src\Player.java,Player,dx/0,false,167,0,1,1,0,1,0,3,1,0,0,0,0,0,0,0,0,1,0,0,0,0,0,0,0,0,1,1,0,false
E:\OOD\main\Cannon_Defender_3-master\Cannon_Defender_3-master\src\Player.java,Player,whirlOn/0,false,149,0,2,2,0,1,0,3,1,0,0,0,0,0,0,0,0,0,0,0,0,0,0,0,0,0,2,1,0,false
E:\OOD\main\Cannon_Defender_3-master\Cannon_Defender_3-master\src\Player.java,Player,doAnimation/0,false,177,0,1,1,0,4,0,10,0,0,0,0,0,0,0,2,0,1,0,3,3,2,2,0,0,0,7,1,0,false
E:\OOD\main\Cannon_Defender_3-master\Cannon_Defender_3-master\src\Player.java,Player,totalMana/0,false,125,0,2,2,0,1,0,3,1,0,0,0,0,0,0,0,0,1,0,0,0,0,0,0,0,0,2,1,0,false
E:\OOD\main\Cannon_Defender_3-master\Cannon_Defender_3-master\src\Player.java,Player,direction/0,false,155,0,1,1,0,1,0,3,1,0,0,0,0,0,0,0,0,0,0,0,0,0,0,0,0,0,1,1,0,false
E:\OOD\main\Cannon_Defender_3-master\Cannon_Defender_3-master\src\Player.java,Player,Player/0,true,69,1,4,1,3,1,4,5,0,0,0,4,0,0,0,0,0,0,0,0,0,0,0,0,0,0,10,1,0,false
E:\OOD\main\Cannon_Defender_3-master\Cannon_Defender_3-master\src\Player.java,Player,drawLeft/0,false,222,1,2,1,1,3,2,13,0,0,0,2,0,0,0,0,0,0,0,2,0,0,1,0,0,0,6,2,0,false
E:\OOD\main\Cannon_Defender_3-master\Cannon_Defender_3-master\src\MainMenu.java,MainMenu$TAdapter,keyPressed/1[java.awt.event.KeyEvent],false,70,1,1,0,1,1,3,6,0,0,1,3,0,0,0,0,0,0,1,0,1,0,0,0,0,0,9,1,0,false
E:\OOD\main\Cannon_Defender_3-master\Cannon_Defender_3-master\src\Background.java,Background,Background/0,true,78,4,7,2,5,4,16,31,0,2,0,16,2,1,0,0,2,0,1,2,8,2,2,0,0,0,35,1,0,false
E:\OOD\main\Cannon_Defender_3-master\Cannon_Defender_3-master\src\Background.java,Background,run/0,false,517,1,1,0,1,4,4,19,0,3,0,4,1,2,1,0,1,0,1,4,5,2,2,0,0,0,12,1,0,false
E:\OOD\main\Cannon_Defender_3-master\Cannon_Defender_3-master\src\Background.java,Background,cycle/0,false,299,8,45,1,44,108,51,148,0,4,0,51,1,1,3,25,1,0,0,96,22,61,4,0,0,0,34,1,0,false
E:\OOD\main\Cannon_Defender_3-master\Cannon_Defender_3-master\src\Background.java,Background,drawPlayer/1[java.awt.Graphics],false,180,2,6,1,5,3,7,8,0,0,1,7,0,0,0,2,0,0,0,2,0,2,1,0,0,0,5,1,0,false
E:\OOD\main\Cannon_Defender_3-master\Cannon_Defender_3-master\src\Background.java,Background,bgroundMove/0,false,134,1,3,1,2,5,2,8,0,0,0,2,0,0,0,0,0,0,0,6,2,2,1,0,0,0,6,1,0,false
E:\OOD\main\Cannon_Defender_3-master\Cannon_Defender_3-master\src\Background.java,Background,readScore/0,false,548,0,1,1,0,1,2,4,0,1,0,2,0,0,0,0,0,0,0,0,2,0,0,0,0,0,10,1,0,false
E:\OOD\main\Cannon_Defender_3-master\Cannon_Defender_3-master\src\Background.java,Background,gameInit/0,false,111,5,6,1,5,4,1,19,0,6,0,1,0,0,3,0,0,0,0,6,11,0,1,0,0,0,19,1,0,false
E:\OOD\main\Cannon_Defender_3-master\Cannon_Defender_3-master\src\Background.java,Background,writeScore/0,false,540,0,1,1,0,1,2,5,0,1,0,2,0,0,0,0,0,0,0,0,1,0,0,0,0,0,12,1,0,false
E:\OOD\main\Cannon_Defender_3-master\Cannon_Defender_3-master\src\Background.java,Background,drawInterface/1[java.awt.Graphics],false,235,2,7,1,6,1,11,25,0,1,1,11,0,0,0,0,0,5,6,31,6,13,0,0,0,0,14,1,0,false
E:\OOD\main\Cannon_Defender_3-master\Cannon_Defender_3-master\src\Background.java,Background,paint/1[java.awt.Graphics],false,145,2,6,0,6,6,12,33,0,1,1,12,5,1,0,5,0,0,0,12,5,0,1,0,0,0,17,1,0,false
E:\OOD\main\Cannon_Defender_3-master\Cannon_Defender_3-master\src\Background.java,Background,drawMinions/1[java.awt.Graphics],false,191,4,7,1,6,10,10,34,0,4,1,10,0,0,3,0,0,0,0,4,6,2,2,0,0,0,13,1,0,false
E:\OOD\main\Cannon_Defender_3-master\Cannon_Defender_3-master\src\Background.java,Background,gameOver/1[java.awt.Graphics],false,268,0,1,1,0,3,6,27,0,2,1,6,0,0,0,0,1,1,7,22,6,3,1,0,0,0,32,1,0,false
E:\OOD\main\Cannon_Defender_3-master\Cannon_Defender_3-master\src\Sprite.java,Sprite,setDying/1[boolean],false,58,0,0,0,0,1,0,3,0,0,1,0,0,0,0,0,0,0,0,0,1,0,0,0,0,0,3,1,0,false
E:\OOD\main\Cannon_Defender_3-master\Cannon_Defender_3-master\src\Sprite.java,Sprite,getX/0,false,54,0,6,6,0,1,0,3,1,0,0,0,0,0,0,0,0,0,0,0,0,0,0,0,0,0,3,1,0,false
E:\OOD\main\Cannon_Defender_3-master\Cannon_Defender_3-master\src\Sprite.java,Sprite,isDying/0,false,62,0,2,2,0,1,0,3,1,0,0,0,0,0,0,0,0,0,0,0,0,0,0,0,0,0,2,1,0,false
E:\OOD\main\Cannon_Defender_3-master\Cannon_Defender_3-master\src\Sprite.java,Sprite,Sprite/0,true,18,0,0,0,0,1,0,3,0,0,0,0,0,0,0,0,0,0,0,0,1,0,0,0,0,0,3,1,0,false
E:\OOD\main\Cannon_Defender_3-master\Cannon_Defender_3-master\src\Sprite.java,Sprite,isVisible/0,false,26,0,3,3,0,1,0,3,1,0,0,0,0,0,0,0,0,0,0,0,0,0,0,0,0,0,3,1,0,false
E:\OOD\main\Cannon_Defender_3-master\Cannon_Defender_3-master\src\Sprite.java,Sprite,setVisible/1[boolean],false,30,0,0,0,0,1,0,3,0,0,1,0,0,0,0,0,0,0,0,0,1,0,0,0,0,0,3,4,0,false
E:\OOD\main\Cannon_Defender_3-master\Cannon_Defender_3-master\src\Sprite.java,Sprite,setX/1[int],false,42,0,1,1,0,1,0,3,0,0,1,0,0,0,0,0,0,0,0,0,1,0,0,0,0,0,3,1,0,false
E:\OOD\main\Cannon_Defender_3-master\Cannon_Defender_3-master\src\Sprite.java,Sprite,getY/0,false,50,0,6,6,0,1,0,3,1,0,0,0,0,0,0,0,0,0,0,0,0,0,0,0,0,0,3,1,0,false
E:\OOD\main\Cannon_Defender_3-master\Cannon_Defender_3-master\src\Sprite.java,Sprite,setY/1[int],false,46,0,1,1,0,1,0,3,0,0,1,0,0,0,0,0,0,0,0,0,1,0,0,0,0,0,3,1,0,false
E:\OOD\main\Cannon_Defender_3-master\Cannon_Defender_3-master\src\Sprite.java,Sprite,die/0,false,22,0,2,2,0,1,0,3,0,0,0,0,0,0,0,0,0,0,0,0,1,0,0,0,0,0,3,1,0,false
E:\OOD\main\Cannon_Defender_3-master\Cannon_Defender_3-master\src\Sprite.java,Sprite,getImage/0,false,38,0,2,2,0,1,0,3,1,0,0,0,0,0,0,0,0,0,0,0,0,0,0,0,0,0,3,1,0,false
E:\OOD\main\Cannon_Defender_3-master\Cannon_Defender_3-master\src\Sprite.java,Sprite,setImage/1[java.awt.Image],false,34,0,21,21,0,1,0,3,0,0,1,0,0,0,0,0,0,0,0,0,1,0,0,0,0,0,3,1,0,false
E:\OOD\main\Cannon_Defender_3-master\Cannon_Defender_3-master\src\Background.java,Background$TAdapter,keyReleased/1[java.awt.event.KeyEvent],false,561,1,1,0,1,1,1,3,0,0,1,1,0,0,0,0,0,0,0,0,0,0,0,0,0,0,5,1,0,false
E:\OOD\main\Cannon_Defender_3-master\Cannon_Defender_3-master\src\Background.java,Background$TAdapter,keyPressed/1[java.awt.event.KeyEvent],false,565,1,1,0,1,2,1,6,0,0,1,1,0,0,0,0,0,0,0,2,1,0,1,0,0,0,7,1,0,false
E:\OOD\main\Cannon_Defender_3-master\Cannon_Defender_3-master\src\Minion.java,Minion,Minion/0,true,33,1,2,1,1,2,3,12,0,0,0,3,0,0,0,1,0,3,0,8,5,7,1,0,0,0,6,1,0,false
E:\OOD\main\Cannon_Defender_3-master\Cannon_Defender_3-master\src\Minion.java,Minion,"bumpEffect/3[int,int,int]",false,46,0,1,1,0,5,0,16,0,0,3,0,0,0,0,0,0,0,0,8,4,0,1,0,0,0,5,1,0,false
E:\OOD\main\Cannon_Defender_3-master\Cannon_Defender_3-master\src\Minion.java,Minion,"moveDictate/2[int,int]",false,125,0,1,1,0,5,0,20,0,0,2,0,0,0,0,0,0,0,0,6,6,0,1,0,0,0,9,1,0,false
E:\OOD\main\Cannon_Defender_3-master\Cannon_Defender_3-master\src\Minion.java,Minion,"respawn/2[int,int]",false,159,1,2,1,1,2,3,13,0,0,2,3,0,0,0,1,0,3,0,8,6,9,1,0,0,0,10,1,0,false
E:\OOD\main\Cannon_Defender_3-master\Cannon_Defender_3-master\src\Minion.java,Minion,"move/4[int,int,int,int]",false,65,1,2,1,1,12,2,60,0,0,4,2,0,0,0,0,0,0,0,10,2,4,3,0,0,0,13,1,0,false
E:\OOD\main\Cannon_Defender_3-master\Cannon_Defender_3-master\src\Minion.java,Minion,setTick/1[int],false,146,0,1,1,0,1,0,3,0,0,1,0,0,0,0,0,0,0,0,0,1,0,0,0,0,0,4,1,0,false
E:\OOD\main\Cannon_Defender_3-master\Cannon_Defender_3-master\src\Minion.java,Minion,destroyed/0,false,152,1,2,1,1,1,2,4,0,0,0,2,0,0,0,0,0,0,0,0,1,0,0,0,0,0,5,1,0,false
E:\OOD\main\Cannon_Defender_3-master\Cannon_Defender_3-master\src\MainMenu.java,MainMenu,paint/1[java.awt.Graphics],false,41,0,0,0,0,2,5,10,0,0,1,5,0,0,0,1,0,0,1,0,0,0,1,0,0,0,5,1,0,false
E:\OOD\main\Cannon_Defender_3-master\Cannon_Defender_3-master\src\MainMenu.java,MainMenu,play/0,false,53,1,3,2,1,1,2,4,0,0,0,2,0,0,0,0,0,0,1,0,0,0,0,0,0,0,3,0,0,false
E:\OOD\main\Cannon_Defender_3-master\Cannon_Defender_3-master\src\MainMenu.java,MainMenu,actionPerformed/1[java.awt.event.ActionEvent],false,58,1,1,0,1,3,3,8,0,1,1,3,1,1,0,0,0,0,2,0,1,0,1,0,0,0,7,1,0,false
E:\OOD\main\Cannon_Defender_3-master\Cannon_Defender_3-master\src\MainMenu.java,MainMenu,MainMenu/0,true,25,1,1,0,1,1,7,12,0,2,0,7,0,0,0,0,0,0,1,6,2,0,0,0,0,0,17,1,0,false
E:\OOD\main\Cannon_Defender_3-master\Cannon_Defender_3-master\src\Ogre.java,Ogre,setTick/1[int],false,156,0,1,1,0,1,0,3,0,0,1,0,0,0,0,0,0,0,0,0,1,0,0,0,0,0,4,1,0,false
E:\OOD\main\Cannon_Defender_3-master\Cannon_Defender_3-master\src\Ogre.java,Ogre,"move/4[int,int,int,int]",false,75,1,2,1,1,12,2,60,0,0,4,2,0,0,0,0,0,0,0,10,2,4,3,0,0,0,13,1,0,false
E:\OOD\main\Cannon_Defender_3-master\Cannon_Defender_3-master\src\Ogre.java,Ogre,Ogre/0,true,34,1,2,1,1,2,3,12,0,0,0,3,0,0,0,1,0,3,0,8,5,7,1,0,0,0,6,1,0,false
E:\OOD\main\Cannon_Defender_3-master\Cannon_Defender_3-master\src\Ogre.java,Ogre,"moveDictate/2[int,int]",false,135,0,1,1,0,5,0,20,0,0,2,0,0,0,0,0,0,0,0,6,6,0,1,0,0,0,9,1,0,false
E:\OOD\main\Cannon_Defender_3-master\Cannon_Defender_3-master\src\Ogre.java,Ogre,"HPEffect/4[int,int,int,int]",false,55,0,1,1,0,5,0,17,0,0,4,0,0,0,0,0,0,0,0,8,5,0,1,0,0,0,8,1,0,false
E:\OOD\main\Cannon_Defender_3-master\Cannon_Defender_3-master\src\Ogre.java,Ogre,destroyed/0,false,162,1,2,1,1,1,2,4,0,0,0,2,0,0,0,0,0,0,0,0,1,0,0,0,0,0,5,1,0,false
E:\OOD\main\Cannon_Defender_3-master\Cannon_Defender_3-master\src\Ogre.java,Ogre,getHP/0,false,49,0,1,1,0,1,0,3,1,0,0,0,0,0,0,0,0,1,0,0,0,0,0,0,0,0,4,1,0,false
E:\OOD\main\Cannon_Defender_3-master\Cannon_Defender_3-master\src\Ogre.java,Ogre,"respawn/2[int,int]",false,169,1,2,1,1,2,3,14,0,0,2,3,0,0,0,1,0,3,0,9,7,9,1,0,0,0,13,1,0,false
E:\OOD\main\Cannon_Defender_3-master\Cannon_Defender_3-master\src\Settings.java,Settings,Settings/0,true,17,1,2,1,1,1,7,9,0,0,0,7,0,0,0,0,0,0,1,2,0,0,0,0,0,0,33,1,0,true
E:\OOD\main\Cannon_Defender_3-master\Cannon_Defender_3-master\src\Settings.java,Settings,main/1[java.lang.String[]],false,28,1,1,0,1,1,0,3,0,0,1,0,0,0,0,0,0,0,0,0,0,0,0,0,0,0,3,9,0,false
