file,class,method,variable,usage
E:\OOD\main\Cannon_Defender_3-master\Cannon_Defender_3-master\src\Boss.java,Boss,"move/4[int,int,int,int]",pdy,1
E:\OOD\main\Cannon_Defender_3-master\Cannon_Defender_3-master\src\Boss.java,Boss,"move/4[int,int,int,int]",pdx,1
E:\OOD\main\Cannon_Defender_3-master\Cannon_Defender_3-master\src\Boss.java,Boss,"move/4[int,int,int,int]",px,1
E:\OOD\main\Cannon_Defender_3-master\Cannon_Defender_3-master\src\Boss.java,Boss,"move/4[int,int,int,int]",py,1
E:\OOD\main\Cannon_Defender_3-master\Cannon_Defender_3-master\src\Boss.java,Boss,"HPEffect/4[int,int,int,int]",effect,1
E:\OOD\main\Cannon_Defender_3-master\Cannon_Defender_3-master\src\Boss.java,Boss,"HPEffect/4[int,int,int,int]",px,2
E:\OOD\main\Cannon_Defender_3-master\Cannon_Defender_3-master\src\Boss.java,Boss,"HPEffect/4[int,int,int,int]",py,2
E:\OOD\main\Cannon_Defender_3-master\Cannon_Defender_3-master\src\Boss.java,Boss,"HPEffect/4[int,int,int,int]",pdir,0
E:\OOD\main\Cannon_Defender_3-master\Cannon_Defender_3-master\src\Boss.java,Boss,setTick/1[int],num,1
E:\OOD\main\Cannon_Defender_3-master\Cannon_Defender_3-master\src\Boss.java,Boss,"moveDictate/2[int,int]",playerX,2
E:\OOD\main\Cannon_Defender_3-master\Cannon_Defender_3-master\src\Boss.java,Boss,"moveDictate/2[int,int]",playerY,2
E:\OOD\main\Cannon_Defender_3-master\Cannon_Defender_3-master\src\Boss.java,Boss,"respawn/2[int,int]",px,1
E:\OOD\main\Cannon_Defender_3-master\Cannon_Defender_3-master\src\Boss.java,Boss,"respawn/2[int,int]",py,1
E:\OOD\main\Cannon_Defender_3-master\Cannon_Defender_3-master\src\FireBall.java,FireBall,"respawn/2[int,int]",px,1
E:\OOD\main\Cannon_Defender_3-master\Cannon_Defender_3-master\src\FireBall.java,FireBall,"respawn/2[int,int]",py,1
E:\OOD\main\Cannon_Defender_3-master\Cannon_Defender_3-master\src\FireBall.java,FireBall,"moveDictate/2[int,int]",playerX,2
E:\OOD\main\Cannon_Defender_3-master\Cannon_Defender_3-master\src\FireBall.java,FireBall,"moveDictate/2[int,int]",playerY,2
E:\OOD\main\Cannon_Defender_3-master\Cannon_Defender_3-master\src\FireBall.java,FireBall,"move/2[int,int]",pdy,1
E:\OOD\main\Cannon_Defender_3-master\Cannon_Defender_3-master\src\FireBall.java,FireBall,"move/2[int,int]",pdx,1
E:\OOD\main\Cannon_Defender_3-master\Cannon_Defender_3-master\src\Player.java,Player,healthEffect/1[double],effect,3
E:\OOD\main\Cannon_Defender_3-master\Cannon_Defender_3-master\src\Player.java,Player,keyReleased/1[java.awt.event.KeyEvent],e,1
E:\OOD\main\Cannon_Defender_3-master\Cannon_Defender_3-master\src\Player.java,Player,keyReleased/1[java.awt.event.KeyEvent],key,7
E:\OOD\main\Cannon_Defender_3-master\Cannon_Defender_3-master\src\Player.java,Player,manaEffect/1[double],effect,1
E:\OOD\main\Cannon_Defender_3-master\Cannon_Defender_3-master\src\Player.java,Player,getTick/1[int],num,1
E:\OOD\main\Cannon_Defender_3-master\Cannon_Defender_3-master\src\Player.java,Player,keyPressed/1[java.awt.event.KeyEvent],e,1
E:\OOD\main\Cannon_Defender_3-master\Cannon_Defender_3-master\src\Player.java,Player,keyPressed/1[java.awt.event.KeyEvent],key,8
E:\OOD\main\Cannon_Defender_3-master\Cannon_Defender_3-master\src\MainMenu.java,MainMenu$TAdapter,keyPressed/1[java.awt.event.KeyEvent],e,0
E:\OOD\main\Cannon_Defender_3-master\Cannon_Defender_3-master\src\Background.java,Background,Background/0,ex,2
E:\OOD\main\Cannon_Defender_3-master\Cannon_Defender_3-master\src\Background.java,Background,Background/0,file,2
E:\OOD\main\Cannon_Defender_3-master\Cannon_Defender_3-master\src\Background.java,Background,Background/0,e,0
E:\OOD\main\Cannon_Defender_3-master\Cannon_Defender_3-master\src\Background.java,Background,Background/0,writer,2
E:\OOD\main\Cannon_Defender_3-master\Cannon_Defender_3-master\src\Background.java,Background,run/0,sleep,4
E:\OOD\main\Cannon_Defender_3-master\Cannon_Defender_3-master\src\Background.java,Background,run/0,beforeTime,3
E:\OOD\main\Cannon_Defender_3-master\Cannon_Defender_3-master\src\Background.java,Background,run/0,timeDiff,2
E:\OOD\main\Cannon_Defender_3-master\Cannon_Defender_3-master\src\Background.java,Background,run/0,e,0
E:\OOD\main\Cannon_Defender_3-master\Cannon_Defender_3-master\src\Background.java,Background,cycle/0,ex,1
E:\OOD\main\Cannon_Defender_3-master\Cannon_Defender_3-master\src\Background.java,Background,cycle/0,it,8
E:\OOD\main\Cannon_Defender_3-master\Cannon_Defender_3-master\src\Background.java,Background,cycle/0,minion,27
E:\OOD\main\Cannon_Defender_3-master\Cannon_Defender_3-master\src\Background.java,Background,cycle/0,fireball,22
E:\OOD\main\Cannon_Defender_3-master\Cannon_Defender_3-master\src\Background.java,Background,cycle/0,ogre,29
E:\OOD\main\Cannon_Defender_3-master\Cannon_Defender_3-master\src\Background.java,Background,drawPlayer/1[java.awt.Graphics],g2d,2
E:\OOD\main\Cannon_Defender_3-master\Cannon_Defender_3-master\src\Background.java,Background,readScore/0,readFile,1
E:\OOD\main\Cannon_Defender_3-master\Cannon_Defender_3-master\src\Background.java,Background,gameInit/0,a,8
E:\OOD\main\Cannon_Defender_3-master\Cannon_Defender_3-master\src\Background.java,Background,gameInit/0,minion,1
E:\OOD\main\Cannon_Defender_3-master\Cannon_Defender_3-master\src\Background.java,Background,gameInit/0,fireball,1
E:\OOD\main\Cannon_Defender_3-master\Cannon_Defender_3-master\src\Background.java,Background,gameInit/0,ogre,1
E:\OOD\main\Cannon_Defender_3-master\Cannon_Defender_3-master\src\Background.java,Background,writeScore/0,fileOut,2
E:\OOD\main\Cannon_Defender_3-master\Cannon_Defender_3-master\src\Background.java,Background,drawInterface/1[java.awt.Graphics],temp,3
E:\OOD\main\Cannon_Defender_3-master\Cannon_Defender_3-master\src\Background.java,Background,drawInterface/1[java.awt.Graphics],g,17
E:\OOD\main\Cannon_Defender_3-master\Cannon_Defender_3-master\src\Background.java,Background,paint/1[java.awt.Graphics],g,10
E:\OOD\main\Cannon_Defender_3-master\Cannon_Defender_3-master\src\Background.java,Background,paint/1[java.awt.Graphics],g2d,2
E:\OOD\main\Cannon_Defender_3-master\Cannon_Defender_3-master\src\Background.java,Background,drawMinions/1[java.awt.Graphics],g2d,5
E:\OOD\main\Cannon_Defender_3-master\Cannon_Defender_3-master\src\Background.java,Background,drawMinions/1[java.awt.Graphics],it,8
E:\OOD\main\Cannon_Defender_3-master\Cannon_Defender_3-master\src\Background.java,Background,drawMinions/1[java.awt.Graphics],minion,6
E:\OOD\main\Cannon_Defender_3-master\Cannon_Defender_3-master\src\Background.java,Background,drawMinions/1[java.awt.Graphics],fireball,6
E:\OOD\main\Cannon_Defender_3-master\Cannon_Defender_3-master\src\Background.java,Background,drawMinions/1[java.awt.Graphics],ogre,6
E:\OOD\main\Cannon_Defender_3-master\Cannon_Defender_3-master\src\Background.java,Background,gameOver/1[java.awt.Graphics],temp,9
E:\OOD\main\Cannon_Defender_3-master\Cannon_Defender_3-master\src\Background.java,Background,gameOver/1[java.awt.Graphics],e,0
E:\OOD\main\Cannon_Defender_3-master\Cannon_Defender_3-master\src\Background.java,Background,gameOver/1[java.awt.Graphics],g,11
E:\OOD\main\Cannon_Defender_3-master\Cannon_Defender_3-master\src\Background.java,Background,gameOver/1[java.awt.Graphics],strI,1
E:\OOD\main\Cannon_Defender_3-master\Cannon_Defender_3-master\src\Sprite.java,Sprite,setDying/1[boolean],dying,2
E:\OOD\main\Cannon_Defender_3-master\Cannon_Defender_3-master\src\Sprite.java,Sprite,setVisible/1[boolean],visible,2
E:\OOD\main\Cannon_Defender_3-master\Cannon_Defender_3-master\src\Sprite.java,Sprite,setX/1[int],x,2
E:\OOD\main\Cannon_Defender_3-master\Cannon_Defender_3-master\src\Sprite.java,Sprite,setY/1[int],y,2
E:\OOD\main\Cannon_Defender_3-master\Cannon_Defender_3-master\src\Sprite.java,Sprite,setImage/1[java.awt.Image],image,2
E:\OOD\main\Cannon_Defender_3-master\Cannon_Defender_3-master\src\Background.java,Background$TAdapter,keyReleased/1[java.awt.event.KeyEvent],e,1
E:\OOD\main\Cannon_Defender_3-master\Cannon_Defender_3-master\src\Background.java,Background$TAdapter,keyPressed/1[java.awt.event.KeyEvent],e,1
E:\OOD\main\Cannon_Defender_3-master\Cannon_Defender_3-master\src\Minion.java,Minion,"bumpEffect/3[int,int,int]",dx,0
E:\OOD\main\Cannon_Defender_3-master\Cannon_Defender_3-master\src\Minion.java,Minion,"bumpEffect/3[int,int,int]",dy,0
E:\OOD\main\Cannon_Defender_3-master\Cannon_Defender_3-master\src\Minion.java,Minion,"bumpEffect/3[int,int,int]",pdir,1
E:\OOD\main\Cannon_Defender_3-master\Cannon_Defender_3-master\src\Minion.java,Minion,"moveDictate/2[int,int]",playerX,2
E:\OOD\main\Cannon_Defender_3-master\Cannon_Defender_3-master\src\Minion.java,Minion,"moveDictate/2[int,int]",playerY,2
E:\OOD\main\Cannon_Defender_3-master\Cannon_Defender_3-master\src\Minion.java,Minion,"respawn/2[int,int]",px,1
E:\OOD\main\Cannon_Defender_3-master\Cannon_Defender_3-master\src\Minion.java,Minion,"respawn/2[int,int]",py,1
E:\OOD\main\Cannon_Defender_3-master\Cannon_Defender_3-master\src\Minion.java,Minion,"move/4[int,int,int,int]",pdy,1
E:\OOD\main\Cannon_Defender_3-master\Cannon_Defender_3-master\src\Minion.java,Minion,"move/4[int,int,int,int]",pdx,1
E:\OOD\main\Cannon_Defender_3-master\Cannon_Defender_3-master\src\Minion.java,Minion,"move/4[int,int,int,int]",px,1
E:\OOD\main\Cannon_Defender_3-master\Cannon_Defender_3-master\src\Minion.java,Minion,"move/4[int,int,int,int]",py,1
E:\OOD\main\Cannon_Defender_3-master\Cannon_Defender_3-master\src\Minion.java,Minion,setTick/1[int],num,1
E:\OOD\main\Cannon_Defender_3-master\Cannon_Defender_3-master\src\MainMenu.java,MainMenu,paint/1[java.awt.Graphics],g,2
E:\OOD\main\Cannon_Defender_3-master\Cannon_Defender_3-master\src\MainMenu.java,MainMenu,actionPerformed/1[java.awt.event.ActionEvent],event,1
E:\OOD\main\Cannon_Defender_3-master\Cannon_Defender_3-master\src\MainMenu.java,MainMenu,actionPerformed/1[java.awt.event.ActionEvent],command,2
E:\OOD\main\Cannon_Defender_3-master\Cannon_Defender_3-master\src\MainMenu.java,MainMenu,MainMenu/0,layout,1
E:\OOD\main\Cannon_Defender_3-master\Cannon_Defender_3-master\src\MainMenu.java,MainMenu,MainMenu/0,startButton,1
E:\OOD\main\Cannon_Defender_3-master\Cannon_Defender_3-master\src\Ogre.java,Ogre,setTick/1[int],num,1
E:\OOD\main\Cannon_Defender_3-master\Cannon_Defender_3-master\src\Ogre.java,Ogre,"move/4[int,int,int,int]",pdy,1
E:\OOD\main\Cannon_Defender_3-master\Cannon_Defender_3-master\src\Ogre.java,Ogre,"move/4[int,int,int,int]",pdx,1
E:\OOD\main\Cannon_Defender_3-master\Cannon_Defender_3-master\src\Ogre.java,Ogre,"move/4[int,int,int,int]",px,1
E:\OOD\main\Cannon_Defender_3-master\Cannon_Defender_3-master\src\Ogre.java,Ogre,"move/4[int,int,int,int]",py,1
E:\OOD\main\Cannon_Defender_3-master\Cannon_Defender_3-master\src\Ogre.java,Ogre,"moveDictate/2[int,int]",playerX,2
E:\OOD\main\Cannon_Defender_3-master\Cannon_Defender_3-master\src\Ogre.java,Ogre,"moveDictate/2[int,int]",playerY,2
E:\OOD\main\Cannon_Defender_3-master\Cannon_Defender_3-master\src\Ogre.java,Ogre,"HPEffect/4[int,int,int,int]",dx,0
E:\OOD\main\Cannon_Defender_3-master\Cannon_Defender_3-master\src\Ogre.java,Ogre,"HPEffect/4[int,int,int,int]",dy,0
E:\OOD\main\Cannon_Defender_3-master\Cannon_Defender_3-master\src\Ogre.java,Ogre,"HPEffect/4[int,int,int,int]",effect,1
E:\OOD\main\Cannon_Defender_3-master\Cannon_Defender_3-master\src\Ogre.java,Ogre,"HPEffect/4[int,int,int,int]",pdir,1
E:\OOD\main\Cannon_Defender_3-master\Cannon_Defender_3-master\src\Ogre.java,Ogre,"respawn/2[int,int]",px,1
E:\OOD\main\Cannon_Defender_3-master\Cannon_Defender_3-master\src\Ogre.java,Ogre,"respawn/2[int,int]",py,1
E:\OOD\main\Cannon_Defender_3-master\Cannon_Defender_3-master\src\Settings.java,Settings,main/1[java.lang.String[]],args,0
