file,class,type,cbo,cboModified,fanin,fanout,wmc,dit,noc,rfc,lcom,lcom*,tcc,lcc,totalMethodsQty,staticMethodsQty,publicMethodsQty,privateMethodsQty,protectedMethodsQty,defaultMethodsQty,visibleMethodsQty,abstractMethodsQty,finalMethodsQty,synchronizedMethodsQty,totalFieldsQty,staticFieldsQty,publicFieldsQty,privateFieldsQty,protectedFieldsQty,defaultFieldsQty,finalFieldsQty,synchronizedFieldsQty,nosi,loc,returnQty,loopQty,comparisonsQty,tryCatchQty,parenthesizedExpsQty,stringLiteralsQty,numbersQty,assignmentsQty,mathOperationsQty,variablesQty,maxNestedBlocksQty,anonymousClassesQty,innerClassesQty,lambdasQty,uniqueWordsQty,modifiers,logStatementsQty
E:\OOD\main\missile-command-master\missile-command-master\src\objects\buildings\Building.java,objects.buildings.Building,class,2,4,2,2,1,1,2,0,0,1.0,NaN,NaN,1,0,1,0,0,0,1,1,0,0,2,0,2,0,0,0,0,0,0,5,0,0,0,0,0,0,0,0,0,2,0,0,0,0,8,1025,0
E:\OOD\main\missile-command-master\missile-command-master\src\objects\particles\Missile.java,objects.particles.Missile$Anonymous1,anonymous,3,3,0,3,3,1,0,3,0,0.0,NaN,NaN,1,0,1,0,0,0,1,0,0,0,0,0,0,0,0,0,0,0,0,10,1,1,1,0,0,0,0,1,0,1,2,0,0,0,9,-1,0
E:\OOD\main\missile-command-master\missile-command-master\src\objects\buildings\Cannon.java,objects.buildings.Cannon,class,3,5,2,3,3,2,0,1,3,0.0,0.0,0.0,3,0,3,0,0,0,3,0,0,0,0,0,0,0,0,0,0,0,0,10,0,0,0,0,0,0,3,1,0,0,0,0,0,0,12,1,0
E:\OOD\main\missile-command-master\missile-command-master\src\game\states\impl\ShopState.java,game.states.impl.ShopState,class,12,14,2,12,24,2,0,20,19,0.71428573,0.1,0.1,7,0,5,2,0,0,5,0,0,0,1,0,0,1,0,0,0,0,1,95,4,0,1,0,0,10,57,22,26,13,2,0,0,1,66,1,0
E:\OOD\main\missile-command-master\missile-command-master\src\objects\particles\ForceField.java,objects.particles.ForceField,class,4,6,2,4,3,2,0,2,1,0.53333336,0.33333334,0.33333334,3,0,3,0,0,0,3,0,0,0,5,3,2,3,0,0,3,0,0,22,1,0,0,0,0,0,12,7,2,6,0,0,0,0,33,1,0
E:\OOD\main\missile-command-master\missile-command-master\src\objects\particles\Missile.java,objects.particles.Missile,class,8,16,8,8,9,2,1,7,7,0.75,0.26666668,0.4,6,1,6,0,0,0,6,0,0,0,6,4,5,1,0,0,4,0,0,51,2,0,0,0,2,0,15,15,4,7,1,1,0,0,51,1,0
E:\OOD\main\missile-command-master\missile-command-master\src\objects\particles\Particle.java,objects.particles.Particle,class,5,27,22,5,7,1,6,6,3,0.6904761,0.4,0.6666667,6,0,6,0,0,0,6,1,0,0,7,0,7,0,0,0,0,0,0,39,3,0,0,0,2,0,6,10,2,10,1,0,0,0,53,1025,0
E:\OOD\main\missile-command-master\missile-command-master\src\game\IDrawable.java,game.IDrawable,interface,1,5,4,1,1,1,0,0,0,0.0,NaN,NaN,1,0,1,0,0,0,1,0,0,0,0,0,0,0,0,0,0,0,0,3,0,0,0,0,0,0,0,0,0,0,0,0,0,0,22,1,0
E:\OOD\main\missile-command-master\missile-command-master\src\objects\particles\BlackHoleMissile.java,objects.particles.BlackHoleMissile$Anonymous1,anonymous,3,3,0,3,2,1,0,2,0,0.0,NaN,NaN,1,0,1,0,0,0,1,0,0,0,0,0,0,0,0,0,0,0,0,11,1,0,0,0,0,0,0,0,0,0,1,0,0,0,7,-1,0
E:\OOD\main\missile-command-master\missile-command-master\src\physics\forces\ForceRegistration.java,physics.forces.ForceRegistration,class,2,3,1,2,1,1,0,0,0,0.0,NaN,NaN,1,0,1,0,0,0,1,0,0,0,2,0,2,0,0,0,0,0,0,8,0,0,0,0,0,0,0,2,0,2,0,0,0,0,6,1,0
E:\OOD\main\missile-command-master\missile-command-master\src\physics\forces\impl\Gravity.java,physics.forces.impl.Gravity,class,3,4,1,3,2,2,0,3,1,0.5,0.0,0.0,2,0,2,0,0,0,2,0,0,0,1,1,0,1,0,0,1,0,0,10,0,0,0,0,0,0,3,3,0,2,0,0,0,0,10,1,0
E:\OOD\main\missile-command-master\missile-command-master\src\game\states\impl\EndOfWaveState.java,game.states.impl.EndOfWaveState,class,9,12,3,9,9,2,0,8,13,0.6666667,0.1,0.1,6,0,5,1,0,0,5,0,0,0,1,0,0,1,0,0,0,0,0,43,5,0,0,0,0,5,14,7,7,4,1,0,0,0,36,1,0
E:\OOD\main\missile-command-master\missile-command-master\src\physics\forces\impl\Drag.java,physics.forces.impl.Drag,class,3,4,1,3,2,2,0,5,0,0.0,1.0,1.0,2,0,2,0,0,0,2,0,0,0,1,0,0,1,0,0,0,0,0,15,0,0,0,0,2,0,1,7,3,6,0,0,0,0,15,1,0
E:\OOD\main\missile-command-master\missile-command-master\src\objects\particles\Meteor.java,objects.particles.Meteor,class,6,12,6,6,6,2,0,1,15,0.8333333,0.0,0.0,6,1,6,0,0,0,6,0,0,0,1,1,1,0,0,0,1,0,0,43,2,0,0,0,0,0,2,5,2,2,0,1,0,0,32,1,0
E:\OOD\main\missile-command-master\missile-command-master\src\game\states\GameInfo.java,game.states.GameInfo,class,0,4,4,0,4,1,0,1,0,0.2,1.0,1.0,2,0,2,0,0,0,2,0,0,0,5,0,5,0,0,0,0,0,0,20,0,0,2,0,0,0,4,7,3,6,1,0,0,0,26,1,0
E:\OOD\main\missile-command-master\missile-command-master\src\game\states\GameContext.java,game.states.GameContext,class,13,28,15,13,8,1,0,7,0,0.65,1.0,1.0,4,0,2,2,0,0,2,0,0,0,15,0,15,0,0,0,0,0,0,56,1,2,1,0,2,0,6,21,7,19,2,0,0,0,46,1,0
E:\OOD\main\missile-command-master\missile-command-master\src\physics\forces\impl\Attractive.java,physics.forces.impl.Attractive,class,4,7,3,4,3,2,1,6,1,0.5,0.0,0.0,3,0,2,0,1,0,3,0,0,0,2,1,2,0,0,0,1,0,0,19,1,0,0,0,2,0,1,7,3,6,0,0,0,0,33,1,0
E:\OOD\main\missile-command-master\missile-command-master\src\objects\particles\BlackHoleMissile.java,objects.particles.BlackHoleMissile,class,5,10,5,5,2,3,0,1,1,0.0,0.0,0.0,2,1,2,0,0,0,2,0,0,0,0,0,0,0,0,0,0,0,0,19,1,0,0,0,0,0,1,0,0,0,0,1,0,0,13,1,0
E:\OOD\main\missile-command-master\missile-command-master\src\physics\Collision.java,physics.Collision,class,3,9,6,3,4,1,0,7,0,0.2,0.33333334,0.33333334,3,0,3,0,0,0,3,0,0,0,4,0,0,4,0,0,0,0,0,30,1,0,0,0,6,0,6,14,9,14,1,0,0,0,36,1,0
E:\OOD\main\missile-command-master\missile-command-master\src\physics\forces\ForceGenerator.java,physics.forces.ForceGenerator,class,1,7,6,1,1,1,4,0,0,1.0,NaN,NaN,1,0,1,0,0,0,1,1,0,0,1,0,1,0,0,0,0,0,0,4,0,0,0,0,0,0,0,0,0,1,0,0,0,0,6,1025,0
E:\OOD\main\missile-command-master\missile-command-master\src\game\DrawEngine.java,game.DrawEngine,class,7,27,20,7,10,1,0,17,0,0.25,0.6666667,0.6666667,8,0,6,2,0,0,6,0,0,0,1,0,1,0,0,0,0,0,0,51,0,2,0,0,0,6,24,2,5,2,2,0,0,0,75,1,0
E:\OOD\main\missile-command-master\missile-command-master\src\physics\PhysicsEngine.java,physics.PhysicsEngine,class,7,12,5,7,6,1,0,6,0,0.5416667,0.6666667,1.0,4,0,4,0,0,0,4,0,0,0,6,2,6,0,0,0,2,0,0,27,0,2,0,0,0,0,2,6,0,6,1,0,0,0,32,1,0
E:\OOD\main\missile-command-master\missile-command-master\src\objects\particles\BlackHole.java,objects.particles.BlackHole,class,5,8,3,5,3,2,0,1,1,0.53333336,0.33333334,0.33333334,3,0,3,0,0,0,3,0,0,0,5,3,5,0,0,0,3,0,0,20,1,0,0,0,0,0,8,5,2,5,0,0,0,0,34,1,0
E:\OOD\main\missile-command-master\missile-command-master\src\physics\forces\ForceRegistry.java,physics.forces.ForceRegistry,class,3,6,3,3,7,1,0,7,0,0.0,1.0,1.0,4,0,4,0,0,0,4,0,0,0,1,0,1,0,0,0,0,0,0,22,0,1,0,0,0,0,1,4,0,4,2,0,0,0,14,1,0
E:\OOD\main\missile-command-master\missile-command-master\src\game\GameConfig.java,game.GameConfig,class,0,0,0,0,0,1,0,0,0,NaN,-1.0,-1.0,0,0,0,0,0,0,0,0,0,0,23,23,23,0,0,0,23,0,0,25,0,0,0,0,0,0,23,23,1,23,0,0,0,0,27,1,0
E:\OOD\main\missile-command-master\missile-command-master\src\objects\Crosshair.java,objects.Crosshair,class,3,4,1,3,1,1,0,1,0,0.0,NaN,NaN,1,0,1,0,0,0,1,0,0,0,0,0,0,0,0,0,0,0,0,6,0,0,0,0,0,0,0,1,0,1,0,0,0,0,10,1,0
E:\OOD\main\missile-command-master\missile-command-master\src\objects\particles\Explosion.java,objects.particles.Explosion,class,7,17,10,7,9,2,0,2,9,0.6428572,0.2857143,0.2857143,7,1,7,0,0,0,7,0,0,0,4,1,4,0,0,0,1,0,0,51,3,0,0,0,0,0,16,8,3,5,2,1,0,0,36,1,0
E:\OOD\main\missile-command-master\missile-command-master\src\objects\particles\Meteor.java,objects.particles.Meteor$Anonymous1,anonymous,4,4,0,4,5,1,0,4,0,0.0,NaN,NaN,1,0,1,0,0,0,1,0,0,0,0,0,0,0,0,0,0,0,0,18,1,3,1,0,0,0,0,1,0,1,2,0,0,0,14,-1,0
E:\OOD\main\missile-command-master\missile-command-master\src\game\Level.java,game.Level,class,0,4,4,0,10,1,0,1,0,0.6307693,0.7,1.0,5,0,5,0,0,0,5,0,0,0,13,6,13,0,0,0,6,0,0,45,0,0,2,0,0,0,14,23,2,14,1,0,0,0,51,1,0
E:\OOD\main\missile-command-master\missile-command-master\src\objects\particles\Bomber.java,objects.particles.Bomber,class,8,13,5,8,5,2,0,5,10,0.84,0.0,0.0,5,1,4,1,0,0,4,0,0,0,5,5,5,0,0,0,5,0,0,38,2,0,0,0,0,0,13,9,3,9,0,1,0,0,45,1,0
E:\OOD\main\missile-command-master\missile-command-master\src\game\states\GameInput.java,game.states.GameInput,class,0,8,8,0,1,1,0,0,0,0.0,NaN,NaN,1,0,1,0,0,0,1,0,0,0,2,0,2,0,0,0,0,0,0,10,0,0,0,0,0,0,0,4,0,4,0,0,0,0,14,1,0
E:\OOD\main\missile-command-master\missile-command-master\src\game\states\impl\GameWinState.java,game.states.impl.GameWinState,class,6,8,2,6,7,2,0,3,10,0.0,0.0,0.0,5,0,5,0,0,0,5,0,0,0,0,0,0,0,0,0,0,0,0,24,3,0,2,0,0,3,11,2,5,2,1,0,0,0,19,1,0
E:\OOD\main\missile-command-master\missile-command-master\src\game\states\impl\PlayingState.java,game.states.impl.PlayingState,class,14,18,4,14,20,2,0,16,15,0.5714286,0.0,0.0,7,0,5,2,0,0,5,0,0,0,1,0,0,0,0,1,0,0,0,67,3,0,5,0,0,0,24,15,5,14,2,0,0,0,46,1,0
E:\OOD\main\missile-command-master\missile-command-master\src\objects\particles\Explosion.java,objects.particles.Explosion$Anonymous1,anonymous,5,5,0,5,6,1,0,5,0,0.0,NaN,NaN,1,0,1,0,0,0,1,0,0,0,0,0,0,0,0,0,0,0,0,14,1,2,1,0,0,0,0,3,1,3,2,0,0,0,14,-1,0
E:\OOD\main\missile-command-master\missile-command-master\src\game\MissileCommand.java,game.MissileCommand,class,4,4,0,4,6,2,0,6,3,0.5,0.4,0.4,6,1,6,0,0,0,6,0,0,0,2,0,2,0,0,0,0,0,0,26,0,0,0,0,0,1,6,3,0,3,0,0,0,0,21,1,0
E:\OOD\main\missile-command-master\missile-command-master\src\objects\particles\Bomber.java,objects.particles.Bomber$Anonymous1,anonymous,3,3,0,3,3,1,0,4,0,0.0,NaN,NaN,1,0,1,0,0,0,1,0,0,0,0,0,0,0,0,0,0,0,0,11,1,0,1,0,0,0,1,1,0,1,1,0,0,0,16,-1,0
E:\OOD\main\missile-command-master\missile-command-master\src\physics\forces\impl\Explosive.java,physics.forces.impl.Explosive,class,3,4,1,3,4,2,0,5,0,0.22222222,1.0,1.0,3,0,3,0,0,0,3,0,0,0,3,1,2,1,0,0,1,0,0,22,0,0,0,0,2,0,5,7,5,5,1,0,0,0,26,1,0
E:\OOD\main\missile-command-master\missile-command-master\src\objects\buildings\City.java,objects.buildings.City,class,3,6,3,3,5,2,0,2,6,1.0,0.0,0.0,4,0,4,0,0,0,4,0,0,0,1,0,1,0,0,0,0,0,0,19,0,0,0,0,0,0,6,6,0,2,1,0,0,0,18,1,0
E:\OOD\main\missile-command-master\missile-command-master\src\physics\forces\impl\Repulsive.java,physics.forces.impl.Repulsive,class,3,4,1,3,2,3,0,3,1,0.0,0.0,0.0,2,0,2,0,0,0,2,0,0,0,0,0,0,0,0,0,0,0,0,9,0,0,0,0,0,0,1,1,0,1,0,0,0,0,12,1,0
E:\OOD\main\missile-command-master\missile-command-master\src\game\states\impl\StartState.java,game.states.impl.StartState,class,6,11,5,6,7,2,0,2,10,0.0,0.0,0.0,5,0,5,0,0,0,5,0,0,0,0,0,0,0,0,0,0,0,0,19,3,0,2,0,0,2,10,0,5,0,1,0,0,0,17,1,0
E:\OOD\main\missile-command-master\missile-command-master\src\game\GameController.java,game.GameController,class,6,7,1,6,3,1,0,3,0,0.5,1.0,1.0,3,0,3,0,0,0,3,0,0,0,4,0,4,0,0,0,0,0,0,20,0,0,0,0,0,0,0,7,0,5,0,0,0,0,37,1,0
E:\OOD\main\missile-command-master\missile-command-master\src\game\states\GameState.java,game.states.GameState,class,16,24,8,16,42,1,6,40,30,0.6666667,0.2,0.22222222,13,0,5,3,5,0,10,4,0,0,3,0,2,0,1,0,0,0,5,102,3,7,5,0,2,0,15,21,7,27,4,0,0,8,149,1025,0
E:\OOD\main\missile-command-master\missile-command-master\src\game\states\impl\GameOverState.java,game.states.impl.GameOverState,class,6,8,2,6,7,2,0,4,10,0.0,0.0,0.0,5,0,5,0,0,0,5,0,0,0,0,0,0,0,0,0,0,0,0,25,3,0,2,0,0,3,10,2,5,2,1,0,0,0,23,1,0
E:\OOD\main\missile-command-master\missile-command-master\src\physics\PhysicsStep.java,physics.PhysicsStep,class,0,7,7,0,3,1,0,1,0,0.0,1.0,1.0,2,0,2,0,0,0,2,0,0,0,2,0,2,0,0,0,0,0,0,13,0,1,0,0,0,0,0,2,0,2,1,0,0,0,9,1,0
