file,class,method,variable,usage
E:\OOD\main\missile-command-master\missile-command-master\src\game\states\impl\ShopState.java,game.states.impl.ShopState,"ShopState/3[game.states.GameContext,game.DrawEngine,game.states.impl.EndOfWaveState]",prevState,3
E:\OOD\main\missile-command-master\missile-command-master\src\game\states\impl\ShopState.java,game.states.impl.ShopState,handleInput/1[game.states.GameInput],prevState,1
E:\OOD\main\missile-command-master\missile-command-master\src\objects\particles\ForceField.java,objects.particles.ForceField,"ForceField/2[float,float]",FORCEFIELD_RADIUS,1
E:\OOD\main\missile-command-master\missile-command-master\src\objects\particles\ForceField.java,objects.particles.ForceField,"ForceField/2[float,float]",FORCEFIELD_MASS,1
E:\OOD\main\missile-command-master\missile-command-master\src\objects\particles\ForceField.java,objects.particles.ForceField,"ForceField/2[float,float]",lifespan,1
E:\OOD\main\missile-command-master\missile-command-master\src\objects\particles\ForceField.java,objects.particles.ForceField,"ForceField/2[float,float]",FORCEFIELD_LIFESPAN,1
E:\OOD\main\missile-command-master\missile-command-master\src\objects\particles\ForceField.java,objects.particles.ForceField,"ForceField/2[float,float]",repulsiveForce,1
E:\OOD\main\missile-command-master\missile-command-master\src\objects\particles\ForceField.java,objects.particles.ForceField,display/1[game.DrawEngine],lifespan,1
E:\OOD\main\missile-command-master\missile-command-master\src\objects\particles\Missile.java,objects.particles.Missile,"Missile/5[float,float,float,float,int]",friendlyUpgrade,1
E:\OOD\main\missile-command-master\missile-command-master\src\objects\particles\Missile.java,objects.particles.Missile,"Missile/5[float,float,float,float,int]",MISSILE_MASS,1
E:\OOD\main\missile-command-master\missile-command-master\src\objects\particles\Missile.java,objects.particles.Missile,"Missile/5[float,float,float,float,int]",destinationPos,1
E:\OOD\main\missile-command-master\missile-command-master\src\objects\particles\Missile.java,objects.particles.Missile,"Missile/5[float,float,float,float,int]",MISSILE_RADIUS,1
E:\OOD\main\missile-command-master\missile-command-master\src\objects\particles\Missile.java,objects.particles.Missile,"Missile/5[float,float,float,float,int]",MISSILE_SPEED_MULT,1
E:\OOD\main\missile-command-master\missile-command-master\src\objects\particles\Missile.java,objects.particles.Missile,destroy/0,friendlyUpgrade,1
E:\OOD\main\missile-command-master\missile-command-master\src\objects\particles\Missile.java,objects.particles.Missile,display/1[game.DrawEngine],DETECT_RANGE,1
E:\OOD\main\missile-command-master\missile-command-master\src\objects\particles\Missile.java,objects.particles.Missile,display/1[game.DrawEngine],destinationPos,2
E:\OOD\main\missile-command-master\missile-command-master\src\objects\particles\Missile.java,objects.particles.Missile,"Missile/6[objects.particles.PApplet,float,float,float,float,boolean]",friendlyUpgrade,1
E:\OOD\main\missile-command-master\missile-command-master\src\objects\particles\Particle.java,objects.particles.Particle,addForce/1[objects.particles.PVector],forceAccumulator,1
E:\OOD\main\missile-command-master\missile-command-master\src\objects\particles\Particle.java,objects.particles.Particle,getInvMass/0,mass,1
E:\OOD\main\missile-command-master\missile-command-master\src\objects\particles\Particle.java,objects.particles.Particle,"Particle/6[float,float,float,float,float,float]",destroyed,1
E:\OOD\main\missile-command-master\missile-command-master\src\objects\particles\Particle.java,objects.particles.Particle,"Particle/6[float,float,float,float,float,float]",forceAccumulator,1
E:\OOD\main\missile-command-master\missile-command-master\src\objects\particles\Particle.java,objects.particles.Particle,"Particle/6[float,float,float,float,float,float]",mass,3
E:\OOD\main\missile-command-master\missile-command-master\src\objects\particles\Particle.java,objects.particles.Particle,"Particle/6[float,float,float,float,float,float]",position,1
E:\OOD\main\missile-command-master\missile-command-master\src\objects\particles\Particle.java,objects.particles.Particle,"Particle/6[float,float,float,float,float,float]",velocity,1
E:\OOD\main\missile-command-master\missile-command-master\src\objects\particles\Particle.java,objects.particles.Particle,"Particle/6[float,float,float,float,float,float]",radius,3
E:\OOD\main\missile-command-master\missile-command-master\src\objects\particles\Particle.java,objects.particles.Particle,integrate/0,forceAccumulator,2
E:\OOD\main\missile-command-master\missile-command-master\src\objects\particles\Particle.java,objects.particles.Particle,integrate/0,position,1
E:\OOD\main\missile-command-master\missile-command-master\src\objects\particles\Particle.java,objects.particles.Particle,integrate/0,velocity,2
E:\OOD\main\missile-command-master\missile-command-master\src\objects\particles\Particle.java,objects.particles.Particle,checkCollision/1[objects.particles.Particle],position,1
E:\OOD\main\missile-command-master\missile-command-master\src\objects\particles\Particle.java,objects.particles.Particle,checkCollision/1[objects.particles.Particle],radius,1
E:\OOD\main\missile-command-master\missile-command-master\src\physics\forces\ForceRegistration.java,physics.forces.ForceRegistration,"ForceRegistration/2[objects.particles.Particle,physics.forces.ForceGenerator]",forceGenerator,3
E:\OOD\main\missile-command-master\missile-command-master\src\physics\forces\ForceRegistration.java,physics.forces.ForceRegistration,"ForceRegistration/2[objects.particles.Particle,physics.forces.ForceGenerator]",particle,3
E:\OOD\main\missile-command-master\missile-command-master\src\physics\forces\impl\Gravity.java,physics.forces.impl.Gravity,updateForce/1[objects.particles.Particle],gravity,1
E:\OOD\main\missile-command-master\missile-command-master\src\game\states\impl\EndOfWaveState.java,game.states.impl.EndOfWaveState,display/0,bonusScore,1
E:\OOD\main\missile-command-master\missile-command-master\src\game\states\impl\EndOfWaveState.java,game.states.impl.EndOfWaveState,"EndOfWaveState/3[game.states.GameContext,game.DrawEngine,int]",bonusScore,4
E:\OOD\main\missile-command-master\missile-command-master\src\physics\forces\impl\Drag.java,physics.forces.impl.Drag,"Drag/2[float,float]",k1,3
E:\OOD\main\missile-command-master\missile-command-master\src\physics\forces\impl\Drag.java,physics.forces.impl.Drag,"Drag/2[float,float]",k2,3
E:\OOD\main\missile-command-master\missile-command-master\src\physics\forces\impl\Drag.java,physics.forces.impl.Drag,updateForce/1[objects.particles.Particle],k1,1
E:\OOD\main\missile-command-master\missile-command-master\src\physics\forces\impl\Drag.java,physics.forces.impl.Drag,updateForce/1[objects.particles.Particle],k2,1
E:\OOD\main\missile-command-master\missile-command-master\src\objects\particles\Meteor.java,objects.particles.Meteor,"Meteor/5[float,float,float,float,float]",METEOR_RADIUS_BASE,1
E:\OOD\main\missile-command-master\missile-command-master\src\game\states\GameInfo.java,game.states.GameInfo,"GameInfo/5[int,int,int,int,int]",score,3
E:\OOD\main\missile-command-master\missile-command-master\src\game\states\GameInfo.java,game.states.GameInfo,"GameInfo/5[int,int,int,int,int]",citiesLeft,3
E:\OOD\main\missile-command-master\missile-command-master\src\game\states\GameInfo.java,game.states.GameInfo,"GameInfo/5[int,int,int,int,int]",blackholesLeft,3
E:\OOD\main\missile-command-master\missile-command-master\src\game\states\GameInfo.java,game.states.GameInfo,"GameInfo/5[int,int,int,int,int]",forcefieldsLeft,3
E:\OOD\main\missile-command-master\missile-command-master\src\game\states\GameInfo.java,game.states.GameInfo,"GameInfo/5[int,int,int,int,int]",missilesLeft,3
E:\OOD\main\missile-command-master\missile-command-master\src\game\states\GameInfo.java,game.states.GameInfo,resetWaveStart/1[int],blackholesLeft,1
E:\OOD\main\missile-command-master\missile-command-master\src\game\states\GameInfo.java,game.states.GameInfo,resetWaveStart/1[int],forcefieldsLeft,1
E:\OOD\main\missile-command-master\missile-command-master\src\game\states\GameInfo.java,game.states.GameInfo,resetWaveStart/1[int],missilesLeft,1
E:\OOD\main\missile-command-master\missile-command-master\src\game\states\GameContext.java,game.states.GameContext,"getClosestCannon/2[int,int]",cannons,1
E:\OOD\main\missile-command-master\missile-command-master\src\game\states\GameContext.java,game.states.GameContext,initFields/0,bhms,1
E:\OOD\main\missile-command-master\missile-command-master\src\game\states\GameContext.java,game.states.GameContext,initFields/0,cities,1
E:\OOD\main\missile-command-master\missile-command-master\src\game\states\GameContext.java,game.states.GameContext,initFields/0,meteors,1
E:\OOD\main\missile-command-master\missile-command-master\src\game\states\GameContext.java,game.states.GameContext,initFields/0,level,1
E:\OOD\main\missile-command-master\missile-command-master\src\game\states\GameContext.java,game.states.GameContext,initFields/0,cannons,1
E:\OOD\main\missile-command-master\missile-command-master\src\game\states\GameContext.java,game.states.GameContext,initFields/0,physicsEngine,1
E:\OOD\main\missile-command-master\missile-command-master\src\game\states\GameContext.java,game.states.GameContext,initFields/0,forcefields,1
E:\OOD\main\missile-command-master\missile-command-master\src\game\states\GameContext.java,game.states.GameContext,initFields/0,missiles,1
E:\OOD\main\missile-command-master\missile-command-master\src\game\states\GameContext.java,game.states.GameContext,initFields/0,explosions,1
E:\OOD\main\missile-command-master\missile-command-master\src\game\states\GameContext.java,game.states.GameContext,initFields/0,bombers,1
E:\OOD\main\missile-command-master\missile-command-master\src\game\states\GameContext.java,game.states.GameContext,initFields/0,blackholes,1
E:\OOD\main\missile-command-master\missile-command-master\src\game\states\GameContext.java,game.states.GameContext,"initGameObjects/2[java.util.ArrayList<objects.buildings.City>,java.util.ArrayList<objects.buildings.Cannon>]",cities,2
E:\OOD\main\missile-command-master\missile-command-master\src\game\states\GameContext.java,game.states.GameContext,"initGameObjects/2[java.util.ArrayList<objects.buildings.City>,java.util.ArrayList<objects.buildings.Cannon>]",cannons,2
E:\OOD\main\missile-command-master\missile-command-master\src\game\states\GameContext.java,game.states.GameContext,GameContext/0,meteorCount,1
E:\OOD\main\missile-command-master\missile-command-master\src\game\states\GameContext.java,game.states.GameContext,GameContext/0,cities,2
E:\OOD\main\missile-command-master\missile-command-master\src\game\states\GameContext.java,game.states.GameContext,GameContext/0,cannons,1
E:\OOD\main\missile-command-master\missile-command-master\src\game\states\GameContext.java,game.states.GameContext,GameContext/0,cityCount,2
E:\OOD\main\missile-command-master\missile-command-master\src\game\states\GameContext.java,game.states.GameContext,GameContext/0,friendlyExplosions,1
E:\OOD\main\missile-command-master\missile-command-master\src\game\states\GameContext.java,game.states.GameContext,GameContext/0,info,1
E:\OOD\main\missile-command-master\missile-command-master\src\physics\forces\impl\Attractive.java,physics.forces.impl.Attractive,Attractive/1[objects.particles.Particle],attractor,3
E:\OOD\main\missile-command-master\missile-command-master\src\physics\forces\impl\Attractive.java,physics.forces.impl.Attractive,getAttractionForce/1[objects.particles.Particle],GRAV_CONSTANT,1
E:\OOD\main\missile-command-master\missile-command-master\src\physics\Collision.java,physics.Collision,resolveCollision/0,overlap,1
E:\OOD\main\missile-command-master\missile-command-master\src\physics\Collision.java,physics.Collision,resolveCollision/0,c,1
E:\OOD\main\missile-command-master\missile-command-master\src\physics\Collision.java,physics.Collision,resolveCollision/0,contactNormal,2
E:\OOD\main\missile-command-master\missile-command-master\src\physics\Collision.java,physics.Collision,"Collision/3[objects.particles.Particle,objects.particles.Particle,boolean]",p1,3
E:\OOD\main\missile-command-master\missile-command-master\src\physics\Collision.java,physics.Collision,"Collision/3[objects.particles.Particle,objects.particles.Particle,boolean]",p2,3
E:\OOD\main\missile-command-master\missile-command-master\src\physics\Collision.java,physics.Collision,"Collision/3[objects.particles.Particle,objects.particles.Particle,boolean]",overlap,3
E:\OOD\main\missile-command-master\missile-command-master\src\physics\Collision.java,physics.Collision,"Collision/3[objects.particles.Particle,objects.particles.Particle,boolean]",c,1
E:\OOD\main\missile-command-master\missile-command-master\src\physics\Collision.java,physics.Collision,"Collision/3[objects.particles.Particle,objects.particles.Particle,boolean]",contactNormal,1
E:\OOD\main\missile-command-master\missile-command-master\src\game\DrawEngine.java,game.DrawEngine,"drawEllipse/5[int,float,float,float,float]",parent,3
E:\OOD\main\missile-command-master\missile-command-master\src\game\DrawEngine.java,game.DrawEngine,"drawText/5[int,java.lang.String,int,int,int]",parent,5
E:\OOD\main\missile-command-master\missile-command-master\src\game\DrawEngine.java,game.DrawEngine,"drawRectangle/5[int,float,float,float,float]",parent,3
E:\OOD\main\missile-command-master\missile-command-master\src\game\DrawEngine.java,game.DrawEngine,displayGame/1[game.states.GameContext],parent,1
E:\OOD\main\missile-command-master\missile-command-master\src\game\DrawEngine.java,game.DrawEngine,DrawEngine/1[game.PApplet],parent,3
E:\OOD\main\missile-command-master\missile-command-master\src\game\DrawEngine.java,game.DrawEngine,drawGround/0,parent,7
E:\OOD\main\missile-command-master\missile-command-master\src\physics\PhysicsEngine.java,physics.PhysicsEngine,step/1[physics.PhysicsStep[]],forceRegistry,1
E:\OOD\main\missile-command-master\missile-command-master\src\physics\PhysicsEngine.java,physics.PhysicsEngine,PhysicsEngine/0,dragk1,1
E:\OOD\main\missile-command-master\missile-command-master\src\physics\PhysicsEngine.java,physics.PhysicsEngine,PhysicsEngine/0,dragk2,1
E:\OOD\main\missile-command-master\missile-command-master\src\physics\PhysicsEngine.java,physics.PhysicsEngine,PhysicsEngine/0,collisions,1
E:\OOD\main\missile-command-master\missile-command-master\src\physics\PhysicsEngine.java,physics.PhysicsEngine,PhysicsEngine/0,gravity,1
E:\OOD\main\missile-command-master\missile-command-master\src\physics\PhysicsEngine.java,physics.PhysicsEngine,PhysicsEngine/0,forceRegistry,1
E:\OOD\main\missile-command-master\missile-command-master\src\physics\PhysicsEngine.java,physics.PhysicsEngine,PhysicsEngine/0,drag,1
E:\OOD\main\missile-command-master\missile-command-master\src\physics\PhysicsEngine.java,physics.PhysicsEngine,registerNewParticle/1[objects.particles.Particle],gravity,1
E:\OOD\main\missile-command-master\missile-command-master\src\physics\PhysicsEngine.java,physics.PhysicsEngine,registerNewParticle/1[objects.particles.Particle],forceRegistry,2
E:\OOD\main\missile-command-master\missile-command-master\src\physics\PhysicsEngine.java,physics.PhysicsEngine,registerNewParticle/1[objects.particles.Particle],drag,1
E:\OOD\main\missile-command-master\missile-command-master\src\physics\PhysicsEngine.java,physics.PhysicsEngine,resolveCollisions/0,collisions,2
E:\OOD\main\missile-command-master\missile-command-master\src\objects\particles\BlackHole.java,objects.particles.BlackHole,display/1[game.DrawEngine],lifespan,1
E:\OOD\main\missile-command-master\missile-command-master\src\objects\particles\BlackHole.java,objects.particles.BlackHole,BlackHole/1[objects.particles.PVector],BLACKHOLE_MASS,1
E:\OOD\main\missile-command-master\missile-command-master\src\objects\particles\BlackHole.java,objects.particles.BlackHole,BlackHole/1[objects.particles.PVector],BLACKHOLE_LIFESPAN,1
E:\OOD\main\missile-command-master\missile-command-master\src\objects\particles\BlackHole.java,objects.particles.BlackHole,BlackHole/1[objects.particles.PVector],attractionForce,1
E:\OOD\main\missile-command-master\missile-command-master\src\objects\particles\BlackHole.java,objects.particles.BlackHole,BlackHole/1[objects.particles.PVector],BLACKHOLE_RADIUS,1
E:\OOD\main\missile-command-master\missile-command-master\src\objects\particles\BlackHole.java,objects.particles.BlackHole,BlackHole/1[objects.particles.PVector],lifespan,1
E:\OOD\main\missile-command-master\missile-command-master\src\physics\forces\ForceRegistry.java,physics.forces.ForceRegistry,ForceRegistry/0,registrations,1
E:\OOD\main\missile-command-master\missile-command-master\src\physics\forces\ForceRegistry.java,physics.forces.ForceRegistry,"register/2[objects.particles.Particle,physics.forces.ForceGenerator]",registrations,1
E:\OOD\main\missile-command-master\missile-command-master\src\physics\forces\ForceRegistry.java,physics.forces.ForceRegistry,updateForces/0,registrations,1
E:\OOD\main\missile-command-master\missile-command-master\src\physics\forces\ForceRegistry.java,physics.forces.ForceRegistry,clear/0,registrations,1
E:\OOD\main\missile-command-master\missile-command-master\src\objects\particles\Explosion.java,objects.particles.Explosion,"Explosion/3[objects.particles.PVector,float,boolean]",EXPLOSION_LIFESPAN,1
E:\OOD\main\missile-command-master\missile-command-master\src\objects\particles\Explosion.java,objects.particles.Explosion,"Explosion/3[objects.particles.PVector,float,boolean]",friendly,2
E:\OOD\main\missile-command-master\missile-command-master\src\objects\particles\Explosion.java,objects.particles.Explosion,display/1[game.DrawEngine],lifespan,2
E:\OOD\main\missile-command-master\missile-command-master\src\objects\particles\Explosion.java,objects.particles.Explosion,display/1[game.DrawEngine],friendly,1
E:\OOD\main\missile-command-master\missile-command-master\src\objects\particles\Explosion.java,objects.particles.Explosion,display/1[game.DrawEngine],initialRadius,1
E:\OOD\main\missile-command-master\missile-command-master\src\objects\particles\Explosion.java,objects.particles.Explosion,"Explosion/4[objects.particles.PVector,float,int,boolean]",lifespan,2
E:\OOD\main\missile-command-master\missile-command-master\src\objects\particles\Explosion.java,objects.particles.Explosion,"Explosion/4[objects.particles.PVector,float,int,boolean]",friendly,2
E:\OOD\main\missile-command-master\missile-command-master\src\objects\particles\Explosion.java,objects.particles.Explosion,"Explosion/5[float,float,float,int,boolean]",lifespan,3
E:\OOD\main\missile-command-master\missile-command-master\src\objects\particles\Explosion.java,objects.particles.Explosion,"Explosion/5[float,float,float,int,boolean]",friendly,3
E:\OOD\main\missile-command-master\missile-command-master\src\objects\particles\Explosion.java,objects.particles.Explosion,"Explosion/5[float,float,float,int,boolean]",initialRadius,1
E:\OOD\main\missile-command-master\missile-command-master\src\game\Level.java,game.Level,next/0,LEVEL_INCREASE_METEOR,1
E:\OOD\main\missile-command-master\missile-command-master\src\game\Level.java,game.Level,next/0,numMeteors,1
E:\OOD\main\missile-command-master\missile-command-master\src\game\Level.java,game.Level,next/0,meteorMassBase,1
E:\OOD\main\missile-command-master\missile-command-master\src\game\Level.java,game.Level,next/0,MASS_INCREASE_PER_LEVEL,1
E:\OOD\main\missile-command-master\missile-command-master\src\game\Level.java,game.Level,next/0,bomberSpawnCount,2
E:\OOD\main\missile-command-master\missile-command-master\src\game\Level.java,game.Level,next/0,LEVEL_INCREASE_BOMBER,1
E:\OOD\main\missile-command-master\missile-command-master\src\game\Level.java,game.Level,next/0,numBombers,1
E:\OOD\main\missile-command-master\missile-command-master\src\game\Level.java,game.Level,next/0,levelNumber,5
E:\OOD\main\missile-command-master\missile-command-master\src\game\Level.java,game.Level,next/0,METEOR_INCREASE_PER_LEVEL,1
E:\OOD\main\missile-command-master\missile-command-master\src\game\Level.java,game.Level,next/0,finished,1
E:\OOD\main\missile-command-master\missile-command-master\src\game\Level.java,game.Level,next/0,meteorSpawnCount,3
E:\OOD\main\missile-command-master\missile-command-master\src\game\Level.java,game.Level,next/0,LEVEL_INCREASE_MASS,1
E:\OOD\main\missile-command-master\missile-command-master\src\game\Level.java,game.Level,spawnMeteor/0,numMeteors,2
E:\OOD\main\missile-command-master\missile-command-master\src\game\Level.java,game.Level,spawnMeteor/0,finished,1
E:\OOD\main\missile-command-master\missile-command-master\src\game\Level.java,game.Level,Level/0,numMeteors,1
E:\OOD\main\missile-command-master\missile-command-master\src\game\Level.java,game.Level,Level/0,meteorMassBase,1
E:\OOD\main\missile-command-master\missile-command-master\src\game\Level.java,game.Level,Level/0,bomberSpawnCount,2
E:\OOD\main\missile-command-master\missile-command-master\src\game\Level.java,game.Level,Level/0,STARTING_METEORS,1
E:\OOD\main\missile-command-master\missile-command-master\src\game\Level.java,game.Level,Level/0,numBombers,1
E:\OOD\main\missile-command-master\missile-command-master\src\game\Level.java,game.Level,Level/0,levelNumber,1
E:\OOD\main\missile-command-master\missile-command-master\src\game\Level.java,game.Level,Level/0,finished,1
E:\OOD\main\missile-command-master\missile-command-master\src\game\Level.java,game.Level,Level/0,meteorSpawnCount,2
E:\OOD\main\missile-command-master\missile-command-master\src\game\Level.java,game.Level,Level/1[int],levelNumber,3
E:\OOD\main\missile-command-master\missile-command-master\src\game\Level.java,game.Level,spawnBomber/0,numBombers,2
E:\OOD\main\missile-command-master\missile-command-master\src\objects\particles\Bomber.java,objects.particles.Bomber,"spawnBomb/3[java.util.ArrayList<objects.particles.Meteor>,physics.PhysicsEngine,java.util.Random]",BOMB_RADIUS,1
E:\OOD\main\missile-command-master\missile-command-master\src\objects\particles\Bomber.java,objects.particles.Bomber,"spawnBomb/3[java.util.ArrayList<objects.particles.Meteor>,physics.PhysicsEngine,java.util.Random]",BOMB_SPEED_BASE,1
E:\OOD\main\missile-command-master\missile-command-master\src\objects\particles\Bomber.java,objects.particles.Bomber,"spawnBomb/3[java.util.ArrayList<objects.particles.Meteor>,physics.PhysicsEngine,java.util.Random]",BOMB_MASS,1
E:\OOD\main\missile-command-master\missile-command-master\src\objects\particles\Bomber.java,objects.particles.Bomber,"spawnBomb/3[java.util.ArrayList<objects.particles.Meteor>,physics.PhysicsEngine,java.util.Random]",BOMB_SPEED_MULTIPLIER,1
E:\OOD\main\missile-command-master\missile-command-master\src\game\states\GameInput.java,game.states.GameInput,"GameInput/4[float,float,int,int]",mouseX,3
E:\OOD\main\missile-command-master\missile-command-master\src\game\states\GameInput.java,game.states.GameInput,"GameInput/4[float,float,int,int]",keyPressed,3
E:\OOD\main\missile-command-master\missile-command-master\src\game\states\GameInput.java,game.states.GameInput,"GameInput/4[float,float,int,int]",mouseButton,3
E:\OOD\main\missile-command-master\missile-command-master\src\game\states\GameInput.java,game.states.GameInput,"GameInput/4[float,float,int,int]",mouseY,3
E:\OOD\main\missile-command-master\missile-command-master\src\game\states\impl\PlayingState.java,game.states.impl.PlayingState,spawnMeteor/0,random,5
E:\OOD\main\missile-command-master\missile-command-master\src\game\states\impl\PlayingState.java,game.states.impl.PlayingState,"PlayingState/2[game.states.GameContext,game.DrawEngine]",random,1
E:\OOD\main\missile-command-master\missile-command-master\src\game\states\impl\PlayingState.java,game.states.impl.PlayingState,spawnBomber/0,random,3
E:\OOD\main\missile-command-master\missile-command-master\src\game\MissileCommand.java,game.MissileCommand,draw/0,gameController,1
E:\OOD\main\missile-command-master\missile-command-master\src\game\MissileCommand.java,game.MissileCommand,draw/0,drawEngine,1
E:\OOD\main\missile-command-master\missile-command-master\src\game\MissileCommand.java,game.MissileCommand,setup/0,gameController,1
E:\OOD\main\missile-command-master\missile-command-master\src\game\MissileCommand.java,game.MissileCommand,setup/0,drawEngine,2
E:\OOD\main\missile-command-master\missile-command-master\src\game\MissileCommand.java,game.MissileCommand,mousePressed/0,gameController,1
E:\OOD\main\missile-command-master\missile-command-master\src\game\MissileCommand.java,game.MissileCommand,keyPressed/0,gameController,1
E:\OOD\main\missile-command-master\missile-command-master\src\physics\forces\impl\Explosive.java,physics.forces.impl.Explosive,"Explosive/3[physics.forces.impl.PVector,float,int]",position,2
E:\OOD\main\missile-command-master\missile-command-master\src\physics\forces\impl\Explosive.java,physics.forces.impl.Explosive,"Explosive/3[physics.forces.impl.PVector,float,int]",radius,2
E:\OOD\main\missile-command-master\missile-command-master\src\physics\forces\impl\Explosive.java,physics.forces.impl.Explosive,updateForce/1[objects.particles.Particle],EXPLOSIVE_FORCE,1
E:\OOD\main\missile-command-master\missile-command-master\src\physics\forces\impl\Explosive.java,physics.forces.impl.Explosive,updateForce/1[objects.particles.Particle],position,2
E:\OOD\main\missile-command-master\missile-command-master\src\physics\forces\impl\Explosive.java,physics.forces.impl.Explosive,updateForce/1[objects.particles.Particle],radius,1
E:\OOD\main\missile-command-master\missile-command-master\src\physics\forces\impl\Explosive.java,physics.forces.impl.Explosive,"Explosive/2[physics.forces.impl.PVector,float]",position,3
E:\OOD\main\missile-command-master\missile-command-master\src\physics\forces\impl\Explosive.java,physics.forces.impl.Explosive,"Explosive/2[physics.forces.impl.PVector,float]",radius,3
E:\OOD\main\missile-command-master\missile-command-master\src\game\GameController.java,game.GameController,"handleInput/4[int,int,int,int]",state,2
E:\OOD\main\missile-command-master\missile-command-master\src\game\GameController.java,game.GameController,step/0,state,3
E:\OOD\main\missile-command-master\missile-command-master\src\game\GameController.java,game.GameController,"GameController/2[game.PApplet,game.DrawEngine]",parent,3
E:\OOD\main\missile-command-master\missile-command-master\src\game\GameController.java,game.GameController,"GameController/2[game.PApplet,game.DrawEngine]",drawEngine,4
E:\OOD\main\missile-command-master\missile-command-master\src\game\GameController.java,game.GameController,"GameController/2[game.PApplet,game.DrawEngine]",context,2
E:\OOD\main\missile-command-master\missile-command-master\src\game\GameController.java,game.GameController,"GameController/2[game.PApplet,game.DrawEngine]",state,1
E:\OOD\main\missile-command-master\missile-command-master\src\game\states\GameState.java,game.states.GameState,splitMeteors/0,parent,2
E:\OOD\main\missile-command-master\missile-command-master\src\game\states\GameState.java,game.states.GameState,newGame/0,drawEngine,1
E:\OOD\main\missile-command-master\missile-command-master\src\game\states\GameState.java,game.states.GameState,runningStep/0,context,5
E:\OOD\main\missile-command-master\missile-command-master\src\game\states\GameState.java,game.states.GameState,displayGame/0,drawEngine,2
E:\OOD\main\missile-command-master\missile-command-master\src\game\states\GameState.java,game.states.GameState,displayGame/0,context,1
E:\OOD\main\missile-command-master\missile-command-master\src\game\states\GameState.java,game.states.GameState,checkGameOver/0,context,1
E:\OOD\main\missile-command-master\missile-command-master\src\game\states\GameState.java,game.states.GameState,checkGameOver/0,drawEngine,1
E:\OOD\main\missile-command-master\missile-command-master\src\game\states\GameState.java,game.states.GameState,"GameState/2[game.states.GameContext,game.DrawEngine]",parent,1
E:\OOD\main\missile-command-master\missile-command-master\src\game\states\GameState.java,game.states.GameState,"GameState/2[game.states.GameContext,game.DrawEngine]",context,3
E:\OOD\main\missile-command-master\missile-command-master\src\game\states\GameState.java,game.states.GameState,"GameState/2[game.states.GameContext,game.DrawEngine]",drawEngine,3
E:\OOD\main\missile-command-master\missile-command-master\src\physics\PhysicsStep.java,physics.PhysicsStep,apply/0,step,1
E:\OOD\main\missile-command-master\missile-command-master\src\physics\PhysicsStep.java,physics.PhysicsStep,apply/0,particles,1
E:\OOD\main\missile-command-master\missile-command-master\src\physics\PhysicsStep.java,physics.PhysicsStep,"PhysicsStep/2[java.util.ArrayList<? extends objects.particles.Particle>,java.util.function.Function<? extends objects.particles.Particle,java.lang.Void>]",step,1
E:\OOD\main\missile-command-master\missile-command-master\src\physics\PhysicsStep.java,physics.PhysicsStep,"PhysicsStep/2[java.util.ArrayList<? extends objects.particles.Particle>,java.util.function.Function<? extends objects.particles.Particle,java.lang.Void>]",particles,3
