file,class,method,constructor,line,cbo,cboModified,fanin,fanout,wmc,rfc,loc,returnsQty,variablesQty,parametersQty,methodsInvokedQty,methodsInvokedLocalQty,methodsInvokedIndirectLocalQty,loopQty,comparisonsQty,tryCatchQty,parenthesizedExpsQty,stringLiteralsQty,numbersQty,assignmentsQty,mathOperationsQty,maxNestedBlocksQty,anonymousClassesQty,innerClassesQty,lambdasQty,uniqueWordsQty,modifiers,logStatementsQty,hasJavaDoc
E:\OOD\main\missile-command-master\missile-command-master\src\objects\buildings\Building.java,objects.buildings.Building,destroy/0,false,11,0,0,0,0,1,0,1,0,0,0,0,0,0,0,0,0,0,0,0,0,0,0,0,0,0,1,1025,0,false
E:\OOD\main\missile-command-master\missile-command-master\src\objects\particles\Missile.java,objects.particles.Missile$Anonymous1,apply/1[objects.particles.Missile],false,71,3,3,0,3,3,3,8,1,1,1,3,0,0,1,1,0,0,0,0,1,0,2,0,0,0,9,1,0,false
E:\OOD\main\missile-command-master\missile-command-master\src\objects\buildings\Cannon.java,objects.buildings.Cannon,display/1[game.DrawEngine],false,14,1,1,0,1,1,1,3,0,0,1,1,0,0,0,0,0,0,0,3,0,0,0,0,0,0,4,1,0,false
E:\OOD\main\missile-command-master\missile-command-master\src\objects\buildings\Cannon.java,objects.buildings.Cannon,"Cannon/2[int,int]",true,9,1,1,1,0,1,0,3,0,0,2,0,0,0,0,0,0,0,0,0,1,0,0,0,0,0,6,1,0,false
E:\OOD\main\missile-command-master\missile-command-master\src\objects\buildings\Cannon.java,objects.buildings.Cannon,destroy/0,false,19,0,0,0,0,1,0,2,0,0,0,0,0,0,0,0,0,0,0,0,0,0,0,0,0,0,1,1,0,false
E:\OOD\main\missile-command-master\missile-command-master\src\game\states\impl\ShopState.java,game.states.impl.ShopState,display/0,false,30,2,3,0,3,1,3,5,0,0,0,3,1,1,0,0,0,0,0,0,0,0,0,0,0,0,5,1,0,false
E:\OOD\main\missile-command-master\missile-command-master\src\game\states\impl\ShopState.java,game.states.impl.ShopState,drawShopScreen/0,false,105,5,8,1,7,2,8,28,0,7,0,8,0,0,0,0,0,0,10,54,7,26,1,0,0,0,40,2,0,false
E:\OOD\main\missile-command-master\missile-command-master\src\game\states\impl\ShopState.java,game.states.impl.ShopState,"ShopState/3[game.states.GameContext,game.DrawEngine,game.states.impl.EndOfWaveState]",true,24,3,1,1,0,1,0,4,0,0,3,0,0,0,0,0,0,0,0,0,1,0,0,0,0,0,5,1,0,false
E:\OOD\main\missile-command-master\missile-command-master\src\game\states\impl\ShopState.java,game.states.impl.ShopState,update/0,false,37,2,0,0,0,1,0,3,1,0,0,0,0,0,0,0,0,0,0,0,0,0,0,0,0,0,3,1,0,false
E:\OOD\main\missile-command-master\missile-command-master\src\game\states\impl\ShopState.java,game.states.impl.ShopState,handleInput/1[game.states.GameInput],false,42,6,2,0,2,17,1,43,3,1,1,1,1,1,0,1,0,0,0,3,11,0,2,0,0,0,12,1,0,false
E:\OOD\main\missile-command-master\missile-command-master\src\game\states\impl\ShopState.java,game.states.impl.ShopState,updateScore/1[int],false,152,0,0,0,0,1,0,2,0,0,1,0,0,0,0,0,0,0,0,0,0,0,0,0,0,0,3,1,0,false
E:\OOD\main\missile-command-master\missile-command-master\src\game\states\impl\ShopState.java,game.states.impl.ShopState,rebuildCity/0,false,93,1,2,1,1,1,8,7,0,4,0,8,0,0,0,0,0,0,0,0,3,0,0,0,0,1,8,2,0,false
E:\OOD\main\missile-command-master\missile-command-master\src\objects\particles\ForceField.java,objects.particles.ForceField,"ForceField/2[float,float]",true,16,1,2,1,1,1,0,5,0,0,2,0,0,0,0,0,0,0,0,2,2,0,0,0,0,0,19,1,0,false
E:\OOD\main\missile-command-master\missile-command-master\src\objects\particles\ForceField.java,objects.particles.ForceField,display/1[game.DrawEngine],false,24,1,1,0,1,1,2,7,0,1,1,2,0,0,0,0,0,0,0,7,2,2,0,0,0,0,8,1,0,false
E:\OOD\main\missile-command-master\missile-command-master\src\objects\particles\ForceField.java,objects.particles.ForceField,destroy/0,false,35,1,0,0,0,1,0,3,1,0,0,0,0,0,0,0,0,0,0,0,0,0,0,0,0,0,3,1,0,false
E:\OOD\main\missile-command-master\missile-command-master\src\objects\particles\Missile.java,objects.particles.Missile,"Missile/5[float,float,float,float,int]",true,25,1,1,1,0,1,2,7,0,0,5,2,0,0,0,0,0,2,0,2,4,2,0,0,0,0,20,1,0,false
E:\OOD\main\missile-command-master\missile-command-master\src\objects\particles\Missile.java,objects.particles.Missile,integrate/0,false,44,0,2,2,0,1,1,3,0,0,0,1,0,0,0,0,0,0,0,0,0,0,0,0,0,0,2,1,0,false
E:\OOD\main\missile-command-master\missile-command-master\src\objects\particles\Missile.java,objects.particles.Missile,destroy/0,false,60,1,2,1,1,1,0,4,1,0,0,0,0,0,0,0,0,0,0,1,1,1,0,0,0,0,4,1,0,false
E:\OOD\main\missile-command-master\missile-command-master\src\objects\particles\Missile.java,objects.particles.Missile,getStep/1[game.states.GameContext],false,67,3,3,1,2,1,0,13,1,0,1,0,0,0,0,0,0,0,0,0,0,0,0,1,0,0,15,9,0,false
E:\OOD\main\missile-command-master\missile-command-master\src\objects\particles\Missile.java,objects.particles.Missile,display/1[game.DrawEngine],false,49,1,2,1,1,3,3,10,0,1,1,3,0,0,0,0,0,0,0,1,3,1,1,0,0,0,20,1,0,false
E:\OOD\main\missile-command-master\missile-command-master\src\objects\particles\Missile.java,objects.particles.Missile,"Missile/6[objects.particles.PApplet,float,float,float,float,boolean]",true,35,1,1,1,0,2,1,6,0,0,6,1,0,0,0,0,0,0,0,7,3,0,1,0,0,0,4,1,0,false
E:\OOD\main\missile-command-master\missile-command-master\src\objects\particles\Particle.java,objects.particles.Particle,destroy/0,false,30,1,1,1,0,1,0,1,0,0,0,0,0,0,0,0,0,0,0,0,0,0,0,0,0,0,18,1025,0,true
E:\OOD\main\missile-command-master\missile-command-master\src\objects\particles\Particle.java,objects.particles.Particle,addForce/1[objects.particles.PVector],false,63,1,5,5,0,1,1,3,0,0,1,1,0,0,0,0,0,0,0,0,0,0,0,0,0,0,5,1,0,false
E:\OOD\main\missile-command-master\missile-command-master\src\objects\particles\Particle.java,objects.particles.Particle,getInvMass/0,false,67,0,1,1,0,1,0,3,1,0,0,0,0,0,0,0,0,1,0,1,0,1,0,0,0,0,5,1,0,false
E:\OOD\main\missile-command-master\missile-command-master\src\objects\particles\Particle.java,objects.particles.Particle,"Particle/6[float,float,float,float,float,float]",true,20,1,0,0,0,1,0,8,0,0,6,0,0,0,0,0,0,0,0,2,6,0,0,0,0,0,8,1,0,false
E:\OOD\main\missile-command-master\missile-command-master\src\objects\particles\Particle.java,objects.particles.Particle,integrate/0,false,40,2,3,2,1,1,5,7,0,1,0,5,1,1,0,0,0,0,0,2,1,0,0,0,0,0,17,1,0,true
E:\OOD\main\missile-command-master\missile-command-master\src\objects\particles\Particle.java,objects.particles.Particle,checkCollision/1[objects.particles.Particle],false,52,2,5,4,1,2,1,8,2,2,1,1,0,0,0,0,0,1,0,0,2,1,1,0,0,0,9,1,0,false
E:\OOD\main\missile-command-master\missile-command-master\src\game\IDrawable.java,game.IDrawable,display/1[game.DrawEngine],false,10,1,1,1,0,1,0,1,0,0,1,0,0,0,0,0,0,0,0,0,0,0,0,0,0,0,4,1,0,false
E:\OOD\main\missile-command-master\missile-command-master\src\objects\particles\BlackHoleMissile.java,objects.particles.BlackHoleMissile$Anonymous1,apply/1[objects.particles.BlackHoleMissile],false,20,3,2,0,2,2,2,9,1,0,1,2,0,0,0,0,0,0,0,0,0,0,1,0,0,0,7,1,0,false
E:\OOD\main\missile-command-master\missile-command-master\src\physics\forces\ForceRegistration.java,physics.forces.ForceRegistration,"ForceRegistration/2[objects.particles.Particle,physics.forces.ForceGenerator]",true,10,2,1,1,0,1,0,4,0,0,2,0,0,0,0,0,0,0,0,0,2,0,0,0,0,0,6,1,0,false
E:\OOD\main\missile-command-master\missile-command-master\src\physics\forces\impl\Gravity.java,physics.forces.impl.Gravity,Gravity/0,true,11,0,1,1,0,1,0,3,0,0,0,0,0,0,0,0,0,0,0,1,1,0,0,0,0,0,1,1,0,false
E:\OOD\main\missile-command-master\missile-command-master\src\physics\forces\impl\Gravity.java,physics.forces.impl.Gravity,updateForce/1[objects.particles.Particle],false,16,2,1,0,1,1,3,4,0,1,1,3,0,0,0,0,0,0,0,0,1,0,0,0,0,0,7,1,0,false
E:\OOD\main\missile-command-master\missile-command-master\src\game\states\impl\EndOfWaveState.java,game.states.impl.EndOfWaveState,handleInput/1[game.states.GameInput],false,45,5,2,0,2,4,1,11,3,0,1,1,1,1,0,0,0,0,0,0,0,0,1,0,0,0,8,1,0,false
E:\OOD\main\missile-command-master\missile-command-master\src\game\states\impl\EndOfWaveState.java,game.states.impl.EndOfWaveState,nextLevel/0,false,59,3,4,1,3,1,2,6,1,0,0,2,0,0,0,0,0,0,0,0,1,0,0,0,0,0,4,2,0,false
E:\OOD\main\missile-command-master\missile-command-master\src\game\states\impl\EndOfWaveState.java,game.states.impl.EndOfWaveState,updateScore/1[int],false,67,0,1,1,0,1,0,4,0,0,1,0,0,0,0,0,0,0,0,1,2,0,0,0,0,0,3,1,0,false
E:\OOD\main\missile-command-master\missile-command-master\src\game\states\impl\EndOfWaveState.java,game.states.impl.EndOfWaveState,display/0,false,25,2,2,0,2,1,2,9,0,2,0,2,0,0,0,0,0,0,5,13,2,7,0,0,0,0,16,1,0,false
E:\OOD\main\missile-command-master\missile-command-master\src\game\states\impl\EndOfWaveState.java,game.states.impl.EndOfWaveState,update/0,false,37,1,2,0,2,1,2,5,1,1,0,2,0,0,0,0,0,0,0,0,1,0,0,0,0,0,8,1,0,false
E:\OOD\main\missile-command-master\missile-command-master\src\game\states\impl\EndOfWaveState.java,game.states.impl.EndOfWaveState,"EndOfWaveState/3[game.states.GameContext,game.DrawEngine,int]",true,17,3,2,1,1,1,1,5,0,0,3,1,1,1,0,0,0,0,0,0,1,0,0,0,0,0,9,1,0,false
E:\OOD\main\missile-command-master\missile-command-master\src\physics\forces\impl\Drag.java,physics.forces.impl.Drag,"Drag/2[float,float]",true,11,0,1,1,0,1,0,5,0,0,2,0,0,0,0,0,0,0,0,1,3,0,0,0,0,0,3,1,0,false
E:\OOD\main\missile-command-master\missile-command-master\src\physics\forces\impl\Drag.java,physics.forces.impl.Drag,updateForce/1[objects.particles.Particle],false,19,2,1,0,1,1,5,7,0,4,1,5,0,0,0,0,0,2,0,0,4,3,0,0,0,0,13,1,0,false
E:\OOD\main\missile-command-master\missile-command-master\src\objects\particles\Meteor.java,objects.particles.Meteor,"Meteor/5[float,float,float,float,float]",true,15,0,2,2,0,1,0,3,0,0,5,0,0,0,0,0,0,0,0,0,0,1,0,0,0,0,2,1,0,false
E:\OOD\main\missile-command-master\missile-command-master\src\objects\particles\Meteor.java,objects.particles.Meteor,display/1[game.DrawEngine],false,29,1,1,0,1,1,1,4,0,1,1,1,0,0,0,0,0,0,0,1,1,1,0,0,0,0,6,1,0,false
E:\OOD\main\missile-command-master\missile-command-master\src\objects\particles\Meteor.java,objects.particles.Meteor,"Meteor/6[float,float,float,float,float,float]",true,19,0,0,0,0,1,0,3,0,0,6,0,0,0,0,0,0,0,0,0,0,0,0,0,0,0,2,1,0,false
E:\OOD\main\missile-command-master\missile-command-master\src\objects\particles\Meteor.java,objects.particles.Meteor,"Meteor/7[float,float,float,float,float,float,int]",true,23,0,1,1,0,1,0,4,0,0,7,0,0,0,0,0,0,0,0,0,1,0,0,0,0,0,2,1,0,false
E:\OOD\main\missile-command-master\missile-command-master\src\objects\particles\Meteor.java,objects.particles.Meteor,destroy/0,false,35,1,1,0,1,1,0,5,1,0,0,0,0,0,0,0,0,0,0,0,2,0,0,0,0,0,4,1,0,false
E:\OOD\main\missile-command-master\missile-command-master\src\objects\particles\Meteor.java,objects.particles.Meteor,getStep/1[game.states.GameContext],false,42,3,3,1,2,1,0,21,1,0,1,0,0,0,0,0,0,0,0,0,0,0,0,1,0,0,20,9,0,false
E:\OOD\main\missile-command-master\missile-command-master\src\game\states\GameInfo.java,game.states.GameInfo,"GameInfo/5[int,int,int,int,int]",true,21,0,1,1,0,1,0,7,0,0,5,0,0,0,0,0,0,0,0,0,5,0,0,0,0,0,8,1,0,false
E:\OOD\main\missile-command-master\missile-command-master\src\game\states\GameInfo.java,game.states.GameInfo,resetWaveStart/1[int],false,30,0,1,1,0,3,1,6,0,1,1,1,0,0,0,2,0,0,0,4,2,3,1,0,0,0,11,1,0,false
E:\OOD\main\missile-command-master\missile-command-master\src\game\states\GameContext.java,game.states.GameContext,"getClosestCannon/2[int,int]",false,85,1,1,1,0,4,2,12,1,3,2,2,0,0,1,1,0,0,0,0,5,3,2,0,0,0,12,1,0,false
E:\OOD\main\missile-command-master\missile-command-master\src\game\states\GameContext.java,game.states.GameContext,initFields/0,false,60,11,3,1,2,1,0,13,0,0,0,0,0,0,0,0,0,0,0,0,11,0,0,0,0,0,5,2,0,false
E:\OOD\main\missile-command-master\missile-command-master\src\game\states\GameContext.java,game.states.GameContext,"initGameObjects/2[java.util.ArrayList<objects.buildings.City>,java.util.ArrayList<objects.buildings.Cannon>]",false,76,2,3,1,2,2,2,6,0,1,2,2,0,0,1,0,0,2,0,3,1,4,1,0,0,0,7,2,0,false
E:\OOD\main\missile-command-master\missile-command-master\src\game\states\GameContext.java,game.states.GameContext,GameContext/0,true,49,2,5,2,3,1,3,8,0,0,0,3,2,1,0,0,0,0,0,3,4,0,0,0,0,0,7,1,0,false
E:\OOD\main\missile-command-master\missile-command-master\src\physics\forces\impl\Attractive.java,physics.forces.impl.Attractive,updateForce/1[objects.particles.Particle],false,20,3,2,0,2,1,2,4,0,1,1,2,1,1,0,0,0,0,0,0,1,0,0,0,0,0,9,1,0,false
E:\OOD\main\missile-command-master\missile-command-master\src\physics\forces\impl\Attractive.java,physics.forces.impl.Attractive,Attractive/1[objects.particles.Particle],true,14,1,1,1,0,1,0,4,0,0,1,0,0,0,0,0,0,0,0,0,2,0,0,0,0,0,3,1,0,false
E:\OOD\main\missile-command-master\missile-command-master\src\physics\forces\impl\Attractive.java,physics.forces.impl.Attractive,getAttractionForce/1[objects.particles.Particle],false,30,2,2,2,0,1,4,7,1,3,1,4,0,0,0,0,0,2,0,0,3,3,0,0,0,0,28,4,0,true
E:\OOD\main\missile-command-master\missile-command-master\src\objects\particles\BlackHoleMissile.java,objects.particles.BlackHoleMissile,getStep/1[game.states.GameContext],false,16,3,3,1,2,1,0,14,1,0,1,0,0,0,0,0,0,0,0,0,0,0,0,1,0,0,13,9,0,false
E:\OOD\main\missile-command-master\missile-command-master\src\objects\particles\BlackHoleMissile.java,objects.particles.BlackHoleMissile,"BlackHoleMissile/5[objects.particles.PApplet,float,float,float,float]",true,11,1,1,1,0,1,1,3,0,0,5,1,0,0,0,0,0,0,0,1,0,0,0,0,0,0,7,1,0,false
E:\OOD\main\missile-command-master\missile-command-master\src\physics\Collision.java,physics.Collision,resolveCollision/0,false,27,2,2,1,1,2,4,11,0,6,0,4,1,1,0,0,0,6,0,5,6,8,1,0,0,0,31,1,0,true
E:\OOD\main\missile-command-master\missile-command-master\src\physics\Collision.java,physics.Collision,"Collision/3[objects.particles.Particle,objects.particles.Particle,boolean]",true,14,1,1,1,0,1,2,7,0,0,3,2,0,0,0,0,0,0,0,1,5,0,0,0,0,0,5,1,0,false
E:\OOD\main\missile-command-master\missile-command-master\src\physics\Collision.java,physics.Collision,calculateClosingVelocity/0,false,48,0,1,1,0,1,3,6,1,3,0,3,0,0,0,0,0,0,0,0,3,1,0,0,0,0,7,1,0,false
E:\OOD\main\missile-command-master\missile-command-master\src\physics\forces\ForceGenerator.java,physics.forces.ForceGenerator,updateForce/1[objects.particles.Particle],false,9,1,1,1,0,1,0,1,0,0,1,0,0,0,0,0,0,0,0,0,0,0,0,0,0,0,4,1025,0,false
E:\OOD\main\missile-command-master\missile-command-master\src\game\DrawEngine.java,game.DrawEngine,"drawEllipse/5[int,float,float,float,float]",false,81,0,6,6,0,1,3,5,0,0,5,3,0,0,0,0,0,0,0,0,0,0,0,0,0,0,20,1,0,true
E:\OOD\main\missile-command-master\missile-command-master\src\game\DrawEngine.java,game.DrawEngine,displayDrawables/1[java.util.ArrayList<? extends game.IDrawable>[]],false,37,1,2,1,1,3,1,7,0,0,1,1,0,0,2,0,0,0,0,0,0,0,2,0,0,0,8,2,0,false
E:\OOD\main\missile-command-master\missile-command-master\src\game\DrawEngine.java,game.DrawEngine,"drawText/5[int,java.lang.String,int,int,int]",false,63,1,6,6,0,1,5,7,0,1,5,5,0,0,0,0,0,0,1,0,1,0,0,0,0,0,26,1,0,true
E:\OOD\main\missile-command-master\missile-command-master\src\game\DrawEngine.java,game.DrawEngine,"drawRectangle/5[int,float,float,float,float]",false,96,0,2,2,0,1,3,5,0,0,5,3,0,0,0,0,0,0,0,0,0,0,0,0,0,0,19,1,0,true
E:\OOD\main\missile-command-master\missile-command-master\src\game\DrawEngine.java,game.DrawEngine,displayGame/1[game.states.GameContext],false,22,2,4,2,2,1,3,5,0,0,1,3,2,1,0,0,0,0,0,1,0,0,0,0,0,0,19,1,0,true
E:\OOD\main\missile-command-master\missile-command-master\src\game\DrawEngine.java,game.DrawEngine,DrawEngine/1[game.PApplet],true,14,1,1,1,0,1,0,3,0,0,1,0,0,0,0,0,0,0,0,0,1,0,0,0,0,0,5,1,0,false
E:\OOD\main\missile-command-master\missile-command-master\src\game\DrawEngine.java,game.DrawEngine,"displayInfo/2[game.states.GameInfo,game.Level]",false,110,3,3,2,1,1,1,7,0,0,2,1,1,1,0,0,0,0,5,20,0,5,0,0,0,0,19,1,0,true
E:\OOD\main\missile-command-master\missile-command-master\src\game\DrawEngine.java,game.DrawEngine,drawGround/0,false,45,0,1,1,0,1,4,9,0,0,0,4,0,0,0,0,0,0,0,3,0,0,0,0,0,0,2,2,0,false
E:\OOD\main\missile-command-master\missile-command-master\src\physics\PhysicsEngine.java,physics.PhysicsEngine,step/1[physics.PhysicsStep[]],false,35,3,4,1,3,2,3,5,0,0,1,3,1,1,1,0,0,0,0,0,0,0,1,0,0,0,6,1,0,false
E:\OOD\main\missile-command-master\missile-command-master\src\physics\PhysicsEngine.java,physics.PhysicsEngine,PhysicsEngine/0,true,26,4,4,1,3,1,0,6,0,0,0,0,0,0,0,0,0,0,0,0,4,0,0,0,0,0,10,1,0,false
E:\OOD\main\missile-command-master\missile-command-master\src\physics\PhysicsEngine.java,physics.PhysicsEngine,registerNewParticle/1[objects.particles.Particle],false,48,2,4,3,1,1,1,4,0,0,1,1,0,0,0,0,0,0,0,0,0,0,0,0,0,0,4,1,0,false
E:\OOD\main\missile-command-master\missile-command-master\src\physics\PhysicsEngine.java,physics.PhysicsEngine,resolveCollisions/0,false,43,1,2,1,1,2,2,4,0,0,0,2,0,0,1,0,0,0,0,0,0,0,1,0,0,0,5,1,0,false
E:\OOD\main\missile-command-master\missile-command-master\src\objects\particles\BlackHole.java,objects.particles.BlackHole,destroy/0,false,33,1,0,0,0,1,0,3,1,0,0,0,0,0,0,0,0,0,0,0,0,0,0,0,0,0,3,1,0,false
E:\OOD\main\missile-command-master\missile-command-master\src\objects\particles\BlackHole.java,objects.particles.BlackHole,display/1[game.DrawEngine],false,25,1,2,1,1,1,1,5,0,0,1,1,0,0,0,0,0,0,0,3,0,2,0,0,0,0,5,1,0,false
E:\OOD\main\missile-command-master\missile-command-master\src\objects\particles\BlackHole.java,objects.particles.BlackHole,BlackHole/1[objects.particles.PVector],true,17,2,3,2,1,1,0,5,0,0,1,0,0,0,0,0,0,0,0,2,2,0,0,0,0,0,21,1,0,false
E:\OOD\main\missile-command-master\missile-command-master\src\physics\forces\ForceRegistry.java,physics.forces.ForceRegistry,ForceRegistry/0,true,13,1,1,1,0,1,0,3,0,0,0,0,0,0,0,0,0,0,0,0,1,0,0,0,0,0,3,1,0,false
E:\OOD\main\missile-command-master\missile-command-master\src\physics\forces\ForceRegistry.java,physics.forces.ForceRegistry,"register/2[objects.particles.Particle,physics.forces.ForceGenerator]",false,17,3,4,3,1,1,1,3,0,0,2,1,0,0,0,0,0,0,0,0,0,0,0,0,0,0,6,1,0,false
E:\OOD\main\missile-command-master\missile-command-master\src\physics\forces\ForceRegistry.java,physics.forces.ForceRegistry,updateForces/0,false,21,3,2,1,1,4,5,10,0,3,0,5,0,0,1,0,0,0,0,1,3,0,2,0,0,0,8,1,0,false
E:\OOD\main\missile-command-master\missile-command-master\src\physics\forces\ForceRegistry.java,physics.forces.ForceRegistry,clear/0,false,34,0,0,0,0,1,1,3,0,0,0,1,0,0,0,0,0,0,0,0,0,0,0,0,0,0,1,1,0,false
E:\OOD\main\missile-command-master\missile-command-master\src\objects\Crosshair.java,objects.Crosshair,display/1[game.DrawEngine],false,12,2,1,1,0,1,1,4,0,1,1,1,0,0,0,0,0,0,0,0,1,0,0,0,0,0,7,1,0,false
E:\OOD\main\missile-command-master\missile-command-master\src\objects\particles\Explosion.java,objects.particles.Explosion,"Explosion/3[objects.particles.PVector,float,boolean]",true,29,1,1,1,0,1,0,3,0,0,3,0,0,0,0,0,0,0,0,0,0,0,0,0,0,0,4,1,0,false
E:\OOD\main\missile-command-master\missile-command-master\src\objects\particles\Explosion.java,objects.particles.Explosion,display/1[game.DrawEngine],false,38,1,1,0,1,3,2,10,0,1,1,2,0,0,0,0,0,0,0,12,3,3,2,0,0,0,11,1,0,false
E:\OOD\main\missile-command-master\missile-command-master\src\objects\particles\Explosion.java,objects.particles.Explosion,getForce/0,false,80,1,2,1,1,1,0,3,1,0,0,0,0,0,0,0,0,0,0,0,0,0,0,0,0,0,3,1,0,false
E:\OOD\main\missile-command-master\missile-command-master\src\objects\particles\Explosion.java,objects.particles.Explosion,destroy/0,false,52,1,0,0,0,1,0,3,1,0,0,0,0,0,0,0,0,0,0,0,0,0,0,0,0,0,3,1,0,false
E:\OOD\main\missile-command-master\missile-command-master\src\objects\particles\Explosion.java,objects.particles.Explosion,"Explosion/4[objects.particles.PVector,float,int,boolean]",true,33,1,1,1,0,1,0,3,0,0,4,0,0,0,0,0,0,0,0,0,0,0,0,0,0,0,4,1,0,false
E:\OOD\main\missile-command-master\missile-command-master\src\objects\particles\Explosion.java,objects.particles.Explosion,getStep/1[game.states.GameContext],false,59,3,3,1,2,1,0,17,1,0,1,0,0,0,0,0,0,0,0,0,0,0,0,1,0,0,20,9,0,false
E:\OOD\main\missile-command-master\missile-command-master\src\objects\particles\Explosion.java,objects.particles.Explosion,"Explosion/5[float,float,float,int,boolean]",true,22,0,0,0,0,1,0,6,0,0,5,0,0,0,0,0,0,0,0,3,3,0,0,0,0,0,5,1,0,false
E:\OOD\main\missile-command-master\missile-command-master\src\objects\particles\Meteor.java,objects.particles.Meteor$Anonymous1,apply/1[objects.particles.Meteor],false,46,4,3,0,3,5,4,16,1,1,1,4,0,0,3,1,0,0,0,0,1,0,2,0,0,0,14,1,0,false
E:\OOD\main\missile-command-master\missile-command-master\src\game\Level.java,game.Level,next/0,false,55,0,1,1,0,4,1,11,0,1,0,1,0,0,0,2,0,0,0,3,8,2,1,0,0,0,31,1,0,false
E:\OOD\main\missile-command-master\missile-command-master\src\game\Level.java,game.Level,spawnMeteor/0,false,71,0,1,1,0,2,0,4,0,0,0,0,0,0,0,0,0,0,0,1,1,0,1,0,0,0,6,1,0,false
E:\OOD\main\missile-command-master\missile-command-master\src\game\Level.java,game.Level,Level/0,true,36,0,1,1,0,1,0,9,0,0,0,0,0,0,0,0,0,0,0,3,7,0,0,0,0,0,17,1,0,false
E:\OOD\main\missile-command-master\missile-command-master\src\game\Level.java,game.Level,Level/1[int],true,50,0,0,0,0,1,0,3,0,0,1,0,0,0,0,0,0,0,0,0,1,0,0,0,0,0,3,1,0,false
E:\OOD\main\missile-command-master\missile-command-master\src\game\Level.java,game.Level,spawnBomber/0,false,76,0,1,1,0,2,0,3,0,0,0,0,0,0,0,0,0,0,0,1,0,0,1,0,0,0,4,1,0,false
E:\OOD\main\missile-command-master\missile-command-master\src\objects\particles\Bomber.java,objects.particles.Bomber,destroy/0,false,33,1,0,0,0,1,0,3,1,0,0,0,0,0,0,0,0,0,0,0,0,0,0,0,0,0,3,1,0,false
E:\OOD\main\missile-command-master\missile-command-master\src\objects\particles\Bomber.java,objects.particles.Bomber,"Bomber/6[float,float,float,float,float,float]",true,22,0,1,1,0,1,0,3,0,0,6,0,0,0,0,0,0,0,0,1,0,0,0,0,0,0,2,1,0,false
E:\OOD\main\missile-command-master\missile-command-master\src\objects\particles\Bomber.java,objects.particles.Bomber,display/1[game.DrawEngine],false,27,1,1,0,1,1,2,4,0,1,1,2,0,0,0,0,0,0,0,5,1,0,0,0,0,0,5,1,0,false
E:\OOD\main\missile-command-master\missile-command-master\src\objects\particles\Bomber.java,objects.particles.Bomber,"spawnBomb/3[java.util.ArrayList<objects.particles.Meteor>,physics.PhysicsEngine,java.util.Random]",false,38,2,3,1,2,1,3,7,0,3,3,3,0,0,0,0,0,0,0,2,3,3,0,0,0,0,23,2,0,false
E:\OOD\main\missile-command-master\missile-command-master\src\objects\particles\Bomber.java,objects.particles.Bomber,"getStep/2[java.lang.Class<? extends game.states.GameState>,game.states.GameContext]",false,47,3,3,1,2,1,0,14,1,0,2,0,0,0,0,0,0,0,0,0,0,0,0,1,0,0,22,9,0,false
E:\OOD\main\missile-command-master\missile-command-master\src\game\states\GameInput.java,game.states.GameInput,"GameInput/4[float,float,int,int]",true,13,0,1,1,0,1,0,6,0,0,4,0,0,0,0,0,0,0,0,0,4,0,0,0,0,0,8,1,0,false
E:\OOD\main\missile-command-master\missile-command-master\src\game\states\impl\GameWinState.java,game.states.impl.GameWinState,display/0,false,17,1,1,0,1,1,2,8,0,2,0,2,0,0,0,0,0,0,3,11,2,5,0,0,0,0,5,1,0,false
E:\OOD\main\missile-command-master\missile-command-master\src\game\states\impl\GameWinState.java,game.states.impl.GameWinState,update/0,false,28,2,0,0,0,1,0,3,1,0,0,0,0,0,0,0,0,0,0,0,0,0,0,0,0,0,3,1,0,false
E:\OOD\main\missile-command-master\missile-command-master\src\game\states\impl\GameWinState.java,game.states.impl.GameWinState,handleInput/1[game.states.GameInput],false,34,4,1,0,1,3,1,6,2,0,1,1,0,0,0,2,0,0,0,0,0,0,1,0,0,0,6,1,0,false
E:\OOD\main\missile-command-master\missile-command-master\src\game\states\impl\GameWinState.java,game.states.impl.GameWinState,updateScore/1[int],false,43,0,0,0,0,1,0,2,0,0,1,0,0,0,0,0,0,0,0,0,0,0,0,0,0,0,3,1,0,false
E:\OOD\main\missile-command-master\missile-command-master\src\game\states\impl\GameWinState.java,game.states.impl.GameWinState,"GameWinState/2[game.states.GameContext,game.DrawEngine]",true,12,2,1,1,0,1,0,3,0,0,2,0,0,0,0,0,0,0,0,0,0,0,0,0,0,0,6,1,0,false
E:\OOD\main\missile-command-master\missile-command-master\src\game\states\impl\PlayingState.java,game.states.impl.PlayingState,display/0,false,30,1,1,0,1,1,1,3,0,0,0,1,0,0,0,0,0,0,0,0,0,0,0,0,0,0,2,1,0,false
E:\OOD\main\missile-command-master\missile-command-master\src\game\states\impl\PlayingState.java,game.states.impl.PlayingState,spawnMeteor/0,false,80,3,4,1,3,2,5,13,0,6,0,5,0,0,0,1,0,0,0,10,6,2,1,0,0,0,8,2,0,false
E:\OOD\main\missile-command-master\missile-command-master\src\game\states\impl\PlayingState.java,game.states.impl.PlayingState,"PlayingState/2[game.states.GameContext,game.DrawEngine]",true,23,2,2,2,0,1,0,4,0,0,2,0,0,0,0,0,0,0,0,0,1,0,0,0,0,0,7,1,0,false
E:\OOD\main\missile-command-master\missile-command-master\src\game\states\impl\PlayingState.java,game.states.impl.PlayingState,update/0,false,35,3,5,0,5,4,4,14,2,3,0,4,2,1,0,0,0,0,0,1,3,3,1,0,0,0,18,1,0,false
E:\OOD\main\missile-command-master\missile-command-master\src\game\states\impl\PlayingState.java,game.states.impl.PlayingState,updateScore/1[int],false,105,0,0,0,0,1,0,3,0,0,1,0,0,0,0,0,0,0,0,0,1,0,0,0,0,0,3,1,0,false
E:\OOD\main\missile-command-master\missile-command-master\src\game\states\impl\PlayingState.java,game.states.impl.PlayingState,spawnBomber/0,false,95,2,3,1,2,3,4,7,0,1,0,4,0,0,0,1,0,0,0,10,1,0,1,0,0,0,3,2,0,false
E:\OOD\main\missile-command-master\missile-command-master\src\game\states\impl\PlayingState.java,game.states.impl.PlayingState,handleInput/1[game.states.GameInput],false,56,8,4,0,4,8,4,20,1,3,1,4,0,0,0,3,0,0,0,3,3,0,2,0,0,0,15,1,0,false
E:\OOD\main\missile-command-master\missile-command-master\src\objects\particles\Explosion.java,objects.particles.Explosion$Anonymous1,apply/1[objects.particles.Explosion],false,63,5,4,0,4,6,5,12,1,3,1,5,0,0,2,1,0,0,0,0,3,1,2,0,0,0,14,1,0,false
E:\OOD\main\missile-command-master\missile-command-master\src\game\MissileCommand.java,game.MissileCommand,draw/0,false,23,2,3,0,3,1,3,6,0,1,0,3,0,0,0,0,0,0,0,4,1,0,0,0,0,0,5,1,0,false
E:\OOD\main\missile-command-master\missile-command-master\src\game\MissileCommand.java,game.MissileCommand,setup/0,false,17,2,2,0,2,1,0,4,0,0,0,0,0,0,0,0,0,0,0,0,2,0,0,0,0,0,7,1,0,false
E:\OOD\main\missile-command-master\missile-command-master\src\game\MissileCommand.java,game.MissileCommand,mousePressed/0,false,31,1,1,0,1,1,1,3,0,0,0,1,0,0,0,0,0,0,0,1,0,0,0,0,0,0,2,1,0,false
E:\OOD\main\missile-command-master\missile-command-master\src\game\MissileCommand.java,game.MissileCommand,main/1[java.lang.String[]],false,39,0,0,0,0,1,1,3,0,0,1,1,0,0,0,0,0,0,1,0,0,0,0,0,0,0,2,9,0,false
E:\OOD\main\missile-command-master\missile-command-master\src\game\MissileCommand.java,game.MissileCommand,keyPressed/0,false,35,1,1,0,1,1,1,3,0,0,0,1,0,0,0,0,0,0,0,1,0,0,0,0,0,0,2,1,0,false
E:\OOD\main\missile-command-master\missile-command-master\src\game\MissileCommand.java,game.MissileCommand,settings/0,false,13,0,0,0,0,1,1,3,0,0,0,1,0,0,0,0,0,0,0,0,0,0,0,0,0,0,2,1,0,false
E:\OOD\main\missile-command-master\missile-command-master\src\objects\particles\Bomber.java,objects.particles.Bomber$Anonymous1,apply/1[objects.particles.Bomber],false,51,3,2,0,2,3,4,9,1,1,1,4,0,0,0,1,0,0,0,1,1,0,1,0,0,0,16,1,0,false
E:\OOD\main\missile-command-master\missile-command-master\src\physics\forces\impl\Explosive.java,physics.forces.impl.Explosive,"Explosive/3[physics.forces.impl.PVector,float,int]",true,22,1,0,0,0,1,0,4,0,0,3,0,0,0,0,0,0,0,0,0,1,0,0,0,0,0,4,1,0,false
E:\OOD\main\missile-command-master\missile-command-master\src\physics\forces\impl\Explosive.java,physics.forces.impl.Explosive,updateForce/1[objects.particles.Particle],false,28,2,1,0,1,2,5,8,0,2,1,5,0,0,0,0,0,2,0,3,2,4,1,0,0,0,23,1,0,false
E:\OOD\main\missile-command-master\missile-command-master\src\physics\forces\impl\Explosive.java,physics.forces.impl.Explosive,"Explosive/2[physics.forces.impl.PVector,float]",true,15,1,1,1,0,1,0,5,0,0,2,0,0,0,0,0,0,0,0,1,3,1,0,0,0,0,5,1,0,false
E:\OOD\main\missile-command-master\missile-command-master\src\objects\buildings\City.java,objects.buildings.City,"City/2[int,int]",true,11,1,2,2,0,1,0,4,0,0,2,0,0,0,0,0,0,0,0,0,2,0,0,0,0,0,8,1,0,false
E:\OOD\main\missile-command-master\missile-command-master\src\objects\buildings\City.java,objects.buildings.City,destroy/0,false,25,0,1,1,0,1,0,3,0,0,0,0,0,0,0,0,0,0,0,0,1,0,0,0,0,0,3,1,0,false
E:\OOD\main\missile-command-master\missile-command-master\src\objects\buildings\City.java,objects.buildings.City,display/1[game.DrawEngine],false,17,1,2,1,1,2,2,6,0,1,1,2,0,0,0,0,0,0,0,5,1,0,1,0,0,0,6,1,0,false
E:\OOD\main\missile-command-master\missile-command-master\src\objects\buildings\City.java,objects.buildings.City,rebuild/0,false,29,0,1,1,0,1,0,3,0,0,0,0,0,0,0,0,0,0,0,0,1,0,0,0,0,0,3,1,0,false
E:\OOD\main\missile-command-master\missile-command-master\src\physics\forces\impl\Repulsive.java,physics.forces.impl.Repulsive,updateForce/1[objects.particles.Particle],false,14,3,2,0,2,1,3,4,0,1,1,3,0,0,0,0,0,0,0,1,1,0,0,0,0,0,9,1,0,false
E:\OOD\main\missile-command-master\missile-command-master\src\physics\forces\impl\Repulsive.java,physics.forces.impl.Repulsive,Repulsive/1[objects.particles.Particle],true,8,1,1,1,0,1,0,3,0,0,1,0,0,0,0,0,0,0,0,0,0,0,0,0,0,0,3,1,0,false
E:\OOD\main\missile-command-master\missile-command-master\src\game\states\impl\StartState.java,game.states.impl.StartState,update/0,false,25,2,0,0,0,1,0,3,1,0,0,0,0,0,0,0,0,0,0,0,0,0,0,0,0,0,3,1,0,false
E:\OOD\main\missile-command-master\missile-command-master\src\game\states\impl\StartState.java,game.states.impl.StartState,handleInput/1[game.states.GameInput],false,30,4,1,0,1,3,0,4,2,0,1,0,0,0,0,2,0,0,0,0,0,0,1,0,0,0,6,1,0,false
E:\OOD\main\missile-command-master\missile-command-master\src\game\states\impl\StartState.java,game.states.impl.StartState,updateScore/1[int],false,36,0,0,0,0,1,0,2,0,0,1,0,0,0,0,0,0,0,0,0,0,0,0,0,0,0,3,1,0,false
E:\OOD\main\missile-command-master\missile-command-master\src\game\states\impl\StartState.java,game.states.impl.StartState,"StartState/2[game.states.GameContext,game.DrawEngine]",true,12,2,2,2,0,1,0,3,0,0,2,0,0,0,0,0,0,0,0,0,0,0,0,0,0,0,6,1,0,false
E:\OOD\main\missile-command-master\missile-command-master\src\game\states\impl\StartState.java,game.states.impl.StartState,display/0,false,18,1,1,0,1,1,2,5,0,0,0,2,0,0,0,0,0,0,2,10,0,5,0,0,0,0,3,1,0,false
E:\OOD\main\missile-command-master\missile-command-master\src\game\GameController.java,game.GameController,"handleInput/4[int,int,int,int]",false,42,2,4,2,2,1,1,4,0,1,4,1,0,0,0,0,0,0,0,0,2,0,0,0,0,0,7,1,0,false
E:\OOD\main\missile-command-master\missile-command-master\src\game\GameController.java,game.GameController,step/0,false,37,1,3,1,2,1,2,4,0,0,0,2,0,0,0,0,0,0,0,0,1,0,0,0,0,0,8,1,0,true
E:\OOD\main\missile-command-master\missile-command-master\src\game\GameController.java,game.GameController,"GameController/2[game.PApplet,game.DrawEngine]",true,24,4,3,1,2,1,0,6,0,0,2,0,0,0,0,0,0,0,0,0,4,0,0,0,0,0,10,1,0,false
E:\OOD\main\missile-command-master\missile-command-master\src\game\states\GameState.java,game.states.GameState,splitMeteors/0,false,130,2,3,1,2,8,8,24,0,7,0,8,0,0,3,1,0,0,0,9,7,4,4,0,0,0,13,2,0,false
E:\OOD\main\missile-command-master\missile-command-master\src\game\states\GameState.java,game.states.GameState,destroyObjects/0,false,162,2,8,1,7,11,13,10,0,8,0,13,0,0,1,3,0,2,0,5,0,3,1,0,0,8,26,4,0,true
E:\OOD\main\missile-command-master\missile-command-master\src\game\states\GameState.java,game.states.GameState,newGame/0,false,217,2,4,2,2,1,0,4,1,1,0,0,0,0,0,0,0,0,0,0,1,0,0,0,0,0,5,4,0,false
E:\OOD\main\missile-command-master\missile-command-master\src\game\states\GameState.java,game.states.GameState,handleInput/1[game.states.GameInput],false,61,2,1,1,0,1,0,1,0,0,1,0,0,0,0,0,0,0,0,0,0,0,0,0,0,0,18,1025,0,true
E:\OOD\main\missile-command-master\missile-command-master\src\game\states\GameState.java,game.states.GameState,display/0,false,48,0,1,1,0,1,0,1,0,0,0,0,0,0,0,0,0,0,0,0,0,0,0,0,0,0,5,1025,0,true
E:\OOD\main\missile-command-master\missile-command-master\src\game\states\GameState.java,game.states.GameState,runningStep/0,false,115,8,11,3,8,2,9,10,0,5,0,9,2,1,0,0,0,0,0,0,5,0,1,0,0,0,22,4,0,true
E:\OOD\main\missile-command-master\missile-command-master\src\game\states\GameState.java,game.states.GameState,displayGame/0,false,106,1,5,3,2,1,2,4,0,0,0,2,0,0,0,0,0,0,0,0,0,0,0,0,0,0,10,4,0,true
E:\OOD\main\missile-command-master\missile-command-master\src\game\states\GameState.java,game.states.GameState,checkGameOver/0,false,86,2,3,2,1,4,1,13,2,0,0,1,0,0,1,0,0,0,0,1,2,0,2,0,0,0,13,4,0,true
E:\OOD\main\missile-command-master\missile-command-master\src\game\states\GameState.java,game.states.GameState,"remove/2[java.util.function.Function<T,java.lang.Boolean>,java.util.Iterator<T>]",false,207,1,0,0,0,3,4,8,0,1,2,4,0,0,1,0,0,0,0,0,1,0,2,0,0,0,21,2,0,true
E:\OOD\main\missile-command-master\missile-command-master\src\game\states\GameState.java,game.states.GameState,"destroy/3[java.util.function.Function<T,java.lang.Boolean>,java.util.Iterator<T>,boolean]",false,184,5,2,0,2,7,9,15,0,2,3,9,1,1,1,1,0,0,0,0,2,0,4,0,0,0,40,2,0,true
E:\OOD\main\missile-command-master\missile-command-master\src\game\states\GameState.java,game.states.GameState,"GameState/2[game.states.GameContext,game.DrawEngine]",true,41,2,0,0,0,1,0,5,0,0,2,0,0,0,0,0,0,0,0,0,3,0,0,0,0,0,6,1,0,false
E:\OOD\main\missile-command-master\missile-command-master\src\game\states\GameState.java,game.states.GameState,update/0,false,54,1,1,1,0,1,0,1,0,0,0,0,0,0,0,0,0,0,0,0,0,0,0,0,0,0,15,1025,0,true
E:\OOD\main\missile-command-master\missile-command-master\src\game\states\GameState.java,game.states.GameState,updateScore/1[int],false,69,0,1,1,0,1,0,1,0,0,1,0,0,0,0,0,0,0,0,0,0,0,0,0,0,0,16,1025,0,true
E:\OOD\main\missile-command-master\missile-command-master\src\game\states\impl\GameOverState.java,game.states.impl.GameOverState,update/0,false,30,2,1,0,1,1,1,4,1,0,0,1,0,0,0,0,0,0,0,0,0,0,0,0,0,0,5,1,0,false
E:\OOD\main\missile-command-master\missile-command-master\src\game\states\impl\GameOverState.java,game.states.impl.GameOverState,"GameOverState/2[game.states.GameContext,game.DrawEngine]",true,13,2,1,1,0,1,0,3,0,0,2,0,0,0,0,0,0,0,0,0,0,0,0,0,0,0,5,1,0,false
E:\OOD\main\missile-command-master\missile-command-master\src\game\states\impl\GameOverState.java,game.states.impl.GameOverState,updateScore/1[int],false,44,0,0,0,0,1,0,2,0,0,1,0,0,0,0,0,0,0,0,0,0,0,0,0,0,0,3,1,0,false
E:\OOD\main\missile-command-master\missile-command-master\src\game\states\impl\GameOverState.java,game.states.impl.GameOverState,handleInput/1[game.states.GameInput],false,36,4,1,0,1,3,1,6,2,0,1,1,0,0,0,2,0,0,0,0,0,0,1,0,0,0,6,1,0,false
E:\OOD\main\missile-command-master\missile-command-master\src\game\states\impl\GameOverState.java,game.states.impl.GameOverState,display/0,false,19,2,2,0,2,1,2,8,0,2,0,2,0,0,0,0,0,0,3,10,2,5,0,0,0,0,8,1,0,false
E:\OOD\main\missile-command-master\missile-command-master\src\physics\PhysicsStep.java,physics.PhysicsStep,apply/0,false,18,0,1,1,0,2,1,5,0,0,0,1,0,0,1,0,0,0,0,0,0,0,1,0,0,0,4,1,0,false
E:\OOD\main\missile-command-master\missile-command-master\src\physics\PhysicsStep.java,physics.PhysicsStep,"PhysicsStep/2[java.util.ArrayList<? extends objects.particles.Particle>,java.util.function.Function<? extends objects.particles.Particle,java.lang.Void>]",true,13,0,5,5,0,1,0,4,0,0,2,0,0,0,0,0,0,0,0,0,2,0,0,0,0,0,5,1,0,false
