file,class,method,variable,usage
E:\OOD\main\missile-command-master\missile-command-master\src\objects\particles\Missile.java,objects.particles.Missile$Anonymous1,apply/1[objects.particles.Missile],collision,1
E:\OOD\main\missile-command-master\missile-command-master\src\objects\particles\Missile.java,objects.particles.Missile$Anonymous1,apply/1[objects.particles.Missile],me,1
E:\OOD\main\missile-command-master\missile-command-master\src\objects\particles\Missile.java,objects.particles.Missile$Anonymous1,apply/1[objects.particles.Missile],m,3
E:\OOD\main\missile-command-master\missile-command-master\src\objects\buildings\Cannon.java,objects.buildings.Cannon,display/1[game.DrawEngine],drawEngine,1
E:\OOD\main\missile-command-master\missile-command-master\src\objects\buildings\Cannon.java,objects.buildings.Cannon,"Cannon/2[int,int]",posX,1
E:\OOD\main\missile-command-master\missile-command-master\src\objects\buildings\Cannon.java,objects.buildings.Cannon,"Cannon/2[int,int]",posY,1
E:\OOD\main\missile-command-master\missile-command-master\src\game\states\impl\ShopState.java,game.states.impl.ShopState,drawShopScreen/0,city,1
E:\OOD\main\missile-command-master\missile-command-master\src\game\states\impl\ShopState.java,game.states.impl.ShopState,drawShopScreen/0,shopY,10
E:\OOD\main\missile-command-master\missile-command-master\src\game\states\impl\ShopState.java,game.states.impl.ShopState,drawShopScreen/0,shopX,10
E:\OOD\main\missile-command-master\missile-command-master\src\game\states\impl\ShopState.java,game.states.impl.ShopState,drawShopScreen/0,missile,1
E:\OOD\main\missile-command-master\missile-command-master\src\game\states\impl\ShopState.java,game.states.impl.ShopState,drawShopScreen/0,textX,3
E:\OOD\main\missile-command-master\missile-command-master\src\game\states\impl\ShopState.java,game.states.impl.ShopState,drawShopScreen/0,blackhole,1
E:\OOD\main\missile-command-master\missile-command-master\src\game\states\impl\ShopState.java,game.states.impl.ShopState,drawShopScreen/0,textY,3
E:\OOD\main\missile-command-master\missile-command-master\src\game\states\impl\ShopState.java,game.states.impl.ShopState,"ShopState/3[game.states.GameContext,game.DrawEngine,game.states.impl.EndOfWaveState]",prevState,2
E:\OOD\main\missile-command-master\missile-command-master\src\game\states\impl\ShopState.java,game.states.impl.ShopState,"ShopState/3[game.states.GameContext,game.DrawEngine,game.states.impl.EndOfWaveState]",context,1
E:\OOD\main\missile-command-master\missile-command-master\src\game\states\impl\ShopState.java,game.states.impl.ShopState,"ShopState/3[game.states.GameContext,game.DrawEngine,game.states.impl.EndOfWaveState]",drawEngine,1
E:\OOD\main\missile-command-master\missile-command-master\src\game\states\impl\ShopState.java,game.states.impl.ShopState,handleInput/1[game.states.GameInput],input,1
E:\OOD\main\missile-command-master\missile-command-master\src\game\states\impl\ShopState.java,game.states.impl.ShopState,handleInput/1[game.states.GameInput],info,18
E:\OOD\main\missile-command-master\missile-command-master\src\game\states\impl\ShopState.java,game.states.impl.ShopState,updateScore/1[int],score,0
E:\OOD\main\missile-command-master\missile-command-master\src\game\states\impl\ShopState.java,game.states.impl.ShopState,rebuildCity/0,r,1
E:\OOD\main\missile-command-master\missile-command-master\src\game\states\impl\ShopState.java,game.states.impl.ShopState,rebuildCity/0,destroyedCities,2
E:\OOD\main\missile-command-master\missile-command-master\src\game\states\impl\ShopState.java,game.states.impl.ShopState,rebuildCity/0,c,1
E:\OOD\main\missile-command-master\missile-command-master\src\game\states\impl\ShopState.java,game.states.impl.ShopState,rebuildCity/0,city,1
E:\OOD\main\missile-command-master\missile-command-master\src\objects\particles\ForceField.java,objects.particles.ForceField,"ForceField/2[float,float]",yPos,1
E:\OOD\main\missile-command-master\missile-command-master\src\objects\particles\ForceField.java,objects.particles.ForceField,"ForceField/2[float,float]",xPos,1
E:\OOD\main\missile-command-master\missile-command-master\src\objects\particles\ForceField.java,objects.particles.ForceField,display/1[game.DrawEngine],col,1
E:\OOD\main\missile-command-master\missile-command-master\src\objects\particles\ForceField.java,objects.particles.ForceField,display/1[game.DrawEngine],drawEngine,2
E:\OOD\main\missile-command-master\missile-command-master\src\objects\particles\Missile.java,objects.particles.Missile,"Missile/5[float,float,float,float,int]",col,2
E:\OOD\main\missile-command-master\missile-command-master\src\objects\particles\Missile.java,objects.particles.Missile,"Missile/5[float,float,float,float,int]",yPos,2
E:\OOD\main\missile-command-master\missile-command-master\src\objects\particles\Missile.java,objects.particles.Missile,"Missile/5[float,float,float,float,int]",destX,2
E:\OOD\main\missile-command-master\missile-command-master\src\objects\particles\Missile.java,objects.particles.Missile,"Missile/5[float,float,float,float,int]",destY,2
E:\OOD\main\missile-command-master\missile-command-master\src\objects\particles\Missile.java,objects.particles.Missile,"Missile/5[float,float,float,float,int]",xPos,2
E:\OOD\main\missile-command-master\missile-command-master\src\objects\particles\Missile.java,objects.particles.Missile,getStep/1[game.states.GameContext],context,1
E:\OOD\main\missile-command-master\missile-command-master\src\objects\particles\Missile.java,objects.particles.Missile,display/1[game.DrawEngine],size,2
E:\OOD\main\missile-command-master\missile-command-master\src\objects\particles\Missile.java,objects.particles.Missile,display/1[game.DrawEngine],drawEngine,1
E:\OOD\main\missile-command-master\missile-command-master\src\objects\particles\Missile.java,objects.particles.Missile,"Missile/6[objects.particles.PApplet,float,float,float,float,boolean]",parent,2
E:\OOD\main\missile-command-master\missile-command-master\src\objects\particles\Missile.java,objects.particles.Missile,"Missile/6[objects.particles.PApplet,float,float,float,float,boolean]",yPos,1
E:\OOD\main\missile-command-master\missile-command-master\src\objects\particles\Missile.java,objects.particles.Missile,"Missile/6[objects.particles.PApplet,float,float,float,float,boolean]",destX,1
E:\OOD\main\missile-command-master\missile-command-master\src\objects\particles\Missile.java,objects.particles.Missile,"Missile/6[objects.particles.PApplet,float,float,float,float,boolean]",friendly,2
E:\OOD\main\missile-command-master\missile-command-master\src\objects\particles\Missile.java,objects.particles.Missile,"Missile/6[objects.particles.PApplet,float,float,float,float,boolean]",destY,1
E:\OOD\main\missile-command-master\missile-command-master\src\objects\particles\Missile.java,objects.particles.Missile,"Missile/6[objects.particles.PApplet,float,float,float,float,boolean]",xPos,1
E:\OOD\main\missile-command-master\missile-command-master\src\objects\particles\Particle.java,objects.particles.Particle,addForce/1[objects.particles.PVector],force,1
E:\OOD\main\missile-command-master\missile-command-master\src\objects\particles\Particle.java,objects.particles.Particle,"Particle/6[float,float,float,float,float,float]",xVel,1
E:\OOD\main\missile-command-master\missile-command-master\src\objects\particles\Particle.java,objects.particles.Particle,"Particle/6[float,float,float,float,float,float]",yPos,1
E:\OOD\main\missile-command-master\missile-command-master\src\objects\particles\Particle.java,objects.particles.Particle,"Particle/6[float,float,float,float,float,float]",mass,2
E:\OOD\main\missile-command-master\missile-command-master\src\objects\particles\Particle.java,objects.particles.Particle,"Particle/6[float,float,float,float,float,float]",xPos,1
E:\OOD\main\missile-command-master\missile-command-master\src\objects\particles\Particle.java,objects.particles.Particle,"Particle/6[float,float,float,float,float,float]",yVel,1
E:\OOD\main\missile-command-master\missile-command-master\src\objects\particles\Particle.java,objects.particles.Particle,"Particle/6[float,float,float,float,float,float]",radius,2
E:\OOD\main\missile-command-master\missile-command-master\src\objects\particles\Particle.java,objects.particles.Particle,integrate/0,acceleration,2
E:\OOD\main\missile-command-master\missile-command-master\src\objects\particles\Particle.java,objects.particles.Particle,checkCollision/1[objects.particles.Particle],collider,3
E:\OOD\main\missile-command-master\missile-command-master\src\objects\particles\Particle.java,objects.particles.Particle,checkCollision/1[objects.particles.Particle],distance,2
E:\OOD\main\missile-command-master\missile-command-master\src\objects\particles\Particle.java,objects.particles.Particle,checkCollision/1[objects.particles.Particle],collideDistance,2
E:\OOD\main\missile-command-master\missile-command-master\src\game\IDrawable.java,game.IDrawable,display/1[game.DrawEngine],drawEngine,0
E:\OOD\main\missile-command-master\missile-command-master\src\objects\particles\BlackHoleMissile.java,objects.particles.BlackHoleMissile$Anonymous1,apply/1[objects.particles.BlackHoleMissile],bhm,3
E:\OOD\main\missile-command-master\missile-command-master\src\physics\forces\ForceRegistration.java,physics.forces.ForceRegistration,"ForceRegistration/2[objects.particles.Particle,physics.forces.ForceGenerator]",forceGenerator,2
E:\OOD\main\missile-command-master\missile-command-master\src\physics\forces\ForceRegistration.java,physics.forces.ForceRegistration,"ForceRegistration/2[objects.particles.Particle,physics.forces.ForceGenerator]",particle,2
E:\OOD\main\missile-command-master\missile-command-master\src\physics\forces\impl\Gravity.java,physics.forces.impl.Gravity,updateForce/1[objects.particles.Particle],resultingForce,1
E:\OOD\main\missile-command-master\missile-command-master\src\physics\forces\impl\Gravity.java,physics.forces.impl.Gravity,updateForce/1[objects.particles.Particle],particle,2
E:\OOD\main\missile-command-master\missile-command-master\src\game\states\impl\EndOfWaveState.java,game.states.impl.EndOfWaveState,handleInput/1[game.states.GameInput],input,1
E:\OOD\main\missile-command-master\missile-command-master\src\game\states\impl\EndOfWaveState.java,game.states.impl.EndOfWaveState,updateScore/1[int],score,2
E:\OOD\main\missile-command-master\missile-command-master\src\game\states\impl\EndOfWaveState.java,game.states.impl.EndOfWaveState,display/0,textX,4
E:\OOD\main\missile-command-master\missile-command-master\src\game\states\impl\EndOfWaveState.java,game.states.impl.EndOfWaveState,display/0,textY,4
E:\OOD\main\missile-command-master\missile-command-master\src\game\states\impl\EndOfWaveState.java,game.states.impl.EndOfWaveState,update/0,s,1
E:\OOD\main\missile-command-master\missile-command-master\src\game\states\impl\EndOfWaveState.java,game.states.impl.EndOfWaveState,"EndOfWaveState/3[game.states.GameContext,game.DrawEngine,int]",bonusScore,3
E:\OOD\main\missile-command-master\missile-command-master\src\game\states\impl\EndOfWaveState.java,game.states.impl.EndOfWaveState,"EndOfWaveState/3[game.states.GameContext,game.DrawEngine,int]",context,1
E:\OOD\main\missile-command-master\missile-command-master\src\game\states\impl\EndOfWaveState.java,game.states.impl.EndOfWaveState,"EndOfWaveState/3[game.states.GameContext,game.DrawEngine,int]",drawEngine,1
E:\OOD\main\missile-command-master\missile-command-master\src\physics\forces\impl\Drag.java,physics.forces.impl.Drag,"Drag/2[float,float]",k1,2
E:\OOD\main\missile-command-master\missile-command-master\src\physics\forces\impl\Drag.java,physics.forces.impl.Drag,"Drag/2[float,float]",k2,2
E:\OOD\main\missile-command-master\missile-command-master\src\physics\forces\impl\Drag.java,physics.forces.impl.Drag,updateForce/1[objects.particles.Particle],dragCoeff,1
E:\OOD\main\missile-command-master\missile-command-master\src\physics\forces\impl\Drag.java,physics.forces.impl.Drag,updateForce/1[objects.particles.Particle],resultingForce,1
E:\OOD\main\missile-command-master\missile-command-master\src\physics\forces\impl\Drag.java,physics.forces.impl.Drag,updateForce/1[objects.particles.Particle],particle,2
E:\OOD\main\missile-command-master\missile-command-master\src\physics\forces\impl\Drag.java,physics.forces.impl.Drag,updateForce/1[objects.particles.Particle],velocity,3
E:\OOD\main\missile-command-master\missile-command-master\src\physics\forces\impl\Drag.java,physics.forces.impl.Drag,updateForce/1[objects.particles.Particle],speed,3
E:\OOD\main\missile-command-master\missile-command-master\src\objects\particles\Meteor.java,objects.particles.Meteor,"Meteor/5[float,float,float,float,float]",xVel,1
E:\OOD\main\missile-command-master\missile-command-master\src\objects\particles\Meteor.java,objects.particles.Meteor,"Meteor/5[float,float,float,float,float]",yPos,1
E:\OOD\main\missile-command-master\missile-command-master\src\objects\particles\Meteor.java,objects.particles.Meteor,"Meteor/5[float,float,float,float,float]",mass,2
E:\OOD\main\missile-command-master\missile-command-master\src\objects\particles\Meteor.java,objects.particles.Meteor,"Meteor/5[float,float,float,float,float]",xPos,1
E:\OOD\main\missile-command-master\missile-command-master\src\objects\particles\Meteor.java,objects.particles.Meteor,"Meteor/5[float,float,float,float,float]",yVel,1
E:\OOD\main\missile-command-master\missile-command-master\src\objects\particles\Meteor.java,objects.particles.Meteor,display/1[game.DrawEngine],size,2
E:\OOD\main\missile-command-master\missile-command-master\src\objects\particles\Meteor.java,objects.particles.Meteor,display/1[game.DrawEngine],drawEngine,1
E:\OOD\main\missile-command-master\missile-command-master\src\objects\particles\Meteor.java,objects.particles.Meteor,"Meteor/6[float,float,float,float,float,float]",xVel,1
E:\OOD\main\missile-command-master\missile-command-master\src\objects\particles\Meteor.java,objects.particles.Meteor,"Meteor/6[float,float,float,float,float,float]",yPos,1
E:\OOD\main\missile-command-master\missile-command-master\src\objects\particles\Meteor.java,objects.particles.Meteor,"Meteor/6[float,float,float,float,float,float]",mass,1
E:\OOD\main\missile-command-master\missile-command-master\src\objects\particles\Meteor.java,objects.particles.Meteor,"Meteor/6[float,float,float,float,float,float]",xPos,1
E:\OOD\main\missile-command-master\missile-command-master\src\objects\particles\Meteor.java,objects.particles.Meteor,"Meteor/6[float,float,float,float,float,float]",yVel,1
E:\OOD\main\missile-command-master\missile-command-master\src\objects\particles\Meteor.java,objects.particles.Meteor,"Meteor/6[float,float,float,float,float,float]",radius,1
E:\OOD\main\missile-command-master\missile-command-master\src\objects\particles\Meteor.java,objects.particles.Meteor,"Meteor/7[float,float,float,float,float,float,int]",col,2
E:\OOD\main\missile-command-master\missile-command-master\src\objects\particles\Meteor.java,objects.particles.Meteor,"Meteor/7[float,float,float,float,float,float,int]",xVel,1
E:\OOD\main\missile-command-master\missile-command-master\src\objects\particles\Meteor.java,objects.particles.Meteor,"Meteor/7[float,float,float,float,float,float,int]",yPos,1
E:\OOD\main\missile-command-master\missile-command-master\src\objects\particles\Meteor.java,objects.particles.Meteor,"Meteor/7[float,float,float,float,float,float,int]",mass,1
E:\OOD\main\missile-command-master\missile-command-master\src\objects\particles\Meteor.java,objects.particles.Meteor,"Meteor/7[float,float,float,float,float,float,int]",xPos,1
E:\OOD\main\missile-command-master\missile-command-master\src\objects\particles\Meteor.java,objects.particles.Meteor,"Meteor/7[float,float,float,float,float,float,int]",yVel,1
E:\OOD\main\missile-command-master\missile-command-master\src\objects\particles\Meteor.java,objects.particles.Meteor,"Meteor/7[float,float,float,float,float,float,int]",radius,1
E:\OOD\main\missile-command-master\missile-command-master\src\objects\particles\Meteor.java,objects.particles.Meteor,getStep/1[game.states.GameContext],context,1
E:\OOD\main\missile-command-master\missile-command-master\src\game\states\GameInfo.java,game.states.GameInfo,"GameInfo/5[int,int,int,int,int]",score,2
E:\OOD\main\missile-command-master\missile-command-master\src\game\states\GameInfo.java,game.states.GameInfo,"GameInfo/5[int,int,int,int,int]",citiesLeft,2
E:\OOD\main\missile-command-master\missile-command-master\src\game\states\GameInfo.java,game.states.GameInfo,"GameInfo/5[int,int,int,int,int]",blackholesLeft,2
E:\OOD\main\missile-command-master\missile-command-master\src\game\states\GameInfo.java,game.states.GameInfo,"GameInfo/5[int,int,int,int,int]",forcefieldsLeft,2
E:\OOD\main\missile-command-master\missile-command-master\src\game\states\GameInfo.java,game.states.GameInfo,"GameInfo/5[int,int,int,int,int]",missilesLeft,2
E:\OOD\main\missile-command-master\missile-command-master\src\game\states\GameInfo.java,game.states.GameInfo,resetWaveStart/1[int],random,1
E:\OOD\main\missile-command-master\missile-command-master\src\game\states\GameInfo.java,game.states.GameInfo,resetWaveStart/1[int],levelNumber,4
E:\OOD\main\missile-command-master\missile-command-master\src\game\states\GameContext.java,game.states.GameContext,"getClosestCannon/2[int,int]",posX,1
E:\OOD\main\missile-command-master\missile-command-master\src\game\states\GameContext.java,game.states.GameContext,"getClosestCannon/2[int,int]",closestDistance,2
E:\OOD\main\missile-command-master\missile-command-master\src\game\states\GameContext.java,game.states.GameContext,"getClosestCannon/2[int,int]",posY,1
E:\OOD\main\missile-command-master\missile-command-master\src\game\states\GameContext.java,game.states.GameContext,"getClosestCannon/2[int,int]",distance,2
E:\OOD\main\missile-command-master\missile-command-master\src\game\states\GameContext.java,game.states.GameContext,"getClosestCannon/2[int,int]",cannon,3
E:\OOD\main\missile-command-master\missile-command-master\src\game\states\GameContext.java,game.states.GameContext,"getClosestCannon/2[int,int]",closestCannon,3
E:\OOD\main\missile-command-master\missile-command-master\src\game\states\GameContext.java,game.states.GameContext,"initGameObjects/2[java.util.ArrayList<objects.buildings.City>,java.util.ArrayList<objects.buildings.Cannon>]",cities,1
E:\OOD\main\missile-command-master\missile-command-master\src\game\states\GameContext.java,game.states.GameContext,"initGameObjects/2[java.util.ArrayList<objects.buildings.City>,java.util.ArrayList<objects.buildings.Cannon>]",cannons,1
E:\OOD\main\missile-command-master\missile-command-master\src\game\states\GameContext.java,game.states.GameContext,"initGameObjects/2[java.util.ArrayList<objects.buildings.City>,java.util.ArrayList<objects.buildings.Cannon>]",i,3
E:\OOD\main\missile-command-master\missile-command-master\src\physics\forces\impl\Attractive.java,physics.forces.impl.Attractive,updateForce/1[objects.particles.Particle],attractee,2
E:\OOD\main\missile-command-master\missile-command-master\src\physics\forces\impl\Attractive.java,physics.forces.impl.Attractive,updateForce/1[objects.particles.Particle],force,1
E:\OOD\main\missile-command-master\missile-command-master\src\physics\forces\impl\Attractive.java,physics.forces.impl.Attractive,Attractive/1[objects.particles.Particle],attractor,2
E:\OOD\main\missile-command-master\missile-command-master\src\physics\forces\impl\Attractive.java,physics.forces.impl.Attractive,getAttractionForce/1[objects.particles.Particle],mag,1
E:\OOD\main\missile-command-master\missile-command-master\src\physics\forces\impl\Attractive.java,physics.forces.impl.Attractive,getAttractionForce/1[objects.particles.Particle],distance,2
E:\OOD\main\missile-command-master\missile-command-master\src\physics\forces\impl\Attractive.java,physics.forces.impl.Attractive,getAttractionForce/1[objects.particles.Particle],attractee,2
E:\OOD\main\missile-command-master\missile-command-master\src\physics\forces\impl\Attractive.java,physics.forces.impl.Attractive,getAttractionForce/1[objects.particles.Particle],force,3
E:\OOD\main\missile-command-master\missile-command-master\src\objects\particles\BlackHoleMissile.java,objects.particles.BlackHoleMissile,getStep/1[game.states.GameContext],context,1
E:\OOD\main\missile-command-master\missile-command-master\src\objects\particles\BlackHoleMissile.java,objects.particles.BlackHoleMissile,"BlackHoleMissile/5[objects.particles.PApplet,float,float,float,float]",parent,1
E:\OOD\main\missile-command-master\missile-command-master\src\objects\particles\BlackHoleMissile.java,objects.particles.BlackHoleMissile,"BlackHoleMissile/5[objects.particles.PApplet,float,float,float,float]",yPos,1
E:\OOD\main\missile-command-master\missile-command-master\src\objects\particles\BlackHoleMissile.java,objects.particles.BlackHoleMissile,"BlackHoleMissile/5[objects.particles.PApplet,float,float,float,float]",destX,1
E:\OOD\main\missile-command-master\missile-command-master\src\objects\particles\BlackHoleMissile.java,objects.particles.BlackHoleMissile,"BlackHoleMissile/5[objects.particles.PApplet,float,float,float,float]",destY,1
E:\OOD\main\missile-command-master\missile-command-master\src\objects\particles\BlackHoleMissile.java,objects.particles.BlackHoleMissile,"BlackHoleMissile/5[objects.particles.PApplet,float,float,float,float]",xPos,1
E:\OOD\main\missile-command-master\missile-command-master\src\physics\Collision.java,physics.Collision,resolveCollision/0,p2Impulse,1
E:\OOD\main\missile-command-master\missile-command-master\src\physics\Collision.java,physics.Collision,resolveCollision/0,deltaVel,1
E:\OOD\main\missile-command-master\missile-command-master\src\physics\Collision.java,physics.Collision,resolveCollision/0,impulsePerInverseMass,2
E:\OOD\main\missile-command-master\missile-command-master\src\physics\Collision.java,physics.Collision,resolveCollision/0,p1Impulse,1
E:\OOD\main\missile-command-master\missile-command-master\src\physics\Collision.java,physics.Collision,resolveCollision/0,closingVel,2
E:\OOD\main\missile-command-master\missile-command-master\src\physics\Collision.java,physics.Collision,resolveCollision/0,impulse,1
E:\OOD\main\missile-command-master\missile-command-master\src\physics\Collision.java,physics.Collision,"Collision/3[objects.particles.Particle,objects.particles.Particle,boolean]",p1,3
E:\OOD\main\missile-command-master\missile-command-master\src\physics\Collision.java,physics.Collision,"Collision/3[objects.particles.Particle,objects.particles.Particle,boolean]",p2,3
E:\OOD\main\missile-command-master\missile-command-master\src\physics\Collision.java,physics.Collision,"Collision/3[objects.particles.Particle,objects.particles.Particle,boolean]",overlap,2
E:\OOD\main\missile-command-master\missile-command-master\src\physics\Collision.java,physics.Collision,calculateClosingVelocity/0,closingVel,1
E:\OOD\main\missile-command-master\missile-command-master\src\physics\Collision.java,physics.Collision,calculateClosingVelocity/0,cv2,1
E:\OOD\main\missile-command-master\missile-command-master\src\physics\Collision.java,physics.Collision,calculateClosingVelocity/0,cv1,1
E:\OOD\main\missile-command-master\missile-command-master\src\physics\forces\ForceGenerator.java,physics.forces.ForceGenerator,updateForce/1[objects.particles.Particle],particle,0
E:\OOD\main\missile-command-master\missile-command-master\src\game\DrawEngine.java,game.DrawEngine,"drawEllipse/5[int,float,float,float,float]",col,1
E:\OOD\main\missile-command-master\missile-command-master\src\game\DrawEngine.java,game.DrawEngine,"drawEllipse/5[int,float,float,float,float]",yPos,1
E:\OOD\main\missile-command-master\missile-command-master\src\game\DrawEngine.java,game.DrawEngine,"drawEllipse/5[int,float,float,float,float]",width,1
E:\OOD\main\missile-command-master\missile-command-master\src\game\DrawEngine.java,game.DrawEngine,"drawEllipse/5[int,float,float,float,float]",xPos,1
E:\OOD\main\missile-command-master\missile-command-master\src\game\DrawEngine.java,game.DrawEngine,"drawEllipse/5[int,float,float,float,float]",height,1
E:\OOD\main\missile-command-master\missile-command-master\src\game\DrawEngine.java,game.DrawEngine,displayDrawables/1[java.util.ArrayList<? extends game.IDrawable>[]],drawList,1
E:\OOD\main\missile-command-master\missile-command-master\src\game\DrawEngine.java,game.DrawEngine,displayDrawables/1[java.util.ArrayList<? extends game.IDrawable>[]],drawable,1
E:\OOD\main\missile-command-master\missile-command-master\src\game\DrawEngine.java,game.DrawEngine,displayDrawables/1[java.util.ArrayList<? extends game.IDrawable>[]],drawables,1
E:\OOD\main\missile-command-master\missile-command-master\src\game\DrawEngine.java,game.DrawEngine,"drawText/5[int,java.lang.String,int,int,int]",posX,1
E:\OOD\main\missile-command-master\missile-command-master\src\game\DrawEngine.java,game.DrawEngine,"drawText/5[int,java.lang.String,int,int,int]",posY,1
E:\OOD\main\missile-command-master\missile-command-master\src\game\DrawEngine.java,game.DrawEngine,"drawText/5[int,java.lang.String,int,int,int]",col,1
E:\OOD\main\missile-command-master\missile-command-master\src\game\DrawEngine.java,game.DrawEngine,"drawText/5[int,java.lang.String,int,int,int]",textSize,2
E:\OOD\main\missile-command-master\missile-command-master\src\game\DrawEngine.java,game.DrawEngine,"drawText/5[int,java.lang.String,int,int,int]",text,2
E:\OOD\main\missile-command-master\missile-command-master\src\game\DrawEngine.java,game.DrawEngine,"drawText/5[int,java.lang.String,int,int,int]",font,1
E:\OOD\main\missile-command-master\missile-command-master\src\game\DrawEngine.java,game.DrawEngine,"drawRectangle/5[int,float,float,float,float]",col,1
E:\OOD\main\missile-command-master\missile-command-master\src\game\DrawEngine.java,game.DrawEngine,"drawRectangle/5[int,float,float,float,float]",yPos,1
E:\OOD\main\missile-command-master\missile-command-master\src\game\DrawEngine.java,game.DrawEngine,"drawRectangle/5[int,float,float,float,float]",width,1
E:\OOD\main\missile-command-master\missile-command-master\src\game\DrawEngine.java,game.DrawEngine,"drawRectangle/5[int,float,float,float,float]",xPos,1
E:\OOD\main\missile-command-master\missile-command-master\src\game\DrawEngine.java,game.DrawEngine,"drawRectangle/5[int,float,float,float,float]",height,1
E:\OOD\main\missile-command-master\missile-command-master\src\game\DrawEngine.java,game.DrawEngine,displayGame/1[game.states.GameContext],context,9
E:\OOD\main\missile-command-master\missile-command-master\src\game\DrawEngine.java,game.DrawEngine,DrawEngine/1[game.PApplet],parent,2
E:\OOD\main\missile-command-master\missile-command-master\src\game\DrawEngine.java,game.DrawEngine,"displayInfo/2[game.states.GameInfo,game.Level]",level,1
E:\OOD\main\missile-command-master\missile-command-master\src\game\DrawEngine.java,game.DrawEngine,"displayInfo/2[game.states.GameInfo,game.Level]",info,4
E:\OOD\main\missile-command-master\missile-command-master\src\physics\PhysicsEngine.java,physics.PhysicsEngine,step/1[physics.PhysicsStep[]],step,1
E:\OOD\main\missile-command-master\missile-command-master\src\physics\PhysicsEngine.java,physics.PhysicsEngine,step/1[physics.PhysicsStep[]],steps,1
E:\OOD\main\missile-command-master\missile-command-master\src\physics\PhysicsEngine.java,physics.PhysicsEngine,registerNewParticle/1[objects.particles.Particle],p,2
E:\OOD\main\missile-command-master\missile-command-master\src\physics\PhysicsEngine.java,physics.PhysicsEngine,resolveCollisions/0,c,1
E:\OOD\main\missile-command-master\missile-command-master\src\objects\particles\BlackHole.java,objects.particles.BlackHole,display/1[game.DrawEngine],drawEngine,1
E:\OOD\main\missile-command-master\missile-command-master\src\objects\particles\BlackHole.java,objects.particles.BlackHole,BlackHole/1[objects.particles.PVector],position,2
E:\OOD\main\missile-command-master\missile-command-master\src\physics\forces\ForceRegistry.java,physics.forces.ForceRegistry,"register/2[objects.particles.Particle,physics.forces.ForceGenerator]",forceGenerator,1
E:\OOD\main\missile-command-master\missile-command-master\src\physics\forces\ForceRegistry.java,physics.forces.ForceRegistry,"register/2[objects.particles.Particle,physics.forces.ForceGenerator]",particle,1
E:\OOD\main\missile-command-master\missile-command-master\src\physics\forces\ForceRegistry.java,physics.forces.ForceRegistry,updateForces/0,p,2
E:\OOD\main\missile-command-master\missile-command-master\src\physics\forces\ForceRegistry.java,physics.forces.ForceRegistry,updateForces/0,it,3
E:\OOD\main\missile-command-master\missile-command-master\src\physics\forces\ForceRegistry.java,physics.forces.ForceRegistry,updateForces/0,fr,3
E:\OOD\main\missile-command-master\missile-command-master\src\objects\Crosshair.java,objects.Crosshair,display/1[game.DrawEngine],parent,2
E:\OOD\main\missile-command-master\missile-command-master\src\objects\Crosshair.java,objects.Crosshair,display/1[game.DrawEngine],drawEngine,1
E:\OOD\main\missile-command-master\missile-command-master\src\objects\particles\Explosion.java,objects.particles.Explosion,"Explosion/3[objects.particles.PVector,float,boolean]",friendly,1
E:\OOD\main\missile-command-master\missile-command-master\src\objects\particles\Explosion.java,objects.particles.Explosion,"Explosion/3[objects.particles.PVector,float,boolean]",position,2
E:\OOD\main\missile-command-master\missile-command-master\src\objects\particles\Explosion.java,objects.particles.Explosion,"Explosion/3[objects.particles.PVector,float,boolean]",radius,1
E:\OOD\main\missile-command-master\missile-command-master\src\objects\particles\Explosion.java,objects.particles.Explosion,display/1[game.DrawEngine],col,3
E:\OOD\main\missile-command-master\missile-command-master\src\objects\particles\Explosion.java,objects.particles.Explosion,display/1[game.DrawEngine],drawEngine,3
E:\OOD\main\missile-command-master\missile-command-master\src\objects\particles\Explosion.java,objects.particles.Explosion,"Explosion/4[objects.particles.PVector,float,int,boolean]",lifespan,1
E:\OOD\main\missile-command-master\missile-command-master\src\objects\particles\Explosion.java,objects.particles.Explosion,"Explosion/4[objects.particles.PVector,float,int,boolean]",friendly,1
E:\OOD\main\missile-command-master\missile-command-master\src\objects\particles\Explosion.java,objects.particles.Explosion,"Explosion/4[objects.particles.PVector,float,int,boolean]",position,2
E:\OOD\main\missile-command-master\missile-command-master\src\objects\particles\Explosion.java,objects.particles.Explosion,"Explosion/4[objects.particles.PVector,float,int,boolean]",radius,1
E:\OOD\main\missile-command-master\missile-command-master\src\objects\particles\Explosion.java,objects.particles.Explosion,getStep/1[game.states.GameContext],context,1
E:\OOD\main\missile-command-master\missile-command-master\src\objects\particles\Explosion.java,objects.particles.Explosion,"Explosion/5[float,float,float,int,boolean]",posX,1
E:\OOD\main\missile-command-master\missile-command-master\src\objects\particles\Explosion.java,objects.particles.Explosion,"Explosion/5[float,float,float,int,boolean]",posY,1
E:\OOD\main\missile-command-master\missile-command-master\src\objects\particles\Explosion.java,objects.particles.Explosion,"Explosion/5[float,float,float,int,boolean]",lifespan,2
E:\OOD\main\missile-command-master\missile-command-master\src\objects\particles\Explosion.java,objects.particles.Explosion,"Explosion/5[float,float,float,int,boolean]",friendly,2
E:\OOD\main\missile-command-master\missile-command-master\src\objects\particles\Explosion.java,objects.particles.Explosion,"Explosion/5[float,float,float,int,boolean]",startRadius,2
E:\OOD\main\missile-command-master\missile-command-master\src\objects\particles\Meteor.java,objects.particles.Meteor$Anonymous1,apply/1[objects.particles.Meteor],ff,1
E:\OOD\main\missile-command-master\missile-command-master\src\objects\particles\Meteor.java,objects.particles.Meteor$Anonymous1,apply/1[objects.particles.Meteor],c,2
E:\OOD\main\missile-command-master\missile-command-master\src\objects\particles\Meteor.java,objects.particles.Meteor$Anonymous1,apply/1[objects.particles.Meteor],bh,1
E:\OOD\main\missile-command-master\missile-command-master\src\objects\particles\Meteor.java,objects.particles.Meteor$Anonymous1,apply/1[objects.particles.Meteor],me,4
E:\OOD\main\missile-command-master\missile-command-master\src\objects\particles\Meteor.java,objects.particles.Meteor$Anonymous1,apply/1[objects.particles.Meteor],m,1
E:\OOD\main\missile-command-master\missile-command-master\src\game\Level.java,game.Level,next/0,random,2
E:\OOD\main\missile-command-master\missile-command-master\src\game\Level.java,game.Level,Level/1[int],levelNumber,2
E:\OOD\main\missile-command-master\missile-command-master\src\objects\particles\Bomber.java,objects.particles.Bomber,"Bomber/6[float,float,float,float,float,float]",xVel,1
E:\OOD\main\missile-command-master\missile-command-master\src\objects\particles\Bomber.java,objects.particles.Bomber,"Bomber/6[float,float,float,float,float,float]",yPos,1
E:\OOD\main\missile-command-master\missile-command-master\src\objects\particles\Bomber.java,objects.particles.Bomber,"Bomber/6[float,float,float,float,float,float]",mass,0
E:\OOD\main\missile-command-master\missile-command-master\src\objects\particles\Bomber.java,objects.particles.Bomber,"Bomber/6[float,float,float,float,float,float]",xPos,1
E:\OOD\main\missile-command-master\missile-command-master\src\objects\particles\Bomber.java,objects.particles.Bomber,"Bomber/6[float,float,float,float,float,float]",yVel,1
E:\OOD\main\missile-command-master\missile-command-master\src\objects\particles\Bomber.java,objects.particles.Bomber,"Bomber/6[float,float,float,float,float,float]",radius,1
E:\OOD\main\missile-command-master\missile-command-master\src\objects\particles\Bomber.java,objects.particles.Bomber,display/1[game.DrawEngine],col,1
E:\OOD\main\missile-command-master\missile-command-master\src\objects\particles\Bomber.java,objects.particles.Bomber,display/1[game.DrawEngine],drawEngine,2
E:\OOD\main\missile-command-master\missile-command-master\src\objects\particles\Bomber.java,objects.particles.Bomber,"spawnBomb/3[java.util.ArrayList<objects.particles.Meteor>,physics.PhysicsEngine,java.util.Random]",r,2
E:\OOD\main\missile-command-master\missile-command-master\src\objects\particles\Bomber.java,objects.particles.Bomber,"spawnBomb/3[java.util.ArrayList<objects.particles.Meteor>,physics.PhysicsEngine,java.util.Random]",xVel,1
E:\OOD\main\missile-command-master\missile-command-master\src\objects\particles\Bomber.java,objects.particles.Bomber,"spawnBomb/3[java.util.ArrayList<objects.particles.Meteor>,physics.PhysicsEngine,java.util.Random]",meteors,1
E:\OOD\main\missile-command-master\missile-command-master\src\objects\particles\Bomber.java,objects.particles.Bomber,"spawnBomb/3[java.util.ArrayList<objects.particles.Meteor>,physics.PhysicsEngine,java.util.Random]",physicsEngine,1
E:\OOD\main\missile-command-master\missile-command-master\src\objects\particles\Bomber.java,objects.particles.Bomber,"spawnBomb/3[java.util.ArrayList<objects.particles.Meteor>,physics.PhysicsEngine,java.util.Random]",yVel,1
E:\OOD\main\missile-command-master\missile-command-master\src\objects\particles\Bomber.java,objects.particles.Bomber,"spawnBomb/3[java.util.ArrayList<objects.particles.Meteor>,physics.PhysicsEngine,java.util.Random]",bomb,2
E:\OOD\main\missile-command-master\missile-command-master\src\objects\particles\Bomber.java,objects.particles.Bomber,"getStep/2[java.lang.Class<? extends game.states.GameState>,game.states.GameContext]",stateClass,0
E:\OOD\main\missile-command-master\missile-command-master\src\objects\particles\Bomber.java,objects.particles.Bomber,"getStep/2[java.lang.Class<? extends game.states.GameState>,game.states.GameContext]",context,1
E:\OOD\main\missile-command-master\missile-command-master\src\game\states\GameInput.java,game.states.GameInput,"GameInput/4[float,float,int,int]",mouseX,2
E:\OOD\main\missile-command-master\missile-command-master\src\game\states\GameInput.java,game.states.GameInput,"GameInput/4[float,float,int,int]",keyPressed,2
E:\OOD\main\missile-command-master\missile-command-master\src\game\states\GameInput.java,game.states.GameInput,"GameInput/4[float,float,int,int]",mouseButton,2
E:\OOD\main\missile-command-master\missile-command-master\src\game\states\GameInput.java,game.states.GameInput,"GameInput/4[float,float,int,int]",mouseY,2
E:\OOD\main\missile-command-master\missile-command-master\src\game\states\impl\GameWinState.java,game.states.impl.GameWinState,display/0,textX,3
E:\OOD\main\missile-command-master\missile-command-master\src\game\states\impl\GameWinState.java,game.states.impl.GameWinState,display/0,textY,3
E:\OOD\main\missile-command-master\missile-command-master\src\game\states\impl\GameWinState.java,game.states.impl.GameWinState,handleInput/1[game.states.GameInput],input,2
E:\OOD\main\missile-command-master\missile-command-master\src\game\states\impl\GameWinState.java,game.states.impl.GameWinState,updateScore/1[int],score,0
E:\OOD\main\missile-command-master\missile-command-master\src\game\states\impl\GameWinState.java,game.states.impl.GameWinState,"GameWinState/2[game.states.GameContext,game.DrawEngine]",context,1
E:\OOD\main\missile-command-master\missile-command-master\src\game\states\impl\GameWinState.java,game.states.impl.GameWinState,"GameWinState/2[game.states.GameContext,game.DrawEngine]",drawEngine,1
E:\OOD\main\missile-command-master\missile-command-master\src\game\states\impl\PlayingState.java,game.states.impl.PlayingState,spawnMeteor/0,xVel,1
E:\OOD\main\missile-command-master\missile-command-master\src\game\states\impl\PlayingState.java,game.states.impl.PlayingState,spawnMeteor/0,yPos,1
E:\OOD\main\missile-command-master\missile-command-master\src\game\states\impl\PlayingState.java,game.states.impl.PlayingState,spawnMeteor/0,mass,1
E:\OOD\main\missile-command-master\missile-command-master\src\game\states\impl\PlayingState.java,game.states.impl.PlayingState,spawnMeteor/0,meteor,2
E:\OOD\main\missile-command-master\missile-command-master\src\game\states\impl\PlayingState.java,game.states.impl.PlayingState,spawnMeteor/0,xPos,1
E:\OOD\main\missile-command-master\missile-command-master\src\game\states\impl\PlayingState.java,game.states.impl.PlayingState,spawnMeteor/0,yVel,1
E:\OOD\main\missile-command-master\missile-command-master\src\game\states\impl\PlayingState.java,game.states.impl.PlayingState,"PlayingState/2[game.states.GameContext,game.DrawEngine]",context,1
E:\OOD\main\missile-command-master\missile-command-master\src\game\states\impl\PlayingState.java,game.states.impl.PlayingState,"PlayingState/2[game.states.GameContext,game.DrawEngine]",drawEngine,1
E:\OOD\main\missile-command-master\missile-command-master\src\game\states\impl\PlayingState.java,game.states.impl.PlayingState,update/0,s,1
E:\OOD\main\missile-command-master\missile-command-master\src\game\states\impl\PlayingState.java,game.states.impl.PlayingState,update/0,bonusCityScore,1
E:\OOD\main\missile-command-master\missile-command-master\src\game\states\impl\PlayingState.java,game.states.impl.PlayingState,update/0,bonusMissileScore,1
E:\OOD\main\missile-command-master\missile-command-master\src\game\states\impl\PlayingState.java,game.states.impl.PlayingState,updateScore/1[int],score,2
E:\OOD\main\missile-command-master\missile-command-master\src\game\states\impl\PlayingState.java,game.states.impl.PlayingState,spawnBomber/0,bomber,1
E:\OOD\main\missile-command-master\missile-command-master\src\game\states\impl\PlayingState.java,game.states.impl.PlayingState,handleInput/1[game.states.GameInput],mouseX,5
E:\OOD\main\missile-command-master\missile-command-master\src\game\states\impl\PlayingState.java,game.states.impl.PlayingState,handleInput/1[game.states.GameInput],input,5
E:\OOD\main\missile-command-master\missile-command-master\src\game\states\impl\PlayingState.java,game.states.impl.PlayingState,handleInput/1[game.states.GameInput],mouseY,6
E:\OOD\main\missile-command-master\missile-command-master\src\game\states\impl\PlayingState.java,game.states.impl.PlayingState,handleInput/1[game.states.GameInput],cannon,4
E:\OOD\main\missile-command-master\missile-command-master\src\objects\particles\Explosion.java,objects.particles.Explosion$Anonymous1,apply/1[objects.particles.Explosion],collision,1
E:\OOD\main\missile-command-master\missile-command-master\src\objects\particles\Explosion.java,objects.particles.Explosion$Anonymous1,apply/1[objects.particles.Explosion],distance,1
E:\OOD\main\missile-command-master\missile-command-master\src\objects\particles\Explosion.java,objects.particles.Explosion$Anonymous1,apply/1[objects.particles.Explosion],e,5
E:\OOD\main\missile-command-master\missile-command-master\src\objects\particles\Explosion.java,objects.particles.Explosion$Anonymous1,apply/1[objects.particles.Explosion],city,3
E:\OOD\main\missile-command-master\missile-command-master\src\objects\particles\Explosion.java,objects.particles.Explosion$Anonymous1,apply/1[objects.particles.Explosion],collideDistance,1
E:\OOD\main\missile-command-master\missile-command-master\src\objects\particles\Explosion.java,objects.particles.Explosion$Anonymous1,apply/1[objects.particles.Explosion],me,2
E:\OOD\main\missile-command-master\missile-command-master\src\game\MissileCommand.java,game.MissileCommand,draw/0,crosshair,1
E:\OOD\main\missile-command-master\missile-command-master\src\game\MissileCommand.java,game.MissileCommand,main/1[java.lang.String[]],args,0
E:\OOD\main\missile-command-master\missile-command-master\src\objects\particles\Bomber.java,objects.particles.Bomber$Anonymous1,apply/1[objects.particles.Bomber],b,2
E:\OOD\main\missile-command-master\missile-command-master\src\objects\particles\Bomber.java,objects.particles.Bomber$Anonymous1,apply/1[objects.particles.Bomber],r,2
E:\OOD\main\missile-command-master\missile-command-master\src\physics\forces\impl\Explosive.java,physics.forces.impl.Explosive,"Explosive/3[physics.forces.impl.PVector,float,int]",lifespan,2
E:\OOD\main\missile-command-master\missile-command-master\src\physics\forces\impl\Explosive.java,physics.forces.impl.Explosive,"Explosive/3[physics.forces.impl.PVector,float,int]",position,1
E:\OOD\main\missile-command-master\missile-command-master\src\physics\forces\impl\Explosive.java,physics.forces.impl.Explosive,"Explosive/3[physics.forces.impl.PVector,float,int]",radius,1
E:\OOD\main\missile-command-master\missile-command-master\src\physics\forces\impl\Explosive.java,physics.forces.impl.Explosive,updateForce/1[objects.particles.Particle],impulseMag,1
E:\OOD\main\missile-command-master\missile-command-master\src\physics\forces\impl\Explosive.java,physics.forces.impl.Explosive,updateForce/1[objects.particles.Particle],particle,4
E:\OOD\main\missile-command-master\missile-command-master\src\physics\forces\impl\Explosive.java,physics.forces.impl.Explosive,updateForce/1[objects.particles.Particle],impulseDirection,3
E:\OOD\main\missile-command-master\missile-command-master\src\physics\forces\impl\Explosive.java,physics.forces.impl.Explosive,"Explosive/2[physics.forces.impl.PVector,float]",position,2
E:\OOD\main\missile-command-master\missile-command-master\src\physics\forces\impl\Explosive.java,physics.forces.impl.Explosive,"Explosive/2[physics.forces.impl.PVector,float]",radius,2
E:\OOD\main\missile-command-master\missile-command-master\src\objects\buildings\City.java,objects.buildings.City,"City/2[int,int]",posX,1
E:\OOD\main\missile-command-master\missile-command-master\src\objects\buildings\City.java,objects.buildings.City,"City/2[int,int]",posY,1
E:\OOD\main\missile-command-master\missile-command-master\src\objects\buildings\City.java,objects.buildings.City,display/1[game.DrawEngine],col,1
E:\OOD\main\missile-command-master\missile-command-master\src\objects\buildings\City.java,objects.buildings.City,display/1[game.DrawEngine],drawEngine,2
E:\OOD\main\missile-command-master\missile-command-master\src\physics\forces\impl\Repulsive.java,physics.forces.impl.Repulsive,updateForce/1[objects.particles.Particle],attractee,2
E:\OOD\main\missile-command-master\missile-command-master\src\physics\forces\impl\Repulsive.java,physics.forces.impl.Repulsive,updateForce/1[objects.particles.Particle],force,1
E:\OOD\main\missile-command-master\missile-command-master\src\physics\forces\impl\Repulsive.java,physics.forces.impl.Repulsive,Repulsive/1[objects.particles.Particle],attractor,1
E:\OOD\main\missile-command-master\missile-command-master\src\game\states\impl\StartState.java,game.states.impl.StartState,handleInput/1[game.states.GameInput],input,2
E:\OOD\main\missile-command-master\missile-command-master\src\game\states\impl\StartState.java,game.states.impl.StartState,updateScore/1[int],score,0
E:\OOD\main\missile-command-master\missile-command-master\src\game\states\impl\StartState.java,game.states.impl.StartState,"StartState/2[game.states.GameContext,game.DrawEngine]",context,1
E:\OOD\main\missile-command-master\missile-command-master\src\game\states\impl\StartState.java,game.states.impl.StartState,"StartState/2[game.states.GameContext,game.DrawEngine]",drawEngine,1
E:\OOD\main\missile-command-master\missile-command-master\src\game\GameController.java,game.GameController,"handleInput/4[int,int,int,int]",mouseX,1
E:\OOD\main\missile-command-master\missile-command-master\src\game\GameController.java,game.GameController,"handleInput/4[int,int,int,int]",input,1
E:\OOD\main\missile-command-master\missile-command-master\src\game\GameController.java,game.GameController,"handleInput/4[int,int,int,int]",keyPressed,1
E:\OOD\main\missile-command-master\missile-command-master\src\game\GameController.java,game.GameController,"handleInput/4[int,int,int,int]",mouseButton,1
E:\OOD\main\missile-command-master\missile-command-master\src\game\GameController.java,game.GameController,"handleInput/4[int,int,int,int]",mouseY,1
E:\OOD\main\missile-command-master\missile-command-master\src\game\GameController.java,game.GameController,"GameController/2[game.PApplet,game.DrawEngine]",parent,2
E:\OOD\main\missile-command-master\missile-command-master\src\game\GameController.java,game.GameController,"GameController/2[game.PApplet,game.DrawEngine]",drawEngine,3
E:\OOD\main\missile-command-master\missile-command-master\src\game\states\GameState.java,game.states.GameState,splitMeteors/0,r,2
E:\OOD\main\missile-command-master\missile-command-master\src\game\states\GameState.java,game.states.GameState,splitMeteors/0,newMeteors,2
E:\OOD\main\missile-command-master\missile-command-master\src\game\states\GameState.java,game.states.GameState,splitMeteors/0,numChildren,1
E:\OOD\main\missile-command-master\missile-command-master\src\game\states\GameState.java,game.states.GameState,splitMeteors/0,i,2
E:\OOD\main\missile-command-master\missile-command-master\src\game\states\GameState.java,game.states.GameState,splitMeteors/0,it,3
E:\OOD\main\missile-command-master\missile-command-master\src\game\states\GameState.java,game.states.GameState,splitMeteors/0,m,6
E:\OOD\main\missile-command-master\missile-command-master\src\game\states\GameState.java,game.states.GameState,splitMeteors/0,child,4
E:\OOD\main\missile-command-master\missile-command-master\src\game\states\GameState.java,game.states.GameState,destroyObjects/0,ff,1
E:\OOD\main\missile-command-master\missile-command-master\src\game\states\GameState.java,game.states.GameState,destroyObjects/0,e,1
E:\OOD\main\missile-command-master\missile-command-master\src\game\states\GameState.java,game.states.GameState,destroyObjects/0,bh,3
E:\OOD\main\missile-command-master\missile-command-master\src\game\states\GameState.java,game.states.GameState,destroyObjects/0,bhm,1
E:\OOD\main\missile-command-master\missile-command-master\src\game\states\GameState.java,game.states.GameState,destroyObjects/0,m,12
E:\OOD\main\missile-command-master\missile-command-master\src\game\states\GameState.java,game.states.GameState,newGame/0,newGame,1
E:\OOD\main\missile-command-master\missile-command-master\src\game\states\GameState.java,game.states.GameState,handleInput/1[game.states.GameInput],input,0
E:\OOD\main\missile-command-master\missile-command-master\src\game\states\GameState.java,game.states.GameState,runningStep/0,meteorStep,1
E:\OOD\main\missile-command-master\missile-command-master\src\game\states\GameState.java,game.states.GameState,runningStep/0,explosionStep,1
E:\OOD\main\missile-command-master\missile-command-master\src\game\states\GameState.java,game.states.GameState,runningStep/0,missileStep,1
E:\OOD\main\missile-command-master\missile-command-master\src\game\states\GameState.java,game.states.GameState,runningStep/0,bomberStep,1
E:\OOD\main\missile-command-master\missile-command-master\src\game\states\GameState.java,game.states.GameState,runningStep/0,blackholeMissileStep,1
E:\OOD\main\missile-command-master\missile-command-master\src\game\states\GameState.java,game.states.GameState,checkGameOver/0,c,1
E:\OOD\main\missile-command-master\missile-command-master\src\game\states\GameState.java,game.states.GameState,"remove/2[java.util.function.Function<T,java.lang.Boolean>,java.util.Iterator<T>]",filter,1
E:\OOD\main\missile-command-master\missile-command-master\src\game\states\GameState.java,game.states.GameState,"remove/2[java.util.function.Function<T,java.lang.Boolean>,java.util.Iterator<T>]",it,3
E:\OOD\main\missile-command-master\missile-command-master\src\game\states\GameState.java,game.states.GameState,"remove/2[java.util.function.Function<T,java.lang.Boolean>,java.util.Iterator<T>]",object,1
E:\OOD\main\missile-command-master\missile-command-master\src\game\states\GameState.java,game.states.GameState,"destroy/3[java.util.function.Function<T,java.lang.Boolean>,java.util.Iterator<T>,boolean]",filter,1
E:\OOD\main\missile-command-master\missile-command-master\src\game\states\GameState.java,game.states.GameState,"destroy/3[java.util.function.Function<T,java.lang.Boolean>,java.util.Iterator<T>,boolean]",ex,2
E:\OOD\main\missile-command-master\missile-command-master\src\game\states\GameState.java,game.states.GameState,"destroy/3[java.util.function.Function<T,java.lang.Boolean>,java.util.Iterator<T>,boolean]",explode,2
E:\OOD\main\missile-command-master\missile-command-master\src\game\states\GameState.java,game.states.GameState,"destroy/3[java.util.function.Function<T,java.lang.Boolean>,java.util.Iterator<T>,boolean]",it,3
E:\OOD\main\missile-command-master\missile-command-master\src\game\states\GameState.java,game.states.GameState,"destroy/3[java.util.function.Function<T,java.lang.Boolean>,java.util.Iterator<T>,boolean]",object,3
E:\OOD\main\missile-command-master\missile-command-master\src\game\states\GameState.java,game.states.GameState,"GameState/2[game.states.GameContext,game.DrawEngine]",context,2
E:\OOD\main\missile-command-master\missile-command-master\src\game\states\GameState.java,game.states.GameState,"GameState/2[game.states.GameContext,game.DrawEngine]",drawEngine,3
E:\OOD\main\missile-command-master\missile-command-master\src\game\states\GameState.java,game.states.GameState,updateScore/1[int],score,0
E:\OOD\main\missile-command-master\missile-command-master\src\game\states\impl\GameOverState.java,game.states.impl.GameOverState,"GameOverState/2[game.states.GameContext,game.DrawEngine]",engine,1
E:\OOD\main\missile-command-master\missile-command-master\src\game\states\impl\GameOverState.java,game.states.impl.GameOverState,"GameOverState/2[game.states.GameContext,game.DrawEngine]",context,1
E:\OOD\main\missile-command-master\missile-command-master\src\game\states\impl\GameOverState.java,game.states.impl.GameOverState,updateScore/1[int],score,0
E:\OOD\main\missile-command-master\missile-command-master\src\game\states\impl\GameOverState.java,game.states.impl.GameOverState,handleInput/1[game.states.GameInput],input,2
E:\OOD\main\missile-command-master\missile-command-master\src\game\states\impl\GameOverState.java,game.states.impl.GameOverState,display/0,textX,3
E:\OOD\main\missile-command-master\missile-command-master\src\game\states\impl\GameOverState.java,game.states.impl.GameOverState,display/0,textY,3
E:\OOD\main\missile-command-master\missile-command-master\src\physics\PhysicsStep.java,physics.PhysicsStep,apply/0,p,1
E:\OOD\main\missile-command-master\missile-command-master\src\physics\PhysicsStep.java,physics.PhysicsStep,"PhysicsStep/2[java.util.ArrayList<? extends objects.particles.Particle>,java.util.function.Function<? extends objects.particles.Particle,java.lang.Void>]",function,1
E:\OOD\main\missile-command-master\missile-command-master\src\physics\PhysicsStep.java,physics.PhysicsStep,"PhysicsStep/2[java.util.ArrayList<? extends objects.particles.Particle>,java.util.function.Function<? extends objects.particles.Particle,java.lang.Void>]",particles,2
