file,class,type,cbo,cboModified,fanin,fanout,wmc,dit,noc,rfc,lcom,lcom*,tcc,lcc,totalMethodsQty,staticMethodsQty,publicMethodsQty,privateMethodsQty,protectedMethodsQty,defaultMethodsQty,visibleMethodsQty,abstractMethodsQty,finalMethodsQty,synchronizedMethodsQty,totalFieldsQty,staticFieldsQty,publicFieldsQty,privateFieldsQty,protectedFieldsQty,defaultFieldsQty,finalFieldsQty,synchronizedFieldsQty,nosi,loc,returnQty,loopQty,comparisonsQty,tryCatchQty,parenthesizedExpsQty,stringLiteralsQty,numbersQty,assignmentsQty,mathOperationsQty,variablesQty,maxNestedBlocksQty,anonymousClassesQty,innerClassesQty,lambdasQty,uniqueWordsQty,modifiers,logStatementsQty
E:\OOD\main\Mega-Galaxian-master\Mega-Galaxian-master\Mega Galaxian\src\Main.java,Main$startAL,innerclass,1,1,0,1,1,1,0,1,0,0.0,NaN,NaN,1,0,1,0,0,0,1,0,0,0,0,0,0,0,0,0,0,0,0,5,0,0,0,0,0,0,0,0,0,0,0,0,0,0,10,1,0
E:\OOD\main\Mega-Galaxian-master\Mega-Galaxian-master\Mega Galaxian\src\Obstacle.java,Obstacle,class,1,1,0,1,1,6,0,0,0,0.0,NaN,NaN,1,0,1,0,0,0,1,0,0,0,1,0,0,0,0,1,0,0,0,7,0,0,0,0,0,1,1,1,0,1,0,0,0,0,4,1,0
E:\OOD\main\Mega-Galaxian-master\Mega-Galaxian-master\Mega Galaxian\src\Player.java,Player,class,2,5,3,2,4,6,0,0,2,0.625,0.33333334,0.5,4,0,4,0,0,0,4,0,0,0,2,0,0,0,0,2,0,0,0,22,1,0,0,0,0,2,7,7,1,5,0,0,0,0,17,1,0
E:\OOD\main\Mega-Galaxian-master\Mega-Galaxian-master\Mega Galaxian\src\Main.java,Main$TL,innerclass,4,4,0,4,26,1,0,25,0,0.0,NaN,NaN,1,0,1,0,0,0,1,0,0,0,3,0,0,0,0,3,0,0,0,87,0,5,1,0,3,0,27,20,9,8,4,0,0,0,21,1,0
E:\OOD\main\Mega-Galaxian-master\Mega-Galaxian-master\Mega Galaxian\src\Main.java,Main$endAL,innerclass,1,1,0,1,1,1,0,2,0,0.0,NaN,NaN,1,0,1,0,0,0,1,0,0,0,0,0,0,0,0,0,0,0,0,6,0,0,0,0,0,0,0,0,0,0,0,0,0,0,11,1,0
E:\OOD\main\Mega-Galaxian-master\Mega-Galaxian-master\Mega Galaxian\src\Sprite.java,Sprite,class,0,6,6,0,2,5,4,0,0,0.1,1.0,1.0,2,0,2,0,0,0,2,0,0,0,1,0,0,0,0,1,0,0,0,15,0,0,0,0,0,1,0,7,2,5,0,0,0,0,17,1,0
E:\OOD\main\Mega-Galaxian-master\Mega-Galaxian-master\Mega Galaxian\src\Enemy.java,Enemy,class,2,4,2,2,2,6,0,0,0,0.25,1.0,1.0,2,0,2,0,0,0,2,0,0,0,1,0,0,0,0,1,0,0,0,12,1,0,0,0,0,2,3,3,2,3,0,0,0,0,9,1,0
E:\OOD\main\Mega-Galaxian-master\Mega-Galaxian-master\Mega Galaxian\src\Main.java,Main$Game,innerclass,0,0,0,0,14,5,0,19,0,0.0,NaN,NaN,1,0,1,0,0,0,1,0,0,0,1,0,0,0,0,1,0,0,4,67,0,7,0,0,0,0,25,13,14,11,2,0,0,0,20,1,0
E:\OOD\main\Mega-Galaxian-master\Mega-Galaxian-master\Mega Galaxian\src\Main.java,Main$KL,innerclass,1,1,0,1,15,1,0,6,3,0.0,0.0,0.0,3,0,3,0,0,0,3,0,0,0,0,0,0,0,0,0,0,0,0,53,0,0,2,0,0,0,12,12,2,2,1,0,0,0,15,1,0
E:\OOD\main\Mega-Galaxian-master\Mega-Galaxian-master\Mega Galaxian\src\Main.java,Main,class,10,14,4,10,21,10,0,43,0,0.71428573,0.52380955,0.71428573,7,1,7,0,0,0,7,0,0,0,38,0,0,0,0,38,0,0,10,423,2,12,0,1,0,42,57,61,12,57,2,0,5,0,90,1,0
E:\OOD\main\Mega-Galaxian-master\Mega-Galaxian-master\Mega Galaxian\src\Projectile.java,Projectile,class,1,4,3,1,1,6,0,0,0,0.0,NaN,NaN,1,0,1,0,0,0,1,0,0,0,2,0,0,0,0,2,0,0,0,9,0,0,0,0,0,1,0,2,0,2,0,0,0,0,6,1,0
