file,class,method,variable,usage
E:\OOD\main\Mega-Galaxian-master\Mega-Galaxian-master\Mega Galaxian\src\Obstacle.java,Obstacle,"Obstacle/6[java.lang.String,int,int,int,int,int]",health,1
E:\OOD\main\Mega-Galaxian-master\Mega-Galaxian-master\Mega Galaxian\src\Player.java,Player,addPoint/0,points,1
E:\OOD\main\Mega-Galaxian-master\Mega-Galaxian-master\Mega Galaxian\src\Player.java,Player,"Player/6[java.lang.String,int,int,int,int,int]",lives,1
E:\OOD\main\Mega-Galaxian-master\Mega-Galaxian-master\Mega Galaxian\src\Player.java,Player,"Player/6[java.lang.String,int,int,int,int,int]",health,1
E:\OOD\main\Mega-Galaxian-master\Mega-Galaxian-master\Mega Galaxian\src\Player.java,Player,"Player/6[java.lang.String,int,int,int,int,int]",dmg,1
E:\OOD\main\Mega-Galaxian-master\Mega-Galaxian-master\Mega Galaxian\src\Player.java,Player,shoot/0,dmg,1
E:\OOD\main\Mega-Galaxian-master\Mega-Galaxian-master\Mega Galaxian\src\Player.java,Player,"die/2[int,int]",lives,1
E:\OOD\main\Mega-Galaxian-master\Mega-Galaxian-master\Mega Galaxian\src\Main.java,Main$TL,actionPerformed/1[java.awt.event.ActionEvent],tmp,3
E:\OOD\main\Mega-Galaxian-master\Mega-Galaxian-master\Mega Galaxian\src\Main.java,Main$TL,actionPerformed/1[java.awt.event.ActionEvent],count,3
E:\OOD\main\Mega-Galaxian-master\Mega-Galaxian-master\Mega Galaxian\src\Main.java,Main$TL,actionPerformed/1[java.awt.event.ActionEvent],riscount,4
E:\OOD\main\Mega-Galaxian-master\Mega-Galaxian-master\Mega Galaxian\src\Sprite.java,Sprite,"Sprite/6[java.lang.String,int,int,int,int,int]",ypos,1
E:\OOD\main\Mega-Galaxian-master\Mega-Galaxian-master\Mega Galaxian\src\Sprite.java,Sprite,"Sprite/6[java.lang.String,int,int,int,int,int]",xpos,1
E:\OOD\main\Mega-Galaxian-master\Mega-Galaxian-master\Mega Galaxian\src\Sprite.java,Sprite,"Sprite/6[java.lang.String,int,int,int,int,int]",rad,1
E:\OOD\main\Mega-Galaxian-master\Mega-Galaxian-master\Mega Galaxian\src\Sprite.java,Sprite,"Sprite/6[java.lang.String,int,int,int,int,int]",yvel,1
E:\OOD\main\Mega-Galaxian-master\Mega-Galaxian-master\Mega Galaxian\src\Sprite.java,Sprite,"Sprite/6[java.lang.String,int,int,int,int,int]",xvel,1
E:\OOD\main\Mega-Galaxian-master\Mega-Galaxian-master\Mega Galaxian\src\Sprite.java,Sprite,move/0,ypos,2
E:\OOD\main\Mega-Galaxian-master\Mega-Galaxian-master\Mega Galaxian\src\Sprite.java,Sprite,move/0,xpos,2
E:\OOD\main\Mega-Galaxian-master\Mega-Galaxian-master\Mega Galaxian\src\Sprite.java,Sprite,move/0,yvel,1
E:\OOD\main\Mega-Galaxian-master\Mega-Galaxian-master\Mega Galaxian\src\Sprite.java,Sprite,move/0,xvel,1
E:\OOD\main\Mega-Galaxian-master\Mega-Galaxian-master\Mega Galaxian\src\Enemy.java,Enemy,"Enemy/8[java.lang.String,int,int,int,int,int,int,int]",health,1
E:\OOD\main\Mega-Galaxian-master\Mega-Galaxian-master\Mega Galaxian\src\Enemy.java,Enemy,"Enemy/8[java.lang.String,int,int,int,int,int,int,int]",dmg,1
E:\OOD\main\Mega-Galaxian-master\Mega-Galaxian-master\Mega Galaxian\src\Enemy.java,Enemy,shoot/0,dmg,1
E:\OOD\main\Mega-Galaxian-master\Mega-Galaxian-master\Mega Galaxian\src\Main.java,Main$Game,paintComponent/1[java.awt.Graphics],count,4
E:\OOD\main\Mega-Galaxian-master\Mega-Galaxian-master\Mega Galaxian\src\Main.java,Main,reset/0,random,3
E:\OOD\main\Mega-Galaxian-master\Mega-Galaxian-master\Mega Galaxian\src\Main.java,Main,reset/0,outbool,1
E:\OOD\main\Mega-Galaxian-master\Mega-Galaxian-master\Mega Galaxian\src\Main.java,Main,reset/0,lvl,3
E:\OOD\main\Mega-Galaxian-master\Mega-Galaxian-master\Mega Galaxian\src\Main.java,Main,reset/0,numslives,2
E:\OOD\main\Mega-Galaxian-master\Mega-Galaxian-master\Mega Galaxian\src\Main.java,Main,reset/0,levels,5
E:\OOD\main\Mega-Galaxian-master\Mega-Galaxian-master\Mega Galaxian\src\Main.java,Main,reset/0,out,2
E:\OOD\main\Mega-Galaxian-master\Mega-Galaxian-master\Mega Galaxian\src\Main.java,Main,reset/0,bullets,1
E:\OOD\main\Mega-Galaxian-master\Mega-Galaxian-master\Mega Galaxian\src\Main.java,Main,reset/0,livespanel,1
E:\OOD\main\Mega-Galaxian-master\Mega-Galaxian-master\Mega Galaxian\src\Main.java,Main,startgame/0,timer,1
E:\OOD\main\Mega-Galaxian-master\Mega-Galaxian-master\Mega Galaxian\src\Main.java,Main,startgame/0,game,1
E:\OOD\main\Mega-Galaxian-master\Mega-Galaxian-master\Mega Galaxian\src\Main.java,Main,startgame/0,cards,1
E:\OOD\main\Mega-Galaxian-master\Mega-Galaxian-master\Mega Galaxian\src\Main.java,Main,startgame/0,start,1
E:\OOD\main\Mega-Galaxian-master\Mega-Galaxian-master\Mega Galaxian\src\Main.java,Main,startgame/0,window,1
E:\OOD\main\Mega-Galaxian-master\Mega-Galaxian-master\Mega Galaxian\src\Main.java,Main,main/1[java.lang.String[]],main,1
E:\OOD\main\Mega-Galaxian-master\Mega-Galaxian-master\Mega Galaxian\src\Main.java,Main,createGUI/0,endgameinfo,6
E:\OOD\main\Mega-Galaxian-master\Mega-Galaxian-master\Mega Galaxian\src\Main.java,Main,createGUI/0,game,3
E:\OOD\main\Mega-Galaxian-master\Mega-Galaxian-master\Mega Galaxian\src\Main.java,Main,createGUI/0,paused,2
E:\OOD\main\Mega-Galaxian-master\Mega-Galaxian-master\Mega Galaxian\src\Main.java,Main,createGUI/0,endpoints,1
E:\OOD\main\Mega-Galaxian-master\Mega-Galaxian-master\Mega Galaxian\src\Main.java,Main,createGUI/0,cards,3
E:\OOD\main\Mega-Galaxian-master\Mega-Galaxian-master\Mega Galaxian\src\Main.java,Main,createGUI/0,numslives,2
E:\OOD\main\Mega-Galaxian-master\Mega-Galaxian-master\Mega Galaxian\src\Main.java,Main,createGUI/0,endlevel,1
E:\OOD\main\Mega-Galaxian-master\Mega-Galaxian-master\Mega Galaxian\src\Main.java,Main,createGUI/0,startwindow,2
E:\OOD\main\Mega-Galaxian-master\Mega-Galaxian-master\Mega Galaxian\src\Main.java,Main,createGUI/0,restart,5
E:\OOD\main\Mega-Galaxian-master\Mega-Galaxian-master\Mega Galaxian\src\Main.java,Main,createGUI/0,start,3
E:\OOD\main\Mega-Galaxian-master\Mega-Galaxian-master\Mega Galaxian\src\Main.java,Main,createGUI/0,main,4
E:\OOD\main\Mega-Galaxian-master\Mega-Galaxian-master\Mega Galaxian\src\Main.java,Main,createGUI/0,title2,1
E:\OOD\main\Mega-Galaxian-master\Mega-Galaxian-master\Mega Galaxian\src\Main.java,Main,createGUI/0,levelimg,2
E:\OOD\main\Mega-Galaxian-master\Mega-Galaxian-master\Mega Galaxian\src\Main.java,Main,createGUI/0,pointsimg,2
E:\OOD\main\Mega-Galaxian-master\Mega-Galaxian-master\Mega Galaxian\src\Main.java,Main,createGUI/0,livesimg,1
E:\OOD\main\Mega-Galaxian-master\Mega-Galaxian-master\Mega Galaxian\src\Main.java,Main,createGUI/0,infoGame,6
E:\OOD\main\Mega-Galaxian-master\Mega-Galaxian-master\Mega Galaxian\src\Main.java,Main,createGUI/0,endwindow,3
E:\OOD\main\Mega-Galaxian-master\Mega-Galaxian-master\Mega Galaxian\src\Main.java,Main,createGUI/0,infoPlayer,5
E:\OOD\main\Mega-Galaxian-master\Mega-Galaxian-master\Mega Galaxian\src\Main.java,Main,createGUI/0,window,6
E:\OOD\main\Mega-Galaxian-master\Mega-Galaxian-master\Mega Galaxian\src\Main.java,Main,createGUI/0,numspoints,2
E:\OOD\main\Mega-Galaxian-master\Mega-Galaxian-master\Mega Galaxian\src\Main.java,Main,createGUI/0,numslvl,2
E:\OOD\main\Mega-Galaxian-master\Mega-Galaxian-master\Mega Galaxian\src\Main.java,Main,createGUI/0,livespanel,4
E:\OOD\main\Mega-Galaxian-master\Mega-Galaxian-master\Mega Galaxian\src\Main.java,Main,Main/0,game,1
E:\OOD\main\Mega-Galaxian-master\Mega-Galaxian-master\Mega Galaxian\src\Main.java,Main,Main/0,paused,1
E:\OOD\main\Mega-Galaxian-master\Mega-Galaxian-master\Mega Galaxian\src\Main.java,Main,Main/0,endlevel,1
E:\OOD\main\Mega-Galaxian-master\Mega-Galaxian-master\Mega Galaxian\src\Main.java,Main,Main/0,startwindow,1
E:\OOD\main\Mega-Galaxian-master\Mega-Galaxian-master\Mega Galaxian\src\Main.java,Main,Main/0,main,1
E:\OOD\main\Mega-Galaxian-master\Mega-Galaxian-master\Mega Galaxian\src\Main.java,Main,Main/0,levelimg,1
E:\OOD\main\Mega-Galaxian-master\Mega-Galaxian-master\Mega Galaxian\src\Main.java,Main,Main/0,pointsimg,1
E:\OOD\main\Mega-Galaxian-master\Mega-Galaxian-master\Mega Galaxian\src\Main.java,Main,Main/0,out,2
E:\OOD\main\Mega-Galaxian-master\Mega-Galaxian-master\Mega Galaxian\src\Main.java,Main,Main/0,timer,1
E:\OOD\main\Mega-Galaxian-master\Mega-Galaxian-master\Mega Galaxian\src\Main.java,Main,Main/0,random,3
E:\OOD\main\Mega-Galaxian-master\Mega-Galaxian-master\Mega Galaxian\src\Main.java,Main,Main/0,livesimg,1
E:\OOD\main\Mega-Galaxian-master\Mega-Galaxian-master\Mega Galaxian\src\Main.java,Main,Main/0,infoGame,1
E:\OOD\main\Mega-Galaxian-master\Mega-Galaxian-master\Mega Galaxian\src\Main.java,Main,Main/0,infoPlayer,1
E:\OOD\main\Mega-Galaxian-master\Mega-Galaxian-master\Mega Galaxian\src\Main.java,Main,Main/0,player,1
E:\OOD\main\Mega-Galaxian-master\Mega-Galaxian-master\Mega Galaxian\src\Main.java,Main,Main/0,bullets,1
E:\OOD\main\Mega-Galaxian-master\Mega-Galaxian-master\Mega Galaxian\src\Main.java,Main,Main/0,livespanel,1
E:\OOD\main\Mega-Galaxian-master\Mega-Galaxian-master\Mega Galaxian\src\Main.java,Main,Main/0,endgameinfo,3
E:\OOD\main\Mega-Galaxian-master\Mega-Galaxian-master\Mega Galaxian\src\Main.java,Main,Main/0,endpoints,1
E:\OOD\main\Mega-Galaxian-master\Mega-Galaxian-master\Mega Galaxian\src\Main.java,Main,Main/0,lvl,3
E:\OOD\main\Mega-Galaxian-master\Mega-Galaxian-master\Mega Galaxian\src\Main.java,Main,Main/0,restartimg,2
E:\OOD\main\Mega-Galaxian-master\Mega-Galaxian-master\Mega Galaxian\src\Main.java,Main,Main/0,restart,1
E:\OOD\main\Mega-Galaxian-master\Mega-Galaxian-master\Mega Galaxian\src\Main.java,Main,Main/0,start,1
E:\OOD\main\Mega-Galaxian-master\Mega-Galaxian-master\Mega Galaxian\src\Main.java,Main,Main/0,title2,1
E:\OOD\main\Mega-Galaxian-master\Mega-Galaxian-master\Mega Galaxian\src\Main.java,Main,Main/0,pause,1
E:\OOD\main\Mega-Galaxian-master\Mega-Galaxian-master\Mega Galaxian\src\Main.java,Main,Main/0,outbool,1
E:\OOD\main\Mega-Galaxian-master\Mega-Galaxian-master\Mega Galaxian\src\Main.java,Main,Main/0,background,1
E:\OOD\main\Mega-Galaxian-master\Mega-Galaxian-master\Mega Galaxian\src\Main.java,Main,Main/0,endwindow,1
E:\OOD\main\Mega-Galaxian-master\Mega-Galaxian-master\Mega Galaxian\src\Main.java,Main,Main/0,titlepic,2
E:\OOD\main\Mega-Galaxian-master\Mega-Galaxian-master\Mega Galaxian\src\Main.java,Main,Main/0,window,1
E:\OOD\main\Mega-Galaxian-master\Mega-Galaxian-master\Mega Galaxian\src\Main.java,Main,Main/0,levels,5
E:\OOD\main\Mega-Galaxian-master\Mega-Galaxian-master\Mega Galaxian\src\Main.java,Main,Main/0,titlepic2,2
E:\OOD\main\Mega-Galaxian-master\Mega-Galaxian-master\Mega Galaxian\src\Main.java,Main,endgame/0,timer,1
E:\OOD\main\Mega-Galaxian-master\Mega-Galaxian-master\Mega Galaxian\src\Main.java,Main,endgame/0,endpoints,3
E:\OOD\main\Mega-Galaxian-master\Mega-Galaxian-master\Mega Galaxian\src\Main.java,Main,endgame/0,cards,1
E:\OOD\main\Mega-Galaxian-master\Mega-Galaxian-master\Mega Galaxian\src\Main.java,Main,endgame/0,endlevel,3
E:\OOD\main\Mega-Galaxian-master\Mega-Galaxian-master\Mega Galaxian\src\Main.java,Main,endgame/0,lvl,1
E:\OOD\main\Mega-Galaxian-master\Mega-Galaxian-master\Mega Galaxian\src\Main.java,Main,endgame/0,window,1
E:\OOD\main\Mega-Galaxian-master\Mega-Galaxian-master\Mega Galaxian\src\Main.java,Main,endgame/0,levelimg,1
E:\OOD\main\Mega-Galaxian-master\Mega-Galaxian-master\Mega Galaxian\src\Main.java,Main,endgame/0,pointsimg,1
E:\OOD\main\Mega-Galaxian-master\Mega-Galaxian-master\Mega Galaxian\src\Main.java,Main,endgame/0,numspoints,2
E:\OOD\main\Mega-Galaxian-master\Mega-Galaxian-master\Mega Galaxian\src\Main.java,Main,endgame/0,numslvl,2
E:\OOD\main\Mega-Galaxian-master\Mega-Galaxian-master\Mega Galaxian\src\Projectile.java,Projectile,"Projectile/8[java.lang.String,int,int,int,int,int,int,boolean]",side,1
E:\OOD\main\Mega-Galaxian-master\Mega-Galaxian-master\Mega Galaxian\src\Projectile.java,Projectile,"Projectile/8[java.lang.String,int,int,int,int,int,int,boolean]",dmg,1
