file,class,method,constructor,line,cbo,cboModified,fanin,fanout,wmc,rfc,loc,returnsQty,variablesQty,parametersQty,methodsInvokedQty,methodsInvokedLocalQty,methodsInvokedIndirectLocalQty,loopQty,comparisonsQty,tryCatchQty,parenthesizedExpsQty,stringLiteralsQty,numbersQty,assignmentsQty,mathOperationsQty,maxNestedBlocksQty,anonymousClassesQty,innerClassesQty,lambdasQty,uniqueWordsQty,modifiers,logStatementsQty,hasJavaDoc
E:\OOD\main\Mega-Galaxian-master\Mega-Galaxian-master\Mega Galaxian\src\Main.java,Main$startAL,actionPerformed/1[java.awt.event.ActionEvent],false,316,1,1,0,1,1,1,3,0,0,1,1,0,0,0,0,0,0,0,0,0,0,0,0,0,0,6,1,0,false
E:\OOD\main\Mega-Galaxian-master\Mega-Galaxian-master\Mega Galaxian\src\Obstacle.java,Obstacle,"Obstacle/6[java.lang.String,int,int,int,int,int]",true,6,0,0,0,0,1,0,4,0,0,6,0,0,0,0,0,0,0,0,1,1,0,0,0,0,0,3,1,0,false
E:\OOD\main\Mega-Galaxian-master\Mega-Galaxian-master\Mega Galaxian\src\Player.java,Player,addPoint/0,false,20,0,1,1,0,1,0,3,0,0,0,0,0,0,0,0,0,0,0,0,0,0,0,0,0,0,3,1,0,false
E:\OOD\main\Mega-Galaxian-master\Mega-Galaxian-master\Mega Galaxian\src\Player.java,Player,"Player/6[java.lang.String,int,int,int,int,int]",true,7,0,1,1,0,1,0,6,0,0,6,0,0,0,0,0,0,0,0,3,3,0,0,0,0,0,5,1,0,false
E:\OOD\main\Mega-Galaxian-master\Mega-Galaxian-master\Mega Galaxian\src\Player.java,Player,shoot/0,false,24,1,2,1,1,1,0,4,1,1,0,0,0,0,0,0,0,0,1,3,1,1,0,0,0,0,3,1,0,false
E:\OOD\main\Mega-Galaxian-master\Mega-Galaxian-master\Mega Galaxian\src\Player.java,Player,"die/2[int,int]",false,14,0,1,1,0,1,0,5,0,0,2,0,0,0,0,0,0,0,0,0,2,0,0,0,0,0,6,1,0,false
E:\OOD\main\Mega-Galaxian-master\Mega-Galaxian-master\Mega Galaxian\src\Main.java,Main$TL,actionPerformed/1[java.awt.event.ActionEvent],false,332,4,6,0,6,26,25,82,0,5,1,25,0,0,5,1,0,3,0,25,17,9,4,0,0,0,18,1,0,false
E:\OOD\main\Mega-Galaxian-master\Mega-Galaxian-master\Mega Galaxian\src\Main.java,Main$endAL,actionPerformed/1[java.awt.event.ActionEvent],false,322,1,2,0,2,1,2,4,0,0,1,2,0,0,0,0,0,0,0,0,0,0,0,0,0,0,7,1,0,false
E:\OOD\main\Mega-Galaxian-master\Mega-Galaxian-master\Mega Galaxian\src\Sprite.java,Sprite,"Sprite/6[java.lang.String,int,int,int,int,int]",true,10,0,0,0,0,1,0,8,0,0,6,0,0,0,0,0,0,0,0,0,5,0,0,0,0,0,14,1,0,false
E:\OOD\main\Mega-Galaxian-master\Mega-Galaxian-master\Mega Galaxian\src\Sprite.java,Sprite,move/0,false,20,0,1,1,0,1,0,4,0,0,0,0,0,0,0,0,0,0,0,0,2,2,0,0,0,0,5,1,0,false
E:\OOD\main\Mega-Galaxian-master\Mega-Galaxian-master\Mega Galaxian\src\Enemy.java,Enemy,"Enemy/8[java.lang.String,int,int,int,int,int,int,int]",true,6,0,2,2,0,1,0,5,0,0,8,0,0,0,0,0,0,0,0,0,2,0,0,0,0,0,5,1,0,false
E:\OOD\main\Mega-Galaxian-master\Mega-Galaxian-master\Mega Galaxian\src\Enemy.java,Enemy,shoot/0,false,12,1,2,1,1,1,0,4,1,1,0,0,0,0,0,0,0,0,1,3,1,2,0,0,0,0,3,1,0,false
E:\OOD\main\Mega-Galaxian-master\Mega-Galaxian-master\Mega Galaxian\src\Main.java,Main$Game,paintComponent/1[java.awt.Graphics],false,191,0,0,0,0,14,19,64,0,10,1,19,0,0,7,0,0,0,0,24,12,14,2,0,0,0,17,1,0,false
E:\OOD\main\Mega-Galaxian-master\Mega-Galaxian-master\Mega Galaxian\src\Main.java,Main$KL,keyTyped/1[java.awt.event.KeyEvent],false,463,0,0,0,0,1,0,2,0,0,1,0,0,0,0,0,0,0,0,0,0,0,0,0,0,0,5,1,0,false
E:\OOD\main\Mega-Galaxian-master\Mega-Galaxian-master\Mega Galaxian\src\Main.java,Main$KL,keyReleased/1[java.awt.event.KeyEvent],false,431,1,1,0,1,9,6,32,0,1,1,6,0,0,0,2,0,0,0,8,7,2,2,0,0,0,10,1,0,false
E:\OOD\main\Mega-Galaxian-master\Mega-Galaxian-master\Mega Galaxian\src\Main.java,Main$KL,keyPressed/1[java.awt.event.KeyEvent],false,414,0,0,0,0,5,1,17,0,1,1,1,0,0,0,0,0,0,0,4,5,0,1,0,0,0,6,1,0,false
E:\OOD\main\Mega-Galaxian-master\Mega-Galaxian-master\Mega Galaxian\src\Main.java,Main,reset/0,false,267,2,2,1,1,5,13,24,0,4,0,13,0,0,4,0,0,0,1,19,9,4,2,0,0,0,6,1,0,false
E:\OOD\main\Mega-Galaxian-master\Mega-Galaxian-master\Mega Galaxian\src\Main.java,Main,startgame/0,false,259,0,2,2,0,1,5,7,0,0,0,5,0,0,0,0,0,0,1,0,0,0,0,0,0,0,1,1,0,false
E:\OOD\main\Mega-Galaxian-master\Mega-Galaxian-master\Mega Galaxian\src\Main.java,Main,main/1[java.lang.String[]],false,466,1,2,0,2,1,1,4,0,1,1,1,1,1,0,0,0,0,0,0,1,0,0,0,0,0,4,9,0,false
E:\OOD\main\Mega-Galaxian-master\Mega-Galaxian-master\Mega Galaxian\src\Main.java,Main,createGUI/0,false,128,4,4,1,3,4,19,59,1,4,0,19,0,0,3,0,0,0,4,7,5,0,1,0,0,0,28,1,0,false
E:\OOD\main\Mega-Galaxian-master\Mega-Galaxian-master\Mega Galaxian\src\Main.java,Main,Main/0,true,83,6,5,1,4,5,9,46,0,3,0,9,0,0,3,0,1,0,10,23,33,4,2,0,0,0,53,1,0,false
E:\OOD\main\Mega-Galaxian-master\Mega-Galaxian-master\Mega Galaxian\src\Main.java,Main,endgame/0,false,292,0,1,1,0,3,11,22,0,5,0,11,0,0,2,0,0,0,1,4,6,0,1,0,0,0,8,1,0,false
E:\OOD\main\Mega-Galaxian-master\Mega-Galaxian-master\Mega Galaxian\src\Main.java,Main,"dist/6[int,int,int,int,int,int]",false,255,0,1,1,0,2,1,3,1,0,6,1,0,0,0,0,0,0,0,3,0,4,0,0,0,0,5,1,0,false
E:\OOD\main\Mega-Galaxian-master\Mega-Galaxian-master\Mega Galaxian\src\Projectile.java,Projectile,"Projectile/8[java.lang.String,int,int,int,int,int,int,boolean]",true,6,0,2,2,0,1,0,5,0,0,8,0,0,0,0,0,0,0,0,0,2,0,0,0,0,0,5,1,0,false
