file,class,method,variable,usage
E:\OOD\main\Mega-Galaxian-master\Mega-Galaxian-master\Mega Galaxian\src\Main.java,Main$startAL,actionPerformed/1[java.awt.event.ActionEvent],e,0
E:\OOD\main\Mega-Galaxian-master\Mega-Galaxian-master\Mega Galaxian\src\Obstacle.java,Obstacle,"Obstacle/6[java.lang.String,int,int,int,int,int]",a,1
E:\OOD\main\Mega-Galaxian-master\Mega-Galaxian-master\Mega Galaxian\src\Obstacle.java,Obstacle,"Obstacle/6[java.lang.String,int,int,int,int,int]",b,1
E:\OOD\main\Mega-Galaxian-master\Mega-Galaxian-master\Mega Galaxian\src\Obstacle.java,Obstacle,"Obstacle/6[java.lang.String,int,int,int,int,int]",file,1
E:\OOD\main\Mega-Galaxian-master\Mega-Galaxian-master\Mega Galaxian\src\Obstacle.java,Obstacle,"Obstacle/6[java.lang.String,int,int,int,int,int]",c,1
E:\OOD\main\Mega-Galaxian-master\Mega-Galaxian-master\Mega Galaxian\src\Obstacle.java,Obstacle,"Obstacle/6[java.lang.String,int,int,int,int,int]",d,1
E:\OOD\main\Mega-Galaxian-master\Mega-Galaxian-master\Mega Galaxian\src\Obstacle.java,Obstacle,"Obstacle/6[java.lang.String,int,int,int,int,int]",e,1
E:\OOD\main\Mega-Galaxian-master\Mega-Galaxian-master\Mega Galaxian\src\Player.java,Player,"Player/6[java.lang.String,int,int,int,int,int]",a,1
E:\OOD\main\Mega-Galaxian-master\Mega-Galaxian-master\Mega Galaxian\src\Player.java,Player,"Player/6[java.lang.String,int,int,int,int,int]",b,1
E:\OOD\main\Mega-Galaxian-master\Mega-Galaxian-master\Mega Galaxian\src\Player.java,Player,"Player/6[java.lang.String,int,int,int,int,int]",file,1
E:\OOD\main\Mega-Galaxian-master\Mega-Galaxian-master\Mega Galaxian\src\Player.java,Player,"Player/6[java.lang.String,int,int,int,int,int]",c,1
E:\OOD\main\Mega-Galaxian-master\Mega-Galaxian-master\Mega Galaxian\src\Player.java,Player,"Player/6[java.lang.String,int,int,int,int,int]",d,1
E:\OOD\main\Mega-Galaxian-master\Mega-Galaxian-master\Mega Galaxian\src\Player.java,Player,"Player/6[java.lang.String,int,int,int,int,int]",e,1
E:\OOD\main\Mega-Galaxian-master\Mega-Galaxian-master\Mega Galaxian\src\Player.java,Player,shoot/0,p,1
E:\OOD\main\Mega-Galaxian-master\Mega-Galaxian-master\Mega Galaxian\src\Player.java,Player,"die/2[int,int]",x,1
E:\OOD\main\Mega-Galaxian-master\Mega-Galaxian-master\Mega Galaxian\src\Player.java,Player,"die/2[int,int]",y,1
E:\OOD\main\Mega-Galaxian-master\Mega-Galaxian-master\Mega Galaxian\src\Main.java,Main$TL,actionPerformed/1[java.awt.event.ActionEvent],e,0
E:\OOD\main\Mega-Galaxian-master\Mega-Galaxian-master\Mega Galaxian\src\Main.java,Main$TL,actionPerformed/1[java.awt.event.ActionEvent],i,48
E:\OOD\main\Mega-Galaxian-master\Mega-Galaxian-master\Mega Galaxian\src\Main.java,Main$TL,actionPerformed/1[java.awt.event.ActionEvent],j,7
E:\OOD\main\Mega-Galaxian-master\Mega-Galaxian-master\Mega Galaxian\src\Main.java,Main$endAL,actionPerformed/1[java.awt.event.ActionEvent],e,0
E:\OOD\main\Mega-Galaxian-master\Mega-Galaxian-master\Mega Galaxian\src\Sprite.java,Sprite,"Sprite/6[java.lang.String,int,int,int,int,int]",a,1
E:\OOD\main\Mega-Galaxian-master\Mega-Galaxian-master\Mega Galaxian\src\Sprite.java,Sprite,"Sprite/6[java.lang.String,int,int,int,int,int]",b,1
E:\OOD\main\Mega-Galaxian-master\Mega-Galaxian-master\Mega Galaxian\src\Sprite.java,Sprite,"Sprite/6[java.lang.String,int,int,int,int,int]",file,1
E:\OOD\main\Mega-Galaxian-master\Mega-Galaxian-master\Mega Galaxian\src\Sprite.java,Sprite,"Sprite/6[java.lang.String,int,int,int,int,int]",c,1
E:\OOD\main\Mega-Galaxian-master\Mega-Galaxian-master\Mega Galaxian\src\Sprite.java,Sprite,"Sprite/6[java.lang.String,int,int,int,int,int]",d,1
E:\OOD\main\Mega-Galaxian-master\Mega-Galaxian-master\Mega Galaxian\src\Sprite.java,Sprite,"Sprite/6[java.lang.String,int,int,int,int,int]",e,1
E:\OOD\main\Mega-Galaxian-master\Mega-Galaxian-master\Mega Galaxian\src\Enemy.java,Enemy,"Enemy/8[java.lang.String,int,int,int,int,int,int,int]",a,1
E:\OOD\main\Mega-Galaxian-master\Mega-Galaxian-master\Mega Galaxian\src\Enemy.java,Enemy,"Enemy/8[java.lang.String,int,int,int,int,int,int,int]",b,1
E:\OOD\main\Mega-Galaxian-master\Mega-Galaxian-master\Mega Galaxian\src\Enemy.java,Enemy,"Enemy/8[java.lang.String,int,int,int,int,int,int,int]",file,1
E:\OOD\main\Mega-Galaxian-master\Mega-Galaxian-master\Mega Galaxian\src\Enemy.java,Enemy,"Enemy/8[java.lang.String,int,int,int,int,int,int,int]",c,1
E:\OOD\main\Mega-Galaxian-master\Mega-Galaxian-master\Mega Galaxian\src\Enemy.java,Enemy,"Enemy/8[java.lang.String,int,int,int,int,int,int,int]",d,1
E:\OOD\main\Mega-Galaxian-master\Mega-Galaxian-master\Mega Galaxian\src\Enemy.java,Enemy,"Enemy/8[java.lang.String,int,int,int,int,int,int,int]",e,1
E:\OOD\main\Mega-Galaxian-master\Mega-Galaxian-master\Mega Galaxian\src\Enemy.java,Enemy,"Enemy/8[java.lang.String,int,int,int,int,int,int,int]",f,1
E:\OOD\main\Mega-Galaxian-master\Mega-Galaxian-master\Mega Galaxian\src\Enemy.java,Enemy,"Enemy/8[java.lang.String,int,int,int,int,int,int,int]",g,1
E:\OOD\main\Mega-Galaxian-master\Mega-Galaxian-master\Mega Galaxian\src\Enemy.java,Enemy,shoot/0,p,1
E:\OOD\main\Mega-Galaxian-master\Mega-Galaxian-master\Mega Galaxian\src\Main.java,Main$Game,paintComponent/1[java.awt.Graphics],number,5
E:\OOD\main\Mega-Galaxian-master\Mega-Galaxian-master\Mega Galaxian\src\Main.java,Main$Game,paintComponent/1[java.awt.Graphics],g,8
E:\OOD\main\Mega-Galaxian-master\Mega-Galaxian-master\Mega Galaxian\src\Main.java,Main$Game,paintComponent/1[java.awt.Graphics],i,42
E:\OOD\main\Mega-Galaxian-master\Mega-Galaxian-master\Mega Galaxian\src\Main.java,Main$Game,paintComponent/1[java.awt.Graphics],j,5
E:\OOD\main\Mega-Galaxian-master\Mega-Galaxian-master\Mega Galaxian\src\Main.java,Main$KL,keyTyped/1[java.awt.event.KeyEvent],e,0
E:\OOD\main\Mega-Galaxian-master\Mega-Galaxian-master\Mega Galaxian\src\Main.java,Main$KL,keyReleased/1[java.awt.event.KeyEvent],keyCode,1
E:\OOD\main\Mega-Galaxian-master\Mega-Galaxian-master\Mega Galaxian\src\Main.java,Main$KL,keyReleased/1[java.awt.event.KeyEvent],e,1
E:\OOD\main\Mega-Galaxian-master\Mega-Galaxian-master\Mega Galaxian\src\Main.java,Main$KL,keyPressed/1[java.awt.event.KeyEvent],keyCode,1
E:\OOD\main\Mega-Galaxian-master\Mega-Galaxian-master\Mega Galaxian\src\Main.java,Main$KL,keyPressed/1[java.awt.event.KeyEvent],e,1
E:\OOD\main\Mega-Galaxian-master\Mega-Galaxian-master\Mega Galaxian\src\Main.java,Main,reset/0,i,15
E:\OOD\main\Mega-Galaxian-master\Mega-Galaxian-master\Mega Galaxian\src\Main.java,Main,reset/0,j,2
E:\OOD\main\Mega-Galaxian-master\Mega-Galaxian-master\Mega Galaxian\src\Main.java,Main,main/1[java.lang.String[]],args,0
E:\OOD\main\Mega-Galaxian-master\Mega-Galaxian-master\Mega Galaxian\src\Main.java,Main,main/1[java.lang.String[]],m,1
E:\OOD\main\Mega-Galaxian-master\Mega-Galaxian-master\Mega Galaxian\src\Main.java,Main,createGUI/0,i,14
E:\OOD\main\Mega-Galaxian-master\Mega-Galaxian-master\Mega Galaxian\src\Main.java,Main,createGUI/0,empty,2
E:\OOD\main\Mega-Galaxian-master\Mega-Galaxian-master\Mega Galaxian\src\Main.java,Main,Main/0,e,0
E:\OOD\main\Mega-Galaxian-master\Mega-Galaxian-master\Mega Galaxian\src\Main.java,Main,Main/0,i,10
E:\OOD\main\Mega-Galaxian-master\Mega-Galaxian-master\Mega Galaxian\src\Main.java,Main,Main/0,j,2
E:\OOD\main\Mega-Galaxian-master\Mega-Galaxian-master\Mega Galaxian\src\Main.java,Main,endgame/0,number,5
E:\OOD\main\Mega-Galaxian-master\Mega-Galaxian-master\Mega Galaxian\src\Main.java,Main,endgame/0,i,7
E:\OOD\main\Mega-Galaxian-master\Mega-Galaxian-master\Mega Galaxian\src\Main.java,Main,endgame/0,j,5
E:\OOD\main\Mega-Galaxian-master\Mega-Galaxian-master\Mega Galaxian\src\Main.java,Main,"dist/6[int,int,int,int,int,int]",r2,1
E:\OOD\main\Mega-Galaxian-master\Mega-Galaxian-master\Mega Galaxian\src\Main.java,Main,"dist/6[int,int,int,int,int,int]",w,1
E:\OOD\main\Mega-Galaxian-master\Mega-Galaxian-master\Mega Galaxian\src\Main.java,Main,"dist/6[int,int,int,int,int,int]",x,1
E:\OOD\main\Mega-Galaxian-master\Mega-Galaxian-master\Mega Galaxian\src\Main.java,Main,"dist/6[int,int,int,int,int,int]",y,1
E:\OOD\main\Mega-Galaxian-master\Mega-Galaxian-master\Mega Galaxian\src\Main.java,Main,"dist/6[int,int,int,int,int,int]",z,1
E:\OOD\main\Mega-Galaxian-master\Mega-Galaxian-master\Mega Galaxian\src\Main.java,Main,"dist/6[int,int,int,int,int,int]",r1,1
E:\OOD\main\Mega-Galaxian-master\Mega-Galaxian-master\Mega Galaxian\src\Projectile.java,Projectile,"Projectile/8[java.lang.String,int,int,int,int,int,int,boolean]",a,1
E:\OOD\main\Mega-Galaxian-master\Mega-Galaxian-master\Mega Galaxian\src\Projectile.java,Projectile,"Projectile/8[java.lang.String,int,int,int,int,int,int,boolean]",b,1
E:\OOD\main\Mega-Galaxian-master\Mega-Galaxian-master\Mega Galaxian\src\Projectile.java,Projectile,"Projectile/8[java.lang.String,int,int,int,int,int,int,boolean]",file,1
E:\OOD\main\Mega-Galaxian-master\Mega-Galaxian-master\Mega Galaxian\src\Projectile.java,Projectile,"Projectile/8[java.lang.String,int,int,int,int,int,int,boolean]",c,1
E:\OOD\main\Mega-Galaxian-master\Mega-Galaxian-master\Mega Galaxian\src\Projectile.java,Projectile,"Projectile/8[java.lang.String,int,int,int,int,int,int,boolean]",s,1
E:\OOD\main\Mega-Galaxian-master\Mega-Galaxian-master\Mega Galaxian\src\Projectile.java,Projectile,"Projectile/8[java.lang.String,int,int,int,int,int,int,boolean]",d,1
E:\OOD\main\Mega-Galaxian-master\Mega-Galaxian-master\Mega Galaxian\src\Projectile.java,Projectile,"Projectile/8[java.lang.String,int,int,int,int,int,int,boolean]",e,1
E:\OOD\main\Mega-Galaxian-master\Mega-Galaxian-master\Mega Galaxian\src\Projectile.java,Projectile,"Projectile/8[java.lang.String,int,int,int,int,int,int,boolean]",f,1
