file,class,method,variable,usage
E:\OOD\main\AdventureGame-master\AdventureGame-master\src\Player.java,Player,getAttack/0,attack,1
E:\OOD\main\AdventureGame-master\AdventureGame-master\src\Player.java,Player,getHealth/0,health,1
E:\OOD\main\AdventureGame-master\AdventureGame-master\src\Player.java,Player,"Player/4[java.lang.String,double,double,double]",s,1
E:\OOD\main\AdventureGame-master\AdventureGame-master\src\Player.java,Player,"Player/4[java.lang.String,double,double,double]",defense,3
E:\OOD\main\AdventureGame-master\AdventureGame-master\src\Player.java,Player,"Player/4[java.lang.String,double,double,double]",attack,3
E:\OOD\main\AdventureGame-master\AdventureGame-master\src\Player.java,Player,"Player/4[java.lang.String,double,double,double]",name,5
E:\OOD\main\AdventureGame-master\AdventureGame-master\src\Player.java,Player,"Player/4[java.lang.String,double,double,double]",health,3
E:\OOD\main\AdventureGame-master\AdventureGame-master\src\Player.java,Player,attackMean/0,attackmean,1
E:\OOD\main\AdventureGame-master\AdventureGame-master\src\Player.java,Player,attackStdv/0,attackstdv,1
E:\OOD\main\AdventureGame-master\AdventureGame-master\src\Player.java,Player,getDefense/0,defense,1
E:\OOD\main\AdventureGame-master\AdventureGame-master\src\Player.java,Player,defenseStdv/0,defensestdv,1
E:\OOD\main\AdventureGame-master\AdventureGame-master\src\Player.java,Player,attackZscore/0,attack,1
E:\OOD\main\AdventureGame-master\AdventureGame-master\src\Player.java,Player,attackZscore/0,attackmean,1
E:\OOD\main\AdventureGame-master\AdventureGame-master\src\Player.java,Player,attackZscore/0,attackstdv,1
E:\OOD\main\AdventureGame-master\AdventureGame-master\src\Player.java,Player,defenseZscore/0,defensemean,1
E:\OOD\main\AdventureGame-master\AdventureGame-master\src\Player.java,Player,defenseZscore/0,defense,1
E:\OOD\main\AdventureGame-master\AdventureGame-master\src\Player.java,Player,defenseZscore/0,defensestdv,1
E:\OOD\main\AdventureGame-master\AdventureGame-master\src\Player.java,Player,listofPlayers/0,s,1
E:\OOD\main\AdventureGame-master\AdventureGame-master\src\Player.java,Player,defenseMean/0,defensemean,1
E:\OOD\main\AdventureGame-master\AdventureGame-master\src\Player.java,Player,toString/0,defense,1
E:\OOD\main\AdventureGame-master\AdventureGame-master\src\Player.java,Player,toString/0,attack,1
E:\OOD\main\AdventureGame-master\AdventureGame-master\src\Player.java,Player,toString/0,name,1
E:\OOD\main\AdventureGame-master\AdventureGame-master\src\Player.java,Player,toString/0,health,1
E:\OOD\main\AdventureGame-master\AdventureGame-master\src\Player.java,Player,healthMean/0,healthmean,1
E:\OOD\main\AdventureGame-master\AdventureGame-master\src\Player.java,Player,healthStdv/0,healthstdv,1
E:\OOD\main\AdventureGame-master\AdventureGame-master\src\Player.java,Player,healthZscore/0,healthstdv,1
E:\OOD\main\AdventureGame-master\AdventureGame-master\src\Player.java,Player,healthZscore/0,healthmean,1
E:\OOD\main\AdventureGame-master\AdventureGame-master\src\Player.java,Player,healthZscore/0,health,1
E:\OOD\main\AdventureGame-master\AdventureGame-master\src\monster.java,monster,monster/0,monhealth,3
E:\OOD\main\AdventureGame-master\AdventureGame-master\src\monster.java,monster,monster/0,rand,5
E:\OOD\main\AdventureGame-master\AdventureGame-master\src\monster.java,monster,monster/0,total,5
E:\OOD\main\AdventureGame-master\AdventureGame-master\src\monster.java,monster,monster/0,chance,1
E:\OOD\main\AdventureGame-master\AdventureGame-master\src\monster.java,monster,monster/0,monname,9
E:\OOD\main\AdventureGame-master\AdventureGame-master\src\monster.java,monster,monster/0,monattack,2
E:\OOD\main\AdventureGame-master\AdventureGame-master\src\monster.java,monster,monster/0,x,2
E:\OOD\main\AdventureGame-master\AdventureGame-master\src\monster.java,monster,monster/0,mondefense,2
E:\OOD\main\AdventureGame-master\AdventureGame-master\src\monster.java,monster,getName/0,monname,1
E:\OOD\main\AdventureGame-master\AdventureGame-master\src\monster.java,monster,getString/0,monhealth,1
E:\OOD\main\AdventureGame-master\AdventureGame-master\src\monster.java,monster,getString/0,chance,1
E:\OOD\main\AdventureGame-master\AdventureGame-master\src\monster.java,monster,getString/0,monname,1
E:\OOD\main\AdventureGame-master\AdventureGame-master\src\monster.java,monster,getString/0,monattack,1
E:\OOD\main\AdventureGame-master\AdventureGame-master\src\monster.java,monster,getString/0,mondefense,1
