file,class,method,constructor,line,cbo,cboModified,fanin,fanout,wmc,rfc,loc,returnsQty,variablesQty,parametersQty,methodsInvokedQty,methodsInvokedLocalQty,methodsInvokedIndirectLocalQty,loopQty,comparisonsQty,tryCatchQty,parenthesizedExpsQty,stringLiteralsQty,numbersQty,assignmentsQty,mathOperationsQty,maxNestedBlocksQty,anonymousClassesQty,innerClassesQty,lambdasQty,uniqueWordsQty,modifiers,logStatementsQty,hasJavaDoc
E:\OOD\main\AdventureGame-master\AdventureGame-master\src\Player.java,Player,getAttack/0,false,30,0,0,0,0,1,0,3,1,0,0,0,0,0,0,0,0,0,0,0,0,0,0,0,0,0,2,1,0,false
E:\OOD\main\AdventureGame-master\AdventureGame-master\src\Player.java,Player,round/1[double],false,78,0,3,3,0,1,1,5,1,0,1,1,0,0,0,0,0,0,0,2,2,2,0,0,0,0,2,1,0,false
E:\OOD\main\AdventureGame-master\AdventureGame-master\src\Player.java,Player,getHealth/0,false,33,0,0,0,0,1,0,3,1,0,0,0,0,0,0,0,0,0,0,0,0,0,0,0,0,0,2,1,0,false
E:\OOD\main\AdventureGame-master\AdventureGame-master\src\Player.java,Player,"Player/4[java.lang.String,double,double,double]",true,20,0,1,1,0,1,1,8,0,0,4,1,0,0,0,0,0,0,3,0,5,2,0,0,0,0,8,1,0,false
E:\OOD\main\AdventureGame-master\AdventureGame-master\src\Player.java,Player,attackMean/0,false,40,0,0,0,0,1,0,3,1,0,0,0,0,0,0,0,0,0,0,0,0,0,0,0,0,0,3,1,0,false
E:\OOD\main\AdventureGame-master\AdventureGame-master\src\Player.java,Player,attackStdv/0,false,50,0,0,0,0,1,0,3,1,0,0,0,0,0,0,0,0,0,0,0,0,0,0,0,0,0,3,1,0,false
E:\OOD\main\AdventureGame-master\AdventureGame-master\src\Player.java,Player,getDefense/0,false,36,0,0,0,0,1,0,3,1,0,0,0,0,0,0,0,0,0,0,0,0,0,0,0,0,0,2,1,0,false
E:\OOD\main\AdventureGame-master\AdventureGame-master\src\Player.java,Player,defenseStdv/0,false,56,0,0,0,0,1,0,3,1,0,0,0,0,0,0,0,0,0,0,0,0,0,0,0,0,0,3,1,0,false
E:\OOD\main\AdventureGame-master\AdventureGame-master\src\Player.java,Player,attackZscore/0,false,60,1,3,2,1,1,1,3,1,0,0,1,1,1,0,0,0,1,0,0,0,2,0,0,0,0,5,1,0,false
E:\OOD\main\AdventureGame-master\AdventureGame-master\src\Player.java,Player,defenseZscore/0,false,66,1,3,2,1,1,1,3,1,0,0,1,1,1,0,0,0,1,0,0,0,2,0,0,0,0,5,1,0,false
E:\OOD\main\AdventureGame-master\AdventureGame-master\src\Player.java,Player,listofPlayers/0,false,74,0,1,1,0,1,0,3,1,0,0,0,0,0,0,0,0,0,0,0,0,0,0,0,0,0,3,1,0,false
E:\OOD\main\AdventureGame-master\AdventureGame-master\src\Player.java,Player,defenseMean/0,false,46,0,0,0,0,1,0,3,1,0,0,0,0,0,0,0,0,0,0,0,0,0,0,0,0,0,3,1,0,false
E:\OOD\main\AdventureGame-master\AdventureGame-master\src\Player.java,Player,toString/0,false,70,1,4,1,3,1,3,3,1,0,0,3,3,4,0,0,0,0,10,0,0,1,0,0,0,0,12,1,0,false
E:\OOD\main\AdventureGame-master\AdventureGame-master\src\Player.java,Player,healthMean/0,false,43,0,0,0,0,1,0,3,1,0,0,0,0,0,0,0,0,0,0,0,0,0,0,0,0,0,3,1,0,false
E:\OOD\main\AdventureGame-master\AdventureGame-master\src\Player.java,Player,healthStdv/0,false,53,0,0,0,0,1,0,3,1,0,0,0,0,0,0,0,0,0,0,0,0,0,0,0,0,0,3,1,0,false
E:\OOD\main\AdventureGame-master\AdventureGame-master\src\Player.java,Player,healthZscore/0,false,63,1,3,2,1,1,1,3,1,0,0,1,1,1,0,0,0,1,0,0,0,2,0,0,0,0,5,1,0,false
E:\OOD\main\AdventureGame-master\AdventureGame-master\src\Main.java,Main,main/1[java.lang.String[]],false,7,2,9,0,9,22,15,116,0,22,1,15,0,0,5,5,0,4,102,31,42,13,5,0,0,0,100,9,0,false
E:\OOD\main\AdventureGame-master\AdventureGame-master\src\monster.java,monster,monster/0,true,15,0,1,1,0,9,1,40,0,0,0,1,0,0,0,0,0,0,9,14,18,2,1,0,0,0,8,1,0,false
E:\OOD\main\AdventureGame-master\AdventureGame-master\src\monster.java,monster,getName/0,false,63,0,1,1,0,1,0,3,1,0,0,0,0,0,0,0,0,0,0,0,0,0,0,0,0,0,3,1,0,false
E:\OOD\main\AdventureGame-master\AdventureGame-master\src\monster.java,monster,getString/0,false,67,0,1,1,0,1,0,3,1,0,0,0,0,0,0,0,0,0,6,0,0,1,0,0,0,0,15,1,0,false
