file,class,method,variable,usage
E:\OOD\main\AdventureGame-master\AdventureGame-master\src\Player.java,Player,round/1[double],r,5
E:\OOD\main\AdventureGame-master\AdventureGame-master\src\Player.java,Player,"Player/4[java.lang.String,double,double,double]",defense,2
E:\OOD\main\AdventureGame-master\AdventureGame-master\src\Player.java,Player,"Player/4[java.lang.String,double,double,double]",attack,2
E:\OOD\main\AdventureGame-master\AdventureGame-master\src\Player.java,Player,"Player/4[java.lang.String,double,double,double]",name,4
E:\OOD\main\AdventureGame-master\AdventureGame-master\src\Player.java,Player,"Player/4[java.lang.String,double,double,double]",health,2
E:\OOD\main\AdventureGame-master\AdventureGame-master\src\Main.java,Main,main/1[java.lang.String[]],a,9
E:\OOD\main\AdventureGame-master\AdventureGame-master\src\Main.java,Main,main/1[java.lang.String[]],log,3
E:\OOD\main\AdventureGame-master\AdventureGame-master\src\Main.java,Main,main/1[java.lang.String[]],qw,1
E:\OOD\main\AdventureGame-master\AdventureGame-master\src\Main.java,Main,main/1[java.lang.String[]],health,5
E:\OOD\main\AdventureGame-master\AdventureGame-master\src\Main.java,Main,main/1[java.lang.String[]],i,8
E:\OOD\main\AdventureGame-master\AdventureGame-master\src\Main.java,Main,main/1[java.lang.String[]],mon,3
E:\OOD\main\AdventureGame-master\AdventureGame-master\src\Main.java,Main,main/1[java.lang.String[]],n,10
E:\OOD\main\AdventureGame-master\AdventureGame-master\src\Main.java,Main,main/1[java.lang.String[]],args,0
E:\OOD\main\AdventureGame-master\AdventureGame-master\src\Main.java,Main,main/1[java.lang.String[]],confirm,3
E:\OOD\main\AdventureGame-master\AdventureGame-master\src\Main.java,Main,main/1[java.lang.String[]],rand,3
E:\OOD\main\AdventureGame-master\AdventureGame-master\src\Main.java,Main,main/1[java.lang.String[]],total,11
E:\OOD\main\AdventureGame-master\AdventureGame-master\src\Main.java,Main,main/1[java.lang.String[]],as,1
E:\OOD\main\AdventureGame-master\AdventureGame-master\src\Main.java,Main,main/1[java.lang.String[]],defense,5
E:\OOD\main\AdventureGame-master\AdventureGame-master\src\Main.java,Main,main/1[java.lang.String[]],attack,5
E:\OOD\main\AdventureGame-master\AdventureGame-master\src\Main.java,Main,main/1[java.lang.String[]],w,2
E:\OOD\main\AdventureGame-master\AdventureGame-master\src\Main.java,Main,main/1[java.lang.String[]],name,6
E:\OOD\main\AdventureGame-master\AdventureGame-master\src\Main.java,Main,main/1[java.lang.String[]],x,4
E:\OOD\main\AdventureGame-master\AdventureGame-master\src\Main.java,Main,main/1[java.lang.String[]],injury,1
E:\OOD\main\AdventureGame-master\AdventureGame-master\src\Main.java,Main,main/1[java.lang.String[]],choice,3
E:\OOD\main\AdventureGame-master\AdventureGame-master\src\Main.java,Main,main/1[java.lang.String[]],win,3
E:\OOD\main\AdventureGame-master\AdventureGame-master\src\Main.java,Main,main/1[java.lang.String[]],choice1,1
E:\OOD\main\AdventureGame-master\AdventureGame-master\src\Main.java,Main,main/1[java.lang.String[]],player,6
